10:37:34.223 [main] DEBUG c.e.j.mapper.AuditLogMapper.insert - ==>  Preparing: INSERT INTO audit_logs (user_id, audited_at, action, entity_type, entity_id, detail) VALUES (?, ?, ?, ?, ?, ?)
10:37:34.261 [main] DEBUG c.e.j.mapper.AuditLogMapper.insert - ==> Parameters: 1(Long), 2026-09-11 10:37:34.2064036(Timestamp), APPROVE(String), BOOK_REQUEST(String), 42(Long), [B@a2ddf26(byte[])
10:37:34.266 [main] DEBUG c.e.j.mapper.AuditLogMapper.insert - <==    Updates: 1
10:37:34.272 [main] DEBUG c.e.j.m.AuditLogMapper.findByEntity - ==>  Preparing: SELECT * FROM audit_logs WHERE entity_type = ? AND entity_id = ? ORDER BY audited_at DESC
10:37:34.273 [main] DEBUG c.e.j.m.AuditLogMapper.findByEntity - ==> Parameters: BOOK_REQUEST(String), 42(Long)
10:37:34.306 [main] DEBUG c.e.j.m.AuditLogMapper.findByEntity - <==      Total: 1
10:37:34.335 [main] DEBUG c.e.j.mapper.AuditLogMapper.insert - ==>  Preparing: INSERT INTO audit_logs (user_id, audited_at, action, entity_type, entity_id, detail) VALUES (?, ?, ?, ?, ?, ?)
10:37:34.337 [main] DEBUG c.e.j.mapper.AuditLogMapper.insert - ==> Parameters: 2(Long), 2026-09-11 10:37:34.3354431(Timestamp), APPROVE(String), BOOK_REQUEST(String), 0(Long), [B@54e2fe(byte[])
10:37:34.337 [main] DEBUG c.e.j.mapper.AuditLogMapper.insert - <==    Updates: 1
10:37:34.338 [main] DEBUG c.e.j.mapper.AuditLogMapper.insert - ==>  Preparing: INSERT INTO audit_logs (user_id, audited_at, action, entity_type, entity_id, detail) VALUES (?, ?, ?, ?, ?, ?)
10:37:34.339 [main] DEBUG c.e.j.mapper.AuditLogMapper.insert - ==> Parameters: 2(Long), 2026-09-11 10:37:34.3384443(Timestamp), APPROVE(String), BOOK_REQUEST(String), 1(Long), [B@119aa36(byte[])
10:37:34.339 [main] DEBUG c.e.j.mapper.AuditLogMapper.insert - <==    Updates: 1
10:37:34.340 [main] DEBUG c.e.j.mapper.AuditLogMapper.insert - ==>  Preparing: INSERT INTO audit_logs (user_id, audited_at, action, entity_type, entity_id, detail) VALUES (?, ?, ?, ?, ?, ?)
10:37:34.340 [main] DEBUG c.e.j.mapper.AuditLogMapper.insert - ==> Parameters: 2(Long), 2026-09-11 10:37:34.3404428(Timestamp), APPROVE(String), BOOK_REQUEST(String), 2(Long), [B@69fe0ed4(byte[])
10:37:34.341 [main] DEBUG c.e.j.mapper.AuditLogMapper.insert - <==    Updates: 1
10:37:34.352 [main] DEBUG c.e.j.mapper.AuditLogMapper.findNext - ==>  Preparing: SELECT * FROM audit_logs ORDER BY id DESC LIMIT ?
10:37:34.354 [main] DEBUG c.e.j.mapper.AuditLogMapper.findNext - ==> Parameters: 2(Integer)
10:37:34.355 [main] DEBUG c.e.j.mapper.AuditLogMapper.findNext - <==      Total: 2
10:37:34.356 [main] DEBUG c.e.j.mapper.AuditLogMapper.findNext - ==>  Preparing: SELECT * FROM audit_logs WHERE id < ? ORDER BY id DESC LIMIT ?
10:37:34.357 [main] DEBUG c.e.j.mapper.AuditLogMapper.findNext - ==> Parameters: 3(Long), 2(Integer)
10:37:34.358 [main] DEBUG c.e.j.mapper.AuditLogMapper.findNext - <==      Total: 1
10:37:34.368 [main] DEBUG c.e.j.mapper.AuditLogMapper.insert - ==>  Preparing: INSERT INTO audit_logs (user_id, audited_at, action, entity_type, entity_id, detail) VALUES (?, ?, ?, ?, ?, ?)
10:37:34.369 [main] DEBUG c.e.j.mapper.AuditLogMapper.insert - ==> Parameters: 3(Long), 2026-09-11 10:37:34.3684439(Timestamp), APPROVE(String), BOOK_REQUEST(String), 0(Long), [B@74170687(byte[])
10:37:34.369 [main] DEBUG c.e.j.mapper.AuditLogMapper.insert - <==    Updates: 1
10:37:34.370 [main] DEBUG c.e.j.mapper.AuditLogMapper.insert - ==>  Preparing: INSERT INTO audit_logs (user_id, audited_at, action, entity_type, entity_id, detail) VALUES (?, ?, ?, ?, ?, ?)
10:37:34.370 [main] DEBUG c.e.j.mapper.AuditLogMapper.insert - ==> Parameters: 3(Long), 2026-09-11 10:37:34.3694431(Timestamp), APPROVE(String), BOOK_REQUEST(String), 1(Long), [B@3d96fa9e(byte[])
10:37:34.371 [main] DEBUG c.e.j.mapper.AuditLogMapper.insert - <==    Updates: 1
10:37:34.371 [main] DEBUG c.e.j.mapper.AuditLogMapper.insert - ==>  Preparing: INSERT INTO audit_logs (user_id, audited_at, action, entity_type, entity_id, detail) VALUES (?, ?, ?, ?, ?, ?)
10:37:34.372 [main] DEBUG c.e.j.mapper.AuditLogMapper.insert - ==> Parameters: 3(Long), 2026-09-11 10:37:34.3714432(Timestamp), APPROVE(String), BOOK_REQUEST(String), 2(Long), [B@77bb48d5(byte[])
10:37:34.372 [main] DEBUG c.e.j.mapper.AuditLogMapper.insert - <==    Updates: 1
10:37:34.373 [main] DEBUG c.e.j.m.AuditLogMapper.findPrevious - ==>  Preparing: SELECT * FROM audit_logs WHERE id > ? ORDER BY id ASC LIMIT ?
10:37:34.373 [main] DEBUG c.e.j.m.AuditLogMapper.findPrevious - ==> Parameters: 5(Long), 2(Integer)
10:37:34.374 [main] DEBUG c.e.j.m.AuditLogMapper.findPrevious - <==      Total: 2
10:37:43.981 [main] DEBUG c.e.j.mapper.CategoryMapper.insert - ==>  Preparing: INSERT INTO categories (name) VALUES (?)
10:37:44.003 [main] DEBUG c.e.j.mapper.CategoryMapper.insert - ==> Parameters: Programming(String)
10:37:44.004 [main] DEBUG c.e.j.mapper.CategoryMapper.insert - <==    Updates: 1
10:37:44.008 [main] DEBUG c.e.j.mapper.CategoryMapper.insert - ==>  Preparing: INSERT INTO categories (name) VALUES (?)
10:37:44.009 [main] DEBUG c.e.j.mapper.CategoryMapper.insert - ==> Parameters: Architecture(String)
10:37:44.009 [main] DEBUG c.e.j.mapper.CategoryMapper.insert - <==    Updates: 1
10:37:44.011 [main] DEBUG c.e.j.mapper.CategoryMapper.insert - ==>  Preparing: INSERT INTO categories (name) VALUES (?)
10:37:44.011 [main] DEBUG c.e.j.mapper.CategoryMapper.insert - ==> Parameters: Best Practice(String)
10:37:44.012 [main] DEBUG c.e.j.mapper.CategoryMapper.insert - <==    Updates: 1
10:37:44.015 [main] DEBUG c.e.j.mapper.BookMapper.insert - ==>  Preparing: INSERT INTO books (title, isbn, author_id, published_year) VALUES (?, ?, ?, ?)
10:37:44.022 [main] DEBUG c.e.j.mapper.BookMapper.insert - ==> Parameters: Effective Java(String), 9780134685991(String), 1(Long), 2018(Integer)
10:37:44.023 [main] DEBUG c.e.j.mapper.BookMapper.insert - <==    Updates: 1
10:37:44.045 [main] DEBUG c.e.j.m.B.deleteCategoriesByBookId - ==>  Preparing: DELETE FROM books_categories bc WHERE bc.book_id = ?
10:37:44.046 [main] DEBUG c.e.j.m.B.deleteCategoriesByBookId - ==> Parameters: 1(Long)
10:37:44.047 [main] DEBUG c.e.j.m.B.deleteCategoriesByBookId - <==    Updates: 0
10:37:44.069 [main] DEBUG c.e.j.m.B.insertBookCategories - ==>  Preparing: INSERT INTO books_categories (book_id, category_id) VALUES (?, ?) , (?, ?)
10:37:44.069 [main] DEBUG c.e.j.m.B.insertBookCategories - ==> Parameters: 1(Long), 1(Long), 1(Long), 3(Long)
10:37:44.070 [main] DEBUG c.e.j.m.B.insertBookCategories - <==    Updates: 2
10:37:44.074 [main] DEBUG c.e.j.mapper.BookMapper.insert - ==>  Preparing: INSERT INTO books (title, isbn, author_id, published_year) VALUES (?, ?, ?, ?)
10:37:44.074 [main] DEBUG c.e.j.mapper.BookMapper.insert - ==> Parameters: Clean Code(String), 9780132350884(String), 2(Long), 2008(Integer)
10:37:44.075 [main] DEBUG c.e.j.mapper.BookMapper.insert - <==    Updates: 1
10:37:44.076 [main] DEBUG c.e.j.m.B.deleteCategoriesByBookId - ==>  Preparing: DELETE FROM books_categories bc WHERE bc.book_id = ?
10:37:44.077 [main] DEBUG c.e.j.m.B.deleteCategoriesByBookId - ==> Parameters: 2(Long)
10:37:44.077 [main] DEBUG c.e.j.m.B.deleteCategoriesByBookId - <==    Updates: 0
10:37:44.077 [main] DEBUG c.e.j.m.B.insertBookCategories - ==>  Preparing: INSERT INTO books_categories (book_id, category_id) VALUES (?, ?)
10:37:44.078 [main] DEBUG c.e.j.m.B.insertBookCategories - ==> Parameters: 2(Long), 3(Long)
10:37:44.078 [main] DEBUG c.e.j.m.B.insertBookCategories - <==    Updates: 1
10:37:44.080 [main] DEBUG c.e.j.mapper.BookMapper.insert - ==>  Preparing: INSERT INTO books (title, isbn, author_id, published_year) VALUES (?, ?, ?, ?)
10:37:44.081 [main] DEBUG c.e.j.mapper.BookMapper.insert - ==> Parameters: Domain-Driven Design(String), 9780321125217(String), 3(Long), 2003(Integer)
10:37:44.082 [main] DEBUG c.e.j.mapper.BookMapper.insert - <==    Updates: 1
10:37:44.083 [main] DEBUG c.e.j.m.B.deleteCategoriesByBookId - ==>  Preparing: DELETE FROM books_categories bc WHERE bc.book_id = ?
10:37:44.083 [main] DEBUG c.e.j.m.B.deleteCategoriesByBookId - ==> Parameters: 3(Long)
10:37:44.084 [main] DEBUG c.e.j.m.B.deleteCategoriesByBookId - <==    Updates: 0
10:37:44.085 [main] DEBUG c.e.j.m.B.insertBookCategories - ==>  Preparing: INSERT INTO books_categories (book_id, category_id) VALUES (?, ?)
10:37:44.085 [main] DEBUG c.e.j.m.B.insertBookCategories - ==> Parameters: 3(Long), 2(Long)
10:37:44.086 [main] DEBUG c.e.j.m.B.insertBookCategories - <==    Updates: 1
10:37:44.088 [main] DEBUG c.e.j.mapper.BookMapper.insert - ==>  Preparing: INSERT INTO books (title, isbn, author_id, published_year) VALUES (?, ?, ?, ?)
10:37:44.089 [main] DEBUG c.e.j.mapper.BookMapper.insert - ==> Parameters: Clean Architecture(String), 9780134494166(String), 2(Long), 2017(Integer)
10:37:44.089 [main] DEBUG c.e.j.mapper.BookMapper.insert - <==    Updates: 1
10:37:44.091 [main] DEBUG c.e.j.m.B.deleteCategoriesByBookId - ==>  Preparing: DELETE FROM books_categories bc WHERE bc.book_id = ?
10:37:44.092 [main] DEBUG c.e.j.m.B.deleteCategoriesByBookId - ==> Parameters: 4(Long)
10:37:44.093 [main] DEBUG c.e.j.m.B.deleteCategoriesByBookId - <==    Updates: 0
10:37:44.094 [main] DEBUG c.e.j.m.B.insertBookCategories - ==>  Preparing: INSERT INTO books_categories (book_id, category_id) VALUES (?, ?) , (?, ?)
10:37:44.094 [main] DEBUG c.e.j.m.B.insertBookCategories - ==> Parameters: 4(Long), 2(Long), 4(Long), 3(Long)
10:37:44.095 [main] DEBUG c.e.j.m.B.insertBookCategories - <==    Updates: 2
10:37:44.097 [main] DEBUG c.e.j.mapper.BookMapper.insert - ==>  Preparing: INSERT INTO books (title, isbn, author_id, published_year) VALUES (?, ?, ?, ?)
10:37:44.097 [main] DEBUG c.e.j.mapper.BookMapper.insert - ==> Parameters: Java Concurrency in Practice(String), 9780321349606(String), 1(Long), 2006(Integer)
10:37:44.098 [main] DEBUG c.e.j.mapper.BookMapper.insert - <==    Updates: 1
10:37:44.099 [main] DEBUG c.e.j.m.B.deleteCategoriesByBookId - ==>  Preparing: DELETE FROM books_categories bc WHERE bc.book_id = ?
10:37:44.100 [main] DEBUG c.e.j.m.B.deleteCategoriesByBookId - ==> Parameters: 5(Long)
10:37:44.100 [main] DEBUG c.e.j.m.B.deleteCategoriesByBookId - <==    Updates: 0
10:37:44.100 [main] DEBUG c.e.j.m.B.insertBookCategories - ==>  Preparing: INSERT INTO books_categories (book_id, category_id) VALUES (?, ?)
10:37:44.101 [main] DEBUG c.e.j.m.B.insertBookCategories - ==> Parameters: 5(Long), 1(Long)
10:37:44.102 [main] DEBUG c.e.j.m.B.insertBookCategories - <==    Updates: 1
10:37:44.104 [main] DEBUG c.e.j.mapper.BookMapper.insert - ==>  Preparing: INSERT INTO books (title, isbn, author_id, published_year) VALUES (?, ?, ?, ?)
10:37:44.104 [main] DEBUG c.e.j.mapper.BookMapper.insert - ==> Parameters: Java Concurrency in Practice(String), 9780321349606(String), 1(Long), 2006(Integer)
10:37:44.105 [main] DEBUG c.e.j.mapper.BookMapper.insert - <==    Updates: 1
10:37:44.106 [main] DEBUG c.e.j.m.B.deleteCategoriesByBookId - ==>  Preparing: DELETE FROM books_categories bc WHERE bc.book_id = ?
10:37:44.106 [main] DEBUG c.e.j.m.B.deleteCategoriesByBookId - ==> Parameters: 6(Long)
10:37:44.107 [main] DEBUG c.e.j.m.B.deleteCategoriesByBookId - <==    Updates: 0
10:37:44.107 [main] DEBUG c.e.j.m.B.insertBookCategories - ==>  Preparing: INSERT INTO books_categories (book_id, category_id) VALUES (?, ?)
10:37:44.107 [main] DEBUG c.e.j.m.B.insertBookCategories - ==> Parameters: 6(Long), 1(Long)
10:37:44.108 [main] DEBUG c.e.j.m.B.insertBookCategories - <==    Updates: 1
10:37:44.109 [main] DEBUG c.e.j.mapper.BookMapper.insert - ==>  Preparing: INSERT INTO books (title, isbn, author_id, published_year) VALUES (?, ?, ?, ?)
10:37:44.110 [main] DEBUG c.e.j.mapper.BookMapper.insert - ==> Parameters: Java Concurrency in Practice(String), 9780321349606(String), 1(Long), 2006(Integer)
10:37:44.111 [main] DEBUG c.e.j.mapper.BookMapper.insert - <==    Updates: 1
10:37:44.112 [main] DEBUG c.e.j.m.B.deleteCategoriesByBookId - ==>  Preparing: DELETE FROM books_categories bc WHERE bc.book_id = ?
10:37:44.113 [main] DEBUG c.e.j.m.B.deleteCategoriesByBookId - ==> Parameters: 7(Long)
10:37:44.113 [main] DEBUG c.e.j.m.B.deleteCategoriesByBookId - <==    Updates: 0
10:37:44.114 [main] DEBUG c.e.j.m.B.insertBookCategories - ==>  Preparing: INSERT INTO books_categories (book_id, category_id) VALUES (?, ?)
10:37:44.115 [main] DEBUG c.e.j.m.B.insertBookCategories - ==> Parameters: 7(Long), 1(Long)
10:37:44.115 [main] DEBUG c.e.j.m.B.insertBookCategories - <==    Updates: 1
10:37:44.117 [main] DEBUG c.e.j.mapper.BookMapper.insert - ==>  Preparing: INSERT INTO books (title, isbn, author_id, published_year) VALUES (?, ?, ?, ?)
10:37:44.118 [main] DEBUG c.e.j.mapper.BookMapper.insert - ==> Parameters: Java Concurrency in Practice(String), 9780321349606(String), 1(Long), 2006(Integer)
10:37:44.119 [main] DEBUG c.e.j.mapper.BookMapper.insert - <==    Updates: 1
10:37:44.120 [main] DEBUG c.e.j.m.B.deleteCategoriesByBookId - ==>  Preparing: DELETE FROM books_categories bc WHERE bc.book_id = ?
10:37:44.121 [main] DEBUG c.e.j.m.B.deleteCategoriesByBookId - ==> Parameters: 8(Long)
10:37:44.121 [main] DEBUG c.e.j.m.B.deleteCategoriesByBookId - <==    Updates: 0
10:37:44.122 [main] DEBUG c.e.j.m.B.insertBookCategories - ==>  Preparing: INSERT INTO books_categories (book_id, category_id) VALUES (?, ?)
10:37:44.122 [main] DEBUG c.e.j.m.B.insertBookCategories - ==> Parameters: 8(Long), 1(Long)
10:37:44.123 [main] DEBUG c.e.j.m.B.insertBookCategories - <==    Updates: 1
10:37:44.124 [main] DEBUG c.e.j.mapper.BookMapper.insert - ==>  Preparing: INSERT INTO books (title, isbn, author_id, published_year) VALUES (?, ?, ?, ?)
10:37:44.125 [main] DEBUG c.e.j.mapper.BookMapper.insert - ==> Parameters: Java Concurrency in Practice(String), 9780321349606(String), 1(Long), 2006(Integer)
10:37:44.125 [main] DEBUG c.e.j.mapper.BookMapper.insert - <==    Updates: 1
10:37:44.126 [main] DEBUG c.e.j.m.B.deleteCategoriesByBookId - ==>  Preparing: DELETE FROM books_categories bc WHERE bc.book_id = ?
10:37:44.126 [main] DEBUG c.e.j.m.B.deleteCategoriesByBookId - ==> Parameters: 9(Long)
10:37:44.127 [main] DEBUG c.e.j.m.B.deleteCategoriesByBookId - <==    Updates: 0
10:37:44.127 [main] DEBUG c.e.j.m.B.insertBookCategories - ==>  Preparing: INSERT INTO books_categories (book_id, category_id) VALUES (?, ?)
10:37:44.127 [main] DEBUG c.e.j.m.B.insertBookCategories - ==> Parameters: 9(Long), 1(Long)
10:37:44.128 [main] DEBUG c.e.j.m.B.insertBookCategories - <==    Updates: 1
10:37:44.129 [main] DEBUG c.e.j.mapper.BookMapper.insert - ==>  Preparing: INSERT INTO books (title, isbn, author_id, published_year) VALUES (?, ?, ?, ?)
10:37:44.129 [main] DEBUG c.e.j.mapper.BookMapper.insert - ==> Parameters: Java Concurrency in Practice(String), 9780321349606(String), 1(Long), 2006(Integer)
10:37:44.129 [main] DEBUG c.e.j.mapper.BookMapper.insert - <==    Updates: 1
10:37:44.130 [main] DEBUG c.e.j.m.B.deleteCategoriesByBookId - ==>  Preparing: DELETE FROM books_categories bc WHERE bc.book_id = ?
10:37:44.130 [main] DEBUG c.e.j.m.B.deleteCategoriesByBookId - ==> Parameters: 10(Long)
10:37:44.131 [main] DEBUG c.e.j.m.B.deleteCategoriesByBookId - <==    Updates: 0
10:37:44.131 [main] DEBUG c.e.j.m.B.insertBookCategories - ==>  Preparing: INSERT INTO books_categories (book_id, category_id) VALUES (?, ?)
10:37:44.131 [main] DEBUG c.e.j.m.B.insertBookCategories - ==> Parameters: 10(Long), 1(Long)
10:37:44.132 [main] DEBUG c.e.j.m.B.insertBookCategories - <==    Updates: 1
10:37:44.133 [main] DEBUG c.e.j.mapper.BookMapper.insert - ==>  Preparing: INSERT INTO books (title, isbn, author_id, published_year) VALUES (?, ?, ?, ?)
10:37:44.134 [main] DEBUG c.e.j.mapper.BookMapper.insert - ==> Parameters: Java Concurrency in Practice(String), 9780321349606(String), 1(Long), 2006(Integer)
10:37:44.134 [main] DEBUG c.e.j.mapper.BookMapper.insert - <==    Updates: 1
10:37:44.135 [main] DEBUG c.e.j.m.B.deleteCategoriesByBookId - ==>  Preparing: DELETE FROM books_categories bc WHERE bc.book_id = ?
10:37:44.136 [main] DEBUG c.e.j.m.B.deleteCategoriesByBookId - ==> Parameters: 11(Long)
10:37:44.136 [main] DEBUG c.e.j.m.B.deleteCategoriesByBookId - <==    Updates: 0
10:37:44.136 [main] DEBUG c.e.j.m.B.insertBookCategories - ==>  Preparing: INSERT INTO books_categories (book_id, category_id) VALUES (?, ?)
10:37:44.137 [main] DEBUG c.e.j.m.B.insertBookCategories - ==> Parameters: 11(Long), 1(Long)
10:37:44.137 [main] DEBUG c.e.j.m.B.insertBookCategories - <==    Updates: 1
10:37:44.138 [main] DEBUG c.e.j.mapper.BookMapper.insert - ==>  Preparing: INSERT INTO books (title, isbn, author_id, published_year) VALUES (?, ?, ?, ?)
10:37:44.138 [main] DEBUG c.e.j.mapper.BookMapper.insert - ==> Parameters: Java Concurrency in Practice(String), 9780321349606(String), 1(Long), 2006(Integer)
10:37:44.139 [main] DEBUG c.e.j.mapper.BookMapper.insert - <==    Updates: 1
10:37:44.140 [main] DEBUG c.e.j.m.B.deleteCategoriesByBookId - ==>  Preparing: DELETE FROM books_categories bc WHERE bc.book_id = ?
10:37:44.140 [main] DEBUG c.e.j.m.B.deleteCategoriesByBookId - ==> Parameters: 12(Long)
10:37:44.140 [main] DEBUG c.e.j.m.B.deleteCategoriesByBookId - <==    Updates: 0
10:37:44.141 [main] DEBUG c.e.j.m.B.insertBookCategories - ==>  Preparing: INSERT INTO books_categories (book_id, category_id) VALUES (?, ?)
10:37:44.141 [main] DEBUG c.e.j.m.B.insertBookCategories - ==> Parameters: 12(Long), 1(Long)
10:37:44.142 [main] DEBUG c.e.j.m.B.insertBookCategories - <==    Updates: 1
10:37:44.143 [main] DEBUG c.e.j.mapper.BookMapper.insert - ==>  Preparing: INSERT INTO books (title, isbn, author_id, published_year) VALUES (?, ?, ?, ?)
10:37:44.143 [main] DEBUG c.e.j.mapper.BookMapper.insert - ==> Parameters: Java Concurrency in Practice(String), 9780321349606(String), 1(Long), 2006(Integer)
10:37:44.144 [main] DEBUG c.e.j.mapper.BookMapper.insert - <==    Updates: 1
10:37:44.145 [main] DEBUG c.e.j.m.B.deleteCategoriesByBookId - ==>  Preparing: DELETE FROM books_categories bc WHERE bc.book_id = ?
10:37:44.145 [main] DEBUG c.e.j.m.B.deleteCategoriesByBookId - ==> Parameters: 13(Long)
10:37:44.145 [main] DEBUG c.e.j.m.B.deleteCategoriesByBookId - <==    Updates: 0
10:37:44.146 [main] DEBUG c.e.j.m.B.insertBookCategories - ==>  Preparing: INSERT INTO books_categories (book_id, category_id) VALUES (?, ?)
10:37:44.146 [main] DEBUG c.e.j.m.B.insertBookCategories - ==> Parameters: 13(Long), 1(Long)
10:37:44.146 [main] DEBUG c.e.j.m.B.insertBookCategories - <==    Updates: 1
10:37:44.147 [main] DEBUG c.e.j.mapper.BookMapper.insert - ==>  Preparing: INSERT INTO books (title, isbn, author_id, published_year) VALUES (?, ?, ?, ?)
10:37:44.148 [main] DEBUG c.e.j.mapper.BookMapper.insert - ==> Parameters: Java Concurrency in Practice(String), 9780321349606(String), 1(Long), 2006(Integer)
10:37:44.148 [main] DEBUG c.e.j.mapper.BookMapper.insert - <==    Updates: 1
10:37:44.150 [main] DEBUG c.e.j.m.B.deleteCategoriesByBookId - ==>  Preparing: DELETE FROM books_categories bc WHERE bc.book_id = ?
10:37:44.150 [main] DEBUG c.e.j.m.B.deleteCategoriesByBookId - ==> Parameters: 14(Long)
10:37:44.150 [main] DEBUG c.e.j.m.B.deleteCategoriesByBookId - <==    Updates: 0
10:37:44.151 [main] DEBUG c.e.j.m.B.insertBookCategories - ==>  Preparing: INSERT INTO books_categories (book_id, category_id) VALUES (?, ?)
10:37:44.151 [main] DEBUG c.e.j.m.B.insertBookCategories - ==> Parameters: 14(Long), 1(Long)
10:37:44.152 [main] DEBUG c.e.j.m.B.insertBookCategories - <==    Updates: 1
10:37:44.153 [main] DEBUG c.e.j.mapper.BookMapper.insert - ==>  Preparing: INSERT INTO books (title, isbn, author_id, published_year) VALUES (?, ?, ?, ?)
10:37:44.153 [main] DEBUG c.e.j.mapper.BookMapper.insert - ==> Parameters: Java Concurrency in Practice(String), 9780321349606(String), 1(Long), 2006(Integer)
10:37:44.154 [main] DEBUG c.e.j.mapper.BookMapper.insert - <==    Updates: 1
10:37:44.154 [main] DEBUG c.e.j.m.B.deleteCategoriesByBookId - ==>  Preparing: DELETE FROM books_categories bc WHERE bc.book_id = ?
10:37:44.155 [main] DEBUG c.e.j.m.B.deleteCategoriesByBookId - ==> Parameters: 15(Long)
10:37:44.155 [main] DEBUG c.e.j.m.B.deleteCategoriesByBookId - <==    Updates: 0
10:37:44.155 [main] DEBUG c.e.j.m.B.insertBookCategories - ==>  Preparing: INSERT INTO books_categories (book_id, category_id) VALUES (?, ?)
10:37:44.156 [main] DEBUG c.e.j.m.B.insertBookCategories - ==> Parameters: 15(Long), 1(Long)
10:37:44.156 [main] DEBUG c.e.j.m.B.insertBookCategories - <==    Updates: 1
10:37:44.157 [main] DEBUG c.e.j.mapper.BookMapper.insert - ==>  Preparing: INSERT INTO books (title, isbn, author_id, published_year) VALUES (?, ?, ?, ?)
10:37:44.157 [main] DEBUG c.e.j.mapper.BookMapper.insert - ==> Parameters: Java Concurrency in Practice(String), 9780321349606(String), 1(Long), 2006(Integer)
10:37:44.158 [main] DEBUG c.e.j.mapper.BookMapper.insert - <==    Updates: 1
10:37:44.158 [main] DEBUG c.e.j.m.B.deleteCategoriesByBookId - ==>  Preparing: DELETE FROM books_categories bc WHERE bc.book_id = ?
10:37:44.159 [main] DEBUG c.e.j.m.B.deleteCategoriesByBookId - ==> Parameters: 16(Long)
10:37:44.159 [main] DEBUG c.e.j.m.B.deleteCategoriesByBookId - <==    Updates: 0
10:37:44.159 [main] DEBUG c.e.j.m.B.insertBookCategories - ==>  Preparing: INSERT INTO books_categories (book_id, category_id) VALUES (?, ?)
10:37:44.159 [main] DEBUG c.e.j.m.B.insertBookCategories - ==> Parameters: 16(Long), 1(Long)
10:37:44.160 [main] DEBUG c.e.j.m.B.insertBookCategories - <==    Updates: 1
10:37:44.160 [main] DEBUG c.e.j.mapper.BookMapper.insert - ==>  Preparing: INSERT INTO books (title, isbn, author_id, published_year) VALUES (?, ?, ?, ?)
10:37:44.161 [main] DEBUG c.e.j.mapper.BookMapper.insert - ==> Parameters: Java Concurrency in Practice(String), 9780321349606(String), 1(Long), 2006(Integer)
10:37:44.161 [main] DEBUG c.e.j.mapper.BookMapper.insert - <==    Updates: 1
10:37:44.162 [main] DEBUG c.e.j.m.B.deleteCategoriesByBookId - ==>  Preparing: DELETE FROM books_categories bc WHERE bc.book_id = ?
10:37:44.162 [main] DEBUG c.e.j.m.B.deleteCategoriesByBookId - ==> Parameters: 17(Long)
10:37:44.162 [main] DEBUG c.e.j.m.B.deleteCategoriesByBookId - <==    Updates: 0
10:37:44.162 [main] DEBUG c.e.j.m.B.insertBookCategories - ==>  Preparing: INSERT INTO books_categories (book_id, category_id) VALUES (?, ?)
10:37:44.163 [main] DEBUG c.e.j.m.B.insertBookCategories - ==> Parameters: 17(Long), 1(Long)
10:37:44.163 [main] DEBUG c.e.j.m.B.insertBookCategories - <==    Updates: 1
10:37:44.164 [main] DEBUG c.e.j.mapper.BookMapper.insert - ==>  Preparing: INSERT INTO books (title, isbn, author_id, published_year) VALUES (?, ?, ?, ?)
10:37:44.164 [main] DEBUG c.e.j.mapper.BookMapper.insert - ==> Parameters: Java Concurrency in Practice(String), 9780321349606(String), 1(Long), 2006(Integer)
10:37:44.164 [main] DEBUG c.e.j.mapper.BookMapper.insert - <==    Updates: 1
10:37:44.165 [main] DEBUG c.e.j.m.B.deleteCategoriesByBookId - ==>  Preparing: DELETE FROM books_categories bc WHERE bc.book_id = ?
10:37:44.165 [main] DEBUG c.e.j.m.B.deleteCategoriesByBookId - ==> Parameters: 18(Long)
10:37:44.165 [main] DEBUG c.e.j.m.B.deleteCategoriesByBookId - <==    Updates: 0
10:37:44.166 [main] DEBUG c.e.j.m.B.insertBookCategories - ==>  Preparing: INSERT INTO books_categories (book_id, category_id) VALUES (?, ?)
10:37:44.166 [main] DEBUG c.e.j.m.B.insertBookCategories - ==> Parameters: 18(Long), 1(Long)
10:37:44.166 [main] DEBUG c.e.j.m.B.insertBookCategories - <==    Updates: 1
10:37:44.167 [main] DEBUG c.e.j.mapper.BookMapper.insert - ==>  Preparing: INSERT INTO books (title, isbn, author_id, published_year) VALUES (?, ?, ?, ?)
10:37:44.168 [main] DEBUG c.e.j.mapper.BookMapper.insert - ==> Parameters: Java Concurrency in Practice(String), 9780321349606(String), 1(Long), 2006(Integer)
10:37:44.169 [main] DEBUG c.e.j.mapper.BookMapper.insert - <==    Updates: 1
10:37:44.171 [main] DEBUG c.e.j.m.B.deleteCategoriesByBookId - ==>  Preparing: DELETE FROM books_categories bc WHERE bc.book_id = ?
10:37:44.171 [main] DEBUG c.e.j.m.B.deleteCategoriesByBookId - ==> Parameters: 19(Long)
10:37:44.171 [main] DEBUG c.e.j.m.B.deleteCategoriesByBookId - <==    Updates: 0
10:37:44.171 [main] DEBUG c.e.j.m.B.insertBookCategories - ==>  Preparing: INSERT INTO books_categories (book_id, category_id) VALUES (?, ?)
10:37:44.172 [main] DEBUG c.e.j.m.B.insertBookCategories - ==> Parameters: 19(Long), 1(Long)
10:37:44.172 [main] DEBUG c.e.j.m.B.insertBookCategories - <==    Updates: 1
10:37:44.173 [main] DEBUG c.e.j.mapper.BookMapper.insert - ==>  Preparing: INSERT INTO books (title, isbn, author_id, published_year) VALUES (?, ?, ?, ?)
10:37:44.173 [main] DEBUG c.e.j.mapper.BookMapper.insert - ==> Parameters: Java Concurrency in Practice(String), 9780321349606(String), 1(Long), 2006(Integer)
10:37:44.174 [main] DEBUG c.e.j.mapper.BookMapper.insert - <==    Updates: 1
10:37:44.175 [main] DEBUG c.e.j.m.B.deleteCategoriesByBookId - ==>  Preparing: DELETE FROM books_categories bc WHERE bc.book_id = ?
10:37:44.175 [main] DEBUG c.e.j.m.B.deleteCategoriesByBookId - ==> Parameters: 20(Long)
10:37:44.175 [main] DEBUG c.e.j.m.B.deleteCategoriesByBookId - <==    Updates: 0
10:37:44.176 [main] DEBUG c.e.j.m.B.insertBookCategories - ==>  Preparing: INSERT INTO books_categories (book_id, category_id) VALUES (?, ?)
10:37:44.176 [main] DEBUG c.e.j.m.B.insertBookCategories - ==> Parameters: 20(Long), 1(Long)
10:37:44.176 [main] DEBUG c.e.j.m.B.insertBookCategories - <==    Updates: 1
10:37:44.177 [main] DEBUG c.e.j.mapper.BookMapper.insert - ==>  Preparing: INSERT INTO books (title, isbn, author_id, published_year) VALUES (?, ?, ?, ?)
10:37:44.177 [main] DEBUG c.e.j.mapper.BookMapper.insert - ==> Parameters: Java Concurrency in Practice(String), 9780321349606(String), 1(Long), 2006(Integer)
10:37:44.178 [main] DEBUG c.e.j.mapper.BookMapper.insert - <==    Updates: 1
10:37:44.178 [main] DEBUG c.e.j.m.B.deleteCategoriesByBookId - ==>  Preparing: DELETE FROM books_categories bc WHERE bc.book_id = ?
10:37:44.179 [main] DEBUG c.e.j.m.B.deleteCategoriesByBookId - ==> Parameters: 21(Long)
10:37:44.179 [main] DEBUG c.e.j.m.B.deleteCategoriesByBookId - <==    Updates: 0
10:37:44.179 [main] DEBUG c.e.j.m.B.insertBookCategories - ==>  Preparing: INSERT INTO books_categories (book_id, category_id) VALUES (?, ?)
10:37:44.179 [main] DEBUG c.e.j.m.B.insertBookCategories - ==> Parameters: 21(Long), 1(Long)
10:37:44.180 [main] DEBUG c.e.j.m.B.insertBookCategories - <==    Updates: 1
10:37:44.180 [main] DEBUG c.e.j.mapper.BookMapper.insert - ==>  Preparing: INSERT INTO books (title, isbn, author_id, published_year) VALUES (?, ?, ?, ?)
10:37:44.181 [main] DEBUG c.e.j.mapper.BookMapper.insert - ==> Parameters: Java Concurrency in Practice(String), 9780321349606(String), 1(Long), 2006(Integer)
10:37:44.181 [main] DEBUG c.e.j.mapper.BookMapper.insert - <==    Updates: 1
10:37:44.182 [main] DEBUG c.e.j.m.B.deleteCategoriesByBookId - ==>  Preparing: DELETE FROM books_categories bc WHERE bc.book_id = ?
10:37:44.182 [main] DEBUG c.e.j.m.B.deleteCategoriesByBookId - ==> Parameters: 22(Long)
10:37:44.182 [main] DEBUG c.e.j.m.B.deleteCategoriesByBookId - <==    Updates: 0
10:37:44.183 [main] DEBUG c.e.j.m.B.insertBookCategories - ==>  Preparing: INSERT INTO books_categories (book_id, category_id) VALUES (?, ?)
10:37:44.183 [main] DEBUG c.e.j.m.B.insertBookCategories - ==> Parameters: 22(Long), 1(Long)
10:37:44.183 [main] DEBUG c.e.j.m.B.insertBookCategories - <==    Updates: 1
10:37:44.185 [main] DEBUG c.e.j.mapper.BookMapper.insert - ==>  Preparing: INSERT INTO books (title, isbn, author_id, published_year) VALUES (?, ?, ?, ?)
10:37:44.186 [main] DEBUG c.e.j.mapper.BookMapper.insert - ==> Parameters: Java Concurrency in Practice(String), 9780321349606(String), 1(Long), 2006(Integer)
10:37:44.186 [main] DEBUG c.e.j.mapper.BookMapper.insert - <==    Updates: 1
10:37:44.187 [main] DEBUG c.e.j.m.B.deleteCategoriesByBookId - ==>  Preparing: DELETE FROM books_categories bc WHERE bc.book_id = ?
10:37:44.188 [main] DEBUG c.e.j.m.B.deleteCategoriesByBookId - ==> Parameters: 23(Long)
10:37:44.188 [main] DEBUG c.e.j.m.B.deleteCategoriesByBookId - <==    Updates: 0
10:37:44.189 [main] DEBUG c.e.j.m.B.insertBookCategories - ==>  Preparing: INSERT INTO books_categories (book_id, category_id) VALUES (?, ?)
10:37:44.189 [main] DEBUG c.e.j.m.B.insertBookCategories - ==> Parameters: 23(Long), 1(Long)
10:37:44.189 [main] DEBUG c.e.j.m.B.insertBookCategories - <==    Updates: 1
10:37:44.191 [main] DEBUG c.e.j.mapper.BookMapper.insert - ==>  Preparing: INSERT INTO books (title, isbn, author_id, published_year) VALUES (?, ?, ?, ?)
10:37:44.191 [main] DEBUG c.e.j.mapper.BookMapper.insert - ==> Parameters: Java Concurrency in Practice(String), 9780321349606(String), 1(Long), 2006(Integer)
10:37:44.193 [main] DEBUG c.e.j.mapper.BookMapper.insert - <==    Updates: 1
10:37:44.194 [main] DEBUG c.e.j.m.B.deleteCategoriesByBookId - ==>  Preparing: DELETE FROM books_categories bc WHERE bc.book_id = ?
10:37:44.194 [main] DEBUG c.e.j.m.B.deleteCategoriesByBookId - ==> Parameters: 24(Long)
10:37:44.194 [main] DEBUG c.e.j.m.B.deleteCategoriesByBookId - <==    Updates: 0
10:37:44.195 [main] DEBUG c.e.j.m.B.insertBookCategories - ==>  Preparing: INSERT INTO books_categories (book_id, category_id) VALUES (?, ?)
10:37:44.195 [main] DEBUG c.e.j.m.B.insertBookCategories - ==> Parameters: 24(Long), 1(Long)
10:37:44.196 [main] DEBUG c.e.j.m.B.insertBookCategories - <==    Updates: 1
10:37:44.200 [main] DEBUG c.e.j.mapper.UserMapper.findByEmail - ==>  Preparing: SELECT * FROM users u WHERE u.email = ?
10:37:44.201 [main] DEBUG c.e.j.mapper.UserMapper.findByEmail - ==> Parameters: user@example.com(String)
10:37:44.219 [main] DEBUG c.e.j.mapper.UserMapper.findByEmail - <==      Total: 0
10:37:44.333 [main] DEBUG c.e.j.mapper.UserMapper.insert - ==>  Preparing: INSERT INTO users (email, name, password_hash, role) VALUES (?, ?, ?, ?)
10:37:44.335 [main] DEBUG c.e.j.mapper.UserMapper.insert - ==> Parameters: user@example.com(String), 測試使用者(String), $2a$10$MbR3GoD2E2AVInL62ghZK.hTxDqML9PFPWgacKdFUmz/bOIJcTJXO(String), USER(String)
10:37:44.336 [main] DEBUG c.e.j.mapper.UserMapper.insert - <==    Updates: 1
10:37:44.337 [main] INFO  c.e.j.service.AuthServiceImpl - 新使用者註冊：userId=1, email=user@example.com
10:37:44.433 [main] DEBUG c.e.j.mapper.UserMapper.insert - ==>  Preparing: INSERT INTO users (email, name, password_hash, role) VALUES (?, ?, ?, ?)
10:37:44.434 [main] DEBUG c.e.j.mapper.UserMapper.insert - ==> Parameters: admin@example.com(String), 管理員(String), $2a$10$MO6V/PwrZ/OViVy6M1V3JOwVK9iXN0bkynG2BY99OEfmS4Lb3cus2(String), ADMIN(String)
10:37:44.435 [main] DEBUG c.e.j.mapper.UserMapper.insert - <==    Updates: 1
10:37:44.523 [main] DEBUG c.e.j.mapper.UserMapper.insert - ==>  Preparing: INSERT INTO users (email, name, password_hash, role) VALUES (?, ?, ?, ?)
10:37:44.524 [main] DEBUG c.e.j.mapper.UserMapper.insert - ==> Parameters: procurement@example.com(String), 採購人員(String), $2a$10$h2QHN9Wblxs456s0dhSNdeAJ5DFYE5M8Xt94S7d1NW246CHeq.Pcq(String), PROCUREMENT(String)
10:37:44.525 [main] DEBUG c.e.j.mapper.UserMapper.insert - <==    Updates: 1
10:37:44.530 [main] DEBUG c.e.j.m.BookRequestMapper.insert - ==>  Preparing: INSERT INTO book_requests (requester_id, status, requested_at, idempotency_key) VALUES (?, ?, ?, ?)
10:37:44.536 [main] DEBUG c.e.j.m.BookRequestMapper.insert - ==> Parameters: 1(Long), PENDING(String), 2026-09-11 10:37:44.529906(Timestamp), 26c5da0a-0da9-40c9-afb7-e740285eb7e1(String)
10:37:44.536 [main] DEBUG c.e.j.m.BookRequestMapper.insert - <==    Updates: 1
10:37:44.537 [main] DEBUG c.e.j.m.BookRequestItemMapper.insert - ==>  Preparing: INSERT INTO book_request_items (book_request_id, title, isbn, author_id, published_year, estimated_price) VALUES (?, ?, ?, ?, ?, ?)
10:37:44.538 [main] DEBUG c.e.j.m.BookRequestItemMapper.insert - ==> Parameters: 1(Long), Refactoring(String), null, null, null, null
10:37:44.538 [main] DEBUG c.e.j.m.BookRequestItemMapper.insert - <==    Updates: 1
10:37:44.540 [main] DEBUG c.e.j.mapper.AuditLogMapper.insert - ==>  Preparing: INSERT INTO audit_logs (user_id, audited_at, action, entity_type, entity_id, detail) VALUES (?, ?, ?, ?, ?, ?)
10:37:44.604 [main] DEBUG c.e.j.mapper.AuditLogMapper.insert - ==> Parameters: 1(Long), 2026-09-11 10:37:44.529906(Timestamp), SUBMIT(String), BOOK_REQUEST(String), 1(Long), [B@5d2828c9(byte[])
10:37:44.609 [main] DEBUG c.e.j.mapper.AuditLogMapper.insert - <==    Updates: 1
10:37:44.609 [main] INFO  c.e.j.service.BookRequestServiceImpl - 送出申請：requestId=1, requesterId=1, 書籍數=1
10:37:44.612 [main] DEBUG c.e.j.m.BookRequestMapper.insert - ==>  Preparing: INSERT INTO book_requests (requester_id, status, requested_at, idempotency_key) VALUES (?, ?, ?, ?)
10:37:44.612 [main] DEBUG c.e.j.m.BookRequestMapper.insert - ==> Parameters: 1(Long), PENDING(String), 2026-09-11 10:37:44.6127889(Timestamp), af56a761-679e-4dc1-965e-b179da6f1dcf(String)
10:37:44.613 [main] DEBUG c.e.j.m.BookRequestMapper.insert - <==    Updates: 1
10:37:44.613 [main] DEBUG c.e.j.m.BookRequestItemMapper.insert - ==>  Preparing: INSERT INTO book_request_items (book_request_id, title, isbn, author_id, published_year, estimated_price) VALUES (?, ?, ?, ?, ?, ?)
10:37:44.614 [main] DEBUG c.e.j.m.BookRequestItemMapper.insert - ==> Parameters: 2(Long), The Pragmatic Programmer(String), 9780135957059(String), null, 2019(Integer), 850(BigDecimal)
10:37:44.614 [main] DEBUG c.e.j.m.BookRequestItemMapper.insert - <==    Updates: 1
10:37:44.614 [main] DEBUG c.e.j.m.BookRequestItemMapper.insert - ==>  Preparing: INSERT INTO book_request_items (book_request_id, title, isbn, author_id, published_year, estimated_price) VALUES (?, ?, ?, ?, ?, ?)
10:37:44.615 [main] DEBUG c.e.j.m.BookRequestItemMapper.insert - ==> Parameters: 2(Long), Head First Design Patterns(String), null, null, null, null
10:37:44.616 [main] DEBUG c.e.j.m.BookRequestItemMapper.insert - <==    Updates: 1
10:37:44.616 [main] DEBUG c.e.j.mapper.AuditLogMapper.insert - ==>  Preparing: INSERT INTO audit_logs (user_id, audited_at, action, entity_type, entity_id, detail) VALUES (?, ?, ?, ?, ?, ?)
10:37:44.618 [main] DEBUG c.e.j.mapper.AuditLogMapper.insert - ==> Parameters: 1(Long), 2026-09-11 10:37:44.6127889(Timestamp), SUBMIT(String), BOOK_REQUEST(String), 2(Long), [B@75d982d3(byte[])
10:37:44.618 [main] DEBUG c.e.j.mapper.AuditLogMapper.insert - <==    Updates: 1
10:37:44.618 [main] INFO  c.e.j.service.BookRequestServiceImpl - 送出申請：requestId=2, requesterId=1, 書籍數=2
10:37:44.619 [main] DEBUG c.e.j.m.BookRequestMapper.insert - ==>  Preparing: INSERT INTO book_requests (requester_id, status, requested_at, idempotency_key) VALUES (?, ?, ?, ?)
10:37:44.620 [main] DEBUG c.e.j.m.BookRequestMapper.insert - ==> Parameters: 1(Long), PENDING(String), 2026-09-11 10:37:44.6199598(Timestamp), 30c7230c-a3b1-4bd5-a54e-537366ca5a01(String)
10:37:44.620 [main] DEBUG c.e.j.m.BookRequestMapper.insert - <==    Updates: 1
10:37:44.620 [main] DEBUG c.e.j.m.BookRequestItemMapper.insert - ==>  Preparing: INSERT INTO book_request_items (book_request_id, title, isbn, author_id, published_year, estimated_price) VALUES (?, ?, ?, ?, ?, ?)
10:37:44.621 [main] DEBUG c.e.j.m.BookRequestItemMapper.insert - ==> Parameters: 3(Long), Test-Driven Development(String), 9780321146533(String), null, 2002(Integer), null
10:37:44.621 [main] DEBUG c.e.j.m.BookRequestItemMapper.insert - <==    Updates: 1
10:37:44.622 [main] DEBUG c.e.j.mapper.AuditLogMapper.insert - ==>  Preparing: INSERT INTO audit_logs (user_id, audited_at, action, entity_type, entity_id, detail) VALUES (?, ?, ?, ?, ?, ?)
10:37:44.622 [main] DEBUG c.e.j.mapper.AuditLogMapper.insert - ==> Parameters: 1(Long), 2026-09-11 10:37:44.6199598(Timestamp), SUBMIT(String), BOOK_REQUEST(String), 3(Long), [B@16727bf0(byte[])
10:37:44.622 [main] DEBUG c.e.j.mapper.AuditLogMapper.insert - <==    Updates: 1
10:37:44.623 [main] INFO  c.e.j.service.BookRequestServiceImpl - 送出申請：requestId=3, requesterId=1, 書籍數=1
10:37:44.624 [main] DEBUG c.e.j.m.BookRequestMapper.insert - ==>  Preparing: INSERT INTO book_requests (requester_id, status, requested_at, idempotency_key) VALUES (?, ?, ?, ?)
10:37:44.625 [main] DEBUG c.e.j.m.BookRequestMapper.insert - ==> Parameters: 1(Long), PENDING(String), 2026-09-11 10:37:44.6249556(Timestamp), 3acb3f80-264c-403e-83dc-5cb130468446(String)
10:37:44.625 [main] DEBUG c.e.j.m.BookRequestMapper.insert - <==    Updates: 1
10:37:44.626 [main] DEBUG c.e.j.m.BookRequestItemMapper.insert - ==>  Preparing: INSERT INTO book_request_items (book_request_id, title, isbn, author_id, published_year, estimated_price) VALUES (?, ?, ?, ?, ?, ?)
10:37:44.626 [main] DEBUG c.e.j.m.BookRequestItemMapper.insert - ==> Parameters: 4(Long), Working Effectively with Legacy Code(String), null, null, null, null
10:37:44.626 [main] DEBUG c.e.j.m.BookRequestItemMapper.insert - <==    Updates: 1
10:37:44.627 [main] DEBUG c.e.j.mapper.AuditLogMapper.insert - ==>  Preparing: INSERT INTO audit_logs (user_id, audited_at, action, entity_type, entity_id, detail) VALUES (?, ?, ?, ?, ?, ?)
10:37:44.627 [main] DEBUG c.e.j.mapper.AuditLogMapper.insert - ==> Parameters: 1(Long), 2026-09-11 10:37:44.6249556(Timestamp), SUBMIT(String), BOOK_REQUEST(String), 4(Long), [B@372ca2d6(byte[])
10:37:44.627 [main] DEBUG c.e.j.mapper.AuditLogMapper.insert - <==    Updates: 1
10:37:44.627 [main] INFO  c.e.j.service.BookRequestServiceImpl - 送出申請：requestId=4, requesterId=1, 書籍數=1
10:37:44.628 [main] DEBUG c.e.j.m.BookRequestMapper.insert - ==>  Preparing: INSERT INTO book_requests (requester_id, status, requested_at, idempotency_key) VALUES (?, ?, ?, ?)
10:37:44.629 [main] DEBUG c.e.j.m.BookRequestMapper.insert - ==> Parameters: 1(Long), PENDING(String), 2026-09-11 10:37:44.6289534(Timestamp), c46515fa-f840-4077-9221-5951636b2504(String)
10:37:44.629 [main] DEBUG c.e.j.m.BookRequestMapper.insert - <==    Updates: 1
10:37:44.629 [main] DEBUG c.e.j.m.BookRequestItemMapper.insert - ==>  Preparing: INSERT INTO book_request_items (book_request_id, title, isbn, author_id, published_year, estimated_price) VALUES (?, ?, ?, ?, ?, ?)
10:37:44.630 [main] DEBUG c.e.j.m.BookRequestItemMapper.insert - ==> Parameters: 5(Long), Continuous Delivery(String), null, null, null, null
10:37:44.630 [main] DEBUG c.e.j.m.BookRequestItemMapper.insert - <==    Updates: 1
10:37:44.630 [main] DEBUG c.e.j.mapper.AuditLogMapper.insert - ==>  Preparing: INSERT INTO audit_logs (user_id, audited_at, action, entity_type, entity_id, detail) VALUES (?, ?, ?, ?, ?, ?)
10:37:44.630 [main] DEBUG c.e.j.mapper.AuditLogMapper.insert - ==> Parameters: 1(Long), 2026-09-11 10:37:44.6289534(Timestamp), SUBMIT(String), BOOK_REQUEST(String), 5(Long), [B@a5272be(byte[])
10:37:44.631 [main] DEBUG c.e.j.mapper.AuditLogMapper.insert - <==    Updates: 1
10:37:44.631 [main] INFO  c.e.j.service.BookRequestServiceImpl - 送出申請：requestId=5, requesterId=1, 書籍數=1
10:37:44.632 [main] DEBUG c.e.j.m.BookRequestMapper.insert - ==>  Preparing: INSERT INTO book_requests (requester_id, status, requested_at, idempotency_key) VALUES (?, ?, ?, ?)
10:37:44.632 [main] DEBUG c.e.j.m.BookRequestMapper.insert - ==> Parameters: 1(Long), PENDING(String), 2026-09-11 10:37:44.6329595(Timestamp), 95a618c9-ab56-4b9f-a92a-d86b8707a2f8(String)
10:37:44.632 [main] DEBUG c.e.j.m.BookRequestMapper.insert - <==    Updates: 1
10:37:44.633 [main] DEBUG c.e.j.m.BookRequestItemMapper.insert - ==>  Preparing: INSERT INTO book_request_items (book_request_id, title, isbn, author_id, published_year, estimated_price) VALUES (?, ?, ?, ?, ?, ?)
10:37:44.633 [main] DEBUG c.e.j.m.BookRequestItemMapper.insert - ==> Parameters: 6(Long), Site Reliability Engineering(String), null, null, 2016(Integer), 1200(BigDecimal)
10:37:44.633 [main] DEBUG c.e.j.m.BookRequestItemMapper.insert - <==    Updates: 1
10:37:44.634 [main] DEBUG c.e.j.mapper.AuditLogMapper.insert - ==>  Preparing: INSERT INTO audit_logs (user_id, audited_at, action, entity_type, entity_id, detail) VALUES (?, ?, ?, ?, ?, ?)
10:37:44.634 [main] DEBUG c.e.j.mapper.AuditLogMapper.insert - ==> Parameters: 1(Long), 2026-09-11 10:37:44.6329595(Timestamp), SUBMIT(String), BOOK_REQUEST(String), 6(Long), [B@1d9bd4da(byte[])
10:37:44.635 [main] DEBUG c.e.j.mapper.AuditLogMapper.insert - <==    Updates: 1
10:37:44.635 [main] INFO  c.e.j.service.BookRequestServiceImpl - 送出申請：requestId=6, requesterId=1, 書籍數=1
10:37:44.637 [main] DEBUG c.e.j.m.BookRequestMapper.approve - ==>  Preparing: UPDATE book_requests SET status = 'APPROVED', approver_id = ?, approved_at = ? WHERE id = ? AND status = 'PENDING' AND requester_id != ?
10:37:44.640 [main] DEBUG c.e.j.m.BookRequestMapper.approve - ==> Parameters: 2(Long), 2026-09-11 10:37:44.6369523(Timestamp), 6(Long), 2(Long)
10:37:44.640 [main] DEBUG c.e.j.m.BookRequestMapper.approve - <==    Updates: 1
10:37:44.641 [main] DEBUG c.e.j.m.BookRequestMapper.findById - ==>  Preparing: SELECT * FROM book_requests WHERE id = ?
10:37:44.641 [main] DEBUG c.e.j.m.BookRequestMapper.findById - ==> Parameters: 6(Long)
10:37:44.646 [main] DEBUG c.e.j.m.BookRequestMapper.findById - <==      Total: 1
10:37:44.647 [main] DEBUG c.e.j.m.B.findByBookRequestId - ==>  Preparing: SELECT * FROM book_request_items WHERE book_request_id = ?
10:37:44.647 [main] DEBUG c.e.j.m.B.findByBookRequestId - ==> Parameters: 6(Long)
10:37:44.649 [main] DEBUG c.e.j.m.B.findByBookRequestId - <==      Total: 1
10:37:44.650 [main] DEBUG c.e.j.m.ProcurementItemMapper.insert - ==>  Preparing: INSERT INTO procurement_items (book_request_item_id, status) VALUES (?, ?)
10:37:44.651 [main] DEBUG c.e.j.m.ProcurementItemMapper.insert - ==> Parameters: 7(Long), PENDING(String)
10:37:44.652 [main] DEBUG c.e.j.m.ProcurementItemMapper.insert - <==    Updates: 1
10:37:44.652 [main] DEBUG c.e.j.mapper.AuditLogMapper.insert - ==>  Preparing: INSERT INTO audit_logs (user_id, audited_at, action, entity_type, entity_id, detail) VALUES (?, ?, ?, ?, ?, ?)
10:37:44.653 [main] DEBUG c.e.j.mapper.AuditLogMapper.insert - ==> Parameters: 2(Long), 2026-09-11 10:37:44.6369523(Timestamp), CREATE(String), PROCUREMENT_ITEM(String), 1(Long), [B@1352434e(byte[])
10:37:44.653 [main] DEBUG c.e.j.mapper.AuditLogMapper.insert - <==    Updates: 1
10:37:44.653 [main] DEBUG c.e.j.mapper.AuditLogMapper.insert - ==>  Preparing: INSERT INTO audit_logs (user_id, audited_at, action, entity_type, entity_id, detail) VALUES (?, ?, ?, ?, ?, ?)
10:37:44.654 [main] DEBUG c.e.j.mapper.AuditLogMapper.insert - ==> Parameters: 2(Long), 2026-09-11 10:37:44.6369523(Timestamp), APPROVE(String), BOOK_REQUEST(String), 6(Long), [B@4f9a6c2d(byte[])
10:37:44.654 [main] DEBUG c.e.j.mapper.AuditLogMapper.insert - <==    Updates: 1
10:37:44.654 [main] INFO  c.e.j.service.BookRequestServiceImpl - 申請已核准：requestId=6, approverId=2
10:37:44.657 [main] DEBUG c.e.j.m.BookRequestMapper.insert - ==>  Preparing: INSERT INTO book_requests (requester_id, status, requested_at, idempotency_key) VALUES (?, ?, ?, ?)
10:37:44.657 [main] DEBUG c.e.j.m.BookRequestMapper.insert - ==> Parameters: 1(Long), PENDING(String), 2026-09-11 10:37:44.655961(Timestamp), a157299e-418b-4da3-9add-9ab43d5d9452(String)
10:37:44.657 [main] DEBUG c.e.j.m.BookRequestMapper.insert - <==    Updates: 1
10:37:44.657 [main] DEBUG c.e.j.m.BookRequestItemMapper.insert - ==>  Preparing: INSERT INTO book_request_items (book_request_id, title, isbn, author_id, published_year, estimated_price) VALUES (?, ?, ?, ?, ?, ?)
10:37:44.658 [main] DEBUG c.e.j.m.BookRequestItemMapper.insert - ==> Parameters: 7(Long), Database Internals(String), null, null, null, null
10:37:44.658 [main] DEBUG c.e.j.m.BookRequestItemMapper.insert - <==    Updates: 1
10:37:44.658 [main] DEBUG c.e.j.m.BookRequestItemMapper.insert - ==>  Preparing: INSERT INTO book_request_items (book_request_id, title, isbn, author_id, published_year, estimated_price) VALUES (?, ?, ?, ?, ?, ?)
10:37:44.658 [main] DEBUG c.e.j.m.BookRequestItemMapper.insert - ==> Parameters: 7(Long), Designing Data-Intensive Applications(String), 9781449373320(String), null, 2017(Integer), 1500(BigDecimal)
10:37:44.658 [main] DEBUG c.e.j.m.BookRequestItemMapper.insert - <==    Updates: 1
10:37:44.659 [main] DEBUG c.e.j.mapper.AuditLogMapper.insert - ==>  Preparing: INSERT INTO audit_logs (user_id, audited_at, action, entity_type, entity_id, detail) VALUES (?, ?, ?, ?, ?, ?)
10:37:44.659 [main] DEBUG c.e.j.mapper.AuditLogMapper.insert - ==> Parameters: 1(Long), 2026-09-11 10:37:44.655961(Timestamp), SUBMIT(String), BOOK_REQUEST(String), 7(Long), [B@74170687(byte[])
10:37:44.659 [main] DEBUG c.e.j.mapper.AuditLogMapper.insert - <==    Updates: 1
10:37:44.659 [main] INFO  c.e.j.service.BookRequestServiceImpl - 送出申請：requestId=7, requesterId=1, 書籍數=2
10:37:44.660 [main] DEBUG c.e.j.m.BookRequestMapper.approve - ==>  Preparing: UPDATE book_requests SET status = 'APPROVED', approver_id = ?, approved_at = ? WHERE id = ? AND status = 'PENDING' AND requester_id != ?
10:37:44.661 [main] DEBUG c.e.j.m.BookRequestMapper.approve - ==> Parameters: 2(Long), 2026-09-11 10:37:44.6601093(Timestamp), 7(Long), 2(Long)
10:37:44.661 [main] DEBUG c.e.j.m.BookRequestMapper.approve - <==    Updates: 1
10:37:44.661 [main] DEBUG c.e.j.m.BookRequestMapper.findById - ==>  Preparing: SELECT * FROM book_requests WHERE id = ?
10:37:44.661 [main] DEBUG c.e.j.m.BookRequestMapper.findById - ==> Parameters: 7(Long)
10:37:44.662 [main] DEBUG c.e.j.m.BookRequestMapper.findById - <==      Total: 1
10:37:44.662 [main] DEBUG c.e.j.m.B.findByBookRequestId - ==>  Preparing: SELECT * FROM book_request_items WHERE book_request_id = ?
10:37:44.662 [main] DEBUG c.e.j.m.B.findByBookRequestId - ==> Parameters: 7(Long)
10:37:44.663 [main] DEBUG c.e.j.m.B.findByBookRequestId - <==      Total: 2
10:37:44.663 [main] DEBUG c.e.j.m.ProcurementItemMapper.insert - ==>  Preparing: INSERT INTO procurement_items (book_request_item_id, status) VALUES (?, ?)
10:37:44.663 [main] DEBUG c.e.j.m.ProcurementItemMapper.insert - ==> Parameters: 8(Long), PENDING(String)
10:37:44.663 [main] DEBUG c.e.j.m.ProcurementItemMapper.insert - <==    Updates: 1
10:37:44.664 [main] DEBUG c.e.j.mapper.AuditLogMapper.insert - ==>  Preparing: INSERT INTO audit_logs (user_id, audited_at, action, entity_type, entity_id, detail) VALUES (?, ?, ?, ?, ?, ?)
10:37:44.664 [main] DEBUG c.e.j.mapper.AuditLogMapper.insert - ==> Parameters: 2(Long), 2026-09-11 10:37:44.6601093(Timestamp), CREATE(String), PROCUREMENT_ITEM(String), 2(Long), [B@3b545206(byte[])
10:37:44.664 [main] DEBUG c.e.j.mapper.AuditLogMapper.insert - <==    Updates: 1
10:37:44.664 [main] DEBUG c.e.j.m.ProcurementItemMapper.insert - ==>  Preparing: INSERT INTO procurement_items (book_request_item_id, status) VALUES (?, ?)
10:37:44.665 [main] DEBUG c.e.j.m.ProcurementItemMapper.insert - ==> Parameters: 9(Long), PENDING(String)
10:37:44.665 [main] DEBUG c.e.j.m.ProcurementItemMapper.insert - <==    Updates: 1
10:37:44.665 [main] DEBUG c.e.j.mapper.AuditLogMapper.insert - ==>  Preparing: INSERT INTO audit_logs (user_id, audited_at, action, entity_type, entity_id, detail) VALUES (?, ?, ?, ?, ?, ?)
10:37:44.665 [main] DEBUG c.e.j.mapper.AuditLogMapper.insert - ==> Parameters: 2(Long), 2026-09-11 10:37:44.6601093(Timestamp), CREATE(String), PROCUREMENT_ITEM(String), 3(Long), [B@77bb48d5(byte[])
10:37:44.665 [main] DEBUG c.e.j.mapper.AuditLogMapper.insert - <==    Updates: 1
10:37:44.666 [main] DEBUG c.e.j.mapper.AuditLogMapper.insert - ==>  Preparing: INSERT INTO audit_logs (user_id, audited_at, action, entity_type, entity_id, detail) VALUES (?, ?, ?, ?, ?, ?)
10:37:44.666 [main] DEBUG c.e.j.mapper.AuditLogMapper.insert - ==> Parameters: 2(Long), 2026-09-11 10:37:44.6601093(Timestamp), APPROVE(String), BOOK_REQUEST(String), 7(Long), [B@181d8899(byte[])
10:37:44.666 [main] DEBUG c.e.j.mapper.AuditLogMapper.insert - <==    Updates: 1
10:37:44.666 [main] INFO  c.e.j.service.BookRequestServiceImpl - 申請已核准：requestId=7, approverId=2
10:37:44.667 [main] DEBUG c.e.j.m.BookRequestMapper.insert - ==>  Preparing: INSERT INTO book_requests (requester_id, status, requested_at, idempotency_key) VALUES (?, ?, ?, ?)
10:37:44.667 [main] DEBUG c.e.j.m.BookRequestMapper.insert - ==> Parameters: 1(Long), PENDING(String), 2026-09-11 10:37:44.6676335(Timestamp), ac5066b0-4fa4-43e1-9562-cccc872c11f5(String)
10:37:44.668 [main] DEBUG c.e.j.m.BookRequestMapper.insert - <==    Updates: 1
10:37:44.668 [main] DEBUG c.e.j.m.BookRequestItemMapper.insert - ==>  Preparing: INSERT INTO book_request_items (book_request_id, title, isbn, author_id, published_year, estimated_price) VALUES (?, ?, ?, ?, ?, ?)
10:37:44.668 [main] DEBUG c.e.j.m.BookRequestItemMapper.insert - ==> Parameters: 8(Long), The Clean Coder(String), null, null, null, null
10:37:44.668 [main] DEBUG c.e.j.m.BookRequestItemMapper.insert - <==    Updates: 1
10:37:44.669 [main] DEBUG c.e.j.mapper.AuditLogMapper.insert - ==>  Preparing: INSERT INTO audit_logs (user_id, audited_at, action, entity_type, entity_id, detail) VALUES (?, ?, ?, ?, ?, ?)
10:37:44.669 [main] DEBUG c.e.j.mapper.AuditLogMapper.insert - ==> Parameters: 1(Long), 2026-09-11 10:37:44.6676335(Timestamp), SUBMIT(String), BOOK_REQUEST(String), 8(Long), [B@26586b74(byte[])
10:37:44.669 [main] DEBUG c.e.j.mapper.AuditLogMapper.insert - <==    Updates: 1
10:37:44.669 [main] INFO  c.e.j.service.BookRequestServiceImpl - 送出申請：requestId=8, requesterId=1, 書籍數=1
10:37:44.671 [main] DEBUG c.e.j.m.BookRequestMapper.approve - ==>  Preparing: UPDATE book_requests SET status = 'APPROVED', approver_id = ?, approved_at = ? WHERE id = ? AND status = 'PENDING' AND requester_id != ?
10:37:44.671 [main] DEBUG c.e.j.m.BookRequestMapper.approve - ==> Parameters: 2(Long), 2026-09-11 10:37:44.6710531(Timestamp), 8(Long), 2(Long)
10:37:44.672 [main] DEBUG c.e.j.m.BookRequestMapper.approve - <==    Updates: 1
10:37:44.672 [main] DEBUG c.e.j.m.BookRequestMapper.findById - ==>  Preparing: SELECT * FROM book_requests WHERE id = ?
10:37:44.672 [main] DEBUG c.e.j.m.BookRequestMapper.findById - ==> Parameters: 8(Long)
10:37:44.673 [main] DEBUG c.e.j.m.BookRequestMapper.findById - <==      Total: 1
10:37:44.673 [main] DEBUG c.e.j.m.B.findByBookRequestId - ==>  Preparing: SELECT * FROM book_request_items WHERE book_request_id = ?
10:37:44.674 [main] DEBUG c.e.j.m.B.findByBookRequestId - ==> Parameters: 8(Long)
10:37:44.674 [main] DEBUG c.e.j.m.B.findByBookRequestId - <==      Total: 1
10:37:44.674 [main] DEBUG c.e.j.m.ProcurementItemMapper.insert - ==>  Preparing: INSERT INTO procurement_items (book_request_item_id, status) VALUES (?, ?)
10:37:44.674 [main] DEBUG c.e.j.m.ProcurementItemMapper.insert - ==> Parameters: 10(Long), PENDING(String)
10:37:44.674 [main] DEBUG c.e.j.m.ProcurementItemMapper.insert - <==    Updates: 1
10:37:44.675 [main] DEBUG c.e.j.mapper.AuditLogMapper.insert - ==>  Preparing: INSERT INTO audit_logs (user_id, audited_at, action, entity_type, entity_id, detail) VALUES (?, ?, ?, ?, ?, ?)
10:37:44.675 [main] DEBUG c.e.j.mapper.AuditLogMapper.insert - ==> Parameters: 2(Long), 2026-09-11 10:37:44.6710531(Timestamp), CREATE(String), PROCUREMENT_ITEM(String), 4(Long), [B@267dc982(byte[])
10:37:44.675 [main] DEBUG c.e.j.mapper.AuditLogMapper.insert - <==    Updates: 1
10:37:44.676 [main] DEBUG c.e.j.mapper.AuditLogMapper.insert - ==>  Preparing: INSERT INTO audit_logs (user_id, audited_at, action, entity_type, entity_id, detail) VALUES (?, ?, ?, ?, ?, ?)
10:37:44.676 [main] DEBUG c.e.j.mapper.AuditLogMapper.insert - ==> Parameters: 2(Long), 2026-09-11 10:37:44.6710531(Timestamp), APPROVE(String), BOOK_REQUEST(String), 8(Long), [B@439b15f2(byte[])
10:37:44.677 [main] DEBUG c.e.j.mapper.AuditLogMapper.insert - <==    Updates: 1
10:37:44.677 [main] INFO  c.e.j.service.BookRequestServiceImpl - 申請已核准：requestId=8, approverId=2
10:37:44.678 [main] DEBUG c.e.j.m.BookRequestMapper.insert - ==>  Preparing: INSERT INTO book_requests (requester_id, status, requested_at, idempotency_key) VALUES (?, ?, ?, ?)
10:37:44.679 [main] DEBUG c.e.j.m.BookRequestMapper.insert - ==> Parameters: 1(Long), PENDING(String), 2026-09-11 10:37:44.678582(Timestamp), 9818ea7e-2940-4523-a31b-c2b1d79bdf93(String)
10:37:44.679 [main] DEBUG c.e.j.m.BookRequestMapper.insert - <==    Updates: 1
10:37:44.679 [main] DEBUG c.e.j.m.BookRequestItemMapper.insert - ==>  Preparing: INSERT INTO book_request_items (book_request_id, title, isbn, author_id, published_year, estimated_price) VALUES (?, ?, ?, ?, ?, ?)
10:37:44.679 [main] DEBUG c.e.j.m.BookRequestItemMapper.insert - ==> Parameters: 9(Long), Release It!(String), null, null, null, null
10:37:44.679 [main] DEBUG c.e.j.m.BookRequestItemMapper.insert - <==    Updates: 1
10:37:44.680 [main] DEBUG c.e.j.mapper.AuditLogMapper.insert - ==>  Preparing: INSERT INTO audit_logs (user_id, audited_at, action, entity_type, entity_id, detail) VALUES (?, ?, ?, ?, ?, ?)
10:37:44.680 [main] DEBUG c.e.j.mapper.AuditLogMapper.insert - ==> Parameters: 1(Long), 2026-09-11 10:37:44.678582(Timestamp), SUBMIT(String), BOOK_REQUEST(String), 9(Long), [B@1c26273d(byte[])
10:37:44.681 [main] DEBUG c.e.j.mapper.AuditLogMapper.insert - <==    Updates: 1
10:37:44.681 [main] INFO  c.e.j.service.BookRequestServiceImpl - 送出申請：requestId=9, requesterId=1, 書籍數=1
10:37:44.682 [main] DEBUG c.e.j.m.BookRequestMapper.approve - ==>  Preparing: UPDATE book_requests SET status = 'APPROVED', approver_id = ?, approved_at = ? WHERE id = ? AND status = 'PENDING' AND requester_id != ?
10:37:44.682 [main] DEBUG c.e.j.m.BookRequestMapper.approve - ==> Parameters: 2(Long), 2026-09-11 10:37:44.6826055(Timestamp), 9(Long), 2(Long)
10:37:44.683 [main] DEBUG c.e.j.m.BookRequestMapper.approve - <==    Updates: 1
10:37:44.683 [main] DEBUG c.e.j.m.BookRequestMapper.findById - ==>  Preparing: SELECT * FROM book_requests WHERE id = ?
10:37:44.683 [main] DEBUG c.e.j.m.BookRequestMapper.findById - ==> Parameters: 9(Long)
10:37:44.684 [main] DEBUG c.e.j.m.BookRequestMapper.findById - <==      Total: 1
10:37:44.685 [main] DEBUG c.e.j.m.B.findByBookRequestId - ==>  Preparing: SELECT * FROM book_request_items WHERE book_request_id = ?
10:37:44.686 [main] DEBUG c.e.j.m.B.findByBookRequestId - ==> Parameters: 9(Long)
10:37:44.686 [main] DEBUG c.e.j.m.B.findByBookRequestId - <==      Total: 1
10:37:44.686 [main] DEBUG c.e.j.m.ProcurementItemMapper.insert - ==>  Preparing: INSERT INTO procurement_items (book_request_item_id, status) VALUES (?, ?)
10:37:44.687 [main] DEBUG c.e.j.m.ProcurementItemMapper.insert - ==> Parameters: 11(Long), PENDING(String)
10:37:44.687 [main] DEBUG c.e.j.m.ProcurementItemMapper.insert - <==    Updates: 1
10:37:44.687 [main] DEBUG c.e.j.mapper.AuditLogMapper.insert - ==>  Preparing: INSERT INTO audit_logs (user_id, audited_at, action, entity_type, entity_id, detail) VALUES (?, ?, ?, ?, ?, ?)
10:37:44.687 [main] DEBUG c.e.j.mapper.AuditLogMapper.insert - ==> Parameters: 2(Long), 2026-09-11 10:37:44.6826055(Timestamp), CREATE(String), PROCUREMENT_ITEM(String), 5(Long), [B@100c8b75(byte[])
10:37:44.688 [main] DEBUG c.e.j.mapper.AuditLogMapper.insert - <==    Updates: 1
10:37:44.688 [main] DEBUG c.e.j.mapper.AuditLogMapper.insert - ==>  Preparing: INSERT INTO audit_logs (user_id, audited_at, action, entity_type, entity_id, detail) VALUES (?, ?, ?, ?, ?, ?)
10:37:44.688 [main] DEBUG c.e.j.mapper.AuditLogMapper.insert - ==> Parameters: 2(Long), 2026-09-11 10:37:44.6826055(Timestamp), APPROVE(String), BOOK_REQUEST(String), 9(Long), [B@2bc378f7(byte[])
10:37:44.689 [main] DEBUG c.e.j.mapper.AuditLogMapper.insert - <==    Updates: 1
10:37:44.689 [main] INFO  c.e.j.service.BookRequestServiceImpl - 申請已核准：requestId=9, approverId=2
10:37:44.689 [main] DEBUG c.e.j.m.BookRequestMapper.insert - ==>  Preparing: INSERT INTO book_requests (requester_id, status, requested_at, idempotency_key) VALUES (?, ?, ?, ?)
10:37:44.690 [main] DEBUG c.e.j.m.BookRequestMapper.insert - ==> Parameters: 1(Long), PENDING(String), 2026-09-11 10:37:44.6896184(Timestamp), 1a233a70-0af3-4eba-bea6-b73c456c58ac(String)
10:37:44.690 [main] DEBUG c.e.j.m.BookRequestMapper.insert - <==    Updates: 1
10:37:44.690 [main] DEBUG c.e.j.m.BookRequestItemMapper.insert - ==>  Preparing: INSERT INTO book_request_items (book_request_id, title, isbn, author_id, published_year, estimated_price) VALUES (?, ?, ?, ?, ?, ?)
10:37:44.690 [main] DEBUG c.e.j.m.BookRequestItemMapper.insert - ==> Parameters: 10(Long), Overpriced Book(String), null, null, null, 99999(BigDecimal)
10:37:44.690 [main] DEBUG c.e.j.m.BookRequestItemMapper.insert - <==    Updates: 1
10:37:44.691 [main] DEBUG c.e.j.mapper.AuditLogMapper.insert - ==>  Preparing: INSERT INTO audit_logs (user_id, audited_at, action, entity_type, entity_id, detail) VALUES (?, ?, ?, ?, ?, ?)
10:37:44.691 [main] DEBUG c.e.j.mapper.AuditLogMapper.insert - ==> Parameters: 1(Long), 2026-09-11 10:37:44.6896184(Timestamp), SUBMIT(String), BOOK_REQUEST(String), 10(Long), [B@64d4f7c7(byte[])
10:37:44.692 [main] DEBUG c.e.j.mapper.AuditLogMapper.insert - <==    Updates: 1
10:37:44.692 [main] INFO  c.e.j.service.BookRequestServiceImpl - 送出申請：requestId=10, requesterId=1, 書籍數=1
10:37:44.693 [main] DEBUG c.e.j.m.BookRequestMapper.reject - ==>  Preparing: UPDATE book_requests SET status = 'REJECTED', approver_id = ?, approved_at = ? WHERE id = ? AND status = 'PENDING' AND requester_id != ?
10:37:44.693 [main] DEBUG c.e.j.m.BookRequestMapper.reject - ==> Parameters: 2(Long), 2026-09-11 10:37:44.693625(Timestamp), 10(Long), 2(Long)
10:37:44.694 [main] DEBUG c.e.j.m.BookRequestMapper.reject - <==    Updates: 1
10:37:44.694 [main] DEBUG c.e.j.m.BookRequestMapper.findById - ==>  Preparing: SELECT * FROM book_requests WHERE id = ?
10:37:44.694 [main] DEBUG c.e.j.m.BookRequestMapper.findById - ==> Parameters: 10(Long)
10:37:44.695 [main] DEBUG c.e.j.m.BookRequestMapper.findById - <==      Total: 1
10:37:44.695 [main] DEBUG c.e.j.mapper.AuditLogMapper.insert - ==>  Preparing: INSERT INTO audit_logs (user_id, audited_at, action, entity_type, entity_id, detail) VALUES (?, ?, ?, ?, ?, ?)
10:37:44.695 [main] DEBUG c.e.j.mapper.AuditLogMapper.insert - ==> Parameters: 2(Long), 2026-09-11 10:37:44.693625(Timestamp), REJECT(String), BOOK_REQUEST(String), 10(Long), [B@2dc3271b(byte[])
10:37:44.696 [main] DEBUG c.e.j.mapper.AuditLogMapper.insert - <==    Updates: 1
10:37:44.696 [main] INFO  c.e.j.service.BookRequestServiceImpl - 申請已拒絕：requestId=10, approverId=2
10:37:44.696 [main] DEBUG c.e.j.m.BookRequestMapper.insert - ==>  Preparing: INSERT INTO book_requests (requester_id, status, requested_at, idempotency_key) VALUES (?, ?, ?, ?)
10:37:44.697 [main] DEBUG c.e.j.m.BookRequestMapper.insert - ==> Parameters: 1(Long), PENDING(String), 2026-09-11 10:37:44.6966236(Timestamp), 30b86409-880a-41f6-804b-cf7e1a0425fa(String)
10:37:44.697 [main] DEBUG c.e.j.m.BookRequestMapper.insert - <==    Updates: 1
10:37:44.697 [main] DEBUG c.e.j.m.BookRequestItemMapper.insert - ==>  Preparing: INSERT INTO book_request_items (book_request_id, title, isbn, author_id, published_year, estimated_price) VALUES (?, ?, ?, ?, ?, ?)
10:37:44.697 [main] DEBUG c.e.j.m.BookRequestItemMapper.insert - ==> Parameters: 11(Long), Duplicate Request Example(String), null, null, null, null
10:37:44.697 [main] DEBUG c.e.j.m.BookRequestItemMapper.insert - <==    Updates: 1
10:37:44.698 [main] DEBUG c.e.j.mapper.AuditLogMapper.insert - ==>  Preparing: INSERT INTO audit_logs (user_id, audited_at, action, entity_type, entity_id, detail) VALUES (?, ?, ?, ?, ?, ?)
10:37:44.698 [main] DEBUG c.e.j.mapper.AuditLogMapper.insert - ==> Parameters: 1(Long), 2026-09-11 10:37:44.6966236(Timestamp), SUBMIT(String), BOOK_REQUEST(String), 11(Long), [B@2bfb6b49(byte[])
10:37:44.698 [main] DEBUG c.e.j.mapper.AuditLogMapper.insert - <==    Updates: 1
10:37:44.698 [main] INFO  c.e.j.service.BookRequestServiceImpl - 送出申請：requestId=11, requesterId=1, 書籍數=1
10:37:44.699 [main] DEBUG c.e.j.m.BookRequestMapper.reject - ==>  Preparing: UPDATE book_requests SET status = 'REJECTED', approver_id = ?, approved_at = ? WHERE id = ? AND status = 'PENDING' AND requester_id != ?
10:37:44.699 [main] DEBUG c.e.j.m.BookRequestMapper.reject - ==> Parameters: 2(Long), 2026-09-11 10:37:44.6996239(Timestamp), 11(Long), 2(Long)
10:37:44.699 [main] DEBUG c.e.j.m.BookRequestMapper.reject - <==    Updates: 1
10:37:44.699 [main] DEBUG c.e.j.m.BookRequestMapper.findById - ==>  Preparing: SELECT * FROM book_requests WHERE id = ?
10:37:44.700 [main] DEBUG c.e.j.m.BookRequestMapper.findById - ==> Parameters: 11(Long)
10:37:44.700 [main] DEBUG c.e.j.m.BookRequestMapper.findById - <==      Total: 1
10:37:44.700 [main] DEBUG c.e.j.mapper.AuditLogMapper.insert - ==>  Preparing: INSERT INTO audit_logs (user_id, audited_at, action, entity_type, entity_id, detail) VALUES (?, ?, ?, ?, ?, ?)
10:37:44.701 [main] DEBUG c.e.j.mapper.AuditLogMapper.insert - ==> Parameters: 2(Long), 2026-09-11 10:37:44.6996239(Timestamp), REJECT(String), BOOK_REQUEST(String), 11(Long), [B@7ab34619(byte[])
10:37:44.701 [main] DEBUG c.e.j.mapper.AuditLogMapper.insert - <==    Updates: 1
10:37:44.701 [main] INFO  c.e.j.service.BookRequestServiceImpl - 申請已拒絕：requestId=11, approverId=2
10:37:44.702 [main] DEBUG c.e.j.m.BookRequestMapper.insert - ==>  Preparing: INSERT INTO book_requests (requester_id, status, requested_at, idempotency_key) VALUES (?, ?, ?, ?)
10:37:44.703 [main] DEBUG c.e.j.m.BookRequestMapper.insert - ==> Parameters: 1(Long), PENDING(String), 2026-09-11 10:37:44.7021383(Timestamp), fc173eed-3faa-488a-8860-67b9986800f2(String)
10:37:44.703 [main] DEBUG c.e.j.m.BookRequestMapper.insert - <==    Updates: 1
10:37:44.703 [main] DEBUG c.e.j.m.BookRequestItemMapper.insert - ==>  Preparing: INSERT INTO book_request_items (book_request_id, title, isbn, author_id, published_year, estimated_price) VALUES (?, ?, ?, ?, ?, ?)
10:37:44.703 [main] DEBUG c.e.j.m.BookRequestItemMapper.insert - ==> Parameters: 12(Long), Out of Scope Book(String), null, null, null, null
10:37:44.703 [main] DEBUG c.e.j.m.BookRequestItemMapper.insert - <==    Updates: 1
10:37:44.703 [main] DEBUG c.e.j.mapper.AuditLogMapper.insert - ==>  Preparing: INSERT INTO audit_logs (user_id, audited_at, action, entity_type, entity_id, detail) VALUES (?, ?, ?, ?, ?, ?)
10:37:44.704 [main] DEBUG c.e.j.mapper.AuditLogMapper.insert - ==> Parameters: 1(Long), 2026-09-11 10:37:44.7021383(Timestamp), SUBMIT(String), BOOK_REQUEST(String), 12(Long), [B@7afc4db9(byte[])
10:37:44.704 [main] DEBUG c.e.j.mapper.AuditLogMapper.insert - <==    Updates: 1
10:37:44.704 [main] INFO  c.e.j.service.BookRequestServiceImpl - 送出申請：requestId=12, requesterId=1, 書籍數=1
10:37:44.705 [main] DEBUG c.e.j.m.BookRequestMapper.reject - ==>  Preparing: UPDATE book_requests SET status = 'REJECTED', approver_id = ?, approved_at = ? WHERE id = ? AND status = 'PENDING' AND requester_id != ?
10:37:44.705 [main] DEBUG c.e.j.m.BookRequestMapper.reject - ==> Parameters: 2(Long), 2026-09-11 10:37:44.7041539(Timestamp), 12(Long), 2(Long)
10:37:44.705 [main] DEBUG c.e.j.m.BookRequestMapper.reject - <==    Updates: 1
10:37:44.705 [main] DEBUG c.e.j.m.BookRequestMapper.findById - ==>  Preparing: SELECT * FROM book_requests WHERE id = ?
10:37:44.706 [main] DEBUG c.e.j.m.BookRequestMapper.findById - ==> Parameters: 12(Long)
10:37:44.706 [main] DEBUG c.e.j.m.BookRequestMapper.findById - <==      Total: 1
10:37:44.707 [main] DEBUG c.e.j.mapper.AuditLogMapper.insert - ==>  Preparing: INSERT INTO audit_logs (user_id, audited_at, action, entity_type, entity_id, detail) VALUES (?, ?, ?, ?, ?, ?)
10:37:44.707 [main] DEBUG c.e.j.mapper.AuditLogMapper.insert - ==> Parameters: 2(Long), 2026-09-11 10:37:44.7041539(Timestamp), REJECT(String), BOOK_REQUEST(String), 12(Long), [B@524270b8(byte[])
10:37:44.707 [main] DEBUG c.e.j.mapper.AuditLogMapper.insert - <==    Updates: 1
10:37:44.707 [main] INFO  c.e.j.service.BookRequestServiceImpl - 申請已拒絕：requestId=12, approverId=2
10:37:44.708 [main] DEBUG c.e.j.m.B.findByStatus - ==>  Preparing: SELECT * FROM book_requests WHERE status = ? ORDER BY requested_at
10:37:44.709 [main] DEBUG c.e.j.m.B.findByStatus - ==> Parameters: PENDING(String)
10:37:44.710 [main] DEBUG c.e.j.m.B.findByStatus - <==      Total: 5
10:37:44.710 [main] DEBUG c.e.j.m.B.findByStatus - ==>  Preparing: SELECT * FROM book_requests WHERE status = ? ORDER BY requested_at
10:37:44.711 [main] DEBUG c.e.j.m.B.findByStatus - ==> Parameters: APPROVED(String)
10:37:44.711 [main] DEBUG c.e.j.m.B.findByStatus - <==      Total: 4
10:37:44.712 [main] DEBUG c.e.j.m.B.findByStatus - ==>  Preparing: SELECT * FROM book_requests WHERE status = ? ORDER BY requested_at
10:37:44.712 [main] DEBUG c.e.j.m.B.findByStatus - ==> Parameters: REJECTED(String)
10:37:44.714 [main] DEBUG c.e.j.m.B.findByStatus - <==      Total: 3
10:37:44.714 [main] DEBUG c.e.j.m.BookRequestMapper.findAll - ==>  Preparing: SELECT * FROM book_requests
10:37:44.715 [main] DEBUG c.e.j.m.BookRequestMapper.findAll - ==> Parameters: 
10:37:44.717 [main] DEBUG c.e.j.m.BookRequestMapper.findAll - <==      Total: 12
10:37:48.115 [main] WARN  c.e.j.i.RoleAccessInterceptor - 權限不足被擋下：userId=1, role=ADMIN, POST /procurement/1/complete
10:37:48.119 [main] WARN  c.e.j.i.RoleAccessInterceptor - 權限不足被擋下：userId=1, role=USER, POST /procurement/1/complete
10:37:48.132 [main] WARN  c.e.j.i.RoleAccessInterceptor - 權限不足被擋下：userId=1, role=PROCUREMENT, POST /requests/1/approve
10:37:48.132 [main] WARN  c.e.j.i.RoleAccessInterceptor - 權限不足被擋下：userId=1, role=USER, POST /requests/1/reject
10:37:48.144 [main] WARN  c.e.j.i.RoleAccessInterceptor - 權限不足被擋下：userId=1, role=USER, GET /books/new
10:37:48.164 [main] DEBUG c.e.j.mapper.AuditLogMapper.insert - ==>  Preparing: INSERT INTO audit_logs (user_id, audited_at, action, entity_type, entity_id, detail) VALUES (?, ?, ?, ?, ?, ?)
10:37:48.166 [main] DEBUG c.e.j.mapper.AuditLogMapper.insert - ==> Parameters: 4(Long), 2026-09-11 10:37:48.1631022(Timestamp), APPROVE(String), BOOK_REQUEST(String), 42(Long), [B@3664c596(byte[])
10:37:48.166 [main] DEBUG c.e.j.mapper.AuditLogMapper.insert - <==    Updates: 1
10:37:48.166 [main] DEBUG c.e.j.m.AuditLogMapper.findByEntity - ==>  Preparing: SELECT * FROM audit_logs WHERE entity_type = ? AND entity_id = ? ORDER BY audited_at DESC
10:37:48.166 [main] DEBUG c.e.j.m.AuditLogMapper.findByEntity - ==> Parameters: BOOK_REQUEST(String), 42(Long)
10:37:48.206 [main] DEBUG c.e.j.m.AuditLogMapper.findByEntity - <==      Total: 1
10:37:48.215 [main] DEBUG c.e.j.mapper.AuditLogMapper.insert - ==>  Preparing: INSERT INTO audit_logs (user_id, audited_at, action, entity_type, entity_id, detail) VALUES (?, ?, ?, ?, ?, ?)
10:37:48.215 [main] DEBUG c.e.j.mapper.AuditLogMapper.insert - ==> Parameters: 5(Long), 2026-09-11 10:37:48.2159282(Timestamp), APPROVE(String), BOOK_REQUEST(String), 0(Long), [B@2d8c729f(byte[])
10:37:48.215 [main] DEBUG c.e.j.mapper.AuditLogMapper.insert - <==    Updates: 1
10:37:48.215 [main] DEBUG c.e.j.mapper.AuditLogMapper.insert - ==>  Preparing: INSERT INTO audit_logs (user_id, audited_at, action, entity_type, entity_id, detail) VALUES (?, ?, ?, ?, ?, ?)
10:37:48.215 [main] DEBUG c.e.j.mapper.AuditLogMapper.insert - ==> Parameters: 5(Long), 2026-09-11 10:37:48.2159282(Timestamp), APPROVE(String), BOOK_REQUEST(String), 1(Long), [B@430106cf(byte[])
10:37:48.215 [main] DEBUG c.e.j.mapper.AuditLogMapper.insert - <==    Updates: 1
10:37:48.215 [main] DEBUG c.e.j.mapper.AuditLogMapper.insert - ==>  Preparing: INSERT INTO audit_logs (user_id, audited_at, action, entity_type, entity_id, detail) VALUES (?, ?, ?, ?, ?, ?)
10:37:48.215 [main] DEBUG c.e.j.mapper.AuditLogMapper.insert - ==> Parameters: 5(Long), 2026-09-11 10:37:48.2159282(Timestamp), APPROVE(String), BOOK_REQUEST(String), 2(Long), [B@2aac6fa7(byte[])
10:37:48.215 [main] DEBUG c.e.j.mapper.AuditLogMapper.insert - <==    Updates: 1
10:37:48.229 [main] DEBUG c.e.j.mapper.AuditLogMapper.findNext - ==>  Preparing: SELECT * FROM audit_logs ORDER BY id DESC LIMIT ?
10:37:48.230 [main] DEBUG c.e.j.mapper.AuditLogMapper.findNext - ==> Parameters: 2(Integer)
10:37:48.231 [main] DEBUG c.e.j.mapper.AuditLogMapper.findNext - <==      Total: 2
10:37:48.232 [main] DEBUG c.e.j.mapper.AuditLogMapper.findNext - ==>  Preparing: SELECT * FROM audit_logs WHERE id < ? ORDER BY id DESC LIMIT ?
10:37:48.232 [main] DEBUG c.e.j.mapper.AuditLogMapper.findNext - ==> Parameters: 27(Long), 2(Integer)
10:37:48.232 [main] DEBUG c.e.j.mapper.AuditLogMapper.findNext - <==      Total: 1
10:37:48.246 [main] DEBUG c.e.j.mapper.AuditLogMapper.insert - ==>  Preparing: INSERT INTO audit_logs (user_id, audited_at, action, entity_type, entity_id, detail) VALUES (?, ?, ?, ?, ?, ?)
10:37:48.247 [main] DEBUG c.e.j.mapper.AuditLogMapper.insert - ==> Parameters: 6(Long), 2026-09-11 10:37:48.2466667(Timestamp), APPROVE(String), BOOK_REQUEST(String), 0(Long), [B@1c79d093(byte[])
10:37:48.247 [main] DEBUG c.e.j.mapper.AuditLogMapper.insert - <==    Updates: 1
10:37:48.248 [main] DEBUG c.e.j.mapper.AuditLogMapper.insert - ==>  Preparing: INSERT INTO audit_logs (user_id, audited_at, action, entity_type, entity_id, detail) VALUES (?, ?, ?, ?, ?, ?)
10:37:48.248 [main] DEBUG c.e.j.mapper.AuditLogMapper.insert - ==> Parameters: 6(Long), 2026-09-11 10:37:48.2487912(Timestamp), APPROVE(String), BOOK_REQUEST(String), 1(Long), [B@54caeadc(byte[])
10:37:48.248 [main] DEBUG c.e.j.mapper.AuditLogMapper.insert - <==    Updates: 1
10:37:48.248 [main] DEBUG c.e.j.mapper.AuditLogMapper.insert - ==>  Preparing: INSERT INTO audit_logs (user_id, audited_at, action, entity_type, entity_id, detail) VALUES (?, ?, ?, ?, ?, ?)
10:37:48.248 [main] DEBUG c.e.j.mapper.AuditLogMapper.insert - ==> Parameters: 6(Long), 2026-09-11 10:37:48.2487912(Timestamp), APPROVE(String), BOOK_REQUEST(String), 2(Long), [B@33f81280(byte[])
10:37:48.248 [main] DEBUG c.e.j.mapper.AuditLogMapper.insert - <==    Updates: 1
10:37:48.248 [main] DEBUG c.e.j.m.AuditLogMapper.findPrevious - ==>  Preparing: SELECT * FROM audit_logs WHERE id > ? ORDER BY id ASC LIMIT ?
10:37:48.248 [main] DEBUG c.e.j.m.AuditLogMapper.findPrevious - ==> Parameters: 29(Long), 2(Integer)
10:37:48.248 [main] DEBUG c.e.j.m.AuditLogMapper.findPrevious - <==      Total: 2
10:37:48.266 [main] DEBUG c.e.j.mapper.BookMapper.insert - ==>  Preparing: INSERT INTO books (title, isbn, author_id, published_year) VALUES (?, ?, ?, ?)
10:37:48.266 [main] DEBUG c.e.j.mapper.BookMapper.insert - ==> Parameters: Effective Java(String), 978-0134685991(String), 4(Long), 2018(Integer)
10:37:48.266 [main] DEBUG c.e.j.mapper.BookMapper.insert - <==    Updates: 1
10:37:48.266 [main] DEBUG c.e.j.mapper.BookMapper.insert - ==>  Preparing: INSERT INTO books (title, isbn, author_id, published_year) VALUES (?, ?, ?, ?)
10:37:48.266 [main] DEBUG c.e.j.mapper.BookMapper.insert - ==> Parameters: Unrelated Book(String), 9999999999999(String), 4(Long), 2000(Integer)
10:37:48.276 [main] DEBUG c.e.j.mapper.BookMapper.insert - <==    Updates: 1
10:37:48.280 [main] DEBUG c.e.j.mapper.BookMapper.search - ==>  Preparing: SELECT b.id, b.title, b.isbn, b.published_year, a.name AS author_name, c.id AS category_id, c.name AS category_name FROM books b LEFT JOIN authors a ON b.author_id = a.id LEFT JOIN books_categories bc ON bc.book_id = b.id LEFT JOIN categories c ON bc.category_id = c.id WHERE (b.title ILIKE CONCAT('%', ?, '%') OR a.name ILIKE CONCAT('%', ?, '%') OR c.name ILIKE CONCAT('%', ?, '%')) ORDER BY b.id
10:37:48.282 [main] DEBUG c.e.j.mapper.BookMapper.search - ==> Parameters: Effective(String), Effective(String), Effective(String)
10:37:48.282 [main] DEBUG c.e.j.mapper.BookMapper.search - <==      Total: 1
10:37:48.297 [main] DEBUG c.e.j.mapper.BookMapper.insert - ==>  Preparing: INSERT INTO books (title, isbn, author_id, published_year) VALUES (?, ?, ?, ?)
10:37:48.297 [main] DEBUG c.e.j.mapper.BookMapper.insert - ==> Parameters: Effective Java(String), 978-0134685991(String), 5(Long), 2018(Integer)
10:37:48.298 [main] DEBUG c.e.j.mapper.BookMapper.insert - <==    Updates: 1
10:37:48.298 [main] DEBUG c.e.j.m.B.insertBookCategories - ==>  Preparing: INSERT INTO books_categories (book_id, category_id) VALUES (?, ?)
10:37:48.299 [main] DEBUG c.e.j.m.B.insertBookCategories - ==> Parameters: 27(Long), 4(Long)
10:37:48.299 [main] DEBUG c.e.j.m.B.insertBookCategories - <==    Updates: 1
10:37:48.299 [main] DEBUG c.e.j.m.B.findCategoriesById - ==>  Preparing: SELECT c.* FROM categories c JOIN books_categories bc ON bc.category_id = c.id WHERE bc.book_id = ?
10:37:48.299 [main] DEBUG c.e.j.m.B.findCategoriesById - ==> Parameters: 27(Long)
10:37:48.299 [main] DEBUG c.e.j.m.B.findCategoriesById - <==      Total: 1
10:37:48.313 [main] DEBUG c.e.j.mapper.BookMapper.insert - ==>  Preparing: INSERT INTO books (title, isbn, author_id, published_year) VALUES (?, ?, ?, ?)
10:37:48.313 [main] DEBUG c.e.j.mapper.BookMapper.insert - ==> Parameters: Effective Java(String), 978-0134685991(String), 6(Long), 2018(Integer)
10:37:48.314 [main] DEBUG c.e.j.mapper.BookMapper.insert - <==    Updates: 1
10:37:48.315 [main] DEBUG c.e.j.mapper.BookMapper.update - ==>  Preparing: UPDATE books SET title = ?, isbn = ?, author_id = ?, published_year = ? WHERE id = ?
10:37:48.315 [main] DEBUG c.e.j.mapper.BookMapper.update - ==> Parameters: My New Title(String), 978-0134685991(String), 6(Long), 2018(Integer), 28(Long)
10:37:48.315 [main] DEBUG c.e.j.mapper.BookMapper.update - <==    Updates: 1
10:37:48.316 [main] DEBUG c.e.j.mapper.BookMapper.findById - ==>  Preparing: SELECT id, title, isbn, author_id, published_year FROM books WHERE id = ?
10:37:48.316 [main] DEBUG c.e.j.mapper.BookMapper.findById - ==> Parameters: 28(Long)
10:37:48.316 [main] DEBUG c.e.j.mapper.BookMapper.findById - <==      Total: 1
10:37:48.316 [main] DEBUG c.e.j.mapper.BookMapper.findAll - ==>  Preparing: SELECT b.id, b.title, b.isbn, b.published_year, a.name AS author_name, c.id AS category_id, c.name AS category_name FROM books b LEFT JOIN authors a ON b.author_id = a.id LEFT JOIN books_categories bc ON bc.book_id = b.id LEFT JOIN categories c ON bc.category_id = c.id ORDER BY b.id
10:37:48.316 [main] DEBUG c.e.j.mapper.BookMapper.findAll - ==> Parameters: 
10:37:48.316 [main] DEBUG c.e.j.mapper.BookMapper.findAll - <==      Total: 1
10:37:48.327 [main] DEBUG c.e.j.mapper.BookMapper.insert - ==>  Preparing: INSERT INTO books (title, isbn, author_id, published_year) VALUES (?, ?, ?, ?)
10:37:48.329 [main] DEBUG c.e.j.mapper.BookMapper.insert - ==> Parameters: Effective Java(String), 978-0134685991(String), 7(Long), 2018(Integer)
10:37:48.329 [main] DEBUG c.e.j.mapper.BookMapper.insert - <==    Updates: 1
10:37:48.331 [main] DEBUG c.e.j.m.B.insertBookCategories - ==>  Preparing: INSERT INTO books_categories (book_id, category_id) VALUES (?, ?) , (?, ?)
10:37:48.331 [main] DEBUG c.e.j.m.B.insertBookCategories - ==> Parameters: 29(Long), 5(Long), 29(Long), 6(Long)
10:37:48.332 [main] DEBUG c.e.j.m.B.insertBookCategories - <==    Updates: 2
10:37:48.332 [main] DEBUG c.e.j.mapper.BookMapper.insert - ==>  Preparing: INSERT INTO books (title, isbn, author_id, published_year) VALUES (?, ?, ?, ?)
10:37:48.332 [main] DEBUG c.e.j.mapper.BookMapper.insert - ==> Parameters: Effective Java(String), 978-0134685991(String), 7(Long), 2018(Integer)
10:37:48.332 [main] DEBUG c.e.j.mapper.BookMapper.insert - <==    Updates: 1
10:37:48.332 [main] DEBUG c.e.j.mapper.BookMapper.findAll - ==>  Preparing: SELECT b.id, b.title, b.isbn, b.published_year, a.name AS author_name, c.id AS category_id, c.name AS category_name FROM books b LEFT JOIN authors a ON b.author_id = a.id LEFT JOIN books_categories bc ON bc.book_id = b.id LEFT JOIN categories c ON bc.category_id = c.id ORDER BY b.id
10:37:48.332 [main] DEBUG c.e.j.mapper.BookMapper.findAll - ==> Parameters: 
10:37:48.332 [main] DEBUG c.e.j.mapper.BookMapper.findAll - <==      Total: 3
10:37:48.345 [main] DEBUG c.e.j.mapper.BookMapper.insert - ==>  Preparing: INSERT INTO books (title, isbn, author_id, published_year) VALUES (?, ?, ?, ?)
10:37:48.345 [main] DEBUG c.e.j.mapper.BookMapper.insert - ==> Parameters: Effective Java(String), 978-0134685991(String), 8(Long), 2018(Integer)
10:37:48.346 [main] DEBUG c.e.j.mapper.BookMapper.insert - <==    Updates: 1
10:37:48.347 [main] DEBUG c.e.j.m.B.insertBookCategories - ==>  Preparing: INSERT INTO books_categories (book_id, category_id) VALUES (?, ?)
10:37:48.347 [main] DEBUG c.e.j.m.B.insertBookCategories - ==> Parameters: 31(Long), 7(Long)
10:37:48.347 [main] DEBUG c.e.j.m.B.insertBookCategories - <==    Updates: 1
10:37:48.348 [main] DEBUG c.e.j.m.B.deleteCategoriesByBookId - ==>  Preparing: DELETE FROM books_categories bc WHERE bc.book_id = ?
10:37:48.348 [main] DEBUG c.e.j.m.B.deleteCategoriesByBookId - ==> Parameters: 31(Long)
10:37:48.348 [main] DEBUG c.e.j.m.B.deleteCategoriesByBookId - <==    Updates: 1
10:37:48.349 [main] DEBUG c.e.j.m.B.findCategoriesById - ==>  Preparing: SELECT c.* FROM categories c JOIN books_categories bc ON bc.category_id = c.id WHERE bc.book_id = ?
10:37:48.349 [main] DEBUG c.e.j.m.B.findCategoriesById - ==> Parameters: 31(Long)
10:37:48.349 [main] DEBUG c.e.j.m.B.findCategoriesById - <==      Total: 0
10:37:48.362 [main] DEBUG c.e.j.mapper.BookMapper.insert - ==>  Preparing: INSERT INTO books (title, isbn, author_id, published_year) VALUES (?, ?, ?, ?)
10:37:48.363 [main] DEBUG c.e.j.mapper.BookMapper.insert - ==> Parameters: Book With Many Categories(String), null, 9(Long), 2020(Integer)
10:37:48.363 [main] DEBUG c.e.j.mapper.BookMapper.insert - <==    Updates: 1
10:37:48.367 [main] DEBUG c.e.j.m.B.insertBookCategories - ==>  Preparing: INSERT INTO books_categories (book_id, category_id) VALUES (?, ?) , (?, ?) , (?, ?)
10:37:48.367 [main] DEBUG c.e.j.m.B.insertBookCategories - ==> Parameters: 32(Long), 8(Long), 32(Long), 9(Long), 32(Long), 10(Long)
10:37:48.367 [main] DEBUG c.e.j.m.B.insertBookCategories - <==    Updates: 3
10:37:48.367 [main] DEBUG c.e.j.mapper.BookMapper.insert - ==>  Preparing: INSERT INTO books (title, isbn, author_id, published_year) VALUES (?, ?, ?, ?)
10:37:48.367 [main] DEBUG c.e.j.mapper.BookMapper.insert - ==> Parameters: Book Without Categories(String), null, 9(Long), 2021(Integer)
10:37:48.372 [main] DEBUG c.e.j.mapper.BookMapper.insert - <==    Updates: 1
10:37:48.374 [main] DEBUG c.e.j.m.BookMapper.countBySearch - ==>  Preparing: SELECT COUNT(DISTINCT b.id) FROM books b LEFT JOIN authors a ON b.author_id = a.id LEFT JOIN books_categories bc ON bc.book_id = b.id LEFT JOIN categories c ON bc.category_id = c.id
10:37:48.377 [main] DEBUG c.e.j.m.BookMapper.countBySearch - ==> Parameters: 
10:37:48.383 [main] DEBUG c.e.j.m.BookMapper.countBySearch - <==      Total: 1
10:37:48.383 [main] DEBUG c.e.j.m.BookMapper.findIdsBySearch - ==>  Preparing: SELECT DISTINCT b.id FROM books b LEFT JOIN authors a ON b.author_id = a.id LEFT JOIN books_categories bc ON bc.book_id = b.id LEFT JOIN categories c ON bc.category_id = c.id ORDER BY b.id LIMIT ? OFFSET ?
10:37:48.393 [main] DEBUG c.e.j.m.BookMapper.findIdsBySearch - ==> Parameters: 1(Integer), 0(Long)
10:37:48.394 [main] DEBUG c.e.j.m.BookMapper.findIdsBySearch - <==      Total: 1
10:37:48.395 [main] DEBUG c.e.j.mapper.BookMapper.findByIds - ==>  Preparing: SELECT b.id, b.title, b.isbn, b.published_year, a.name AS author_name, c.id AS category_id, c.name AS category_name FROM books b LEFT JOIN authors a ON b.author_id = a.id LEFT JOIN books_categories bc ON bc.book_id = b.id LEFT JOIN categories c ON bc.category_id = c.id WHERE b.id IN ( ? ) ORDER BY b.id
10:37:48.396 [main] DEBUG c.e.j.mapper.BookMapper.findByIds - ==> Parameters: 32(Long)
10:37:48.398 [main] DEBUG c.e.j.mapper.BookMapper.findByIds - <==      Total: 3
10:37:48.399 [main] DEBUG c.e.j.m.BookMapper.findIdsBySearch - ==>  Preparing: SELECT DISTINCT b.id FROM books b LEFT JOIN authors a ON b.author_id = a.id LEFT JOIN books_categories bc ON bc.book_id = b.id LEFT JOIN categories c ON bc.category_id = c.id ORDER BY b.id LIMIT ? OFFSET ?
10:37:48.399 [main] DEBUG c.e.j.m.BookMapper.findIdsBySearch - ==> Parameters: 1(Integer), 1(Long)
10:37:48.401 [main] DEBUG c.e.j.m.BookMapper.findIdsBySearch - <==      Total: 1
10:37:48.413 [main] DEBUG c.e.j.mapper.BookMapper.insert - ==>  Preparing: INSERT INTO books (title, isbn, author_id, published_year) VALUES (?, ?, ?, ?)
10:37:48.413 [main] DEBUG c.e.j.mapper.BookMapper.insert - ==> Parameters: Effective Java(String), 978-0134685991(String), 10(Long), 2018(Integer)
10:37:48.414 [main] DEBUG c.e.j.mapper.BookMapper.insert - <==    Updates: 1
10:37:48.415 [main] DEBUG c.e.j.mapper.BookMapper.insert - ==>  Preparing: INSERT INTO books (title, isbn, author_id, published_year) VALUES (?, ?, ?, ?)
10:37:48.415 [main] DEBUG c.e.j.mapper.BookMapper.insert - ==> Parameters: Clean Code(String), 9780132350884(String), 11(Long), 2008(Integer)
10:37:48.415 [main] DEBUG c.e.j.mapper.BookMapper.insert - <==    Updates: 1
10:37:48.415 [main] DEBUG c.e.j.mapper.BookMapper.search - ==>  Preparing: SELECT b.id, b.title, b.isbn, b.published_year, a.name AS author_name, c.id AS category_id, c.name AS category_name FROM books b LEFT JOIN authors a ON b.author_id = a.id LEFT JOIN books_categories bc ON bc.book_id = b.id LEFT JOIN categories c ON bc.category_id = c.id WHERE (b.title ILIKE CONCAT('%', ?, '%') OR a.name ILIKE CONCAT('%', ?, '%') OR c.name ILIKE CONCAT('%', ?, '%')) ORDER BY b.id
10:37:48.415 [main] DEBUG c.e.j.mapper.BookMapper.search - ==> Parameters: Bloch(String), Bloch(String), Bloch(String)
10:37:48.421 [main] DEBUG c.e.j.mapper.BookMapper.search - <==      Total: 1
10:37:48.431 [main] DEBUG c.e.j.mapper.BookMapper.insert - ==>  Preparing: INSERT INTO books (title, isbn, author_id, published_year) VALUES (?, ?, ?, ?)
10:37:48.431 [main] DEBUG c.e.j.mapper.BookMapper.insert - ==> Parameters: Effective Java(String), 978-0134685991(String), 12(Long), 2018(Integer)
10:37:48.432 [main] DEBUG c.e.j.mapper.BookMapper.insert - <==    Updates: 1
10:37:48.432 [main] DEBUG c.e.j.mapper.BookMapper.insert - ==>  Preparing: INSERT INTO books (title, isbn, author_id, published_year) VALUES (?, ?, ?, ?)
10:37:48.433 [main] DEBUG c.e.j.mapper.BookMapper.insert - ==> Parameters: Unrelated Book(String), 9999999999999(String), 12(Long), 2000(Integer)
10:37:48.433 [main] DEBUG c.e.j.mapper.BookMapper.insert - <==    Updates: 1
10:37:48.433 [main] DEBUG c.e.j.mapper.BookMapper.search - ==>  Preparing: SELECT b.id, b.title, b.isbn, b.published_year, a.name AS author_name, c.id AS category_id, c.name AS category_name FROM books b LEFT JOIN authors a ON b.author_id = a.id LEFT JOIN books_categories bc ON bc.book_id = b.id LEFT JOIN categories c ON bc.category_id = c.id ORDER BY b.id
10:37:48.433 [main] DEBUG c.e.j.mapper.BookMapper.search - ==> Parameters: 
10:37:48.433 [main] DEBUG c.e.j.mapper.BookMapper.search - <==      Total: 2
10:37:48.447 [main] DEBUG c.e.j.mapper.BookMapper.insert - ==>  Preparing: INSERT INTO books (title, isbn, author_id, published_year) VALUES (?, ?, ?, ?)
10:37:48.447 [main] DEBUG c.e.j.mapper.BookMapper.insert - ==> Parameters: Effective Java(String), 978-0134685991(String), 13(Long), 2018(Integer)
10:37:48.448 [main] DEBUG c.e.j.mapper.BookMapper.insert - <==    Updates: 1
10:37:48.448 [main] DEBUG c.e.j.m.B.insertBookCategories - ==>  Preparing: INSERT INTO books_categories (book_id, category_id) VALUES (?, ?)
10:37:48.448 [main] DEBUG c.e.j.m.B.insertBookCategories - ==> Parameters: 38(Long), 11(Long)
10:37:48.449 [main] DEBUG c.e.j.m.B.insertBookCategories - <==    Updates: 1
10:37:48.449 [main] DEBUG c.e.j.m.B.findCategoriesById - ==>  Preparing: SELECT c.* FROM categories c JOIN books_categories bc ON bc.category_id = c.id WHERE bc.book_id = ?
10:37:48.449 [main] DEBUG c.e.j.m.B.findCategoriesById - ==> Parameters: 38(Long)
10:37:48.449 [main] DEBUG c.e.j.m.B.findCategoriesById - <==      Total: 1
10:37:48.449 [main] DEBUG c.e.j.mapper.BookMapper.insert - ==>  Preparing: INSERT INTO books (title, isbn, author_id, published_year) VALUES (?, ?, ?, ?)
10:37:48.449 [main] DEBUG c.e.j.mapper.BookMapper.insert - ==> Parameters: Effective Java(String), 978-0134685991(String), 14(Long), 2018(Integer)
10:37:48.449 [main] DEBUG c.e.j.mapper.BookMapper.insert - <==    Updates: 1
10:37:48.459 [main] DEBUG c.e.j.mapper.BookMapper.insert - ==>  Preparing: INSERT INTO books (title, isbn, author_id, published_year) VALUES (?, ?, ?, ?)
10:37:48.459 [main] DEBUG c.e.j.mapper.BookMapper.insert - ==> Parameters: Effective Java(String), 978-0134685991(String), 14(Long), 2018(Integer)
10:37:48.459 [main] DEBUG c.e.j.mapper.BookMapper.insert - <==    Updates: 1
10:37:48.460 [main] DEBUG c.e.j.m.BookMapper.findByAuthorId - ==>  Preparing: SELECT * FROM books b WHERE b.author_id = ?
10:37:48.460 [main] DEBUG c.e.j.m.BookMapper.findByAuthorId - ==> Parameters: 14(Long)
10:37:48.461 [main] DEBUG c.e.j.m.BookMapper.findByAuthorId - <==      Total: 2
10:37:48.469 [main] DEBUG c.e.j.m.BookRequestMapper.insert - ==>  Preparing: INSERT INTO book_requests (requester_id, status, requested_at, idempotency_key) VALUES (?, ?, ?, ?)
10:37:48.474 [main] DEBUG c.e.j.m.BookRequestMapper.insert - ==> Parameters: 7(Long), PENDING(String), 2026-09-11 10:37:48.469507(Timestamp), 87b1181d-1ef7-411b-a78b-85646c3871f9(String)
10:37:48.474 [main] DEBUG c.e.j.m.BookRequestMapper.insert - <==    Updates: 1
10:37:48.474 [main] DEBUG c.e.j.m.BookRequestItemMapper.insert - ==>  Preparing: INSERT INTO book_request_items (book_request_id, title, isbn, author_id, published_year, estimated_price) VALUES (?, ?, ?, ?, ?, ?)
10:37:48.474 [main] DEBUG c.e.j.m.BookRequestItemMapper.insert - ==> Parameters: 13(Long), Effective Java(String), 9780134685991(String), null, 2018(Integer), 1200.00(BigDecimal)
10:37:48.476 [main] DEBUG c.e.j.m.BookRequestItemMapper.insert - <==    Updates: 1
10:37:48.476 [main] DEBUG c.e.j.m.B.findByBookRequestId - ==>  Preparing: SELECT * FROM book_request_items WHERE book_request_id = ?
10:37:48.476 [main] DEBUG c.e.j.m.B.findByBookRequestId - ==> Parameters: 13(Long)
10:37:48.477 [main] DEBUG c.e.j.m.B.findByBookRequestId - <==      Total: 1
10:37:48.483 [main] DEBUG c.e.j.m.BookRequestMapper.insert - ==>  Preparing: INSERT INTO book_requests (requester_id, status, requested_at, idempotency_key) VALUES (?, ?, ?, ?)
10:37:48.483 [main] DEBUG c.e.j.m.BookRequestMapper.insert - ==> Parameters: 8(Long), APPROVED(String), 2026-09-11 10:37:48.4831232(Timestamp), 6b0fdd58-219c-4aec-bf08-c74671a43ed5(String)
10:37:48.483 [main] DEBUG c.e.j.m.BookRequestMapper.insert - <==    Updates: 1
10:37:48.483 [main] DEBUG c.e.j.m.BookRequestItemMapper.insert - ==>  Preparing: INSERT INTO book_request_items (book_request_id, title, isbn, author_id, published_year, estimated_price) VALUES (?, ?, ?, ?, ?, ?)
10:37:48.483 [main] DEBUG c.e.j.m.BookRequestItemMapper.insert - ==> Parameters: 14(Long), Clean Code(String), null, null, null, null
10:37:48.483 [main] DEBUG c.e.j.m.BookRequestItemMapper.insert - <==    Updates: 1
10:37:48.483 [main] DEBUG c.e.j.m.ProcurementItemMapper.insert - ==>  Preparing: INSERT INTO procurement_items (book_request_item_id, status) VALUES (?, ?)
10:37:48.483 [main] DEBUG c.e.j.m.ProcurementItemMapper.insert - ==> Parameters: 16(Long), PENDING(String)
10:37:48.483 [main] DEBUG c.e.j.m.ProcurementItemMapper.insert - <==    Updates: 1
10:37:48.483 [main] DEBUG c.e.j.m.P.findByStatus - ==>  Preparing: SELECT * FROM procurement_items WHERE status = ?
10:37:48.483 [main] DEBUG c.e.j.m.P.findByStatus - ==> Parameters: PENDING(String)
10:37:48.483 [main] DEBUG c.e.j.m.P.findByStatus - <==      Total: 1
10:37:48.493 [main] DEBUG c.e.j.m.ProcurementItemMapper.update - ==>  Preparing: UPDATE procurement_items SET status = ?, procured_by = ?, procured_at = ?, book_id = ? WHERE id = ?
10:37:48.494 [main] DEBUG c.e.j.m.ProcurementItemMapper.update - ==> Parameters: COMPLETED(String), 9(Long), 2026-09-11 10:37:48.4831232(Timestamp), null, 6(Long)
10:37:48.494 [main] DEBUG c.e.j.m.ProcurementItemMapper.update - <==    Updates: 1
10:37:48.495 [main] DEBUG c.e.j.m.P.findById - ==>  Preparing: SELECT * FROM procurement_items WHERE id = ?
10:37:48.495 [main] DEBUG c.e.j.m.P.findById - ==> Parameters: 6(Long)
10:37:48.497 [main] DEBUG c.e.j.m.P.findById - <==      Total: 1
10:37:48.504 [main] DEBUG c.e.j.m.BookRequestMapper.insert - ==>  Preparing: INSERT INTO book_requests (requester_id, status, requested_at, idempotency_key) VALUES (?, ?, ?, ?)
10:37:48.504 [main] DEBUG c.e.j.m.BookRequestMapper.insert - ==> Parameters: 10(Long), PENDING(String), 2026-09-11 10:37:48.5047382(Timestamp), 88b8b687-668b-4dc5-91de-c75d476f771f(String)
10:37:48.506 [main] DEBUG c.e.j.m.BookRequestMapper.insert - <==    Updates: 1
10:37:48.506 [main] DEBUG c.e.j.m.BookRequestMapper.findById - ==>  Preparing: SELECT * FROM book_requests WHERE id = ?
10:37:48.508 [main] DEBUG c.e.j.m.BookRequestMapper.findById - ==> Parameters: 15(Long)
10:37:48.508 [main] DEBUG c.e.j.m.BookRequestMapper.findById - <==      Total: 1
10:37:48.510 [main] DEBUG c.e.j.m.B.findByStatus - ==>  Preparing: SELECT * FROM book_requests WHERE status = ? ORDER BY requested_at
10:37:48.510 [main] DEBUG c.e.j.m.B.findByStatus - ==> Parameters: PENDING(String)
10:37:48.513 [main] DEBUG c.e.j.m.B.findByStatus - <==      Total: 1
10:37:48.516 [main] DEBUG c.e.j.m.BookRequestMapper.insert - ==>  Preparing: INSERT INTO book_requests (requester_id, status, requested_at, idempotency_key) VALUES (?, ?, ?, ?)
10:37:48.516 [main] DEBUG c.e.j.m.BookRequestMapper.insert - ==> Parameters: 11(Long), APPROVED(String), 2026-09-11 10:37:48.5161052(Timestamp), e3d7c295-c500-48bd-bd58-08f00e3b6271(String)
10:37:48.516 [main] DEBUG c.e.j.m.BookRequestMapper.insert - <==    Updates: 1
10:37:48.516 [main] DEBUG c.e.j.m.BookRequestItemMapper.insert - ==>  Preparing: INSERT INTO book_request_items (book_request_id, title, isbn, author_id, published_year, estimated_price) VALUES (?, ?, ?, ?, ?, ?)
10:37:48.516 [main] DEBUG c.e.j.m.BookRequestItemMapper.insert - ==> Parameters: 16(Long), Effective Java(String), 9780134685991(String), null, 2018(Integer), 1200.00(BigDecimal)
10:37:48.516 [main] DEBUG c.e.j.m.BookRequestItemMapper.insert - <==    Updates: 1
10:37:48.520 [main] DEBUG c.e.j.m.ProcurementItemMapper.insert - ==>  Preparing: INSERT INTO procurement_items (book_request_item_id, status) VALUES (?, ?)
10:37:48.520 [main] DEBUG c.e.j.m.ProcurementItemMapper.insert - ==> Parameters: 17(Long), PENDING(String)
10:37:48.520 [main] DEBUG c.e.j.m.ProcurementItemMapper.insert - <==    Updates: 1
10:37:48.520 [main] DEBUG c.e.j.m.BookRequestItemMapper.insert - ==>  Preparing: INSERT INTO book_request_items (book_request_id, title, isbn, author_id, published_year, estimated_price) VALUES (?, ?, ?, ?, ?, ?)
10:37:48.520 [main] DEBUG c.e.j.m.BookRequestItemMapper.insert - ==> Parameters: 16(Long), Clean Code(String), null, null, null, null
10:37:48.520 [main] DEBUG c.e.j.m.BookRequestItemMapper.insert - <==    Updates: 1
10:37:48.520 [main] DEBUG c.e.j.m.ProcurementItemMapper.insert - ==>  Preparing: INSERT INTO procurement_items (book_request_item_id, status) VALUES (?, ?)
10:37:48.520 [main] DEBUG c.e.j.m.ProcurementItemMapper.insert - ==> Parameters: 18(Long), COMPLETED(String)
10:37:48.520 [main] DEBUG c.e.j.m.ProcurementItemMapper.insert - <==    Updates: 1
10:37:48.520 [main] DEBUG c.e.j.m.P.findSummary - ==>  Preparing: SELECT p.*, b.title,b.isbn,b.author_id,b.published_year,b.estimated_price FROM procurement_items p JOIN book_request_items b ON p.book_request_item_id = b.id WHERE p.status = ?
10:37:48.520 [main] DEBUG c.e.j.m.P.findSummary - ==> Parameters: PENDING(String)
10:37:48.520 [main] DEBUG c.e.j.m.P.findSummary - <==      Total: 1
10:37:48.532 [main] DEBUG c.e.j.m.BookRequestMapper.insert - ==>  Preparing: INSERT INTO book_requests (requester_id, status, requested_at, idempotency_key) VALUES (?, ?, ?, ?)
10:37:48.532 [main] DEBUG c.e.j.m.BookRequestMapper.insert - ==> Parameters: 12(Long), PENDING(String), 2026-09-11 10:37:48.5325696(Timestamp), 7d5a2dbc-301a-4f42-b5ab-a8e29a0b8ca0(String)
10:37:48.532 [main] DEBUG c.e.j.m.BookRequestMapper.insert - <==    Updates: 1
10:37:48.532 [main] DEBUG c.e.j.m.BookRequestMapper.insert - ==>  Preparing: INSERT INTO book_requests (requester_id, status, requested_at, idempotency_key) VALUES (?, ?, ?, ?)
10:37:48.532 [main] DEBUG c.e.j.m.BookRequestMapper.insert - ==> Parameters: 12(Long), APPROVED(String), 2026-09-11 10:37:48.5325696(Timestamp), c5bf98ed-110a-462b-836e-e54d51487d00(String)
10:37:48.532 [main] DEBUG c.e.j.m.BookRequestMapper.insert - <==    Updates: 1
10:37:48.532 [main] DEBUG c.e.j.m.B.findSummary - ==>  Preparing: SELECT br.id, br.requester_id, br.approver_id, br.status, br.requested_at, br.approved_at, bri.id AS item_id, bri.book_request_id, bri.title AS item_title, bri.isbn AS item_isbn, bri.author_id AS item_author_id, bri.published_year AS item_published_year, bri.estimated_price AS item_estimated_price FROM book_requests br LEFT JOIN book_request_items bri ON bri.book_request_id = br.id WHERE br.status = ? ORDER BY br.requested_at
10:37:48.532 [main] DEBUG c.e.j.m.B.findSummary - ==> Parameters: PENDING(String)
10:37:48.532 [main] DEBUG c.e.j.m.B.findSummary - <==      Total: 1
10:37:48.549 [main] DEBUG c.e.j.m.BookRequestMapper.insert - ==>  Preparing: INSERT INTO book_requests (requester_id, status, requested_at, idempotency_key) VALUES (?, ?, ?, ?)
10:37:48.549 [main] DEBUG c.e.j.m.BookRequestMapper.insert - ==> Parameters: 13(Long), PENDING(String), 2026-09-11 10:37:48.5493095(Timestamp), 8a37f4c7-a63c-4b71-95d0-b7c562621a82(String)
10:37:48.552 [main] DEBUG c.e.j.m.BookRequestMapper.insert - <==    Updates: 1
10:37:48.552 [main] DEBUG c.e.j.m.BookRequestMapper.approve - ==>  Preparing: UPDATE book_requests SET status = 'APPROVED', approver_id = ?, approved_at = ? WHERE id = ? AND status = 'PENDING' AND requester_id != ?
10:37:48.552 [main] DEBUG c.e.j.m.BookRequestMapper.approve - ==> Parameters: 14(Long), 2026-09-11 10:37:48.552194(Timestamp), 19(Long), 14(Long)
10:37:48.554 [main] DEBUG c.e.j.m.BookRequestMapper.approve - <==    Updates: 1
10:37:48.563 [main] DEBUG c.e.j.m.BookRequestMapper.insert - ==>  Preparing: INSERT INTO book_requests (requester_id, status, requested_at, idempotency_key) VALUES (?, ?, ?, ?)
10:37:48.563 [main] DEBUG c.e.j.m.BookRequestMapper.insert - ==> Parameters: 15(Long), PENDING(String), 2026-09-11 10:37:48.5632063(Timestamp), 111a5a2b-ac0f-48f0-b4b1-43e974a53a6e(String)
10:37:48.564 [main] DEBUG c.e.j.m.BookRequestMapper.insert - <==    Updates: 1
10:37:48.564 [main] DEBUG c.e.j.m.BookRequestItemMapper.insert - ==>  Preparing: INSERT INTO book_request_items (book_request_id, title, isbn, author_id, published_year, estimated_price) VALUES (?, ?, ?, ?, ?, ?)
10:37:48.564 [main] DEBUG c.e.j.m.BookRequestItemMapper.insert - ==> Parameters: 20(Long), Effective Java(String), null, null, null, null
10:37:48.564 [main] DEBUG c.e.j.m.BookRequestItemMapper.insert - <==    Updates: 1
10:37:48.565 [main] DEBUG c.e.j.m.BookRequestItemMapper.insert - ==>  Preparing: INSERT INTO book_request_items (book_request_id, title, isbn, author_id, published_year, estimated_price) VALUES (?, ?, ?, ?, ?, ?)
10:37:48.565 [main] DEBUG c.e.j.m.BookRequestItemMapper.insert - ==> Parameters: 20(Long), Clean Code(String), null, null, null, null
10:37:48.565 [main] DEBUG c.e.j.m.BookRequestItemMapper.insert - <==    Updates: 1
10:37:48.565 [main] DEBUG c.e.j.m.B.findSummary - ==>  Preparing: SELECT br.id, br.requester_id, br.approver_id, br.status, br.requested_at, br.approved_at, bri.id AS item_id, bri.book_request_id, bri.title AS item_title, bri.isbn AS item_isbn, bri.author_id AS item_author_id, bri.published_year AS item_published_year, bri.estimated_price AS item_estimated_price FROM book_requests br LEFT JOIN book_request_items bri ON bri.book_request_id = br.id ORDER BY br.requested_at
10:37:48.566 [main] DEBUG c.e.j.m.B.findSummary - ==> Parameters: 
10:37:48.566 [main] DEBUG c.e.j.m.B.findSummary - <==      Total: 2
10:37:48.577 [main] DEBUG c.e.j.mapper.CategoryMapper.update - ==>  Preparing: UPDATE categories SET name = ? WHERE id = ?
10:37:48.577 [main] DEBUG c.e.j.mapper.CategoryMapper.update - ==> Parameters: Updated Name(String), 12(Long)
10:37:48.578 [main] DEBUG c.e.j.mapper.CategoryMapper.update - <==    Updates: 1
10:37:48.578 [main] DEBUG c.e.j.mapper.CategoryMapper.findById - ==>  Preparing: SELECT * FROM categories c WHERE c.id = ?
10:37:48.579 [main] DEBUG c.e.j.mapper.CategoryMapper.findById - ==> Parameters: 12(Long)
10:37:48.579 [main] DEBUG c.e.j.mapper.CategoryMapper.findById - <==      Total: 1
10:37:48.586 [main] DEBUG c.e.j.mapper.CategoryMapper.insert - ==>  Preparing: INSERT INTO categories (name) VALUES (?)
10:37:48.587 [main] DEBUG c.e.j.mapper.CategoryMapper.insert - ==> Parameters: Fiction(String)
10:37:48.587 [main] DEBUG c.e.j.mapper.CategoryMapper.insert - <==    Updates: 1
10:37:48.587 [main] DEBUG c.e.j.mapper.CategoryMapper.findById - ==>  Preparing: SELECT * FROM categories c WHERE c.id = ?
10:37:48.587 [main] DEBUG c.e.j.mapper.CategoryMapper.findById - ==> Parameters: 13(Long)
10:37:48.587 [main] DEBUG c.e.j.mapper.CategoryMapper.findById - <==      Total: 1
10:37:48.596 [main] DEBUG c.e.j.mapper.CategoryMapper.count - ==>  Preparing: SELECT COUNT(*) FROM categories
10:37:48.596 [main] DEBUG c.e.j.mapper.CategoryMapper.count - ==> Parameters: 
10:37:48.596 [main] DEBUG c.e.j.mapper.CategoryMapper.count - <==      Total: 1
10:37:48.597 [main] DEBUG c.e.j.m.CategoryMapper.findAllPaged - ==>  Preparing: SELECT * FROM categories c ORDER BY c.id LIMIT ? OFFSET ?
10:37:48.597 [main] DEBUG c.e.j.m.CategoryMapper.findAllPaged - ==> Parameters: 2(Integer), 0(Long)
10:37:48.598 [main] DEBUG c.e.j.m.CategoryMapper.findAllPaged - <==      Total: 2
10:37:48.599 [main] DEBUG c.e.j.m.CategoryMapper.findAllPaged - ==>  Preparing: SELECT * FROM categories c ORDER BY c.id LIMIT ? OFFSET ?
10:37:48.599 [main] DEBUG c.e.j.m.CategoryMapper.findAllPaged - ==> Parameters: 2(Integer), 2(Long)
10:37:48.600 [main] DEBUG c.e.j.m.CategoryMapper.findAllPaged - <==      Total: 1
10:37:48.606 [main] DEBUG c.e.j.mapper.CategoryMapper.findAll - ==>  Preparing: SELECT * FROM categories c ORDER BY c.id
10:37:48.606 [main] DEBUG c.e.j.mapper.CategoryMapper.findAll - ==> Parameters: 
10:37:48.606 [main] DEBUG c.e.j.mapper.CategoryMapper.findAll - <==      Total: 2
10:37:48.614 [main] DEBUG c.e.j.m.CategoryMapper.deleteById - ==>  Preparing: DELETE FROM categories WHERE id = ?
10:37:48.614 [main] DEBUG c.e.j.m.CategoryMapper.deleteById - ==> Parameters: 19(Long)
10:37:48.615 [main] DEBUG c.e.j.m.CategoryMapper.deleteById - <==    Updates: 1
10:37:48.615 [main] DEBUG c.e.j.mapper.CategoryMapper.findAll - ==>  Preparing: SELECT * FROM categories c ORDER BY c.id
10:37:48.615 [main] DEBUG c.e.j.mapper.CategoryMapper.findAll - ==> Parameters: 
10:37:48.615 [main] DEBUG c.e.j.mapper.CategoryMapper.findAll - <==      Total: 0
10:37:48.632 [main] DEBUG c.e.j.m.C.findBooksByCategoryId - ==>  Preparing: SELECT b.* FROM books b JOIN books_categories bc ON b.id = bc.book_id WHERE bc.category_id = ?
10:37:48.632 [main] DEBUG c.e.j.m.C.findBooksByCategoryId - ==> Parameters: 20(Long)
10:37:48.632 [main] DEBUG c.e.j.m.C.findBooksByCategoryId - <==      Total: 1
10:37:48.644 [main] DEBUG c.e.j.mapper.CategoryMapper.findById - ==>  Preparing: SELECT * FROM categories c WHERE c.id = ?
10:37:48.644 [main] DEBUG c.e.j.mapper.CategoryMapper.findById - ==> Parameters: 22(Long)
10:37:48.645 [main] DEBUG c.e.j.mapper.CategoryMapper.findById - <==      Total: 1
10:37:48.658 [main] DEBUG c.e.j.mapper.UserMapper.update - ==>  Preparing: UPDATE users SET name = ?, password_hash = ?, role = ? WHERE id = ?
10:37:48.658 [main] DEBUG c.e.j.mapper.UserMapper.update - ==> Parameters: New Name(String), new-hash(String), ADMIN(String), 16(Long)
10:37:48.658 [main] DEBUG c.e.j.mapper.UserMapper.update - <==    Updates: 1
10:37:48.659 [main] DEBUG c.e.j.mapper.UserMapper.findByEmail - ==>  Preparing: SELECT * FROM users u WHERE u.email = ?
10:37:48.660 [main] DEBUG c.e.j.mapper.UserMapper.findByEmail - ==> Parameters: update@example.com(String)
10:37:48.661 [main] DEBUG c.e.j.mapper.UserMapper.findByEmail - <==      Total: 1
10:37:48.667 [main] DEBUG c.e.j.mapper.UserMapper.insert - ==>  Preparing: INSERT INTO users (email, name, password_hash, role) VALUES (?, ?, ?, ?)
10:37:48.667 [main] DEBUG c.e.j.mapper.UserMapper.insert - ==> Parameters: new@example.com(String), New User(String), hashed-password(String), ADMIN(String)
10:37:48.667 [main] DEBUG c.e.j.mapper.UserMapper.insert - <==    Updates: 1
10:37:48.672 [main] DEBUG c.e.j.mapper.UserMapper.findByEmail - ==>  Preparing: SELECT * FROM users u WHERE u.email = ?
10:37:48.672 [main] DEBUG c.e.j.mapper.UserMapper.findByEmail - ==> Parameters: new@example.com(String)
10:37:48.672 [main] DEBUG c.e.j.mapper.UserMapper.findByEmail - <==      Total: 1
10:37:48.680 [main] DEBUG c.e.j.mapper.UserMapper.findByEmail - ==>  Preparing: SELECT * FROM users u WHERE u.email = ?
10:37:48.681 [main] DEBUG c.e.j.mapper.UserMapper.findByEmail - ==> Parameters: nobody@example.com(String)
10:37:48.682 [main] DEBUG c.e.j.mapper.UserMapper.findByEmail - <==      Total: 0
10:37:48.683 [main] DEBUG c.e.j.mapper.UserMapper.findByEmail - ==>  Preparing: SELECT * FROM users u WHERE u.email = ?
10:37:48.683 [main] DEBUG c.e.j.mapper.UserMapper.findByEmail - ==> Parameters: alex@example.com(String)
10:37:48.683 [main] DEBUG c.e.j.mapper.UserMapper.findByEmail - <==      Total: 1
10:37:48.920 [main] INFO  c.e.j.service.AuthServiceImpl - 登入成功：userId=1, email=alex@example.com
10:37:48.924 [main] WARN  c.e.j.service.AuthServiceImpl - 登入失敗，帳號不存在：email=nobody@example.com
10:37:48.927 [main] WARN  c.e.j.service.AuthServiceImpl - 登入失敗，密碼錯誤：email=alex@example.com
10:37:48.927 [main] INFO  c.e.j.service.AuthServiceImpl - 新使用者註冊：userId=null, email=new@example.com
10:37:48.938 [pool-2-thread-2] DEBUG c.e.j.m.BookRequestMapper.insert - ==>  Preparing: INSERT INTO book_requests (requester_id, status, requested_at, idempotency_key) VALUES (?, ?, ?, ?)
10:37:48.938 [pool-2-thread-1] DEBUG c.e.j.m.BookRequestMapper.insert - ==>  Preparing: INSERT INTO book_requests (requester_id, status, requested_at, idempotency_key) VALUES (?, ?, ?, ?)
10:37:48.949 [pool-2-thread-1] DEBUG c.e.j.m.BookRequestMapper.insert - ==> Parameters: 19(Long), PENDING(String), 2026-09-11 10:37:48.9383484(Timestamp), 504db597-7415-4313-995b-d5b4aee2a553(String)
10:37:48.949 [pool-2-thread-2] DEBUG c.e.j.m.BookRequestMapper.insert - ==> Parameters: 19(Long), PENDING(String), 2026-09-11 10:37:48.9383484(Timestamp), 504db597-7415-4313-995b-d5b4aee2a553(String)
10:37:48.949 [pool-2-thread-1] DEBUG c.e.j.m.BookRequestMapper.insert - <==    Updates: 1
10:37:48.951 [pool-2-thread-1] DEBUG c.e.j.m.BookRequestItemMapper.insert - ==>  Preparing: INSERT INTO book_request_items (book_request_id, title, isbn, author_id, published_year, estimated_price) VALUES (?, ?, ?, ?, ?, ?)
10:37:48.951 [pool-2-thread-1] DEBUG c.e.j.m.BookRequestItemMapper.insert - ==> Parameters: 21(Long), Effective Java(String), null, null, null, null
10:37:48.951 [pool-2-thread-1] DEBUG c.e.j.m.BookRequestItemMapper.insert - <==    Updates: 1
10:37:48.953 [pool-2-thread-1] DEBUG c.e.j.mapper.AuditLogMapper.insert - ==>  Preparing: INSERT INTO audit_logs (user_id, audited_at, action, entity_type, entity_id, detail) VALUES (?, ?, ?, ?, ?, ?)
10:37:48.953 [pool-2-thread-1] DEBUG c.e.j.mapper.AuditLogMapper.insert - ==> Parameters: 19(Long), 2026-09-11 10:37:48.9383484(Timestamp), SUBMIT(String), BOOK_REQUEST(String), 21(Long), [B@594cabef(byte[])
10:37:48.955 [pool-2-thread-1] DEBUG c.e.j.mapper.AuditLogMapper.insert - <==    Updates: 1
10:37:48.955 [pool-2-thread-1] INFO  c.e.j.service.BookRequestServiceImpl - 送出申請：requestId=21, requesterId=19, 書籍數=1
10:37:49.057 [pool-2-thread-2] WARN  c.e.j.service.BookRequestServiceImpl - 偵測到重複送出，直接回傳原始請求：idempotencyKey=504db597-7415-4313-995b-d5b4aee2a553
10:37:49.057 [pool-2-thread-2] DEBUG c.e.j.m.B.findByIdempotencyKey - ==>  Preparing: SELECT * FROM book_requests WHERE idempotency_key = ?
10:37:49.057 [pool-2-thread-2] DEBUG c.e.j.m.B.findByIdempotencyKey - ==> Parameters: 504db597-7415-4313-995b-d5b4aee2a553(String)
10:37:49.064 [pool-2-thread-2] DEBUG c.e.j.m.B.findByIdempotencyKey - <==      Total: 1
10:37:49.064 [main] DEBUG c.e.j.m.BookRequestMapper.findAll - ==>  Preparing: SELECT * FROM book_requests
10:37:49.064 [main] DEBUG c.e.j.m.BookRequestMapper.findAll - ==> Parameters: 
10:37:49.064 [main] DEBUG c.e.j.m.BookRequestMapper.findAll - <==      Total: 1
10:37:49.072 [main] DEBUG c.e.j.m.BookRequestMapper.insert - ==>  Preparing: INSERT INTO book_requests (requester_id, status, requested_at, idempotency_key) VALUES (?, ?, ?, ?)
10:37:49.074 [main] DEBUG c.e.j.m.BookRequestMapper.insert - ==> Parameters: 20(Long), PENDING(String), 2026-09-11 10:37:49.0728019(Timestamp), 6a104bcf-b323-475c-8a34-ac2f30f3377e(String)
10:37:49.074 [main] DEBUG c.e.j.m.BookRequestMapper.insert - <==    Updates: 1
10:37:49.074 [main] DEBUG c.e.j.m.BookRequestItemMapper.insert - ==>  Preparing: INSERT INTO book_request_items (book_request_id, title, isbn, author_id, published_year, estimated_price) VALUES (?, ?, ?, ?, ?, ?)
10:37:49.074 [main] DEBUG c.e.j.m.BookRequestItemMapper.insert - ==> Parameters: 28(Long), Effective Java(String), null, null, null, null
10:37:49.074 [main] DEBUG c.e.j.m.BookRequestItemMapper.insert - <==    Updates: 1
10:37:49.074 [main] DEBUG c.e.j.mapper.AuditLogMapper.insert - ==>  Preparing: INSERT INTO audit_logs (user_id, audited_at, action, entity_type, entity_id, detail) VALUES (?, ?, ?, ?, ?, ?)
10:37:49.076 [main] DEBUG c.e.j.mapper.AuditLogMapper.insert - ==> Parameters: 20(Long), 2026-09-11 10:37:49.0728019(Timestamp), SUBMIT(String), BOOK_REQUEST(String), 28(Long), [B@55c8fc60(byte[])
10:37:49.077 [main] DEBUG c.e.j.mapper.AuditLogMapper.insert - <==    Updates: 1
10:37:49.077 [main] INFO  c.e.j.service.BookRequestServiceImpl - 送出申請：requestId=28, requesterId=20, 書籍數=1
10:37:49.077 [main] DEBUG c.e.j.m.BookRequestMapper.insert - ==>  Preparing: INSERT INTO book_requests (requester_id, status, requested_at, idempotency_key) VALUES (?, ?, ?, ?)
10:37:49.077 [main] DEBUG c.e.j.m.BookRequestMapper.insert - ==> Parameters: 20(Long), PENDING(String), 2026-09-11 10:37:49.0777968(Timestamp), 6a104bcf-b323-475c-8a34-ac2f30f3377e(String)
10:37:49.077 [main] WARN  c.e.j.service.BookRequestServiceImpl - 偵測到重複送出，直接回傳原始請求：idempotencyKey=6a104bcf-b323-475c-8a34-ac2f30f3377e
10:37:49.077 [main] DEBUG c.e.j.m.B.findByIdempotencyKey - ==>  Preparing: SELECT * FROM book_requests WHERE idempotency_key = ?
10:37:49.077 [main] DEBUG c.e.j.m.B.findByIdempotencyKey - ==> Parameters: 6a104bcf-b323-475c-8a34-ac2f30f3377e(String)
10:37:49.077 [main] DEBUG c.e.j.m.B.findByIdempotencyKey - <==      Total: 1
10:37:49.077 [main] DEBUG c.e.j.m.BookRequestMapper.findAll - ==>  Preparing: SELECT * FROM book_requests
10:37:49.077 [main] DEBUG c.e.j.m.BookRequestMapper.findAll - ==> Parameters: 
10:37:49.077 [main] DEBUG c.e.j.m.BookRequestMapper.findAll - <==      Total: 1
10:37:49.186 [main] DEBUG c.e.j.m.BookRequestMapper.insert - ==>  Preparing: INSERT INTO book_requests (requester_id, status, requested_at, idempotency_key) VALUES (?, ?, ?, ?)
10:37:49.188 [main] DEBUG c.e.j.m.BookRequestMapper.insert - ==> Parameters: 21(Long), APPROVED(String), 2026-09-11 10:37:49.1867283(Timestamp), 2d28df56-5382-4089-90fe-7327db058a88(String)
10:37:49.188 [main] DEBUG c.e.j.m.BookRequestMapper.insert - <==    Updates: 1
10:37:49.188 [main] DEBUG c.e.j.m.BookRequestItemMapper.insert - ==>  Preparing: INSERT INTO book_request_items (book_request_id, title, isbn, author_id, published_year, estimated_price) VALUES (?, ?, ?, ?, ?, ?)
10:37:49.188 [main] DEBUG c.e.j.m.BookRequestItemMapper.insert - ==> Parameters: 30(Long), Effective Java(String), null, null, null, null
10:37:49.188 [main] DEBUG c.e.j.m.BookRequestItemMapper.insert - <==    Updates: 1
10:37:49.190 [main] DEBUG c.e.j.m.ProcurementItemMapper.insert - ==>  Preparing: INSERT INTO procurement_items (book_request_item_id, status) VALUES (?, ?)
10:37:49.191 [main] DEBUG c.e.j.m.ProcurementItemMapper.insert - ==> Parameters: 23(Long), PENDING(String)
10:37:49.191 [main] DEBUG c.e.j.m.ProcurementItemMapper.insert - <==    Updates: 1
10:37:49.196 [pool-3-thread-2] DEBUG c.e.j.m.P.findByIdForUpdate - ==>  Preparing: SELECT * FROM procurement_items WHERE id = ? FOR UPDATE
10:37:49.196 [pool-3-thread-1] DEBUG c.e.j.m.P.findByIdForUpdate - ==>  Preparing: SELECT * FROM procurement_items WHERE id = ? FOR UPDATE
10:37:49.196 [pool-3-thread-2] DEBUG c.e.j.m.P.findByIdForUpdate - ==> Parameters: 9(Long)
10:37:49.196 [pool-3-thread-1] DEBUG c.e.j.m.P.findByIdForUpdate - ==> Parameters: 9(Long)
10:37:49.202 [pool-3-thread-2] DEBUG c.e.j.m.P.findByIdForUpdate - <==      Total: 1
10:37:49.202 [pool-3-thread-2] DEBUG c.e.j.m.B.findById - ==>  Preparing: SELECT * FROM book_request_items WHERE id = ?
10:37:49.202 [pool-3-thread-2] DEBUG c.e.j.m.B.findById - ==> Parameters: 23(Long)
10:37:49.204 [pool-3-thread-2] DEBUG c.e.j.m.B.findById - <==      Total: 1
10:37:49.204 [pool-3-thread-2] DEBUG c.e.j.mapper.BookMapper.insert - ==>  Preparing: INSERT INTO books (title, isbn, author_id, published_year) VALUES (?, ?, ?, ?)
10:37:49.204 [pool-3-thread-2] DEBUG c.e.j.mapper.BookMapper.insert - ==> Parameters: Effective Java(String), null, null, null
10:37:49.204 [pool-3-thread-2] DEBUG c.e.j.mapper.BookMapper.insert - <==    Updates: 1
10:37:49.206 [pool-3-thread-2] DEBUG c.e.j.m.ProcurementItemMapper.update - ==>  Preparing: UPDATE procurement_items SET status = ?, procured_by = ?, procured_at = ?, book_id = ? WHERE id = ?
10:37:49.206 [pool-3-thread-2] DEBUG c.e.j.m.ProcurementItemMapper.update - ==> Parameters: COMPLETED(String), 23(Long), 2026-09-11 10:37:49.2068153(Timestamp), 43(Long), 9(Long)
10:37:49.206 [pool-3-thread-2] DEBUG c.e.j.m.ProcurementItemMapper.update - <==    Updates: 1
10:37:49.206 [pool-3-thread-2] DEBUG c.e.j.mapper.AuditLogMapper.insert - ==>  Preparing: INSERT INTO audit_logs (user_id, audited_at, action, entity_type, entity_id, detail) VALUES (?, ?, ?, ?, ?, ?)
10:37:49.209 [pool-3-thread-2] DEBUG c.e.j.mapper.AuditLogMapper.insert - ==> Parameters: 23(Long), 2026-09-11 10:37:49.2068153(Timestamp), COMPLETE_PROCUREMENT(String), PROCUREMENT_ITEM(String), 9(Long), [B@3b37254(byte[])
10:37:49.209 [pool-3-thread-2] DEBUG c.e.j.mapper.AuditLogMapper.insert - <==    Updates: 1
10:37:49.210 [pool-3-thread-2] INFO  c.e.j.service.ProcurementServiceImpl - 採購完成，書籍已入庫：procurementItemId=9, bookId=43, procuredBy=23
10:37:49.211 [pool-3-thread-1] DEBUG c.e.j.m.P.findByIdForUpdate - <==      Total: 1
10:37:49.211 [main] DEBUG c.e.j.m.P.findByStatus - ==>  Preparing: SELECT * FROM procurement_items WHERE status = ?
10:37:49.211 [main] DEBUG c.e.j.m.P.findByStatus - ==> Parameters: COMPLETED(String)
10:37:49.215 [main] DEBUG c.e.j.m.P.findByStatus - <==      Total: 1
13:26:01.639 [main] ERROR c.e.j.controller.HealthController - 健康檢查失敗：資料庫連線異常
org.springframework.dao.DataAccessResourceFailureException: connection refused
	at org.springframework.jdbc.core.JdbcTemplate.queryForObject(JdbcTemplate.java:516)
	at com.example.jsppractice.controller.HealthController.isDbUp(HealthController.java:45)
	at com.example.jsppractice.controller.HealthController.health(HealthController.java:27)
	at java.base/jdk.internal.reflect.DirectMethodHandleAccessor.invoke(DirectMethodHandleAccessor.java:104)
	at java.base/java.lang.reflect.Method.invoke(Method.java:565)
	at org.springframework.web.method.support.InvocableHandlerMethod.doInvoke(InvocableHandlerMethod.java:205)
	at org.springframework.web.method.support.InvocableHandlerMethod.invokeForRequest(InvocableHandlerMethod.java:150)
	at org.springframework.web.servlet.mvc.method.annotation.ServletInvocableHandlerMethod.invokeAndHandle(ServletInvocableHandlerMethod.java:117)
	at org.springframework.web.servlet.mvc.method.annotation.RequestMappingHandlerAdapter.invokeHandlerMethod(RequestMappingHandlerAdapter.java:903)
	at org.springframework.web.servlet.mvc.method.annotation.RequestMappingHandlerAdapter.handleInternal(RequestMappingHandlerAdapter.java:809)
	at org.springframework.web.servlet.mvc.method.AbstractHandlerMethodAdapter.handle(AbstractHandlerMethodAdapter.java:87)
	at org.springframework.web.servlet.DispatcherServlet.doDispatch(DispatcherServlet.java:1072)
	at org.springframework.web.servlet.DispatcherServlet.doService(DispatcherServlet.java:965)
	at org.springframework.web.servlet.FrameworkServlet.processRequest(FrameworkServlet.java:1006)
	at org.springframework.web.servlet.FrameworkServlet.doGet(FrameworkServlet.java:898)
	at javax.servlet.http.HttpServlet.service(HttpServlet.java:645)
	at org.springframework.web.servlet.FrameworkServlet.service(FrameworkServlet.java:883)
	at org.springframework.test.web.servlet.TestDispatcherServlet.service(TestDispatcherServlet.java:72)
	at javax.servlet.http.HttpServlet.service(HttpServlet.java:750)
	at org.springframework.mock.web.MockFilterChain$ServletFilterProxy.doFilter(MockFilterChain.java:167)
	at org.springframework.mock.web.MockFilterChain.doFilter(MockFilterChain.java:134)
	at org.springframework.test.web.servlet.MockMvc.perform(MockMvc.java:201)
	at com.example.jsppractice.controller.HealthControllerTest.returnsDownWithServiceUnavailableWhenDbQueryFails(HealthControllerTest.java:49)
	at java.base/jdk.internal.reflect.DirectMethodHandleAccessor.invoke(DirectMethodHandleAccessor.java:104)
	at java.base/java.lang.reflect.Method.invoke(Method.java:565)
	at org.junit.runners.model.FrameworkMethod$1.runReflectiveCall(FrameworkMethod.java:59)
	at org.junit.internal.runners.model.ReflectiveCallable.run(ReflectiveCallable.java:12)
	at org.junit.runners.model.FrameworkMethod.invokeExplosively(FrameworkMethod.java:56)
	at org.junit.internal.runners.statements.InvokeMethod.evaluate(InvokeMethod.java:17)
	at org.junit.internal.runners.statements.RunBefores.evaluate(RunBefores.java:26)
	at org.mockito.internal.runners.DefaultInternalRunner$1$1.evaluate(DefaultInternalRunner.java:55)
	at org.junit.runners.ParentRunner$3.evaluate(ParentRunner.java:306)
	at org.junit.runners.BlockJUnit4ClassRunner$1.evaluate(BlockJUnit4ClassRunner.java:100)
	at org.junit.runners.ParentRunner.runLeaf(ParentRunner.java:366)
	at org.junit.runners.BlockJUnit4ClassRunner.runChild(BlockJUnit4ClassRunner.java:103)
	at org.junit.runners.BlockJUnit4ClassRunner.runChild(BlockJUnit4ClassRunner.java:63)
	at org.junit.runners.ParentRunner$4.run(ParentRunner.java:331)
	at org.junit.runners.ParentRunner$1.schedule(ParentRunner.java:79)
	at org.junit.runners.ParentRunner.runChildren(ParentRunner.java:329)
	at org.junit.runners.ParentRunner.access$100(ParentRunner.java:66)
	at org.junit.runners.ParentRunner$2.evaluate(ParentRunner.java:293)
	at org.junit.runners.ParentRunner$3.evaluate(ParentRunner.java:306)
	at org.junit.runners.ParentRunner.run(ParentRunner.java:413)
	at org.mockito.internal.runners.DefaultInternalRunner$1.run(DefaultInternalRunner.java:100)
	at org.mockito.internal.runners.DefaultInternalRunner.run(DefaultInternalRunner.java:107)
	at org.mockito.internal.runners.StrictRunner.run(StrictRunner.java:42)
	at org.mockito.junit.MockitoJUnitRunner.run(MockitoJUnitRunner.java:163)
	at org.apache.maven.surefire.junit4.JUnit4Provider.execute(JUnit4Provider.java:316)
	at org.apache.maven.surefire.junit4.JUnit4Provider.executeWithRerun(JUnit4Provider.java:240)
	at org.apache.maven.surefire.junit4.JUnit4Provider.executeTestSet(JUnit4Provider.java:214)
	at org.apache.maven.surefire.junit4.JUnit4Provider.invoke(JUnit4Provider.java:155)
	at org.apache.maven.surefire.booter.ForkedBooter.runSuitesInProcess(ForkedBooter.java:385)
	at org.apache.maven.surefire.booter.ForkedBooter.execute(ForkedBooter.java:162)
	at org.apache.maven.surefire.booter.ForkedBooter.run(ForkedBooter.java:507)
	at org.apache.maven.surefire.booter.ForkedBooter.main(ForkedBooter.java:495)
13:26:38.376 [main] ERROR c.e.j.controller.HealthController - 健康檢查失敗：資料庫連線異常
org.springframework.dao.DataAccessResourceFailureException: connection refused
	at org.springframework.jdbc.core.JdbcTemplate.queryForObject(JdbcTemplate.java:516)
	at com.example.jsppractice.controller.HealthController.isDbUp(HealthController.java:45)
	at com.example.jsppractice.controller.HealthController.health(HealthController.java:27)
	at java.base/jdk.internal.reflect.DirectMethodHandleAccessor.invoke(DirectMethodHandleAccessor.java:104)
	at java.base/java.lang.reflect.Method.invoke(Method.java:565)
	at org.springframework.web.method.support.InvocableHandlerMethod.doInvoke(InvocableHandlerMethod.java:205)
	at org.springframework.web.method.support.InvocableHandlerMethod.invokeForRequest(InvocableHandlerMethod.java:150)
	at org.springframework.web.servlet.mvc.method.annotation.ServletInvocableHandlerMethod.invokeAndHandle(ServletInvocableHandlerMethod.java:117)
	at org.springframework.web.servlet.mvc.method.annotation.RequestMappingHandlerAdapter.invokeHandlerMethod(RequestMappingHandlerAdapter.java:903)
	at org.springframework.web.servlet.mvc.method.annotation.RequestMappingHandlerAdapter.handleInternal(RequestMappingHandlerAdapter.java:809)
	at org.springframework.web.servlet.mvc.method.AbstractHandlerMethodAdapter.handle(AbstractHandlerMethodAdapter.java:87)
	at org.springframework.web.servlet.DispatcherServlet.doDispatch(DispatcherServlet.java:1072)
	at org.springframework.web.servlet.DispatcherServlet.doService(DispatcherServlet.java:965)
	at org.springframework.web.servlet.FrameworkServlet.processRequest(FrameworkServlet.java:1006)
	at org.springframework.web.servlet.FrameworkServlet.doGet(FrameworkServlet.java:898)
	at javax.servlet.http.HttpServlet.service(HttpServlet.java:645)
	at org.springframework.web.servlet.FrameworkServlet.service(FrameworkServlet.java:883)
	at org.springframework.test.web.servlet.TestDispatcherServlet.service(TestDispatcherServlet.java:72)
	at javax.servlet.http.HttpServlet.service(HttpServlet.java:750)
	at org.springframework.mock.web.MockFilterChain$ServletFilterProxy.doFilter(MockFilterChain.java:167)
	at org.springframework.mock.web.MockFilterChain.doFilter(MockFilterChain.java:134)
	at org.springframework.test.web.servlet.MockMvc.perform(MockMvc.java:201)
	at com.example.jsppractice.controller.HealthControllerTest.returnsDownWithServiceUnavailableWhenDbQueryFails(HealthControllerTest.java:69)
	at java.base/jdk.internal.reflect.DirectMethodHandleAccessor.invoke(DirectMethodHandleAccessor.java:104)
	at java.base/java.lang.reflect.Method.invoke(Method.java:565)
	at org.junit.runners.model.FrameworkMethod$1.runReflectiveCall(FrameworkMethod.java:59)
	at org.junit.internal.runners.model.ReflectiveCallable.run(ReflectiveCallable.java:12)
	at org.junit.runners.model.FrameworkMethod.invokeExplosively(FrameworkMethod.java:56)
	at org.junit.internal.runners.statements.InvokeMethod.evaluate(InvokeMethod.java:17)
	at org.junit.internal.runners.statements.RunBefores.evaluate(RunBefores.java:26)
	at org.mockito.internal.runners.DefaultInternalRunner$1$1.evaluate(DefaultInternalRunner.java:55)
	at org.junit.runners.ParentRunner$3.evaluate(ParentRunner.java:306)
	at org.junit.runners.BlockJUnit4ClassRunner$1.evaluate(BlockJUnit4ClassRunner.java:100)
	at org.junit.runners.ParentRunner.runLeaf(ParentRunner.java:366)
	at org.junit.runners.BlockJUnit4ClassRunner.runChild(BlockJUnit4ClassRunner.java:103)
	at org.junit.runners.BlockJUnit4ClassRunner.runChild(BlockJUnit4ClassRunner.java:63)
	at org.junit.runners.ParentRunner$4.run(ParentRunner.java:331)
	at org.junit.runners.ParentRunner$1.schedule(ParentRunner.java:79)
	at org.junit.runners.ParentRunner.runChildren(ParentRunner.java:329)
	at org.junit.runners.ParentRunner.access$100(ParentRunner.java:66)
	at org.junit.runners.ParentRunner$2.evaluate(ParentRunner.java:293)
	at org.junit.runners.ParentRunner$3.evaluate(ParentRunner.java:306)
	at org.junit.runners.ParentRunner.run(ParentRunner.java:413)
	at org.mockito.internal.runners.DefaultInternalRunner$1.run(DefaultInternalRunner.java:100)
	at org.mockito.internal.runners.DefaultInternalRunner.run(DefaultInternalRunner.java:107)
	at org.mockito.internal.runners.StrictRunner.run(StrictRunner.java:42)
	at org.mockito.junit.MockitoJUnitRunner.run(MockitoJUnitRunner.java:163)
	at org.apache.maven.surefire.junit4.JUnit4Provider.execute(JUnit4Provider.java:316)
	at org.apache.maven.surefire.junit4.JUnit4Provider.executeWithRerun(JUnit4Provider.java:240)
	at org.apache.maven.surefire.junit4.JUnit4Provider.executeTestSet(JUnit4Provider.java:214)
	at org.apache.maven.surefire.junit4.JUnit4Provider.invoke(JUnit4Provider.java:155)
	at org.apache.maven.surefire.booter.ForkedBooter.runSuitesInProcess(ForkedBooter.java:385)
	at org.apache.maven.surefire.booter.ForkedBooter.execute(ForkedBooter.java:162)
	at org.apache.maven.surefire.booter.ForkedBooter.run(ForkedBooter.java:507)
	at org.apache.maven.surefire.booter.ForkedBooter.main(ForkedBooter.java:495)
13:26:47.580 [main] DEBUG c.e.j.mapper.CategoryMapper.insert - ==>  Preparing: INSERT INTO categories (name) VALUES (?)
13:26:47.593 [main] DEBUG c.e.j.mapper.CategoryMapper.insert - ==> Parameters: Programming(String)
13:26:47.594 [main] DEBUG c.e.j.mapper.CategoryMapper.insert - <==    Updates: 1
13:26:47.596 [main] DEBUG c.e.j.mapper.CategoryMapper.insert - ==>  Preparing: INSERT INTO categories (name) VALUES (?)
13:26:47.597 [main] DEBUG c.e.j.mapper.CategoryMapper.insert - ==> Parameters: Architecture(String)
13:26:47.597 [main] DEBUG c.e.j.mapper.CategoryMapper.insert - <==    Updates: 1
13:26:47.598 [main] DEBUG c.e.j.mapper.CategoryMapper.insert - ==>  Preparing: INSERT INTO categories (name) VALUES (?)
13:26:47.598 [main] DEBUG c.e.j.mapper.CategoryMapper.insert - ==> Parameters: Best Practice(String)
13:26:47.598 [main] DEBUG c.e.j.mapper.CategoryMapper.insert - <==    Updates: 1
13:26:47.599 [main] DEBUG c.e.j.mapper.BookMapper.insert - ==>  Preparing: INSERT INTO books (title, isbn, author_id, published_year) VALUES (?, ?, ?, ?)
13:26:47.604 [main] DEBUG c.e.j.mapper.BookMapper.insert - ==> Parameters: Effective Java(String), 9780134685991(String), 1(Long), 2018(Integer)
13:26:47.606 [main] DEBUG c.e.j.mapper.BookMapper.insert - <==    Updates: 1
13:26:47.617 [main] DEBUG c.e.j.m.B.deleteCategoriesByBookId - ==>  Preparing: DELETE FROM books_categories bc WHERE bc.book_id = ?
13:26:47.618 [main] DEBUG c.e.j.m.B.deleteCategoriesByBookId - ==> Parameters: 1(Long)
13:26:47.618 [main] DEBUG c.e.j.m.B.deleteCategoriesByBookId - <==    Updates: 0
13:26:47.631 [main] DEBUG c.e.j.m.B.insertBookCategories - ==>  Preparing: INSERT INTO books_categories (book_id, category_id) VALUES (?, ?) , (?, ?)
13:26:47.631 [main] DEBUG c.e.j.m.B.insertBookCategories - ==> Parameters: 1(Long), 1(Long), 1(Long), 3(Long)
13:26:47.632 [main] DEBUG c.e.j.m.B.insertBookCategories - <==    Updates: 2
13:26:47.633 [main] DEBUG c.e.j.mapper.BookMapper.insert - ==>  Preparing: INSERT INTO books (title, isbn, author_id, published_year) VALUES (?, ?, ?, ?)
13:26:47.634 [main] DEBUG c.e.j.mapper.BookMapper.insert - ==> Parameters: Clean Code(String), 9780132350884(String), 2(Long), 2008(Integer)
13:26:47.634 [main] DEBUG c.e.j.mapper.BookMapper.insert - <==    Updates: 1
13:26:47.635 [main] DEBUG c.e.j.m.B.deleteCategoriesByBookId - ==>  Preparing: DELETE FROM books_categories bc WHERE bc.book_id = ?
13:26:47.635 [main] DEBUG c.e.j.m.B.deleteCategoriesByBookId - ==> Parameters: 2(Long)
13:26:47.635 [main] DEBUG c.e.j.m.B.deleteCategoriesByBookId - <==    Updates: 0
13:26:47.635 [main] DEBUG c.e.j.m.B.insertBookCategories - ==>  Preparing: INSERT INTO books_categories (book_id, category_id) VALUES (?, ?)
13:26:47.635 [main] DEBUG c.e.j.m.B.insertBookCategories - ==> Parameters: 2(Long), 3(Long)
13:26:47.636 [main] DEBUG c.e.j.m.B.insertBookCategories - <==    Updates: 1
13:26:47.636 [main] DEBUG c.e.j.mapper.BookMapper.insert - ==>  Preparing: INSERT INTO books (title, isbn, author_id, published_year) VALUES (?, ?, ?, ?)
13:26:47.636 [main] DEBUG c.e.j.mapper.BookMapper.insert - ==> Parameters: Domain-Driven Design(String), 9780321125217(String), 3(Long), 2003(Integer)
13:26:47.637 [main] DEBUG c.e.j.mapper.BookMapper.insert - <==    Updates: 1
13:26:47.637 [main] DEBUG c.e.j.m.B.deleteCategoriesByBookId - ==>  Preparing: DELETE FROM books_categories bc WHERE bc.book_id = ?
13:26:47.637 [main] DEBUG c.e.j.m.B.deleteCategoriesByBookId - ==> Parameters: 3(Long)
13:26:47.637 [main] DEBUG c.e.j.m.B.deleteCategoriesByBookId - <==    Updates: 0
13:26:47.637 [main] DEBUG c.e.j.m.B.insertBookCategories - ==>  Preparing: INSERT INTO books_categories (book_id, category_id) VALUES (?, ?)
13:26:47.638 [main] DEBUG c.e.j.m.B.insertBookCategories - ==> Parameters: 3(Long), 2(Long)
13:26:47.638 [main] DEBUG c.e.j.m.B.insertBookCategories - <==    Updates: 1
13:26:47.639 [main] DEBUG c.e.j.mapper.BookMapper.insert - ==>  Preparing: INSERT INTO books (title, isbn, author_id, published_year) VALUES (?, ?, ?, ?)
13:26:47.639 [main] DEBUG c.e.j.mapper.BookMapper.insert - ==> Parameters: Clean Architecture(String), 9780134494166(String), 2(Long), 2017(Integer)
13:26:47.639 [main] DEBUG c.e.j.mapper.BookMapper.insert - <==    Updates: 1
13:26:47.640 [main] DEBUG c.e.j.m.B.deleteCategoriesByBookId - ==>  Preparing: DELETE FROM books_categories bc WHERE bc.book_id = ?
13:26:47.640 [main] DEBUG c.e.j.m.B.deleteCategoriesByBookId - ==> Parameters: 4(Long)
13:26:47.640 [main] DEBUG c.e.j.m.B.deleteCategoriesByBookId - <==    Updates: 0
13:26:47.641 [main] DEBUG c.e.j.m.B.insertBookCategories - ==>  Preparing: INSERT INTO books_categories (book_id, category_id) VALUES (?, ?) , (?, ?)
13:26:47.641 [main] DEBUG c.e.j.m.B.insertBookCategories - ==> Parameters: 4(Long), 2(Long), 4(Long), 3(Long)
13:26:47.641 [main] DEBUG c.e.j.m.B.insertBookCategories - <==    Updates: 2
13:26:47.642 [main] DEBUG c.e.j.mapper.BookMapper.insert - ==>  Preparing: INSERT INTO books (title, isbn, author_id, published_year) VALUES (?, ?, ?, ?)
13:26:47.643 [main] DEBUG c.e.j.mapper.BookMapper.insert - ==> Parameters: Java Concurrency in Practice(String), 9780321349606(String), 1(Long), 2006(Integer)
13:26:47.643 [main] DEBUG c.e.j.mapper.BookMapper.insert - <==    Updates: 1
13:26:47.643 [main] DEBUG c.e.j.m.B.deleteCategoriesByBookId - ==>  Preparing: DELETE FROM books_categories bc WHERE bc.book_id = ?
13:26:47.644 [main] DEBUG c.e.j.m.B.deleteCategoriesByBookId - ==> Parameters: 5(Long)
13:26:47.644 [main] DEBUG c.e.j.m.B.deleteCategoriesByBookId - <==    Updates: 0
13:26:47.644 [main] DEBUG c.e.j.m.B.insertBookCategories - ==>  Preparing: INSERT INTO books_categories (book_id, category_id) VALUES (?, ?)
13:26:47.644 [main] DEBUG c.e.j.m.B.insertBookCategories - ==> Parameters: 5(Long), 1(Long)
13:26:47.644 [main] DEBUG c.e.j.m.B.insertBookCategories - <==    Updates: 1
13:26:47.645 [main] DEBUG c.e.j.mapper.BookMapper.insert - ==>  Preparing: INSERT INTO books (title, isbn, author_id, published_year) VALUES (?, ?, ?, ?)
13:26:47.645 [main] DEBUG c.e.j.mapper.BookMapper.insert - ==> Parameters: Java Concurrency in Practice(String), 9780321349606(String), 1(Long), 2006(Integer)
13:26:47.646 [main] DEBUG c.e.j.mapper.BookMapper.insert - <==    Updates: 1
13:26:47.646 [main] DEBUG c.e.j.m.B.deleteCategoriesByBookId - ==>  Preparing: DELETE FROM books_categories bc WHERE bc.book_id = ?
13:26:47.646 [main] DEBUG c.e.j.m.B.deleteCategoriesByBookId - ==> Parameters: 6(Long)
13:26:47.646 [main] DEBUG c.e.j.m.B.deleteCategoriesByBookId - <==    Updates: 0
13:26:47.647 [main] DEBUG c.e.j.m.B.insertBookCategories - ==>  Preparing: INSERT INTO books_categories (book_id, category_id) VALUES (?, ?)
13:26:47.647 [main] DEBUG c.e.j.m.B.insertBookCategories - ==> Parameters: 6(Long), 1(Long)
13:26:47.647 [main] DEBUG c.e.j.m.B.insertBookCategories - <==    Updates: 1
13:26:47.648 [main] DEBUG c.e.j.mapper.BookMapper.insert - ==>  Preparing: INSERT INTO books (title, isbn, author_id, published_year) VALUES (?, ?, ?, ?)
13:26:47.648 [main] DEBUG c.e.j.mapper.BookMapper.insert - ==> Parameters: Java Concurrency in Practice(String), 9780321349606(String), 1(Long), 2006(Integer)
13:26:47.649 [main] DEBUG c.e.j.mapper.BookMapper.insert - <==    Updates: 1
13:26:47.649 [main] DEBUG c.e.j.m.B.deleteCategoriesByBookId - ==>  Preparing: DELETE FROM books_categories bc WHERE bc.book_id = ?
13:26:47.650 [main] DEBUG c.e.j.m.B.deleteCategoriesByBookId - ==> Parameters: 7(Long)
13:26:47.650 [main] DEBUG c.e.j.m.B.deleteCategoriesByBookId - <==    Updates: 0
13:26:47.651 [main] DEBUG c.e.j.m.B.insertBookCategories - ==>  Preparing: INSERT INTO books_categories (book_id, category_id) VALUES (?, ?)
13:26:47.652 [main] DEBUG c.e.j.m.B.insertBookCategories - ==> Parameters: 7(Long), 1(Long)
13:26:47.653 [main] DEBUG c.e.j.m.B.insertBookCategories - <==    Updates: 1
13:26:47.654 [main] DEBUG c.e.j.mapper.BookMapper.insert - ==>  Preparing: INSERT INTO books (title, isbn, author_id, published_year) VALUES (?, ?, ?, ?)
13:26:47.654 [main] DEBUG c.e.j.mapper.BookMapper.insert - ==> Parameters: Java Concurrency in Practice(String), 9780321349606(String), 1(Long), 2006(Integer)
13:26:47.655 [main] DEBUG c.e.j.mapper.BookMapper.insert - <==    Updates: 1
13:26:47.656 [main] DEBUG c.e.j.m.B.deleteCategoriesByBookId - ==>  Preparing: DELETE FROM books_categories bc WHERE bc.book_id = ?
13:26:47.657 [main] DEBUG c.e.j.m.B.deleteCategoriesByBookId - ==> Parameters: 8(Long)
13:26:47.657 [main] DEBUG c.e.j.m.B.deleteCategoriesByBookId - <==    Updates: 0
13:26:47.657 [main] DEBUG c.e.j.m.B.insertBookCategories - ==>  Preparing: INSERT INTO books_categories (book_id, category_id) VALUES (?, ?)
13:26:47.657 [main] DEBUG c.e.j.m.B.insertBookCategories - ==> Parameters: 8(Long), 1(Long)
13:26:47.658 [main] DEBUG c.e.j.m.B.insertBookCategories - <==    Updates: 1
13:26:47.658 [main] DEBUG c.e.j.mapper.BookMapper.insert - ==>  Preparing: INSERT INTO books (title, isbn, author_id, published_year) VALUES (?, ?, ?, ?)
13:26:47.658 [main] DEBUG c.e.j.mapper.BookMapper.insert - ==> Parameters: Java Concurrency in Practice(String), 9780321349606(String), 1(Long), 2006(Integer)
13:26:47.659 [main] DEBUG c.e.j.mapper.BookMapper.insert - <==    Updates: 1
13:26:47.659 [main] DEBUG c.e.j.m.B.deleteCategoriesByBookId - ==>  Preparing: DELETE FROM books_categories bc WHERE bc.book_id = ?
13:26:47.660 [main] DEBUG c.e.j.m.B.deleteCategoriesByBookId - ==> Parameters: 9(Long)
13:26:47.660 [main] DEBUG c.e.j.m.B.deleteCategoriesByBookId - <==    Updates: 0
13:26:47.660 [main] DEBUG c.e.j.m.B.insertBookCategories - ==>  Preparing: INSERT INTO books_categories (book_id, category_id) VALUES (?, ?)
13:26:47.660 [main] DEBUG c.e.j.m.B.insertBookCategories - ==> Parameters: 9(Long), 1(Long)
13:26:47.660 [main] DEBUG c.e.j.m.B.insertBookCategories - <==    Updates: 1
13:26:47.661 [main] DEBUG c.e.j.mapper.BookMapper.insert - ==>  Preparing: INSERT INTO books (title, isbn, author_id, published_year) VALUES (?, ?, ?, ?)
13:26:47.661 [main] DEBUG c.e.j.mapper.BookMapper.insert - ==> Parameters: Java Concurrency in Practice(String), 9780321349606(String), 1(Long), 2006(Integer)
13:26:47.662 [main] DEBUG c.e.j.mapper.BookMapper.insert - <==    Updates: 1
13:26:47.662 [main] DEBUG c.e.j.m.B.deleteCategoriesByBookId - ==>  Preparing: DELETE FROM books_categories bc WHERE bc.book_id = ?
13:26:47.662 [main] DEBUG c.e.j.m.B.deleteCategoriesByBookId - ==> Parameters: 10(Long)
13:26:47.663 [main] DEBUG c.e.j.m.B.deleteCategoriesByBookId - <==    Updates: 0
13:26:47.663 [main] DEBUG c.e.j.m.B.insertBookCategories - ==>  Preparing: INSERT INTO books_categories (book_id, category_id) VALUES (?, ?)
13:26:47.663 [main] DEBUG c.e.j.m.B.insertBookCategories - ==> Parameters: 10(Long), 1(Long)
13:26:47.663 [main] DEBUG c.e.j.m.B.insertBookCategories - <==    Updates: 1
13:26:47.664 [main] DEBUG c.e.j.mapper.BookMapper.insert - ==>  Preparing: INSERT INTO books (title, isbn, author_id, published_year) VALUES (?, ?, ?, ?)
13:26:47.664 [main] DEBUG c.e.j.mapper.BookMapper.insert - ==> Parameters: Java Concurrency in Practice(String), 9780321349606(String), 1(Long), 2006(Integer)
13:26:47.664 [main] DEBUG c.e.j.mapper.BookMapper.insert - <==    Updates: 1
13:26:47.665 [main] DEBUG c.e.j.m.B.deleteCategoriesByBookId - ==>  Preparing: DELETE FROM books_categories bc WHERE bc.book_id = ?
13:26:47.665 [main] DEBUG c.e.j.m.B.deleteCategoriesByBookId - ==> Parameters: 11(Long)
13:26:47.665 [main] DEBUG c.e.j.m.B.deleteCategoriesByBookId - <==    Updates: 0
13:26:47.665 [main] DEBUG c.e.j.m.B.insertBookCategories - ==>  Preparing: INSERT INTO books_categories (book_id, category_id) VALUES (?, ?)
13:26:47.665 [main] DEBUG c.e.j.m.B.insertBookCategories - ==> Parameters: 11(Long), 1(Long)
13:26:47.666 [main] DEBUG c.e.j.m.B.insertBookCategories - <==    Updates: 1
13:26:47.666 [main] DEBUG c.e.j.mapper.BookMapper.insert - ==>  Preparing: INSERT INTO books (title, isbn, author_id, published_year) VALUES (?, ?, ?, ?)
13:26:47.666 [main] DEBUG c.e.j.mapper.BookMapper.insert - ==> Parameters: Java Concurrency in Practice(String), 9780321349606(String), 1(Long), 2006(Integer)
13:26:47.666 [main] DEBUG c.e.j.mapper.BookMapper.insert - <==    Updates: 1
13:26:47.667 [main] DEBUG c.e.j.m.B.deleteCategoriesByBookId - ==>  Preparing: DELETE FROM books_categories bc WHERE bc.book_id = ?
13:26:47.667 [main] DEBUG c.e.j.m.B.deleteCategoriesByBookId - ==> Parameters: 12(Long)
13:26:47.667 [main] DEBUG c.e.j.m.B.deleteCategoriesByBookId - <==    Updates: 0
13:26:47.668 [main] DEBUG c.e.j.m.B.insertBookCategories - ==>  Preparing: INSERT INTO books_categories (book_id, category_id) VALUES (?, ?)
13:26:47.668 [main] DEBUG c.e.j.m.B.insertBookCategories - ==> Parameters: 12(Long), 1(Long)
13:26:47.668 [main] DEBUG c.e.j.m.B.insertBookCategories - <==    Updates: 1
13:26:47.669 [main] DEBUG c.e.j.mapper.BookMapper.insert - ==>  Preparing: INSERT INTO books (title, isbn, author_id, published_year) VALUES (?, ?, ?, ?)
13:26:47.669 [main] DEBUG c.e.j.mapper.BookMapper.insert - ==> Parameters: Java Concurrency in Practice(String), 9780321349606(String), 1(Long), 2006(Integer)
13:26:47.669 [main] DEBUG c.e.j.mapper.BookMapper.insert - <==    Updates: 1
13:26:47.670 [main] DEBUG c.e.j.m.B.deleteCategoriesByBookId - ==>  Preparing: DELETE FROM books_categories bc WHERE bc.book_id = ?
13:26:47.670 [main] DEBUG c.e.j.m.B.deleteCategoriesByBookId - ==> Parameters: 13(Long)
13:26:47.670 [main] DEBUG c.e.j.m.B.deleteCategoriesByBookId - <==    Updates: 0
13:26:47.670 [main] DEBUG c.e.j.m.B.insertBookCategories - ==>  Preparing: INSERT INTO books_categories (book_id, category_id) VALUES (?, ?)
13:26:47.670 [main] DEBUG c.e.j.m.B.insertBookCategories - ==> Parameters: 13(Long), 1(Long)
13:26:47.671 [main] DEBUG c.e.j.m.B.insertBookCategories - <==    Updates: 1
13:26:47.671 [main] DEBUG c.e.j.mapper.BookMapper.insert - ==>  Preparing: INSERT INTO books (title, isbn, author_id, published_year) VALUES (?, ?, ?, ?)
13:26:47.672 [main] DEBUG c.e.j.mapper.BookMapper.insert - ==> Parameters: Java Concurrency in Practice(String), 9780321349606(String), 1(Long), 2006(Integer)
13:26:47.672 [main] DEBUG c.e.j.mapper.BookMapper.insert - <==    Updates: 1
13:26:47.673 [main] DEBUG c.e.j.m.B.deleteCategoriesByBookId - ==>  Preparing: DELETE FROM books_categories bc WHERE bc.book_id = ?
13:26:47.673 [main] DEBUG c.e.j.m.B.deleteCategoriesByBookId - ==> Parameters: 14(Long)
13:26:47.673 [main] DEBUG c.e.j.m.B.deleteCategoriesByBookId - <==    Updates: 0
13:26:47.674 [main] DEBUG c.e.j.m.B.insertBookCategories - ==>  Preparing: INSERT INTO books_categories (book_id, category_id) VALUES (?, ?)
13:26:47.674 [main] DEBUG c.e.j.m.B.insertBookCategories - ==> Parameters: 14(Long), 1(Long)
13:26:47.674 [main] DEBUG c.e.j.m.B.insertBookCategories - <==    Updates: 1
13:26:47.675 [main] DEBUG c.e.j.mapper.BookMapper.insert - ==>  Preparing: INSERT INTO books (title, isbn, author_id, published_year) VALUES (?, ?, ?, ?)
13:26:47.675 [main] DEBUG c.e.j.mapper.BookMapper.insert - ==> Parameters: Java Concurrency in Practice(String), 9780321349606(String), 1(Long), 2006(Integer)
13:26:47.675 [main] DEBUG c.e.j.mapper.BookMapper.insert - <==    Updates: 1
13:26:47.676 [main] DEBUG c.e.j.m.B.deleteCategoriesByBookId - ==>  Preparing: DELETE FROM books_categories bc WHERE bc.book_id = ?
13:26:47.676 [main] DEBUG c.e.j.m.B.deleteCategoriesByBookId - ==> Parameters: 15(Long)
13:26:47.676 [main] DEBUG c.e.j.m.B.deleteCategoriesByBookId - <==    Updates: 0
13:26:47.676 [main] DEBUG c.e.j.m.B.insertBookCategories - ==>  Preparing: INSERT INTO books_categories (book_id, category_id) VALUES (?, ?)
13:26:47.676 [main] DEBUG c.e.j.m.B.insertBookCategories - ==> Parameters: 15(Long), 1(Long)
13:26:47.677 [main] DEBUG c.e.j.m.B.insertBookCategories - <==    Updates: 1
13:26:47.677 [main] DEBUG c.e.j.mapper.BookMapper.insert - ==>  Preparing: INSERT INTO books (title, isbn, author_id, published_year) VALUES (?, ?, ?, ?)
13:26:47.677 [main] DEBUG c.e.j.mapper.BookMapper.insert - ==> Parameters: Java Concurrency in Practice(String), 9780321349606(String), 1(Long), 2006(Integer)
13:26:47.678 [main] DEBUG c.e.j.mapper.BookMapper.insert - <==    Updates: 1
13:26:47.678 [main] DEBUG c.e.j.m.B.deleteCategoriesByBookId - ==>  Preparing: DELETE FROM books_categories bc WHERE bc.book_id = ?
13:26:47.678 [main] DEBUG c.e.j.m.B.deleteCategoriesByBookId - ==> Parameters: 16(Long)
13:26:47.679 [main] DEBUG c.e.j.m.B.deleteCategoriesByBookId - <==    Updates: 0
13:26:47.679 [main] DEBUG c.e.j.m.B.insertBookCategories - ==>  Preparing: INSERT INTO books_categories (book_id, category_id) VALUES (?, ?)
13:26:47.679 [main] DEBUG c.e.j.m.B.insertBookCategories - ==> Parameters: 16(Long), 1(Long)
13:26:47.679 [main] DEBUG c.e.j.m.B.insertBookCategories - <==    Updates: 1
13:26:47.679 [main] DEBUG c.e.j.mapper.BookMapper.insert - ==>  Preparing: INSERT INTO books (title, isbn, author_id, published_year) VALUES (?, ?, ?, ?)
13:26:47.680 [main] DEBUG c.e.j.mapper.BookMapper.insert - ==> Parameters: Java Concurrency in Practice(String), 9780321349606(String), 1(Long), 2006(Integer)
13:26:47.680 [main] DEBUG c.e.j.mapper.BookMapper.insert - <==    Updates: 1
13:26:47.680 [main] DEBUG c.e.j.m.B.deleteCategoriesByBookId - ==>  Preparing: DELETE FROM books_categories bc WHERE bc.book_id = ?
13:26:47.681 [main] DEBUG c.e.j.m.B.deleteCategoriesByBookId - ==> Parameters: 17(Long)
13:26:47.681 [main] DEBUG c.e.j.m.B.deleteCategoriesByBookId - <==    Updates: 0
13:26:47.681 [main] DEBUG c.e.j.m.B.insertBookCategories - ==>  Preparing: INSERT INTO books_categories (book_id, category_id) VALUES (?, ?)
13:26:47.681 [main] DEBUG c.e.j.m.B.insertBookCategories - ==> Parameters: 17(Long), 1(Long)
13:26:47.681 [main] DEBUG c.e.j.m.B.insertBookCategories - <==    Updates: 1
13:26:47.682 [main] DEBUG c.e.j.mapper.BookMapper.insert - ==>  Preparing: INSERT INTO books (title, isbn, author_id, published_year) VALUES (?, ?, ?, ?)
13:26:47.682 [main] DEBUG c.e.j.mapper.BookMapper.insert - ==> Parameters: Java Concurrency in Practice(String), 9780321349606(String), 1(Long), 2006(Integer)
13:26:47.682 [main] DEBUG c.e.j.mapper.BookMapper.insert - <==    Updates: 1
13:26:47.683 [main] DEBUG c.e.j.m.B.deleteCategoriesByBookId - ==>  Preparing: DELETE FROM books_categories bc WHERE bc.book_id = ?
13:26:47.683 [main] DEBUG c.e.j.m.B.deleteCategoriesByBookId - ==> Parameters: 18(Long)
13:26:47.683 [main] DEBUG c.e.j.m.B.deleteCategoriesByBookId - <==    Updates: 0
13:26:47.683 [main] DEBUG c.e.j.m.B.insertBookCategories - ==>  Preparing: INSERT INTO books_categories (book_id, category_id) VALUES (?, ?)
13:26:47.683 [main] DEBUG c.e.j.m.B.insertBookCategories - ==> Parameters: 18(Long), 1(Long)
13:26:47.684 [main] DEBUG c.e.j.m.B.insertBookCategories - <==    Updates: 1
13:26:47.684 [main] DEBUG c.e.j.mapper.BookMapper.insert - ==>  Preparing: INSERT INTO books (title, isbn, author_id, published_year) VALUES (?, ?, ?, ?)
13:26:47.684 [main] DEBUG c.e.j.mapper.BookMapper.insert - ==> Parameters: Java Concurrency in Practice(String), 9780321349606(String), 1(Long), 2006(Integer)
13:26:47.684 [main] DEBUG c.e.j.mapper.BookMapper.insert - <==    Updates: 1
13:26:47.685 [main] DEBUG c.e.j.m.B.deleteCategoriesByBookId - ==>  Preparing: DELETE FROM books_categories bc WHERE bc.book_id = ?
13:26:47.685 [main] DEBUG c.e.j.m.B.deleteCategoriesByBookId - ==> Parameters: 19(Long)
13:26:47.685 [main] DEBUG c.e.j.m.B.deleteCategoriesByBookId - <==    Updates: 0
13:26:47.685 [main] DEBUG c.e.j.m.B.insertBookCategories - ==>  Preparing: INSERT INTO books_categories (book_id, category_id) VALUES (?, ?)
13:26:47.686 [main] DEBUG c.e.j.m.B.insertBookCategories - ==> Parameters: 19(Long), 1(Long)
13:26:47.686 [main] DEBUG c.e.j.m.B.insertBookCategories - <==    Updates: 1
13:26:47.686 [main] DEBUG c.e.j.mapper.BookMapper.insert - ==>  Preparing: INSERT INTO books (title, isbn, author_id, published_year) VALUES (?, ?, ?, ?)
13:26:47.687 [main] DEBUG c.e.j.mapper.BookMapper.insert - ==> Parameters: Java Concurrency in Practice(String), 9780321349606(String), 1(Long), 2006(Integer)
13:26:47.687 [main] DEBUG c.e.j.mapper.BookMapper.insert - <==    Updates: 1
13:26:47.687 [main] DEBUG c.e.j.m.B.deleteCategoriesByBookId - ==>  Preparing: DELETE FROM books_categories bc WHERE bc.book_id = ?
13:26:47.687 [main] DEBUG c.e.j.m.B.deleteCategoriesByBookId - ==> Parameters: 20(Long)
13:26:47.688 [main] DEBUG c.e.j.m.B.deleteCategoriesByBookId - <==    Updates: 0
13:26:47.688 [main] DEBUG c.e.j.m.B.insertBookCategories - ==>  Preparing: INSERT INTO books_categories (book_id, category_id) VALUES (?, ?)
13:26:47.688 [main] DEBUG c.e.j.m.B.insertBookCategories - ==> Parameters: 20(Long), 1(Long)
13:26:47.688 [main] DEBUG c.e.j.m.B.insertBookCategories - <==    Updates: 1
13:26:47.689 [main] DEBUG c.e.j.mapper.BookMapper.insert - ==>  Preparing: INSERT INTO books (title, isbn, author_id, published_year) VALUES (?, ?, ?, ?)
13:26:47.689 [main] DEBUG c.e.j.mapper.BookMapper.insert - ==> Parameters: Java Concurrency in Practice(String), 9780321349606(String), 1(Long), 2006(Integer)
13:26:47.689 [main] DEBUG c.e.j.mapper.BookMapper.insert - <==    Updates: 1
13:26:47.690 [main] DEBUG c.e.j.m.B.deleteCategoriesByBookId - ==>  Preparing: DELETE FROM books_categories bc WHERE bc.book_id = ?
13:26:47.690 [main] DEBUG c.e.j.m.B.deleteCategoriesByBookId - ==> Parameters: 21(Long)
13:26:47.691 [main] DEBUG c.e.j.m.B.deleteCategoriesByBookId - <==    Updates: 0
13:26:47.691 [main] DEBUG c.e.j.m.B.insertBookCategories - ==>  Preparing: INSERT INTO books_categories (book_id, category_id) VALUES (?, ?)
13:26:47.691 [main] DEBUG c.e.j.m.B.insertBookCategories - ==> Parameters: 21(Long), 1(Long)
13:26:47.691 [main] DEBUG c.e.j.m.B.insertBookCategories - <==    Updates: 1
13:26:47.692 [main] DEBUG c.e.j.mapper.BookMapper.insert - ==>  Preparing: INSERT INTO books (title, isbn, author_id, published_year) VALUES (?, ?, ?, ?)
13:26:47.692 [main] DEBUG c.e.j.mapper.BookMapper.insert - ==> Parameters: Java Concurrency in Practice(String), 9780321349606(String), 1(Long), 2006(Integer)
13:26:47.693 [main] DEBUG c.e.j.mapper.BookMapper.insert - <==    Updates: 1
13:26:47.693 [main] DEBUG c.e.j.m.B.deleteCategoriesByBookId - ==>  Preparing: DELETE FROM books_categories bc WHERE bc.book_id = ?
13:26:47.693 [main] DEBUG c.e.j.m.B.deleteCategoriesByBookId - ==> Parameters: 22(Long)
13:26:47.693 [main] DEBUG c.e.j.m.B.deleteCategoriesByBookId - <==    Updates: 0
13:26:47.694 [main] DEBUG c.e.j.m.B.insertBookCategories - ==>  Preparing: INSERT INTO books_categories (book_id, category_id) VALUES (?, ?)
13:26:47.694 [main] DEBUG c.e.j.m.B.insertBookCategories - ==> Parameters: 22(Long), 1(Long)
13:26:47.694 [main] DEBUG c.e.j.m.B.insertBookCategories - <==    Updates: 1
13:26:47.695 [main] DEBUG c.e.j.mapper.BookMapper.insert - ==>  Preparing: INSERT INTO books (title, isbn, author_id, published_year) VALUES (?, ?, ?, ?)
13:26:47.695 [main] DEBUG c.e.j.mapper.BookMapper.insert - ==> Parameters: Java Concurrency in Practice(String), 9780321349606(String), 1(Long), 2006(Integer)
13:26:47.695 [main] DEBUG c.e.j.mapper.BookMapper.insert - <==    Updates: 1
13:26:47.696 [main] DEBUG c.e.j.m.B.deleteCategoriesByBookId - ==>  Preparing: DELETE FROM books_categories bc WHERE bc.book_id = ?
13:26:47.696 [main] DEBUG c.e.j.m.B.deleteCategoriesByBookId - ==> Parameters: 23(Long)
13:26:47.696 [main] DEBUG c.e.j.m.B.deleteCategoriesByBookId - <==    Updates: 0
13:26:47.696 [main] DEBUG c.e.j.m.B.insertBookCategories - ==>  Preparing: INSERT INTO books_categories (book_id, category_id) VALUES (?, ?)
13:26:47.696 [main] DEBUG c.e.j.m.B.insertBookCategories - ==> Parameters: 23(Long), 1(Long)
13:26:47.697 [main] DEBUG c.e.j.m.B.insertBookCategories - <==    Updates: 1
13:26:47.697 [main] DEBUG c.e.j.mapper.BookMapper.insert - ==>  Preparing: INSERT INTO books (title, isbn, author_id, published_year) VALUES (?, ?, ?, ?)
13:26:47.697 [main] DEBUG c.e.j.mapper.BookMapper.insert - ==> Parameters: Java Concurrency in Practice(String), 9780321349606(String), 1(Long), 2006(Integer)
13:26:47.697 [main] DEBUG c.e.j.mapper.BookMapper.insert - <==    Updates: 1
13:26:47.698 [main] DEBUG c.e.j.m.B.deleteCategoriesByBookId - ==>  Preparing: DELETE FROM books_categories bc WHERE bc.book_id = ?
13:26:47.698 [main] DEBUG c.e.j.m.B.deleteCategoriesByBookId - ==> Parameters: 24(Long)
13:26:47.698 [main] DEBUG c.e.j.m.B.deleteCategoriesByBookId - <==    Updates: 0
13:26:47.698 [main] DEBUG c.e.j.m.B.insertBookCategories - ==>  Preparing: INSERT INTO books_categories (book_id, category_id) VALUES (?, ?)
13:26:47.698 [main] DEBUG c.e.j.m.B.insertBookCategories - ==> Parameters: 24(Long), 1(Long)
13:26:47.699 [main] DEBUG c.e.j.m.B.insertBookCategories - <==    Updates: 1
13:26:47.702 [main] DEBUG c.e.j.mapper.UserMapper.findByEmail - ==>  Preparing: SELECT * FROM users u WHERE u.email = ?
13:26:47.702 [main] DEBUG c.e.j.mapper.UserMapper.findByEmail - ==> Parameters: user@example.com(String)
13:26:47.712 [main] DEBUG c.e.j.mapper.UserMapper.findByEmail - <==      Total: 0
13:26:47.777 [main] DEBUG c.e.j.mapper.UserMapper.insert - ==>  Preparing: INSERT INTO users (email, name, password_hash, role) VALUES (?, ?, ?, ?)
13:26:47.779 [main] DEBUG c.e.j.mapper.UserMapper.insert - ==> Parameters: user@example.com(String), 測試使用者(String), $2a$10$U7nkbIHSYpGpy4NxZqGbpOcDzm1aPvh4e/fhwuXM/mDpaBUIw73M2(String), USER(String)
13:26:47.779 [main] DEBUG c.e.j.mapper.UserMapper.insert - <==    Updates: 1
13:26:47.780 [main] INFO  c.e.j.service.AuthServiceImpl - 新使用者註冊：userId=1, email=user@example.com
13:26:47.836 [main] DEBUG c.e.j.mapper.UserMapper.insert - ==>  Preparing: INSERT INTO users (email, name, password_hash, role) VALUES (?, ?, ?, ?)
13:26:47.837 [main] DEBUG c.e.j.mapper.UserMapper.insert - ==> Parameters: admin@example.com(String), 管理員(String), $2a$10$mZHg8dW4mC3fm.WQ8FZk6.59G9.GXmqJqx0RpoZP5epBp.yxpnMuS(String), ADMIN(String)
13:26:47.837 [main] DEBUG c.e.j.mapper.UserMapper.insert - <==    Updates: 1
13:26:47.895 [main] DEBUG c.e.j.mapper.UserMapper.insert - ==>  Preparing: INSERT INTO users (email, name, password_hash, role) VALUES (?, ?, ?, ?)
13:26:47.896 [main] DEBUG c.e.j.mapper.UserMapper.insert - ==> Parameters: procurement@example.com(String), 採購人員(String), $2a$10$Yg6XVWgRR161eKlq6v.PSuMNo1BcCOXvoO.zIzRbzLGfDnH5kZ9fG(String), PROCUREMENT(String)
13:26:47.896 [main] DEBUG c.e.j.mapper.UserMapper.insert - <==    Updates: 1
13:26:47.900 [main] DEBUG c.e.j.m.BookRequestMapper.insert - ==>  Preparing: INSERT INTO book_requests (requester_id, status, requested_at, idempotency_key) VALUES (?, ?, ?, ?)
13:26:47.903 [main] DEBUG c.e.j.m.BookRequestMapper.insert - ==> Parameters: 1(Long), PENDING(String), 2026-09-11 13:26:47.9009247(Timestamp), f687a648-989b-4cc7-ab8c-8f5d62d9c515(String)
13:26:47.904 [main] DEBUG c.e.j.m.BookRequestMapper.insert - <==    Updates: 1
13:26:47.904 [main] DEBUG c.e.j.m.BookRequestItemMapper.insert - ==>  Preparing: INSERT INTO book_request_items (book_request_id, title, isbn, author_id, published_year, estimated_price) VALUES (?, ?, ?, ?, ?, ?)
13:26:47.904 [main] DEBUG c.e.j.m.BookRequestItemMapper.insert - ==> Parameters: 1(Long), Refactoring(String), null, null, null, null
13:26:47.905 [main] DEBUG c.e.j.m.BookRequestItemMapper.insert - <==    Updates: 1
13:26:47.907 [main] DEBUG c.e.j.mapper.AuditLogMapper.insert - ==>  Preparing: INSERT INTO audit_logs (user_id, audited_at, action, entity_type, entity_id, detail) VALUES (?, ?, ?, ?, ?, ?)
13:26:47.953 [main] DEBUG c.e.j.mapper.AuditLogMapper.insert - ==> Parameters: 1(Long), 2026-09-11 13:26:47.9009247(Timestamp), SUBMIT(String), BOOK_REQUEST(String), 1(Long), [B@77a074b4(byte[])
13:26:47.957 [main] DEBUG c.e.j.mapper.AuditLogMapper.insert - <==    Updates: 1
13:26:47.957 [main] INFO  c.e.j.service.BookRequestServiceImpl - 送出申請：requestId=1, requesterId=1, 書籍數=1
13:26:47.964 [main] DEBUG c.e.j.m.BookRequestMapper.insert - ==>  Preparing: INSERT INTO book_requests (requester_id, status, requested_at, idempotency_key) VALUES (?, ?, ?, ?)
13:26:47.965 [main] DEBUG c.e.j.m.BookRequestMapper.insert - ==> Parameters: 1(Long), PENDING(String), 2026-09-11 13:26:47.959654(Timestamp), 3279e43c-7c15-4c04-a2e8-a977a432bb18(String)
13:26:47.966 [main] DEBUG c.e.j.m.BookRequestMapper.insert - <==    Updates: 1
13:26:47.966 [main] DEBUG c.e.j.m.BookRequestItemMapper.insert - ==>  Preparing: INSERT INTO book_request_items (book_request_id, title, isbn, author_id, published_year, estimated_price) VALUES (?, ?, ?, ?, ?, ?)
13:26:47.966 [main] DEBUG c.e.j.m.BookRequestItemMapper.insert - ==> Parameters: 2(Long), The Pragmatic Programmer(String), 9780135957059(String), null, 2019(Integer), 850(BigDecimal)
13:26:47.967 [main] DEBUG c.e.j.m.BookRequestItemMapper.insert - <==    Updates: 1
13:26:47.967 [main] DEBUG c.e.j.m.BookRequestItemMapper.insert - ==>  Preparing: INSERT INTO book_request_items (book_request_id, title, isbn, author_id, published_year, estimated_price) VALUES (?, ?, ?, ?, ?, ?)
13:26:47.969 [main] DEBUG c.e.j.m.BookRequestItemMapper.insert - ==> Parameters: 2(Long), Head First Design Patterns(String), null, null, null, null
13:26:47.970 [main] DEBUG c.e.j.m.BookRequestItemMapper.insert - <==    Updates: 1
13:26:47.970 [main] DEBUG c.e.j.mapper.AuditLogMapper.insert - ==>  Preparing: INSERT INTO audit_logs (user_id, audited_at, action, entity_type, entity_id, detail) VALUES (?, ?, ?, ?, ?, ?)
13:26:47.971 [main] DEBUG c.e.j.mapper.AuditLogMapper.insert - ==> Parameters: 1(Long), 2026-09-11 13:26:47.959654(Timestamp), SUBMIT(String), BOOK_REQUEST(String), 2(Long), [B@38ed139b(byte[])
13:26:47.972 [main] DEBUG c.e.j.mapper.AuditLogMapper.insert - <==    Updates: 1
13:26:47.972 [main] INFO  c.e.j.service.BookRequestServiceImpl - 送出申請：requestId=2, requesterId=1, 書籍數=2
13:26:47.973 [main] DEBUG c.e.j.m.BookRequestMapper.insert - ==>  Preparing: INSERT INTO book_requests (requester_id, status, requested_at, idempotency_key) VALUES (?, ?, ?, ?)
13:26:47.973 [main] DEBUG c.e.j.m.BookRequestMapper.insert - ==> Parameters: 1(Long), PENDING(String), 2026-09-11 13:26:47.973707(Timestamp), 389a8952-3154-4cac-83b2-a639e4069fa3(String)
13:26:47.973 [main] DEBUG c.e.j.m.BookRequestMapper.insert - <==    Updates: 1
13:26:47.975 [main] DEBUG c.e.j.m.BookRequestItemMapper.insert - ==>  Preparing: INSERT INTO book_request_items (book_request_id, title, isbn, author_id, published_year, estimated_price) VALUES (?, ?, ?, ?, ?, ?)
13:26:47.975 [main] DEBUG c.e.j.m.BookRequestItemMapper.insert - ==> Parameters: 3(Long), Test-Driven Development(String), 9780321146533(String), null, 2002(Integer), null
13:26:47.975 [main] DEBUG c.e.j.m.BookRequestItemMapper.insert - <==    Updates: 1
13:26:47.975 [main] DEBUG c.e.j.mapper.AuditLogMapper.insert - ==>  Preparing: INSERT INTO audit_logs (user_id, audited_at, action, entity_type, entity_id, detail) VALUES (?, ?, ?, ?, ?, ?)
13:26:47.975 [main] DEBUG c.e.j.mapper.AuditLogMapper.insert - ==> Parameters: 1(Long), 2026-09-11 13:26:47.973707(Timestamp), SUBMIT(String), BOOK_REQUEST(String), 3(Long), [B@4dba773d(byte[])
13:26:47.975 [main] DEBUG c.e.j.mapper.AuditLogMapper.insert - <==    Updates: 1
13:26:47.975 [main] INFO  c.e.j.service.BookRequestServiceImpl - 送出申請：requestId=3, requesterId=1, 書籍數=1
13:26:47.977 [main] DEBUG c.e.j.m.BookRequestMapper.insert - ==>  Preparing: INSERT INTO book_requests (requester_id, status, requested_at, idempotency_key) VALUES (?, ?, ?, ?)
13:26:47.977 [main] DEBUG c.e.j.m.BookRequestMapper.insert - ==> Parameters: 1(Long), PENDING(String), 2026-09-11 13:26:47.9771141(Timestamp), 8730b702-74f9-4b8c-8930-a5bb2c6791f1(String)
13:26:47.977 [main] DEBUG c.e.j.m.BookRequestMapper.insert - <==    Updates: 1
13:26:47.978 [main] DEBUG c.e.j.m.BookRequestItemMapper.insert - ==>  Preparing: INSERT INTO book_request_items (book_request_id, title, isbn, author_id, published_year, estimated_price) VALUES (?, ?, ?, ?, ?, ?)
13:26:47.978 [main] DEBUG c.e.j.m.BookRequestItemMapper.insert - ==> Parameters: 4(Long), Working Effectively with Legacy Code(String), null, null, null, null
13:26:47.978 [main] DEBUG c.e.j.m.BookRequestItemMapper.insert - <==    Updates: 1
13:26:47.978 [main] DEBUG c.e.j.mapper.AuditLogMapper.insert - ==>  Preparing: INSERT INTO audit_logs (user_id, audited_at, action, entity_type, entity_id, detail) VALUES (?, ?, ?, ?, ?, ?)
13:26:47.979 [main] DEBUG c.e.j.mapper.AuditLogMapper.insert - ==> Parameters: 1(Long), 2026-09-11 13:26:47.9771141(Timestamp), SUBMIT(String), BOOK_REQUEST(String), 4(Long), [B@eac3a26(byte[])
13:26:47.979 [main] DEBUG c.e.j.mapper.AuditLogMapper.insert - <==    Updates: 1
13:26:47.979 [main] INFO  c.e.j.service.BookRequestServiceImpl - 送出申請：requestId=4, requesterId=1, 書籍數=1
13:26:47.980 [main] DEBUG c.e.j.m.BookRequestMapper.insert - ==>  Preparing: INSERT INTO book_requests (requester_id, status, requested_at, idempotency_key) VALUES (?, ?, ?, ?)
13:26:47.980 [main] DEBUG c.e.j.m.BookRequestMapper.insert - ==> Parameters: 1(Long), PENDING(String), 2026-09-11 13:26:47.98012(Timestamp), d6d2a8cb-7166-4696-a58e-13e2dcff2daf(String)
13:26:47.980 [main] DEBUG c.e.j.m.BookRequestMapper.insert - <==    Updates: 1
13:26:47.980 [main] DEBUG c.e.j.m.BookRequestItemMapper.insert - ==>  Preparing: INSERT INTO book_request_items (book_request_id, title, isbn, author_id, published_year, estimated_price) VALUES (?, ?, ?, ?, ?, ?)
13:26:47.980 [main] DEBUG c.e.j.m.BookRequestItemMapper.insert - ==> Parameters: 5(Long), Continuous Delivery(String), null, null, null, null
13:26:47.980 [main] DEBUG c.e.j.m.BookRequestItemMapper.insert - <==    Updates: 1
13:26:47.981 [main] DEBUG c.e.j.mapper.AuditLogMapper.insert - ==>  Preparing: INSERT INTO audit_logs (user_id, audited_at, action, entity_type, entity_id, detail) VALUES (?, ?, ?, ?, ?, ?)
13:26:47.981 [main] DEBUG c.e.j.mapper.AuditLogMapper.insert - ==> Parameters: 1(Long), 2026-09-11 13:26:47.98012(Timestamp), SUBMIT(String), BOOK_REQUEST(String), 5(Long), [B@7b306b9f(byte[])
13:26:47.981 [main] DEBUG c.e.j.mapper.AuditLogMapper.insert - <==    Updates: 1
13:26:47.981 [main] INFO  c.e.j.service.BookRequestServiceImpl - 送出申請：requestId=5, requesterId=1, 書籍數=1
13:26:47.982 [main] DEBUG c.e.j.m.BookRequestMapper.insert - ==>  Preparing: INSERT INTO book_requests (requester_id, status, requested_at, idempotency_key) VALUES (?, ?, ?, ?)
13:26:47.982 [main] DEBUG c.e.j.m.BookRequestMapper.insert - ==> Parameters: 1(Long), PENDING(String), 2026-09-11 13:26:47.9821213(Timestamp), a19369f4-a347-4442-b29c-cd5703c4f38e(String)
13:26:47.982 [main] DEBUG c.e.j.m.BookRequestMapper.insert - <==    Updates: 1
13:26:47.982 [main] DEBUG c.e.j.m.BookRequestItemMapper.insert - ==>  Preparing: INSERT INTO book_request_items (book_request_id, title, isbn, author_id, published_year, estimated_price) VALUES (?, ?, ?, ?, ?, ?)
13:26:47.982 [main] DEBUG c.e.j.m.BookRequestItemMapper.insert - ==> Parameters: 6(Long), Site Reliability Engineering(String), null, null, 2016(Integer), 1200(BigDecimal)
13:26:47.982 [main] DEBUG c.e.j.m.BookRequestItemMapper.insert - <==    Updates: 1
13:26:47.983 [main] DEBUG c.e.j.mapper.AuditLogMapper.insert - ==>  Preparing: INSERT INTO audit_logs (user_id, audited_at, action, entity_type, entity_id, detail) VALUES (?, ?, ?, ?, ?, ?)
13:26:47.983 [main] DEBUG c.e.j.mapper.AuditLogMapper.insert - ==> Parameters: 1(Long), 2026-09-11 13:26:47.9821213(Timestamp), SUBMIT(String), BOOK_REQUEST(String), 6(Long), [B@2630dbc4(byte[])
13:26:47.983 [main] DEBUG c.e.j.mapper.AuditLogMapper.insert - <==    Updates: 1
13:26:47.983 [main] INFO  c.e.j.service.BookRequestServiceImpl - 送出申請：requestId=6, requesterId=1, 書籍數=1
13:26:47.984 [main] DEBUG c.e.j.m.BookRequestMapper.approve - ==>  Preparing: UPDATE book_requests SET status = 'APPROVED', approver_id = ?, approved_at = ? WHERE id = ? AND status = 'PENDING' AND requester_id != ?
13:26:47.986 [main] DEBUG c.e.j.m.BookRequestMapper.approve - ==> Parameters: 2(Long), 2026-09-11 13:26:47.9844881(Timestamp), 6(Long), 2(Long)
13:26:47.987 [main] DEBUG c.e.j.m.BookRequestMapper.approve - <==    Updates: 1
13:26:47.987 [main] DEBUG c.e.j.m.BookRequestMapper.findById - ==>  Preparing: SELECT * FROM book_requests WHERE id = ?
13:26:47.987 [main] DEBUG c.e.j.m.BookRequestMapper.findById - ==> Parameters: 6(Long)
13:26:47.991 [main] DEBUG c.e.j.m.BookRequestMapper.findById - <==      Total: 1
13:26:47.991 [main] DEBUG c.e.j.m.B.findByBookRequestId - ==>  Preparing: SELECT * FROM book_request_items WHERE book_request_id = ?
13:26:47.992 [main] DEBUG c.e.j.m.B.findByBookRequestId - ==> Parameters: 6(Long)
13:26:47.993 [main] DEBUG c.e.j.m.B.findByBookRequestId - <==      Total: 1
13:26:47.994 [main] DEBUG c.e.j.m.ProcurementItemMapper.insert - ==>  Preparing: INSERT INTO procurement_items (book_request_item_id, status) VALUES (?, ?)
13:26:47.994 [main] DEBUG c.e.j.m.ProcurementItemMapper.insert - ==> Parameters: 7(Long), PENDING(String)
13:26:47.994 [main] DEBUG c.e.j.m.ProcurementItemMapper.insert - <==    Updates: 1
13:26:47.995 [main] DEBUG c.e.j.mapper.AuditLogMapper.insert - ==>  Preparing: INSERT INTO audit_logs (user_id, audited_at, action, entity_type, entity_id, detail) VALUES (?, ?, ?, ?, ?, ?)
13:26:47.995 [main] DEBUG c.e.j.mapper.AuditLogMapper.insert - ==> Parameters: 2(Long), 2026-09-11 13:26:47.9844881(Timestamp), CREATE(String), PROCUREMENT_ITEM(String), 1(Long), [B@3d96fa9e(byte[])
13:26:47.996 [main] DEBUG c.e.j.mapper.AuditLogMapper.insert - <==    Updates: 1
13:26:47.996 [main] DEBUG c.e.j.mapper.AuditLogMapper.insert - ==>  Preparing: INSERT INTO audit_logs (user_id, audited_at, action, entity_type, entity_id, detail) VALUES (?, ?, ?, ?, ?, ?)
13:26:47.996 [main] DEBUG c.e.j.mapper.AuditLogMapper.insert - ==> Parameters: 2(Long), 2026-09-11 13:26:47.9844881(Timestamp), APPROVE(String), BOOK_REQUEST(String), 6(Long), [B@3b545206(byte[])
13:26:47.996 [main] DEBUG c.e.j.mapper.AuditLogMapper.insert - <==    Updates: 1
13:26:47.996 [main] INFO  c.e.j.service.BookRequestServiceImpl - 申請已核准：requestId=6, approverId=2
13:26:47.997 [main] DEBUG c.e.j.m.BookRequestMapper.insert - ==>  Preparing: INSERT INTO book_requests (requester_id, status, requested_at, idempotency_key) VALUES (?, ?, ?, ?)
13:26:47.997 [main] DEBUG c.e.j.m.BookRequestMapper.insert - ==> Parameters: 1(Long), PENDING(String), 2026-09-11 13:26:47.9974864(Timestamp), 499f6091-3bb9-46d9-a2f3-c7c120d7248d(String)
13:26:47.997 [main] DEBUG c.e.j.m.BookRequestMapper.insert - <==    Updates: 1
13:26:47.998 [main] DEBUG c.e.j.m.BookRequestItemMapper.insert - ==>  Preparing: INSERT INTO book_request_items (book_request_id, title, isbn, author_id, published_year, estimated_price) VALUES (?, ?, ?, ?, ?, ?)
13:26:47.998 [main] DEBUG c.e.j.m.BookRequestItemMapper.insert - ==> Parameters: 7(Long), Database Internals(String), null, null, null, null
13:26:47.998 [main] DEBUG c.e.j.m.BookRequestItemMapper.insert - <==    Updates: 1
13:26:47.998 [main] DEBUG c.e.j.m.BookRequestItemMapper.insert - ==>  Preparing: INSERT INTO book_request_items (book_request_id, title, isbn, author_id, published_year, estimated_price) VALUES (?, ?, ?, ?, ?, ?)
13:26:47.998 [main] DEBUG c.e.j.m.BookRequestItemMapper.insert - ==> Parameters: 7(Long), Designing Data-Intensive Applications(String), 9781449373320(String), null, 2017(Integer), 1500(BigDecimal)
13:26:47.998 [main] DEBUG c.e.j.m.BookRequestItemMapper.insert - <==    Updates: 1
13:26:47.998 [main] DEBUG c.e.j.mapper.AuditLogMapper.insert - ==>  Preparing: INSERT INTO audit_logs (user_id, audited_at, action, entity_type, entity_id, detail) VALUES (?, ?, ?, ?, ?, ?)
13:26:47.999 [main] DEBUG c.e.j.mapper.AuditLogMapper.insert - ==> Parameters: 1(Long), 2026-09-11 13:26:47.9974864(Timestamp), SUBMIT(String), BOOK_REQUEST(String), 7(Long), [B@12d5c30e(byte[])
13:26:47.999 [main] DEBUG c.e.j.mapper.AuditLogMapper.insert - <==    Updates: 1
13:26:47.999 [main] INFO  c.e.j.service.BookRequestServiceImpl - 送出申請：requestId=7, requesterId=1, 書籍數=2
13:26:47.999 [main] DEBUG c.e.j.m.BookRequestMapper.approve - ==>  Preparing: UPDATE book_requests SET status = 'APPROVED', approver_id = ?, approved_at = ? WHERE id = ? AND status = 'PENDING' AND requester_id != ?
13:26:48.000 [main] DEBUG c.e.j.m.BookRequestMapper.approve - ==> Parameters: 2(Long), 2026-09-11 13:26:47.9994934(Timestamp), 7(Long), 2(Long)
13:26:48.000 [main] DEBUG c.e.j.m.BookRequestMapper.approve - <==    Updates: 1
13:26:48.000 [main] DEBUG c.e.j.m.BookRequestMapper.findById - ==>  Preparing: SELECT * FROM book_requests WHERE id = ?
13:26:48.000 [main] DEBUG c.e.j.m.BookRequestMapper.findById - ==> Parameters: 7(Long)
13:26:48.000 [main] DEBUG c.e.j.m.BookRequestMapper.findById - <==      Total: 1
13:26:48.001 [main] DEBUG c.e.j.m.B.findByBookRequestId - ==>  Preparing: SELECT * FROM book_request_items WHERE book_request_id = ?
13:26:48.001 [main] DEBUG c.e.j.m.B.findByBookRequestId - ==> Parameters: 7(Long)
13:26:48.001 [main] DEBUG c.e.j.m.B.findByBookRequestId - <==      Total: 2
13:26:48.001 [main] DEBUG c.e.j.m.ProcurementItemMapper.insert - ==>  Preparing: INSERT INTO procurement_items (book_request_item_id, status) VALUES (?, ?)
13:26:48.001 [main] DEBUG c.e.j.m.ProcurementItemMapper.insert - ==> Parameters: 8(Long), PENDING(String)
13:26:48.001 [main] DEBUG c.e.j.m.ProcurementItemMapper.insert - <==    Updates: 1
13:26:48.002 [main] DEBUG c.e.j.mapper.AuditLogMapper.insert - ==>  Preparing: INSERT INTO audit_logs (user_id, audited_at, action, entity_type, entity_id, detail) VALUES (?, ?, ?, ?, ?, ?)
13:26:48.002 [main] DEBUG c.e.j.mapper.AuditLogMapper.insert - ==> Parameters: 2(Long), 2026-09-11 13:26:47.9994934(Timestamp), CREATE(String), PROCUREMENT_ITEM(String), 2(Long), [B@52f57666(byte[])
13:26:48.002 [main] DEBUG c.e.j.mapper.AuditLogMapper.insert - <==    Updates: 1
13:26:48.002 [main] DEBUG c.e.j.m.ProcurementItemMapper.insert - ==>  Preparing: INSERT INTO procurement_items (book_request_item_id, status) VALUES (?, ?)
13:26:48.002 [main] DEBUG c.e.j.m.ProcurementItemMapper.insert - ==> Parameters: 9(Long), PENDING(String)
13:26:48.002 [main] DEBUG c.e.j.m.ProcurementItemMapper.insert - <==    Updates: 1
13:26:48.002 [main] DEBUG c.e.j.mapper.AuditLogMapper.insert - ==>  Preparing: INSERT INTO audit_logs (user_id, audited_at, action, entity_type, entity_id, detail) VALUES (?, ?, ?, ?, ?, ?)
13:26:48.002 [main] DEBUG c.e.j.mapper.AuditLogMapper.insert - ==> Parameters: 2(Long), 2026-09-11 13:26:47.9994934(Timestamp), CREATE(String), PROCUREMENT_ITEM(String), 3(Long), [B@6e041285(byte[])
13:26:48.003 [main] DEBUG c.e.j.mapper.AuditLogMapper.insert - <==    Updates: 1
13:26:48.003 [main] DEBUG c.e.j.mapper.AuditLogMapper.insert - ==>  Preparing: INSERT INTO audit_logs (user_id, audited_at, action, entity_type, entity_id, detail) VALUES (?, ?, ?, ?, ?, ?)
13:26:48.003 [main] DEBUG c.e.j.mapper.AuditLogMapper.insert - ==> Parameters: 2(Long), 2026-09-11 13:26:47.9994934(Timestamp), APPROVE(String), BOOK_REQUEST(String), 7(Long), [B@267dc982(byte[])
13:26:48.003 [main] DEBUG c.e.j.mapper.AuditLogMapper.insert - <==    Updates: 1
13:26:48.003 [main] INFO  c.e.j.service.BookRequestServiceImpl - 申請已核准：requestId=7, approverId=2
13:26:48.004 [main] DEBUG c.e.j.m.BookRequestMapper.insert - ==>  Preparing: INSERT INTO book_requests (requester_id, status, requested_at, idempotency_key) VALUES (?, ?, ?, ?)
13:26:48.004 [main] DEBUG c.e.j.m.BookRequestMapper.insert - ==> Parameters: 1(Long), PENDING(String), 2026-09-11 13:26:48.004489(Timestamp), 88ce6231-2cef-4a92-b582-3d4850d3a1d8(String)
13:26:48.004 [main] DEBUG c.e.j.m.BookRequestMapper.insert - <==    Updates: 1
13:26:48.004 [main] DEBUG c.e.j.m.BookRequestItemMapper.insert - ==>  Preparing: INSERT INTO book_request_items (book_request_id, title, isbn, author_id, published_year, estimated_price) VALUES (?, ?, ?, ?, ?, ?)
13:26:48.004 [main] DEBUG c.e.j.m.BookRequestItemMapper.insert - ==> Parameters: 8(Long), The Clean Coder(String), null, null, null, null
13:26:48.005 [main] DEBUG c.e.j.m.BookRequestItemMapper.insert - <==    Updates: 1
13:26:48.005 [main] DEBUG c.e.j.mapper.AuditLogMapper.insert - ==>  Preparing: INSERT INTO audit_logs (user_id, audited_at, action, entity_type, entity_id, detail) VALUES (?, ?, ?, ?, ?, ?)
13:26:48.005 [main] DEBUG c.e.j.mapper.AuditLogMapper.insert - ==> Parameters: 1(Long), 2026-09-11 13:26:48.004489(Timestamp), SUBMIT(String), BOOK_REQUEST(String), 8(Long), [B@74fab04a(byte[])
13:26:48.005 [main] DEBUG c.e.j.mapper.AuditLogMapper.insert - <==    Updates: 1
13:26:48.005 [main] INFO  c.e.j.service.BookRequestServiceImpl - 送出申請：requestId=8, requesterId=1, 書籍數=1
13:26:48.006 [main] DEBUG c.e.j.m.BookRequestMapper.approve - ==>  Preparing: UPDATE book_requests SET status = 'APPROVED', approver_id = ?, approved_at = ? WHERE id = ? AND status = 'PENDING' AND requester_id != ?
13:26:48.006 [main] DEBUG c.e.j.m.BookRequestMapper.approve - ==> Parameters: 2(Long), 2026-09-11 13:26:48.006489(Timestamp), 8(Long), 2(Long)
13:26:48.006 [main] DEBUG c.e.j.m.BookRequestMapper.approve - <==    Updates: 1
13:26:48.007 [main] DEBUG c.e.j.m.BookRequestMapper.findById - ==>  Preparing: SELECT * FROM book_requests WHERE id = ?
13:26:48.007 [main] DEBUG c.e.j.m.BookRequestMapper.findById - ==> Parameters: 8(Long)
13:26:48.007 [main] DEBUG c.e.j.m.BookRequestMapper.findById - <==      Total: 1
13:26:48.007 [main] DEBUG c.e.j.m.B.findByBookRequestId - ==>  Preparing: SELECT * FROM book_request_items WHERE book_request_id = ?
13:26:48.008 [main] DEBUG c.e.j.m.B.findByBookRequestId - ==> Parameters: 8(Long)
13:26:48.008 [main] DEBUG c.e.j.m.B.findByBookRequestId - <==      Total: 1
13:26:48.008 [main] DEBUG c.e.j.m.ProcurementItemMapper.insert - ==>  Preparing: INSERT INTO procurement_items (book_request_item_id, status) VALUES (?, ?)
13:26:48.008 [main] DEBUG c.e.j.m.ProcurementItemMapper.insert - ==> Parameters: 10(Long), PENDING(String)
13:26:48.008 [main] DEBUG c.e.j.m.ProcurementItemMapper.insert - <==    Updates: 1
13:26:48.008 [main] DEBUG c.e.j.mapper.AuditLogMapper.insert - ==>  Preparing: INSERT INTO audit_logs (user_id, audited_at, action, entity_type, entity_id, detail) VALUES (?, ?, ?, ?, ?, ?)
13:26:48.009 [main] DEBUG c.e.j.mapper.AuditLogMapper.insert - ==> Parameters: 2(Long), 2026-09-11 13:26:48.006489(Timestamp), CREATE(String), PROCUREMENT_ITEM(String), 4(Long), [B@3d7fb838(byte[])
13:26:48.009 [main] DEBUG c.e.j.mapper.AuditLogMapper.insert - <==    Updates: 1
13:26:48.009 [main] DEBUG c.e.j.mapper.AuditLogMapper.insert - ==>  Preparing: INSERT INTO audit_logs (user_id, audited_at, action, entity_type, entity_id, detail) VALUES (?, ?, ?, ?, ?, ?)
13:26:48.009 [main] DEBUG c.e.j.mapper.AuditLogMapper.insert - ==> Parameters: 2(Long), 2026-09-11 13:26:48.006489(Timestamp), APPROVE(String), BOOK_REQUEST(String), 8(Long), [B@1c26273d(byte[])
13:26:48.009 [main] DEBUG c.e.j.mapper.AuditLogMapper.insert - <==    Updates: 1
13:26:48.009 [main] INFO  c.e.j.service.BookRequestServiceImpl - 申請已核准：requestId=8, approverId=2
13:26:48.010 [main] DEBUG c.e.j.m.BookRequestMapper.insert - ==>  Preparing: INSERT INTO book_requests (requester_id, status, requested_at, idempotency_key) VALUES (?, ?, ?, ?)
13:26:48.011 [main] DEBUG c.e.j.m.BookRequestMapper.insert - ==> Parameters: 1(Long), PENDING(String), 2026-09-11 13:26:48.0104879(Timestamp), f6f4b3bd-d9dd-4f3a-b084-31dc3f9d41a8(String)
13:26:48.011 [main] DEBUG c.e.j.m.BookRequestMapper.insert - <==    Updates: 1
13:26:48.011 [main] DEBUG c.e.j.m.BookRequestItemMapper.insert - ==>  Preparing: INSERT INTO book_request_items (book_request_id, title, isbn, author_id, published_year, estimated_price) VALUES (?, ?, ?, ?, ?, ?)
13:26:48.011 [main] DEBUG c.e.j.m.BookRequestItemMapper.insert - ==> Parameters: 9(Long), Release It!(String), null, null, null, null
13:26:48.011 [main] DEBUG c.e.j.m.BookRequestItemMapper.insert - <==    Updates: 1
13:26:48.012 [main] DEBUG c.e.j.mapper.AuditLogMapper.insert - ==>  Preparing: INSERT INTO audit_logs (user_id, audited_at, action, entity_type, entity_id, detail) VALUES (?, ?, ?, ?, ?, ?)
13:26:48.012 [main] DEBUG c.e.j.mapper.AuditLogMapper.insert - ==> Parameters: 1(Long), 2026-09-11 13:26:48.0104879(Timestamp), SUBMIT(String), BOOK_REQUEST(String), 9(Long), [B@2bc378f7(byte[])
13:26:48.013 [main] DEBUG c.e.j.mapper.AuditLogMapper.insert - <==    Updates: 1
13:26:48.013 [main] INFO  c.e.j.service.BookRequestServiceImpl - 送出申請：requestId=9, requesterId=1, 書籍數=1
13:26:48.014 [main] DEBUG c.e.j.m.BookRequestMapper.approve - ==>  Preparing: UPDATE book_requests SET status = 'APPROVED', approver_id = ?, approved_at = ? WHERE id = ? AND status = 'PENDING' AND requester_id != ?
13:26:48.014 [main] DEBUG c.e.j.m.BookRequestMapper.approve - ==> Parameters: 2(Long), 2026-09-11 13:26:48.0144878(Timestamp), 9(Long), 2(Long)
13:26:48.014 [main] DEBUG c.e.j.m.BookRequestMapper.approve - <==    Updates: 1
13:26:48.014 [main] DEBUG c.e.j.m.BookRequestMapper.findById - ==>  Preparing: SELECT * FROM book_requests WHERE id = ?
13:26:48.014 [main] DEBUG c.e.j.m.BookRequestMapper.findById - ==> Parameters: 9(Long)
13:26:48.015 [main] DEBUG c.e.j.m.BookRequestMapper.findById - <==      Total: 1
13:26:48.015 [main] DEBUG c.e.j.m.B.findByBookRequestId - ==>  Preparing: SELECT * FROM book_request_items WHERE book_request_id = ?
13:26:48.015 [main] DEBUG c.e.j.m.B.findByBookRequestId - ==> Parameters: 9(Long)
13:26:48.015 [main] DEBUG c.e.j.m.B.findByBookRequestId - <==      Total: 1
13:26:48.016 [main] DEBUG c.e.j.m.ProcurementItemMapper.insert - ==>  Preparing: INSERT INTO procurement_items (book_request_item_id, status) VALUES (?, ?)
13:26:48.016 [main] DEBUG c.e.j.m.ProcurementItemMapper.insert - ==> Parameters: 11(Long), PENDING(String)
13:26:48.016 [main] DEBUG c.e.j.m.ProcurementItemMapper.insert - <==    Updates: 1
13:26:48.016 [main] DEBUG c.e.j.mapper.AuditLogMapper.insert - ==>  Preparing: INSERT INTO audit_logs (user_id, audited_at, action, entity_type, entity_id, detail) VALUES (?, ?, ?, ?, ?, ?)
13:26:48.016 [main] DEBUG c.e.j.mapper.AuditLogMapper.insert - ==> Parameters: 2(Long), 2026-09-11 13:26:48.0144878(Timestamp), CREATE(String), PROCUREMENT_ITEM(String), 5(Long), [B@17f3eefb(byte[])
13:26:48.016 [main] DEBUG c.e.j.mapper.AuditLogMapper.insert - <==    Updates: 1
13:26:48.016 [main] DEBUG c.e.j.mapper.AuditLogMapper.insert - ==>  Preparing: INSERT INTO audit_logs (user_id, audited_at, action, entity_type, entity_id, detail) VALUES (?, ?, ?, ?, ?, ?)
13:26:48.017 [main] DEBUG c.e.j.mapper.AuditLogMapper.insert - ==> Parameters: 2(Long), 2026-09-11 13:26:48.0144878(Timestamp), APPROVE(String), BOOK_REQUEST(String), 9(Long), [B@3ba46e63(byte[])
13:26:48.017 [main] DEBUG c.e.j.mapper.AuditLogMapper.insert - <==    Updates: 1
13:26:48.017 [main] INFO  c.e.j.service.BookRequestServiceImpl - 申請已核准：requestId=9, approverId=2
13:26:48.017 [main] DEBUG c.e.j.m.BookRequestMapper.insert - ==>  Preparing: INSERT INTO book_requests (requester_id, status, requested_at, idempotency_key) VALUES (?, ?, ?, ?)
13:26:48.017 [main] DEBUG c.e.j.m.BookRequestMapper.insert - ==> Parameters: 1(Long), PENDING(String), 2026-09-11 13:26:48.0174875(Timestamp), 0c3e9b4f-8d94-4fdf-b484-e5169af3c08e(String)
13:26:48.018 [main] DEBUG c.e.j.m.BookRequestMapper.insert - <==    Updates: 1
13:26:48.018 [main] DEBUG c.e.j.m.BookRequestItemMapper.insert - ==>  Preparing: INSERT INTO book_request_items (book_request_id, title, isbn, author_id, published_year, estimated_price) VALUES (?, ?, ?, ?, ?, ?)
13:26:48.018 [main] DEBUG c.e.j.m.BookRequestItemMapper.insert - ==> Parameters: 10(Long), Overpriced Book(String), null, null, null, 99999(BigDecimal)
13:26:48.018 [main] DEBUG c.e.j.m.BookRequestItemMapper.insert - <==    Updates: 1
13:26:48.018 [main] DEBUG c.e.j.mapper.AuditLogMapper.insert - ==>  Preparing: INSERT INTO audit_logs (user_id, audited_at, action, entity_type, entity_id, detail) VALUES (?, ?, ?, ?, ?, ?)
13:26:48.018 [main] DEBUG c.e.j.mapper.AuditLogMapper.insert - ==> Parameters: 1(Long), 2026-09-11 13:26:48.0174875(Timestamp), SUBMIT(String), BOOK_REQUEST(String), 10(Long), [B@254f906e(byte[])
13:26:48.019 [main] DEBUG c.e.j.mapper.AuditLogMapper.insert - <==    Updates: 1
13:26:48.019 [main] INFO  c.e.j.service.BookRequestServiceImpl - 送出申請：requestId=10, requesterId=1, 書籍數=1
13:26:48.020 [main] DEBUG c.e.j.m.BookRequestMapper.reject - ==>  Preparing: UPDATE book_requests SET status = 'REJECTED', approver_id = ?, approved_at = ? WHERE id = ? AND status = 'PENDING' AND requester_id != ?
13:26:48.020 [main] DEBUG c.e.j.m.BookRequestMapper.reject - ==> Parameters: 2(Long), 2026-09-11 13:26:48.0204872(Timestamp), 10(Long), 2(Long)
13:26:48.020 [main] DEBUG c.e.j.m.BookRequestMapper.reject - <==    Updates: 1
13:26:48.020 [main] DEBUG c.e.j.m.BookRequestMapper.findById - ==>  Preparing: SELECT * FROM book_requests WHERE id = ?
13:26:48.020 [main] DEBUG c.e.j.m.BookRequestMapper.findById - ==> Parameters: 10(Long)
13:26:48.021 [main] DEBUG c.e.j.m.BookRequestMapper.findById - <==      Total: 1
13:26:48.021 [main] DEBUG c.e.j.mapper.AuditLogMapper.insert - ==>  Preparing: INSERT INTO audit_logs (user_id, audited_at, action, entity_type, entity_id, detail) VALUES (?, ?, ?, ?, ?, ?)
13:26:48.021 [main] DEBUG c.e.j.mapper.AuditLogMapper.insert - ==> Parameters: 2(Long), 2026-09-11 13:26:48.0204872(Timestamp), REJECT(String), BOOK_REQUEST(String), 10(Long), [B@7ab34619(byte[])
13:26:48.022 [main] DEBUG c.e.j.mapper.AuditLogMapper.insert - <==    Updates: 1
13:26:48.022 [main] INFO  c.e.j.service.BookRequestServiceImpl - 申請已拒絕：requestId=10, approverId=2
13:26:48.022 [main] DEBUG c.e.j.m.BookRequestMapper.insert - ==>  Preparing: INSERT INTO book_requests (requester_id, status, requested_at, idempotency_key) VALUES (?, ?, ?, ?)
13:26:48.023 [main] DEBUG c.e.j.m.BookRequestMapper.insert - ==> Parameters: 1(Long), PENDING(String), 2026-09-11 13:26:48.0224875(Timestamp), 0ac77eb3-ee44-451a-afab-6d60ab3ee9f6(String)
13:26:48.023 [main] DEBUG c.e.j.m.BookRequestMapper.insert - <==    Updates: 1
13:26:48.023 [main] DEBUG c.e.j.m.BookRequestItemMapper.insert - ==>  Preparing: INSERT INTO book_request_items (book_request_id, title, isbn, author_id, published_year, estimated_price) VALUES (?, ?, ?, ?, ?, ?)
13:26:48.023 [main] DEBUG c.e.j.m.BookRequestItemMapper.insert - ==> Parameters: 11(Long), Duplicate Request Example(String), null, null, null, null
13:26:48.023 [main] DEBUG c.e.j.m.BookRequestItemMapper.insert - <==    Updates: 1
13:26:48.023 [main] DEBUG c.e.j.mapper.AuditLogMapper.insert - ==>  Preparing: INSERT INTO audit_logs (user_id, audited_at, action, entity_type, entity_id, detail) VALUES (?, ?, ?, ?, ?, ?)
13:26:48.024 [main] DEBUG c.e.j.mapper.AuditLogMapper.insert - ==> Parameters: 1(Long), 2026-09-11 13:26:48.0224875(Timestamp), SUBMIT(String), BOOK_REQUEST(String), 11(Long), [B@7afc4db9(byte[])
13:26:48.024 [main] DEBUG c.e.j.mapper.AuditLogMapper.insert - <==    Updates: 1
13:26:48.024 [main] INFO  c.e.j.service.BookRequestServiceImpl - 送出申請：requestId=11, requesterId=1, 書籍數=1
13:26:48.025 [main] DEBUG c.e.j.m.BookRequestMapper.reject - ==>  Preparing: UPDATE book_requests SET status = 'REJECTED', approver_id = ?, approved_at = ? WHERE id = ? AND status = 'PENDING' AND requester_id != ?
13:26:48.025 [main] DEBUG c.e.j.m.BookRequestMapper.reject - ==> Parameters: 2(Long), 2026-09-11 13:26:48.0244941(Timestamp), 11(Long), 2(Long)
13:26:48.025 [main] DEBUG c.e.j.m.BookRequestMapper.reject - <==    Updates: 1
13:26:48.025 [main] DEBUG c.e.j.m.BookRequestMapper.findById - ==>  Preparing: SELECT * FROM book_requests WHERE id = ?
13:26:48.025 [main] DEBUG c.e.j.m.BookRequestMapper.findById - ==> Parameters: 11(Long)
13:26:48.026 [main] DEBUG c.e.j.m.BookRequestMapper.findById - <==      Total: 1
13:26:48.026 [main] DEBUG c.e.j.mapper.AuditLogMapper.insert - ==>  Preparing: INSERT INTO audit_logs (user_id, audited_at, action, entity_type, entity_id, detail) VALUES (?, ?, ?, ?, ?, ?)
13:26:48.026 [main] DEBUG c.e.j.mapper.AuditLogMapper.insert - ==> Parameters: 2(Long), 2026-09-11 13:26:48.0244941(Timestamp), REJECT(String), BOOK_REQUEST(String), 11(Long), [B@524270b8(byte[])
13:26:48.026 [main] DEBUG c.e.j.mapper.AuditLogMapper.insert - <==    Updates: 1
13:26:48.026 [main] INFO  c.e.j.service.BookRequestServiceImpl - 申請已拒絕：requestId=11, approverId=2
13:26:48.027 [main] DEBUG c.e.j.m.BookRequestMapper.insert - ==>  Preparing: INSERT INTO book_requests (requester_id, status, requested_at, idempotency_key) VALUES (?, ?, ?, ?)
13:26:48.027 [main] DEBUG c.e.j.m.BookRequestMapper.insert - ==> Parameters: 1(Long), PENDING(String), 2026-09-11 13:26:48.0274946(Timestamp), 3000fd17-46dc-4231-a551-645f023a65ac(String)
13:26:48.027 [main] DEBUG c.e.j.m.BookRequestMapper.insert - <==    Updates: 1
13:26:48.027 [main] DEBUG c.e.j.m.BookRequestItemMapper.insert - ==>  Preparing: INSERT INTO book_request_items (book_request_id, title, isbn, author_id, published_year, estimated_price) VALUES (?, ?, ?, ?, ?, ?)
13:26:48.027 [main] DEBUG c.e.j.m.BookRequestItemMapper.insert - ==> Parameters: 12(Long), Out of Scope Book(String), null, null, null, null
13:26:48.027 [main] DEBUG c.e.j.m.BookRequestItemMapper.insert - <==    Updates: 1
13:26:48.027 [main] DEBUG c.e.j.mapper.AuditLogMapper.insert - ==>  Preparing: INSERT INTO audit_logs (user_id, audited_at, action, entity_type, entity_id, detail) VALUES (?, ?, ?, ?, ?, ?)
13:26:48.028 [main] DEBUG c.e.j.mapper.AuditLogMapper.insert - ==> Parameters: 1(Long), 2026-09-11 13:26:48.0274946(Timestamp), SUBMIT(String), BOOK_REQUEST(String), 12(Long), [B@6812fa3a(byte[])
13:26:48.028 [main] DEBUG c.e.j.mapper.AuditLogMapper.insert - <==    Updates: 1
13:26:48.028 [main] INFO  c.e.j.service.BookRequestServiceImpl - 送出申請：requestId=12, requesterId=1, 書籍數=1
13:26:48.028 [main] DEBUG c.e.j.m.BookRequestMapper.reject - ==>  Preparing: UPDATE book_requests SET status = 'REJECTED', approver_id = ?, approved_at = ? WHERE id = ? AND status = 'PENDING' AND requester_id != ?
13:26:48.029 [main] DEBUG c.e.j.m.BookRequestMapper.reject - ==> Parameters: 2(Long), 2026-09-11 13:26:48.0284932(Timestamp), 12(Long), 2(Long)
13:26:48.029 [main] DEBUG c.e.j.m.BookRequestMapper.reject - <==    Updates: 1
13:26:48.029 [main] DEBUG c.e.j.m.BookRequestMapper.findById - ==>  Preparing: SELECT * FROM book_requests WHERE id = ?
13:26:48.029 [main] DEBUG c.e.j.m.BookRequestMapper.findById - ==> Parameters: 12(Long)
13:26:48.029 [main] DEBUG c.e.j.m.BookRequestMapper.findById - <==      Total: 1
13:26:48.029 [main] DEBUG c.e.j.mapper.AuditLogMapper.insert - ==>  Preparing: INSERT INTO audit_logs (user_id, audited_at, action, entity_type, entity_id, detail) VALUES (?, ?, ?, ?, ?, ?)
13:26:48.030 [main] DEBUG c.e.j.mapper.AuditLogMapper.insert - ==> Parameters: 2(Long), 2026-09-11 13:26:48.0284932(Timestamp), REJECT(String), BOOK_REQUEST(String), 12(Long), [B@68868328(byte[])
13:26:48.030 [main] DEBUG c.e.j.mapper.AuditLogMapper.insert - <==    Updates: 1
13:26:48.030 [main] INFO  c.e.j.service.BookRequestServiceImpl - 申請已拒絕：requestId=12, approverId=2
13:26:48.030 [main] DEBUG c.e.j.m.B.findByStatus - ==>  Preparing: SELECT * FROM book_requests WHERE status = ? ORDER BY requested_at
13:26:48.031 [main] DEBUG c.e.j.m.B.findByStatus - ==> Parameters: PENDING(String)
13:26:48.031 [main] DEBUG c.e.j.m.B.findByStatus - <==      Total: 5
13:26:48.032 [main] DEBUG c.e.j.m.B.findByStatus - ==>  Preparing: SELECT * FROM book_requests WHERE status = ? ORDER BY requested_at
13:26:48.032 [main] DEBUG c.e.j.m.B.findByStatus - ==> Parameters: APPROVED(String)
13:26:48.032 [main] DEBUG c.e.j.m.B.findByStatus - <==      Total: 4
13:26:48.033 [main] DEBUG c.e.j.m.B.findByStatus - ==>  Preparing: SELECT * FROM book_requests WHERE status = ? ORDER BY requested_at
13:26:48.033 [main] DEBUG c.e.j.m.B.findByStatus - ==> Parameters: REJECTED(String)
13:26:48.033 [main] DEBUG c.e.j.m.B.findByStatus - <==      Total: 3
13:26:48.034 [main] DEBUG c.e.j.m.BookRequestMapper.findAll - ==>  Preparing: SELECT * FROM book_requests
13:26:48.034 [main] DEBUG c.e.j.m.BookRequestMapper.findAll - ==> Parameters: 
13:26:48.035 [main] DEBUG c.e.j.m.BookRequestMapper.findAll - <==      Total: 12
13:26:49.764 [main] ERROR c.e.j.controller.HealthController - 健康檢查失敗：資料庫連線異常
org.springframework.dao.DataAccessResourceFailureException: connection refused
	at org.springframework.jdbc.core.JdbcTemplate.queryForObject(JdbcTemplate.java:516)
	at com.example.jsppractice.controller.HealthController.isDbUp(HealthController.java:45)
	at com.example.jsppractice.controller.HealthController.health(HealthController.java:27)
	at java.base/jdk.internal.reflect.DirectMethodHandleAccessor.invoke(DirectMethodHandleAccessor.java:104)
	at java.base/java.lang.reflect.Method.invoke(Method.java:565)
	at org.springframework.web.method.support.InvocableHandlerMethod.doInvoke(InvocableHandlerMethod.java:205)
	at org.springframework.web.method.support.InvocableHandlerMethod.invokeForRequest(InvocableHandlerMethod.java:150)
	at org.springframework.web.servlet.mvc.method.annotation.ServletInvocableHandlerMethod.invokeAndHandle(ServletInvocableHandlerMethod.java:117)
	at org.springframework.web.servlet.mvc.method.annotation.RequestMappingHandlerAdapter.invokeHandlerMethod(RequestMappingHandlerAdapter.java:903)
	at org.springframework.web.servlet.mvc.method.annotation.RequestMappingHandlerAdapter.handleInternal(RequestMappingHandlerAdapter.java:809)
	at org.springframework.web.servlet.mvc.method.AbstractHandlerMethodAdapter.handle(AbstractHandlerMethodAdapter.java:87)
	at org.springframework.web.servlet.DispatcherServlet.doDispatch(DispatcherServlet.java:1072)
	at org.springframework.web.servlet.DispatcherServlet.doService(DispatcherServlet.java:965)
	at org.springframework.web.servlet.FrameworkServlet.processRequest(FrameworkServlet.java:1006)
	at org.springframework.web.servlet.FrameworkServlet.doGet(FrameworkServlet.java:898)
	at javax.servlet.http.HttpServlet.service(HttpServlet.java:645)
	at org.springframework.web.servlet.FrameworkServlet.service(FrameworkServlet.java:883)
	at org.springframework.test.web.servlet.TestDispatcherServlet.service(TestDispatcherServlet.java:72)
	at javax.servlet.http.HttpServlet.service(HttpServlet.java:750)
	at org.springframework.mock.web.MockFilterChain$ServletFilterProxy.doFilter(MockFilterChain.java:167)
	at org.springframework.mock.web.MockFilterChain.doFilter(MockFilterChain.java:134)
	at org.springframework.test.web.servlet.MockMvc.perform(MockMvc.java:201)
	at com.example.jsppractice.controller.HealthControllerTest.returnsDownWithServiceUnavailableWhenDbQueryFails(HealthControllerTest.java:69)
	at java.base/jdk.internal.reflect.DirectMethodHandleAccessor.invoke(DirectMethodHandleAccessor.java:104)
	at java.base/java.lang.reflect.Method.invoke(Method.java:565)
	at org.junit.runners.model.FrameworkMethod$1.runReflectiveCall(FrameworkMethod.java:59)
	at org.junit.internal.runners.model.ReflectiveCallable.run(ReflectiveCallable.java:12)
	at org.junit.runners.model.FrameworkMethod.invokeExplosively(FrameworkMethod.java:56)
	at org.junit.internal.runners.statements.InvokeMethod.evaluate(InvokeMethod.java:17)
	at org.junit.internal.runners.statements.RunBefores.evaluate(RunBefores.java:26)
	at org.mockito.internal.runners.DefaultInternalRunner$1$1.evaluate(DefaultInternalRunner.java:55)
	at org.junit.runners.ParentRunner$3.evaluate(ParentRunner.java:306)
	at org.junit.runners.BlockJUnit4ClassRunner$1.evaluate(BlockJUnit4ClassRunner.java:100)
	at org.junit.runners.ParentRunner.runLeaf(ParentRunner.java:366)
	at org.junit.runners.BlockJUnit4ClassRunner.runChild(BlockJUnit4ClassRunner.java:103)
	at org.junit.runners.BlockJUnit4ClassRunner.runChild(BlockJUnit4ClassRunner.java:63)
	at org.junit.runners.ParentRunner$4.run(ParentRunner.java:331)
	at org.junit.runners.ParentRunner$1.schedule(ParentRunner.java:79)
	at org.junit.runners.ParentRunner.runChildren(ParentRunner.java:329)
	at org.junit.runners.ParentRunner.access$100(ParentRunner.java:66)
	at org.junit.runners.ParentRunner$2.evaluate(ParentRunner.java:293)
	at org.junit.runners.ParentRunner$3.evaluate(ParentRunner.java:306)
	at org.junit.runners.ParentRunner.run(ParentRunner.java:413)
	at org.mockito.internal.runners.DefaultInternalRunner$1.run(DefaultInternalRunner.java:100)
	at org.mockito.internal.runners.DefaultInternalRunner.run(DefaultInternalRunner.java:107)
	at org.mockito.internal.runners.StrictRunner.run(StrictRunner.java:42)
	at org.mockito.junit.MockitoJUnitRunner.run(MockitoJUnitRunner.java:163)
	at org.apache.maven.surefire.junit4.JUnit4Provider.execute(JUnit4Provider.java:316)
	at org.apache.maven.surefire.junit4.JUnit4Provider.executeWithRerun(JUnit4Provider.java:240)
	at org.apache.maven.surefire.junit4.JUnit4Provider.executeTestSet(JUnit4Provider.java:214)
	at org.apache.maven.surefire.junit4.JUnit4Provider.invoke(JUnit4Provider.java:155)
	at org.apache.maven.surefire.booter.ForkedBooter.runSuitesInProcess(ForkedBooter.java:385)
	at org.apache.maven.surefire.booter.ForkedBooter.execute(ForkedBooter.java:162)
	at org.apache.maven.surefire.booter.ForkedBooter.run(ForkedBooter.java:507)
	at org.apache.maven.surefire.booter.ForkedBooter.main(ForkedBooter.java:495)
13:26:50.226 [main] WARN  c.e.j.i.RoleAccessInterceptor - 權限不足被擋下：userId=1, role=ADMIN, POST /procurement/1/complete
13:26:50.227 [main] WARN  c.e.j.i.RoleAccessInterceptor - 權限不足被擋下：userId=1, role=USER, POST /procurement/1/complete
13:26:50.232 [main] WARN  c.e.j.i.RoleAccessInterceptor - 權限不足被擋下：userId=1, role=PROCUREMENT, POST /requests/1/approve
13:26:50.233 [main] WARN  c.e.j.i.RoleAccessInterceptor - 權限不足被擋下：userId=1, role=USER, POST /requests/1/reject
13:26:50.236 [main] WARN  c.e.j.i.RoleAccessInterceptor - 權限不足被擋下：userId=1, role=USER, GET /books/new
13:26:50.247 [main] DEBUG c.e.j.mapper.AuditLogMapper.insert - ==>  Preparing: INSERT INTO audit_logs (user_id, audited_at, action, entity_type, entity_id, detail) VALUES (?, ?, ?, ?, ?, ?)
13:26:50.248 [main] DEBUG c.e.j.mapper.AuditLogMapper.insert - ==> Parameters: 4(Long), 2026-09-11 13:26:50.2472602(Timestamp), APPROVE(String), BOOK_REQUEST(String), 42(Long), [B@c79915a(byte[])
13:26:50.249 [main] DEBUG c.e.j.mapper.AuditLogMapper.insert - <==    Updates: 1
13:26:50.250 [main] DEBUG c.e.j.m.AuditLogMapper.findByEntity - ==>  Preparing: SELECT * FROM audit_logs WHERE entity_type = ? AND entity_id = ? ORDER BY audited_at DESC
13:26:50.250 [main] DEBUG c.e.j.m.AuditLogMapper.findByEntity - ==> Parameters: BOOK_REQUEST(String), 42(Long)
13:26:50.253 [main] DEBUG c.e.j.m.AuditLogMapper.findByEntity - <==      Total: 1
13:26:50.268 [main] DEBUG c.e.j.mapper.AuditLogMapper.insert - ==>  Preparing: INSERT INTO audit_logs (user_id, audited_at, action, entity_type, entity_id, detail) VALUES (?, ?, ?, ?, ?, ?)
13:26:50.269 [main] DEBUG c.e.j.mapper.AuditLogMapper.insert - ==> Parameters: 5(Long), 2026-09-11 13:26:50.2683688(Timestamp), APPROVE(String), BOOK_REQUEST(String), 0(Long), [B@51097500(byte[])
13:26:50.269 [main] DEBUG c.e.j.mapper.AuditLogMapper.insert - <==    Updates: 1
13:26:50.270 [main] DEBUG c.e.j.mapper.AuditLogMapper.insert - ==>  Preparing: INSERT INTO audit_logs (user_id, audited_at, action, entity_type, entity_id, detail) VALUES (?, ?, ?, ?, ?, ?)
13:26:50.270 [main] DEBUG c.e.j.mapper.AuditLogMapper.insert - ==> Parameters: 5(Long), 2026-09-11 13:26:50.2693674(Timestamp), APPROVE(String), BOOK_REQUEST(String), 1(Long), [B@1885905b(byte[])
13:26:50.270 [main] DEBUG c.e.j.mapper.AuditLogMapper.insert - <==    Updates: 1
13:26:50.271 [main] DEBUG c.e.j.mapper.AuditLogMapper.insert - ==>  Preparing: INSERT INTO audit_logs (user_id, audited_at, action, entity_type, entity_id, detail) VALUES (?, ?, ?, ?, ?, ?)
13:26:50.271 [main] DEBUG c.e.j.mapper.AuditLogMapper.insert - ==> Parameters: 5(Long), 2026-09-11 13:26:50.2703684(Timestamp), APPROVE(String), BOOK_REQUEST(String), 2(Long), [B@52463255(byte[])
13:26:50.271 [main] DEBUG c.e.j.mapper.AuditLogMapper.insert - <==    Updates: 1
13:26:50.275 [main] DEBUG c.e.j.mapper.AuditLogMapper.findNext - ==>  Preparing: SELECT * FROM audit_logs ORDER BY id DESC LIMIT ?
13:26:50.275 [main] DEBUG c.e.j.mapper.AuditLogMapper.findNext - ==> Parameters: 2(Integer)
13:26:50.276 [main] DEBUG c.e.j.mapper.AuditLogMapper.findNext - <==      Total: 2
13:26:50.277 [main] DEBUG c.e.j.mapper.AuditLogMapper.findNext - ==>  Preparing: SELECT * FROM audit_logs WHERE id < ? ORDER BY id DESC LIMIT ?
13:26:50.278 [main] DEBUG c.e.j.mapper.AuditLogMapper.findNext - ==> Parameters: 27(Long), 2(Integer)
13:26:50.278 [main] DEBUG c.e.j.mapper.AuditLogMapper.findNext - <==      Total: 1
13:26:50.289 [main] DEBUG c.e.j.mapper.AuditLogMapper.insert - ==>  Preparing: INSERT INTO audit_logs (user_id, audited_at, action, entity_type, entity_id, detail) VALUES (?, ?, ?, ?, ?, ?)
13:26:50.289 [main] DEBUG c.e.j.mapper.AuditLogMapper.insert - ==> Parameters: 6(Long), 2026-09-11 13:26:50.2894434(Timestamp), APPROVE(String), BOOK_REQUEST(String), 0(Long), [B@370a935f(byte[])
13:26:50.290 [main] DEBUG c.e.j.mapper.AuditLogMapper.insert - <==    Updates: 1
13:26:50.290 [main] DEBUG c.e.j.mapper.AuditLogMapper.insert - ==>  Preparing: INSERT INTO audit_logs (user_id, audited_at, action, entity_type, entity_id, detail) VALUES (?, ?, ?, ?, ?, ?)
13:26:50.291 [main] DEBUG c.e.j.mapper.AuditLogMapper.insert - ==> Parameters: 6(Long), 2026-09-11 13:26:50.2909421(Timestamp), APPROVE(String), BOOK_REQUEST(String), 1(Long), [B@7e36d508(byte[])
13:26:50.291 [main] DEBUG c.e.j.mapper.AuditLogMapper.insert - <==    Updates: 1
13:26:50.292 [main] DEBUG c.e.j.mapper.AuditLogMapper.insert - ==>  Preparing: INSERT INTO audit_logs (user_id, audited_at, action, entity_type, entity_id, detail) VALUES (?, ?, ?, ?, ?, ?)
13:26:50.292 [main] DEBUG c.e.j.mapper.AuditLogMapper.insert - ==> Parameters: 6(Long), 2026-09-11 13:26:50.2919501(Timestamp), APPROVE(String), BOOK_REQUEST(String), 2(Long), [B@3c2f310c(byte[])
13:26:50.293 [main] DEBUG c.e.j.mapper.AuditLogMapper.insert - <==    Updates: 1
13:26:50.294 [main] DEBUG c.e.j.m.AuditLogMapper.findPrevious - ==>  Preparing: SELECT * FROM audit_logs WHERE id > ? ORDER BY id ASC LIMIT ?
13:26:50.295 [main] DEBUG c.e.j.m.AuditLogMapper.findPrevious - ==> Parameters: 29(Long), 2(Integer)
13:26:50.296 [main] DEBUG c.e.j.m.AuditLogMapper.findPrevious - <==      Total: 2
13:26:50.310 [main] DEBUG c.e.j.mapper.BookMapper.insert - ==>  Preparing: INSERT INTO books (title, isbn, author_id, published_year) VALUES (?, ?, ?, ?)
13:26:50.311 [main] DEBUG c.e.j.mapper.BookMapper.insert - ==> Parameters: Effective Java(String), 978-0134685991(String), 4(Long), 2018(Integer)
13:26:50.311 [main] DEBUG c.e.j.mapper.BookMapper.insert - <==    Updates: 1
13:26:50.311 [main] DEBUG c.e.j.mapper.BookMapper.insert - ==>  Preparing: INSERT INTO books (title, isbn, author_id, published_year) VALUES (?, ?, ?, ?)
13:26:50.312 [main] DEBUG c.e.j.mapper.BookMapper.insert - ==> Parameters: Unrelated Book(String), 9999999999999(String), 4(Long), 2000(Integer)
13:26:50.312 [main] DEBUG c.e.j.mapper.BookMapper.insert - <==    Updates: 1
13:26:50.314 [main] DEBUG c.e.j.mapper.BookMapper.search - ==>  Preparing: SELECT b.id, b.title, b.isbn, b.published_year, a.name AS author_name, c.id AS category_id, c.name AS category_name FROM books b LEFT JOIN authors a ON b.author_id = a.id LEFT JOIN books_categories bc ON bc.book_id = b.id LEFT JOIN categories c ON bc.category_id = c.id WHERE (b.title ILIKE CONCAT('%', ?, '%') OR a.name ILIKE CONCAT('%', ?, '%') OR c.name ILIKE CONCAT('%', ?, '%')) ORDER BY b.id
13:26:50.316 [main] DEBUG c.e.j.mapper.BookMapper.search - ==> Parameters: Effective(String), Effective(String), Effective(String)
13:26:50.319 [main] DEBUG c.e.j.mapper.BookMapper.search - <==      Total: 1
13:26:50.326 [main] DEBUG c.e.j.mapper.BookMapper.insert - ==>  Preparing: INSERT INTO books (title, isbn, author_id, published_year) VALUES (?, ?, ?, ?)
13:26:50.326 [main] DEBUG c.e.j.mapper.BookMapper.insert - ==> Parameters: Effective Java(String), 978-0134685991(String), 5(Long), 2018(Integer)
13:26:50.326 [main] DEBUG c.e.j.mapper.BookMapper.insert - <==    Updates: 1
13:26:50.327 [main] DEBUG c.e.j.m.B.insertBookCategories - ==>  Preparing: INSERT INTO books_categories (book_id, category_id) VALUES (?, ?)
13:26:50.327 [main] DEBUG c.e.j.m.B.insertBookCategories - ==> Parameters: 27(Long), 4(Long)
13:26:50.328 [main] DEBUG c.e.j.m.B.insertBookCategories - <==    Updates: 1
13:26:50.328 [main] DEBUG c.e.j.m.B.findCategoriesById - ==>  Preparing: SELECT c.* FROM categories c JOIN books_categories bc ON bc.category_id = c.id WHERE bc.book_id = ?
13:26:50.329 [main] DEBUG c.e.j.m.B.findCategoriesById - ==> Parameters: 27(Long)
13:26:50.329 [main] DEBUG c.e.j.m.B.findCategoriesById - <==      Total: 1
13:26:50.335 [main] DEBUG c.e.j.mapper.BookMapper.insert - ==>  Preparing: INSERT INTO books (title, isbn, author_id, published_year) VALUES (?, ?, ?, ?)
13:26:50.335 [main] DEBUG c.e.j.mapper.BookMapper.insert - ==> Parameters: Effective Java(String), 978-0134685991(String), 6(Long), 2018(Integer)
13:26:50.335 [main] DEBUG c.e.j.mapper.BookMapper.insert - <==    Updates: 1
13:26:50.336 [main] DEBUG c.e.j.mapper.BookMapper.update - ==>  Preparing: UPDATE books SET title = ?, isbn = ?, author_id = ?, published_year = ? WHERE id = ?
13:26:50.336 [main] DEBUG c.e.j.mapper.BookMapper.update - ==> Parameters: My New Title(String), 978-0134685991(String), 6(Long), 2018(Integer), 28(Long)
13:26:50.337 [main] DEBUG c.e.j.mapper.BookMapper.update - <==    Updates: 1
13:26:50.337 [main] DEBUG c.e.j.mapper.BookMapper.findById - ==>  Preparing: SELECT id, title, isbn, author_id, published_year FROM books WHERE id = ?
13:26:50.337 [main] DEBUG c.e.j.mapper.BookMapper.findById - ==> Parameters: 28(Long)
13:26:50.338 [main] DEBUG c.e.j.mapper.BookMapper.findById - <==      Total: 1
13:26:50.338 [main] DEBUG c.e.j.mapper.BookMapper.findAll - ==>  Preparing: SELECT b.id, b.title, b.isbn, b.published_year, a.name AS author_name, c.id AS category_id, c.name AS category_name FROM books b LEFT JOIN authors a ON b.author_id = a.id LEFT JOIN books_categories bc ON bc.book_id = b.id LEFT JOIN categories c ON bc.category_id = c.id ORDER BY b.id
13:26:50.338 [main] DEBUG c.e.j.mapper.BookMapper.findAll - ==> Parameters: 
13:26:50.340 [main] DEBUG c.e.j.mapper.BookMapper.findAll - <==      Total: 1
13:26:50.347 [main] DEBUG c.e.j.mapper.BookMapper.insert - ==>  Preparing: INSERT INTO books (title, isbn, author_id, published_year) VALUES (?, ?, ?, ?)
13:26:50.347 [main] DEBUG c.e.j.mapper.BookMapper.insert - ==> Parameters: Effective Java(String), 978-0134685991(String), 7(Long), 2018(Integer)
13:26:50.347 [main] DEBUG c.e.j.mapper.BookMapper.insert - <==    Updates: 1
13:26:50.348 [main] DEBUG c.e.j.m.B.insertBookCategories - ==>  Preparing: INSERT INTO books_categories (book_id, category_id) VALUES (?, ?) , (?, ?)
13:26:50.348 [main] DEBUG c.e.j.m.B.insertBookCategories - ==> Parameters: 29(Long), 5(Long), 29(Long), 6(Long)
13:26:50.349 [main] DEBUG c.e.j.m.B.insertBookCategories - <==    Updates: 2
13:26:50.349 [main] DEBUG c.e.j.mapper.BookMapper.insert - ==>  Preparing: INSERT INTO books (title, isbn, author_id, published_year) VALUES (?, ?, ?, ?)
13:26:50.349 [main] DEBUG c.e.j.mapper.BookMapper.insert - ==> Parameters: Effective Java(String), 978-0134685991(String), 7(Long), 2018(Integer)
13:26:50.349 [main] DEBUG c.e.j.mapper.BookMapper.insert - <==    Updates: 1
13:26:50.349 [main] DEBUG c.e.j.mapper.BookMapper.findAll - ==>  Preparing: SELECT b.id, b.title, b.isbn, b.published_year, a.name AS author_name, c.id AS category_id, c.name AS category_name FROM books b LEFT JOIN authors a ON b.author_id = a.id LEFT JOIN books_categories bc ON bc.book_id = b.id LEFT JOIN categories c ON bc.category_id = c.id ORDER BY b.id
13:26:50.350 [main] DEBUG c.e.j.mapper.BookMapper.findAll - ==> Parameters: 
13:26:50.351 [main] DEBUG c.e.j.mapper.BookMapper.findAll - <==      Total: 3
13:26:50.355 [main] DEBUG c.e.j.mapper.BookMapper.insert - ==>  Preparing: INSERT INTO books (title, isbn, author_id, published_year) VALUES (?, ?, ?, ?)
13:26:50.355 [main] DEBUG c.e.j.mapper.BookMapper.insert - ==> Parameters: Effective Java(String), 978-0134685991(String), 8(Long), 2018(Integer)
13:26:50.356 [main] DEBUG c.e.j.mapper.BookMapper.insert - <==    Updates: 1
13:26:50.357 [main] DEBUG c.e.j.m.B.insertBookCategories - ==>  Preparing: INSERT INTO books_categories (book_id, category_id) VALUES (?, ?)
13:26:50.357 [main] DEBUG c.e.j.m.B.insertBookCategories - ==> Parameters: 31(Long), 7(Long)
13:26:50.357 [main] DEBUG c.e.j.m.B.insertBookCategories - <==    Updates: 1
13:26:50.357 [main] DEBUG c.e.j.m.B.deleteCategoriesByBookId - ==>  Preparing: DELETE FROM books_categories bc WHERE bc.book_id = ?
13:26:50.357 [main] DEBUG c.e.j.m.B.deleteCategoriesByBookId - ==> Parameters: 31(Long)
13:26:50.358 [main] DEBUG c.e.j.m.B.deleteCategoriesByBookId - <==    Updates: 1
13:26:50.358 [main] DEBUG c.e.j.m.B.findCategoriesById - ==>  Preparing: SELECT c.* FROM categories c JOIN books_categories bc ON bc.category_id = c.id WHERE bc.book_id = ?
13:26:50.358 [main] DEBUG c.e.j.m.B.findCategoriesById - ==> Parameters: 31(Long)
13:26:50.358 [main] DEBUG c.e.j.m.B.findCategoriesById - <==      Total: 0
13:26:50.364 [main] DEBUG c.e.j.mapper.BookMapper.insert - ==>  Preparing: INSERT INTO books (title, isbn, author_id, published_year) VALUES (?, ?, ?, ?)
13:26:50.365 [main] DEBUG c.e.j.mapper.BookMapper.insert - ==> Parameters: Book With Many Categories(String), null, 9(Long), 2020(Integer)
13:26:50.365 [main] DEBUG c.e.j.mapper.BookMapper.insert - <==    Updates: 1
13:26:50.366 [main] DEBUG c.e.j.m.B.insertBookCategories - ==>  Preparing: INSERT INTO books_categories (book_id, category_id) VALUES (?, ?) , (?, ?) , (?, ?)
13:26:50.367 [main] DEBUG c.e.j.m.B.insertBookCategories - ==> Parameters: 32(Long), 8(Long), 32(Long), 9(Long), 32(Long), 10(Long)
13:26:50.367 [main] DEBUG c.e.j.m.B.insertBookCategories - <==    Updates: 3
13:26:50.368 [main] DEBUG c.e.j.mapper.BookMapper.insert - ==>  Preparing: INSERT INTO books (title, isbn, author_id, published_year) VALUES (?, ?, ?, ?)
13:26:50.368 [main] DEBUG c.e.j.mapper.BookMapper.insert - ==> Parameters: Book Without Categories(String), null, 9(Long), 2021(Integer)
13:26:50.368 [main] DEBUG c.e.j.mapper.BookMapper.insert - <==    Updates: 1
13:26:50.369 [main] DEBUG c.e.j.m.BookMapper.countBySearch - ==>  Preparing: SELECT COUNT(DISTINCT b.id) FROM books b LEFT JOIN authors a ON b.author_id = a.id LEFT JOIN books_categories bc ON bc.book_id = b.id LEFT JOIN categories c ON bc.category_id = c.id
13:26:50.370 [main] DEBUG c.e.j.m.BookMapper.countBySearch - ==> Parameters: 
13:26:50.375 [main] DEBUG c.e.j.m.BookMapper.countBySearch - <==      Total: 1
13:26:50.378 [main] DEBUG c.e.j.m.BookMapper.findIdsBySearch - ==>  Preparing: SELECT DISTINCT b.id FROM books b LEFT JOIN authors a ON b.author_id = a.id LEFT JOIN books_categories bc ON bc.book_id = b.id LEFT JOIN categories c ON bc.category_id = c.id ORDER BY b.id LIMIT ? OFFSET ?
13:26:50.378 [main] DEBUG c.e.j.m.BookMapper.findIdsBySearch - ==> Parameters: 1(Integer), 0(Long)
13:26:50.379 [main] DEBUG c.e.j.m.BookMapper.findIdsBySearch - <==      Total: 1
13:26:50.380 [main] DEBUG c.e.j.mapper.BookMapper.findByIds - ==>  Preparing: SELECT b.id, b.title, b.isbn, b.published_year, a.name AS author_name, c.id AS category_id, c.name AS category_name FROM books b LEFT JOIN authors a ON b.author_id = a.id LEFT JOIN books_categories bc ON bc.book_id = b.id LEFT JOIN categories c ON bc.category_id = c.id WHERE b.id IN ( ? ) ORDER BY b.id
13:26:50.380 [main] DEBUG c.e.j.mapper.BookMapper.findByIds - ==> Parameters: 32(Long)
13:26:50.381 [main] DEBUG c.e.j.mapper.BookMapper.findByIds - <==      Total: 3
13:26:50.381 [main] DEBUG c.e.j.m.BookMapper.findIdsBySearch - ==>  Preparing: SELECT DISTINCT b.id FROM books b LEFT JOIN authors a ON b.author_id = a.id LEFT JOIN books_categories bc ON bc.book_id = b.id LEFT JOIN categories c ON bc.category_id = c.id ORDER BY b.id LIMIT ? OFFSET ?
13:26:50.381 [main] DEBUG c.e.j.m.BookMapper.findIdsBySearch - ==> Parameters: 1(Integer), 1(Long)
13:26:50.382 [main] DEBUG c.e.j.m.BookMapper.findIdsBySearch - <==      Total: 1
13:26:50.386 [main] DEBUG c.e.j.mapper.BookMapper.insert - ==>  Preparing: INSERT INTO books (title, isbn, author_id, published_year) VALUES (?, ?, ?, ?)
13:26:50.386 [main] DEBUG c.e.j.mapper.BookMapper.insert - ==> Parameters: Effective Java(String), 978-0134685991(String), 10(Long), 2018(Integer)
13:26:50.386 [main] DEBUG c.e.j.mapper.BookMapper.insert - <==    Updates: 1
13:26:50.386 [main] DEBUG c.e.j.mapper.BookMapper.insert - ==>  Preparing: INSERT INTO books (title, isbn, author_id, published_year) VALUES (?, ?, ?, ?)
13:26:50.386 [main] DEBUG c.e.j.mapper.BookMapper.insert - ==> Parameters: Clean Code(String), 9780132350884(String), 11(Long), 2008(Integer)
13:26:50.386 [main] DEBUG c.e.j.mapper.BookMapper.insert - <==    Updates: 1
13:26:50.386 [main] DEBUG c.e.j.mapper.BookMapper.search - ==>  Preparing: SELECT b.id, b.title, b.isbn, b.published_year, a.name AS author_name, c.id AS category_id, c.name AS category_name FROM books b LEFT JOIN authors a ON b.author_id = a.id LEFT JOIN books_categories bc ON bc.book_id = b.id LEFT JOIN categories c ON bc.category_id = c.id WHERE (b.title ILIKE CONCAT('%', ?, '%') OR a.name ILIKE CONCAT('%', ?, '%') OR c.name ILIKE CONCAT('%', ?, '%')) ORDER BY b.id
13:26:50.387 [main] DEBUG c.e.j.mapper.BookMapper.search - ==> Parameters: Bloch(String), Bloch(String), Bloch(String)
13:26:50.388 [main] DEBUG c.e.j.mapper.BookMapper.search - <==      Total: 1
13:26:50.391 [main] DEBUG c.e.j.mapper.BookMapper.insert - ==>  Preparing: INSERT INTO books (title, isbn, author_id, published_year) VALUES (?, ?, ?, ?)
13:26:50.391 [main] DEBUG c.e.j.mapper.BookMapper.insert - ==> Parameters: Effective Java(String), 978-0134685991(String), 12(Long), 2018(Integer)
13:26:50.393 [main] DEBUG c.e.j.mapper.BookMapper.insert - <==    Updates: 1
13:26:50.393 [main] DEBUG c.e.j.mapper.BookMapper.insert - ==>  Preparing: INSERT INTO books (title, isbn, author_id, published_year) VALUES (?, ?, ?, ?)
13:26:50.393 [main] DEBUG c.e.j.mapper.BookMapper.insert - ==> Parameters: Unrelated Book(String), 9999999999999(String), 12(Long), 2000(Integer)
13:26:50.393 [main] DEBUG c.e.j.mapper.BookMapper.insert - <==    Updates: 1
13:26:50.394 [main] DEBUG c.e.j.mapper.BookMapper.search - ==>  Preparing: SELECT b.id, b.title, b.isbn, b.published_year, a.name AS author_name, c.id AS category_id, c.name AS category_name FROM books b LEFT JOIN authors a ON b.author_id = a.id LEFT JOIN books_categories bc ON bc.book_id = b.id LEFT JOIN categories c ON bc.category_id = c.id ORDER BY b.id
13:26:50.394 [main] DEBUG c.e.j.mapper.BookMapper.search - ==> Parameters: 
13:26:50.395 [main] DEBUG c.e.j.mapper.BookMapper.search - <==      Total: 2
13:26:50.400 [main] DEBUG c.e.j.mapper.BookMapper.insert - ==>  Preparing: INSERT INTO books (title, isbn, author_id, published_year) VALUES (?, ?, ?, ?)
13:26:50.400 [main] DEBUG c.e.j.mapper.BookMapper.insert - ==> Parameters: Effective Java(String), 978-0134685991(String), 13(Long), 2018(Integer)
13:26:50.401 [main] DEBUG c.e.j.mapper.BookMapper.insert - <==    Updates: 1
13:26:50.401 [main] DEBUG c.e.j.m.B.insertBookCategories - ==>  Preparing: INSERT INTO books_categories (book_id, category_id) VALUES (?, ?)
13:26:50.401 [main] DEBUG c.e.j.m.B.insertBookCategories - ==> Parameters: 38(Long), 11(Long)
13:26:50.401 [main] DEBUG c.e.j.m.B.insertBookCategories - <==    Updates: 1
13:26:50.401 [main] DEBUG c.e.j.m.B.findCategoriesById - ==>  Preparing: SELECT c.* FROM categories c JOIN books_categories bc ON bc.category_id = c.id WHERE bc.book_id = ?
13:26:50.402 [main] DEBUG c.e.j.m.B.findCategoriesById - ==> Parameters: 38(Long)
13:26:50.402 [main] DEBUG c.e.j.m.B.findCategoriesById - <==      Total: 1
13:26:50.405 [main] DEBUG c.e.j.mapper.BookMapper.insert - ==>  Preparing: INSERT INTO books (title, isbn, author_id, published_year) VALUES (?, ?, ?, ?)
13:26:50.406 [main] DEBUG c.e.j.mapper.BookMapper.insert - ==> Parameters: Effective Java(String), 978-0134685991(String), 14(Long), 2018(Integer)
13:26:50.406 [main] DEBUG c.e.j.mapper.BookMapper.insert - <==    Updates: 1
13:26:50.406 [main] DEBUG c.e.j.mapper.BookMapper.insert - ==>  Preparing: INSERT INTO books (title, isbn, author_id, published_year) VALUES (?, ?, ?, ?)
13:26:50.406 [main] DEBUG c.e.j.mapper.BookMapper.insert - ==> Parameters: Effective Java(String), 978-0134685991(String), 14(Long), 2018(Integer)
13:26:50.406 [main] DEBUG c.e.j.mapper.BookMapper.insert - <==    Updates: 1
13:26:50.407 [main] DEBUG c.e.j.m.BookMapper.findByAuthorId - ==>  Preparing: SELECT * FROM books b WHERE b.author_id = ?
13:26:50.407 [main] DEBUG c.e.j.m.BookMapper.findByAuthorId - ==> Parameters: 14(Long)
13:26:50.408 [main] DEBUG c.e.j.m.BookMapper.findByAuthorId - <==      Total: 2
13:26:50.430 [main] DEBUG c.e.j.m.BookRequestMapper.insert - ==>  Preparing: INSERT INTO book_requests (requester_id, status, requested_at, idempotency_key) VALUES (?, ?, ?, ?)
13:26:50.431 [main] DEBUG c.e.j.m.BookRequestMapper.insert - ==> Parameters: 7(Long), PENDING(String), 2026-09-11 13:26:50.4306438(Timestamp), 3a2544ae-10ab-493f-b1c3-151f9b16fe98(String)
13:26:50.431 [main] DEBUG c.e.j.m.BookRequestMapper.insert - <==    Updates: 1
13:26:50.431 [main] DEBUG c.e.j.m.BookRequestItemMapper.insert - ==>  Preparing: INSERT INTO book_request_items (book_request_id, title, isbn, author_id, published_year, estimated_price) VALUES (?, ?, ?, ?, ?, ?)
13:26:50.431 [main] DEBUG c.e.j.m.BookRequestItemMapper.insert - ==> Parameters: 13(Long), Effective Java(String), 9780134685991(String), null, 2018(Integer), 1200.00(BigDecimal)
13:26:50.431 [main] DEBUG c.e.j.m.BookRequestItemMapper.insert - <==    Updates: 1
13:26:50.432 [main] DEBUG c.e.j.m.B.findByBookRequestId - ==>  Preparing: SELECT * FROM book_request_items WHERE book_request_id = ?
13:26:50.432 [main] DEBUG c.e.j.m.B.findByBookRequestId - ==> Parameters: 13(Long)
13:26:50.433 [main] DEBUG c.e.j.m.B.findByBookRequestId - <==      Total: 1
13:26:50.436 [main] DEBUG c.e.j.m.BookRequestMapper.insert - ==>  Preparing: INSERT INTO book_requests (requester_id, status, requested_at, idempotency_key) VALUES (?, ?, ?, ?)
13:26:50.436 [main] DEBUG c.e.j.m.BookRequestMapper.insert - ==> Parameters: 8(Long), APPROVED(String), 2026-09-11 13:26:50.4356359(Timestamp), 8c8e68f1-0f73-4528-a109-d7e96147bfba(String)
13:26:50.436 [main] DEBUG c.e.j.m.BookRequestMapper.insert - <==    Updates: 1
13:26:50.436 [main] DEBUG c.e.j.m.BookRequestItemMapper.insert - ==>  Preparing: INSERT INTO book_request_items (book_request_id, title, isbn, author_id, published_year, estimated_price) VALUES (?, ?, ?, ?, ?, ?)
13:26:50.436 [main] DEBUG c.e.j.m.BookRequestItemMapper.insert - ==> Parameters: 14(Long), Clean Code(String), null, null, null, null
13:26:50.436 [main] DEBUG c.e.j.m.BookRequestItemMapper.insert - <==    Updates: 1
13:26:50.437 [main] DEBUG c.e.j.m.ProcurementItemMapper.insert - ==>  Preparing: INSERT INTO procurement_items (book_request_item_id, status) VALUES (?, ?)
13:26:50.437 [main] DEBUG c.e.j.m.ProcurementItemMapper.insert - ==> Parameters: 16(Long), PENDING(String)
13:26:50.437 [main] DEBUG c.e.j.m.ProcurementItemMapper.insert - <==    Updates: 1
13:26:50.437 [main] DEBUG c.e.j.m.P.findByStatus - ==>  Preparing: SELECT * FROM procurement_items WHERE status = ?
13:26:50.437 [main] DEBUG c.e.j.m.P.findByStatus - ==> Parameters: PENDING(String)
13:26:50.438 [main] DEBUG c.e.j.m.P.findByStatus - <==      Total: 1
13:26:50.439 [main] DEBUG c.e.j.m.ProcurementItemMapper.update - ==>  Preparing: UPDATE procurement_items SET status = ?, procured_by = ?, procured_at = ?, book_id = ? WHERE id = ?
13:26:50.440 [main] DEBUG c.e.j.m.ProcurementItemMapper.update - ==> Parameters: COMPLETED(String), 9(Long), 2026-09-11 13:26:50.4399502(Timestamp), null, 6(Long)
13:26:50.440 [main] DEBUG c.e.j.m.ProcurementItemMapper.update - <==    Updates: 1
13:26:50.440 [main] DEBUG c.e.j.m.P.findById - ==>  Preparing: SELECT * FROM procurement_items WHERE id = ?
13:26:50.440 [main] DEBUG c.e.j.m.P.findById - ==> Parameters: 6(Long)
13:26:50.441 [main] DEBUG c.e.j.m.P.findById - <==      Total: 1
13:26:50.445 [main] DEBUG c.e.j.m.BookRequestMapper.insert - ==>  Preparing: INSERT INTO book_requests (requester_id, status, requested_at, idempotency_key) VALUES (?, ?, ?, ?)
13:26:50.445 [main] DEBUG c.e.j.m.BookRequestMapper.insert - ==> Parameters: 10(Long), PENDING(String), 2026-09-11 13:26:50.4454653(Timestamp), 5314256c-0578-46f7-a896-b85438b93583(String)
13:26:50.446 [main] DEBUG c.e.j.m.BookRequestMapper.insert - <==    Updates: 1
13:26:50.446 [main] DEBUG c.e.j.m.BookRequestMapper.findById - ==>  Preparing: SELECT * FROM book_requests WHERE id = ?
13:26:50.447 [main] DEBUG c.e.j.m.BookRequestMapper.findById - ==> Parameters: 15(Long)
13:26:50.447 [main] DEBUG c.e.j.m.BookRequestMapper.findById - <==      Total: 1
13:26:50.447 [main] DEBUG c.e.j.m.B.findByStatus - ==>  Preparing: SELECT * FROM book_requests WHERE status = ? ORDER BY requested_at
13:26:50.448 [main] DEBUG c.e.j.m.B.findByStatus - ==> Parameters: PENDING(String)
13:26:50.448 [main] DEBUG c.e.j.m.B.findByStatus - <==      Total: 1
13:26:50.452 [main] DEBUG c.e.j.m.BookRequestMapper.insert - ==>  Preparing: INSERT INTO book_requests (requester_id, status, requested_at, idempotency_key) VALUES (?, ?, ?, ?)
13:26:50.452 [main] DEBUG c.e.j.m.BookRequestMapper.insert - ==> Parameters: 11(Long), APPROVED(String), 2026-09-11 13:26:50.4518485(Timestamp), 85bb4002-6ab9-4d00-ab80-1c9ad3ccc39a(String)
13:26:50.452 [main] DEBUG c.e.j.m.BookRequestMapper.insert - <==    Updates: 1
13:26:50.452 [main] DEBUG c.e.j.m.BookRequestItemMapper.insert - ==>  Preparing: INSERT INTO book_request_items (book_request_id, title, isbn, author_id, published_year, estimated_price) VALUES (?, ?, ?, ?, ?, ?)
13:26:50.453 [main] DEBUG c.e.j.m.BookRequestItemMapper.insert - ==> Parameters: 16(Long), Effective Java(String), 9780134685991(String), null, 2018(Integer), 1200.00(BigDecimal)
13:26:50.453 [main] DEBUG c.e.j.m.BookRequestItemMapper.insert - <==    Updates: 1
13:26:50.453 [main] DEBUG c.e.j.m.ProcurementItemMapper.insert - ==>  Preparing: INSERT INTO procurement_items (book_request_item_id, status) VALUES (?, ?)
13:26:50.453 [main] DEBUG c.e.j.m.ProcurementItemMapper.insert - ==> Parameters: 17(Long), PENDING(String)
13:26:50.453 [main] DEBUG c.e.j.m.ProcurementItemMapper.insert - <==    Updates: 1
13:26:50.453 [main] DEBUG c.e.j.m.BookRequestItemMapper.insert - ==>  Preparing: INSERT INTO book_request_items (book_request_id, title, isbn, author_id, published_year, estimated_price) VALUES (?, ?, ?, ?, ?, ?)
13:26:50.453 [main] DEBUG c.e.j.m.BookRequestItemMapper.insert - ==> Parameters: 16(Long), Clean Code(String), null, null, null, null
13:26:50.454 [main] DEBUG c.e.j.m.BookRequestItemMapper.insert - <==    Updates: 1
13:26:50.454 [main] DEBUG c.e.j.m.ProcurementItemMapper.insert - ==>  Preparing: INSERT INTO procurement_items (book_request_item_id, status) VALUES (?, ?)
13:26:50.454 [main] DEBUG c.e.j.m.ProcurementItemMapper.insert - ==> Parameters: 18(Long), COMPLETED(String)
13:26:50.454 [main] DEBUG c.e.j.m.ProcurementItemMapper.insert - <==    Updates: 1
13:26:50.454 [main] DEBUG c.e.j.m.P.findSummary - ==>  Preparing: SELECT p.*, b.title,b.isbn,b.author_id,b.published_year,b.estimated_price FROM procurement_items p JOIN book_request_items b ON p.book_request_item_id = b.id WHERE p.status = ?
13:26:50.455 [main] DEBUG c.e.j.m.P.findSummary - ==> Parameters: PENDING(String)
13:26:50.455 [main] DEBUG c.e.j.m.P.findSummary - <==      Total: 1
13:26:50.460 [main] DEBUG c.e.j.m.BookRequestMapper.insert - ==>  Preparing: INSERT INTO book_requests (requester_id, status, requested_at, idempotency_key) VALUES (?, ?, ?, ?)
13:26:50.460 [main] DEBUG c.e.j.m.BookRequestMapper.insert - ==> Parameters: 12(Long), PENDING(String), 2026-09-11 13:26:50.4607358(Timestamp), a79b200d-cb37-4a45-9533-877959548375(String)
13:26:50.460 [main] DEBUG c.e.j.m.BookRequestMapper.insert - <==    Updates: 1
13:26:50.460 [main] DEBUG c.e.j.m.BookRequestMapper.insert - ==>  Preparing: INSERT INTO book_requests (requester_id, status, requested_at, idempotency_key) VALUES (?, ?, ?, ?)
13:26:50.461 [main] DEBUG c.e.j.m.BookRequestMapper.insert - ==> Parameters: 12(Long), APPROVED(String), 2026-09-11 13:26:50.4607358(Timestamp), d04b2d56-e4e9-445d-826d-7fbaa55513a1(String)
13:26:50.461 [main] DEBUG c.e.j.m.BookRequestMapper.insert - <==    Updates: 1
13:26:50.461 [main] DEBUG c.e.j.m.B.findSummary - ==>  Preparing: SELECT br.id, br.requester_id, br.approver_id, br.status, br.requested_at, br.approved_at, bri.id AS item_id, bri.book_request_id, bri.title AS item_title, bri.isbn AS item_isbn, bri.author_id AS item_author_id, bri.published_year AS item_published_year, bri.estimated_price AS item_estimated_price FROM book_requests br LEFT JOIN book_request_items bri ON bri.book_request_id = br.id WHERE br.status = ? ORDER BY br.requested_at
13:26:50.462 [main] DEBUG c.e.j.m.B.findSummary - ==> Parameters: PENDING(String)
13:26:50.463 [main] DEBUG c.e.j.m.B.findSummary - <==      Total: 1
13:26:50.466 [main] DEBUG c.e.j.m.BookRequestMapper.insert - ==>  Preparing: INSERT INTO book_requests (requester_id, status, requested_at, idempotency_key) VALUES (?, ?, ?, ?)
13:26:50.466 [main] DEBUG c.e.j.m.BookRequestMapper.insert - ==> Parameters: 13(Long), PENDING(String), 2026-09-11 13:26:50.4658145(Timestamp), 7187c59f-6245-48fd-85fa-29a045509c6d(String)
13:26:50.466 [main] DEBUG c.e.j.m.BookRequestMapper.insert - <==    Updates: 1
13:26:50.466 [main] DEBUG c.e.j.m.BookRequestMapper.approve - ==>  Preparing: UPDATE book_requests SET status = 'APPROVED', approver_id = ?, approved_at = ? WHERE id = ? AND status = 'PENDING' AND requester_id != ?
13:26:50.466 [main] DEBUG c.e.j.m.BookRequestMapper.approve - ==> Parameters: 14(Long), 2026-09-11 13:26:50.4668077(Timestamp), 19(Long), 14(Long)
13:26:50.467 [main] DEBUG c.e.j.m.BookRequestMapper.approve - <==    Updates: 1
13:26:50.470 [main] DEBUG c.e.j.m.BookRequestMapper.insert - ==>  Preparing: INSERT INTO book_requests (requester_id, status, requested_at, idempotency_key) VALUES (?, ?, ?, ?)
13:26:50.471 [main] DEBUG c.e.j.m.BookRequestMapper.insert - ==> Parameters: 15(Long), PENDING(String), 2026-09-11 13:26:50.4708077(Timestamp), 0b689bb4-3901-4fdf-ab06-7e1de51ce8a3(String)
13:26:50.471 [main] DEBUG c.e.j.m.BookRequestMapper.insert - <==    Updates: 1
13:26:50.471 [main] DEBUG c.e.j.m.BookRequestItemMapper.insert - ==>  Preparing: INSERT INTO book_request_items (book_request_id, title, isbn, author_id, published_year, estimated_price) VALUES (?, ?, ?, ?, ?, ?)
13:26:50.471 [main] DEBUG c.e.j.m.BookRequestItemMapper.insert - ==> Parameters: 20(Long), Effective Java(String), null, null, null, null
13:26:50.472 [main] DEBUG c.e.j.m.BookRequestItemMapper.insert - <==    Updates: 1
13:26:50.472 [main] DEBUG c.e.j.m.BookRequestItemMapper.insert - ==>  Preparing: INSERT INTO book_request_items (book_request_id, title, isbn, author_id, published_year, estimated_price) VALUES (?, ?, ?, ?, ?, ?)
13:26:50.472 [main] DEBUG c.e.j.m.BookRequestItemMapper.insert - ==> Parameters: 20(Long), Clean Code(String), null, null, null, null
13:26:50.472 [main] DEBUG c.e.j.m.BookRequestItemMapper.insert - <==    Updates: 1
13:26:50.472 [main] DEBUG c.e.j.m.B.findSummary - ==>  Preparing: SELECT br.id, br.requester_id, br.approver_id, br.status, br.requested_at, br.approved_at, bri.id AS item_id, bri.book_request_id, bri.title AS item_title, bri.isbn AS item_isbn, bri.author_id AS item_author_id, bri.published_year AS item_published_year, bri.estimated_price AS item_estimated_price FROM book_requests br LEFT JOIN book_request_items bri ON bri.book_request_id = br.id ORDER BY br.requested_at
13:26:50.473 [main] DEBUG c.e.j.m.B.findSummary - ==> Parameters: 
13:26:50.473 [main] DEBUG c.e.j.m.B.findSummary - <==      Total: 2
13:26:50.479 [main] DEBUG c.e.j.mapper.CategoryMapper.update - ==>  Preparing: UPDATE categories SET name = ? WHERE id = ?
13:26:50.479 [main] DEBUG c.e.j.mapper.CategoryMapper.update - ==> Parameters: Updated Name(String), 12(Long)
13:26:50.479 [main] DEBUG c.e.j.mapper.CategoryMapper.update - <==    Updates: 1
13:26:50.479 [main] DEBUG c.e.j.mapper.CategoryMapper.findById - ==>  Preparing: SELECT * FROM categories c WHERE c.id = ?
13:26:50.480 [main] DEBUG c.e.j.mapper.CategoryMapper.findById - ==> Parameters: 12(Long)
13:26:50.480 [main] DEBUG c.e.j.mapper.CategoryMapper.findById - <==      Total: 1
13:26:50.484 [main] DEBUG c.e.j.mapper.CategoryMapper.insert - ==>  Preparing: INSERT INTO categories (name) VALUES (?)
13:26:50.484 [main] DEBUG c.e.j.mapper.CategoryMapper.insert - ==> Parameters: Fiction(String)
13:26:50.485 [main] DEBUG c.e.j.mapper.CategoryMapper.insert - <==    Updates: 1
13:26:50.485 [main] DEBUG c.e.j.mapper.CategoryMapper.findById - ==>  Preparing: SELECT * FROM categories c WHERE c.id = ?
13:26:50.485 [main] DEBUG c.e.j.mapper.CategoryMapper.findById - ==> Parameters: 13(Long)
13:26:50.485 [main] DEBUG c.e.j.mapper.CategoryMapper.findById - <==      Total: 1
13:26:50.491 [main] DEBUG c.e.j.mapper.CategoryMapper.count - ==>  Preparing: SELECT COUNT(*) FROM categories
13:26:50.491 [main] DEBUG c.e.j.mapper.CategoryMapper.count - ==> Parameters: 
13:26:50.491 [main] DEBUG c.e.j.mapper.CategoryMapper.count - <==      Total: 1
13:26:50.492 [main] DEBUG c.e.j.m.CategoryMapper.findAllPaged - ==>  Preparing: SELECT * FROM categories c ORDER BY c.id LIMIT ? OFFSET ?
13:26:50.492 [main] DEBUG c.e.j.m.CategoryMapper.findAllPaged - ==> Parameters: 2(Integer), 0(Long)
13:26:50.492 [main] DEBUG c.e.j.m.CategoryMapper.findAllPaged - <==      Total: 2
13:26:50.493 [main] DEBUG c.e.j.m.CategoryMapper.findAllPaged - ==>  Preparing: SELECT * FROM categories c ORDER BY c.id LIMIT ? OFFSET ?
13:26:50.493 [main] DEBUG c.e.j.m.CategoryMapper.findAllPaged - ==> Parameters: 2(Integer), 2(Long)
13:26:50.493 [main] DEBUG c.e.j.m.CategoryMapper.findAllPaged - <==      Total: 1
13:26:50.497 [main] DEBUG c.e.j.mapper.CategoryMapper.findAll - ==>  Preparing: SELECT * FROM categories c ORDER BY c.id
13:26:50.497 [main] DEBUG c.e.j.mapper.CategoryMapper.findAll - ==> Parameters: 
13:26:50.498 [main] DEBUG c.e.j.mapper.CategoryMapper.findAll - <==      Total: 2
13:26:50.501 [main] DEBUG c.e.j.m.CategoryMapper.deleteById - ==>  Preparing: DELETE FROM categories WHERE id = ?
13:26:50.501 [main] DEBUG c.e.j.m.CategoryMapper.deleteById - ==> Parameters: 19(Long)
13:26:50.501 [main] DEBUG c.e.j.m.CategoryMapper.deleteById - <==    Updates: 1
13:26:50.501 [main] DEBUG c.e.j.mapper.CategoryMapper.findAll - ==>  Preparing: SELECT * FROM categories c ORDER BY c.id
13:26:50.501 [main] DEBUG c.e.j.mapper.CategoryMapper.findAll - ==> Parameters: 
13:26:50.501 [main] DEBUG c.e.j.mapper.CategoryMapper.findAll - <==      Total: 0
13:26:50.508 [main] DEBUG c.e.j.m.C.findBooksByCategoryId - ==>  Preparing: SELECT b.* FROM books b JOIN books_categories bc ON b.id = bc.book_id WHERE bc.category_id = ?
13:26:50.508 [main] DEBUG c.e.j.m.C.findBooksByCategoryId - ==> Parameters: 20(Long)
13:26:50.510 [main] DEBUG c.e.j.m.C.findBooksByCategoryId - <==      Total: 1
13:26:50.512 [main] DEBUG c.e.j.mapper.CategoryMapper.findById - ==>  Preparing: SELECT * FROM categories c WHERE c.id = ?
13:26:50.512 [main] DEBUG c.e.j.mapper.CategoryMapper.findById - ==> Parameters: 22(Long)
13:26:50.512 [main] DEBUG c.e.j.mapper.CategoryMapper.findById - <==      Total: 1
13:26:50.517 [main] DEBUG c.e.j.mapper.UserMapper.update - ==>  Preparing: UPDATE users SET name = ?, password_hash = ?, role = ? WHERE id = ?
13:26:50.517 [main] DEBUG c.e.j.mapper.UserMapper.update - ==> Parameters: New Name(String), new-hash(String), ADMIN(String), 16(Long)
13:26:50.517 [main] DEBUG c.e.j.mapper.UserMapper.update - <==    Updates: 1
13:26:50.517 [main] DEBUG c.e.j.mapper.UserMapper.findByEmail - ==>  Preparing: SELECT * FROM users u WHERE u.email = ?
13:26:50.518 [main] DEBUG c.e.j.mapper.UserMapper.findByEmail - ==> Parameters: update@example.com(String)
13:26:50.518 [main] DEBUG c.e.j.mapper.UserMapper.findByEmail - <==      Total: 1
13:26:50.521 [main] DEBUG c.e.j.mapper.UserMapper.insert - ==>  Preparing: INSERT INTO users (email, name, password_hash, role) VALUES (?, ?, ?, ?)
13:26:50.522 [main] DEBUG c.e.j.mapper.UserMapper.insert - ==> Parameters: new@example.com(String), New User(String), hashed-password(String), ADMIN(String)
13:26:50.522 [main] DEBUG c.e.j.mapper.UserMapper.insert - <==    Updates: 1
13:26:50.522 [main] DEBUG c.e.j.mapper.UserMapper.findByEmail - ==>  Preparing: SELECT * FROM users u WHERE u.email = ?
13:26:50.522 [main] DEBUG c.e.j.mapper.UserMapper.findByEmail - ==> Parameters: new@example.com(String)
13:26:50.523 [main] DEBUG c.e.j.mapper.UserMapper.findByEmail - <==      Total: 1
13:26:50.525 [main] DEBUG c.e.j.mapper.UserMapper.findByEmail - ==>  Preparing: SELECT * FROM users u WHERE u.email = ?
13:26:50.525 [main] DEBUG c.e.j.mapper.UserMapper.findByEmail - ==> Parameters: nobody@example.com(String)
13:26:50.526 [main] DEBUG c.e.j.mapper.UserMapper.findByEmail - <==      Total: 0
13:26:50.528 [main] DEBUG c.e.j.mapper.UserMapper.findByEmail - ==>  Preparing: SELECT * FROM users u WHERE u.email = ?
13:26:50.528 [main] DEBUG c.e.j.mapper.UserMapper.findByEmail - ==> Parameters: alex@example.com(String)
13:26:50.529 [main] DEBUG c.e.j.mapper.UserMapper.findByEmail - <==      Total: 1
13:26:50.661 [main] INFO  c.e.j.service.AuthServiceImpl - 登入成功：userId=1, email=alex@example.com
13:26:50.664 [main] WARN  c.e.j.service.AuthServiceImpl - 登入失敗，帳號不存在：email=nobody@example.com
13:26:50.665 [main] WARN  c.e.j.service.AuthServiceImpl - 登入失敗，密碼錯誤：email=alex@example.com
13:26:50.667 [main] INFO  c.e.j.service.AuthServiceImpl - 新使用者註冊：userId=null, email=new@example.com
13:26:50.675 [pool-2-thread-1] DEBUG c.e.j.m.BookRequestMapper.insert - ==>  Preparing: INSERT INTO book_requests (requester_id, status, requested_at, idempotency_key) VALUES (?, ?, ?, ?)
13:26:50.675 [pool-2-thread-2] DEBUG c.e.j.m.BookRequestMapper.insert - ==>  Preparing: INSERT INTO book_requests (requester_id, status, requested_at, idempotency_key) VALUES (?, ?, ?, ?)
13:26:50.675 [pool-2-thread-2] DEBUG c.e.j.m.BookRequestMapper.insert - ==> Parameters: 19(Long), PENDING(String), 2026-09-11 13:26:50.6754469(Timestamp), eee02142-c744-4c99-8e8a-1a1e388cdf24(String)
13:26:50.675 [pool-2-thread-1] DEBUG c.e.j.m.BookRequestMapper.insert - ==> Parameters: 19(Long), PENDING(String), 2026-09-11 13:26:50.6754469(Timestamp), eee02142-c744-4c99-8e8a-1a1e388cdf24(String)
13:26:50.676 [pool-2-thread-2] DEBUG c.e.j.m.BookRequestMapper.insert - <==    Updates: 1
13:26:50.676 [pool-2-thread-2] DEBUG c.e.j.m.BookRequestItemMapper.insert - ==>  Preparing: INSERT INTO book_request_items (book_request_id, title, isbn, author_id, published_year, estimated_price) VALUES (?, ?, ?, ?, ?, ?)
13:26:50.676 [pool-2-thread-2] DEBUG c.e.j.m.BookRequestItemMapper.insert - ==> Parameters: 21(Long), Effective Java(String), null, null, null, null
13:26:50.676 [pool-2-thread-2] DEBUG c.e.j.m.BookRequestItemMapper.insert - <==    Updates: 1
13:26:50.676 [pool-2-thread-2] DEBUG c.e.j.mapper.AuditLogMapper.insert - ==>  Preparing: INSERT INTO audit_logs (user_id, audited_at, action, entity_type, entity_id, detail) VALUES (?, ?, ?, ?, ?, ?)
13:26:50.677 [pool-2-thread-2] DEBUG c.e.j.mapper.AuditLogMapper.insert - ==> Parameters: 19(Long), 2026-09-11 13:26:50.6754469(Timestamp), SUBMIT(String), BOOK_REQUEST(String), 21(Long), [B@b152fa9(byte[])
13:26:50.677 [pool-2-thread-2] DEBUG c.e.j.mapper.AuditLogMapper.insert - <==    Updates: 1
13:26:50.677 [pool-2-thread-2] INFO  c.e.j.service.BookRequestServiceImpl - 送出申請：requestId=21, requesterId=19, 書籍數=1
13:26:50.732 [pool-2-thread-1] WARN  c.e.j.service.BookRequestServiceImpl - 偵測到重複送出，直接回傳原始請求：idempotencyKey=eee02142-c744-4c99-8e8a-1a1e388cdf24
13:26:50.733 [pool-2-thread-1] DEBUG c.e.j.m.B.findByIdempotencyKey - ==>  Preparing: SELECT * FROM book_requests WHERE idempotency_key = ?
13:26:50.733 [pool-2-thread-1] DEBUG c.e.j.m.B.findByIdempotencyKey - ==> Parameters: eee02142-c744-4c99-8e8a-1a1e388cdf24(String)
13:26:50.734 [pool-2-thread-1] DEBUG c.e.j.m.B.findByIdempotencyKey - <==      Total: 1
13:26:50.736 [main] DEBUG c.e.j.m.BookRequestMapper.findAll - ==>  Preparing: SELECT * FROM book_requests
13:26:50.736 [main] DEBUG c.e.j.m.BookRequestMapper.findAll - ==> Parameters: 
13:26:50.737 [main] DEBUG c.e.j.m.BookRequestMapper.findAll - <==      Total: 1
13:26:50.743 [main] DEBUG c.e.j.m.BookRequestMapper.insert - ==>  Preparing: INSERT INTO book_requests (requester_id, status, requested_at, idempotency_key) VALUES (?, ?, ?, ?)
13:26:50.743 [main] DEBUG c.e.j.m.BookRequestMapper.insert - ==> Parameters: 20(Long), PENDING(String), 2026-09-11 13:26:50.7424771(Timestamp), e59cc6a4-be68-44f6-a406-6ab371aa8b7a(String)
13:26:50.744 [main] DEBUG c.e.j.m.BookRequestMapper.insert - <==    Updates: 1
13:26:50.744 [main] DEBUG c.e.j.m.BookRequestItemMapper.insert - ==>  Preparing: INSERT INTO book_request_items (book_request_id, title, isbn, author_id, published_year, estimated_price) VALUES (?, ?, ?, ?, ?, ?)
13:26:50.744 [main] DEBUG c.e.j.m.BookRequestItemMapper.insert - ==> Parameters: 27(Long), Effective Java(String), null, null, null, null
13:26:50.745 [main] DEBUG c.e.j.m.BookRequestItemMapper.insert - <==    Updates: 1
13:26:50.745 [main] DEBUG c.e.j.mapper.AuditLogMapper.insert - ==>  Preparing: INSERT INTO audit_logs (user_id, audited_at, action, entity_type, entity_id, detail) VALUES (?, ?, ?, ?, ?, ?)
13:26:50.746 [main] DEBUG c.e.j.mapper.AuditLogMapper.insert - ==> Parameters: 20(Long), 2026-09-11 13:26:50.7424771(Timestamp), SUBMIT(String), BOOK_REQUEST(String), 27(Long), [B@2b55ea4d(byte[])
13:26:50.746 [main] DEBUG c.e.j.mapper.AuditLogMapper.insert - <==    Updates: 1
13:26:50.746 [main] INFO  c.e.j.service.BookRequestServiceImpl - 送出申請：requestId=27, requesterId=20, 書籍數=1
13:26:50.747 [main] DEBUG c.e.j.m.BookRequestMapper.insert - ==>  Preparing: INSERT INTO book_requests (requester_id, status, requested_at, idempotency_key) VALUES (?, ?, ?, ?)
13:26:50.747 [main] DEBUG c.e.j.m.BookRequestMapper.insert - ==> Parameters: 20(Long), PENDING(String), 2026-09-11 13:26:50.7464836(Timestamp), e59cc6a4-be68-44f6-a406-6ab371aa8b7a(String)
13:26:50.748 [main] WARN  c.e.j.service.BookRequestServiceImpl - 偵測到重複送出，直接回傳原始請求：idempotencyKey=e59cc6a4-be68-44f6-a406-6ab371aa8b7a
13:26:50.748 [main] DEBUG c.e.j.m.B.findByIdempotencyKey - ==>  Preparing: SELECT * FROM book_requests WHERE idempotency_key = ?
13:26:50.748 [main] DEBUG c.e.j.m.B.findByIdempotencyKey - ==> Parameters: e59cc6a4-be68-44f6-a406-6ab371aa8b7a(String)
13:26:50.749 [main] DEBUG c.e.j.m.B.findByIdempotencyKey - <==      Total: 1
13:26:50.749 [main] DEBUG c.e.j.m.BookRequestMapper.findAll - ==>  Preparing: SELECT * FROM book_requests
13:26:50.749 [main] DEBUG c.e.j.m.BookRequestMapper.findAll - ==> Parameters: 
13:26:50.749 [main] DEBUG c.e.j.m.BookRequestMapper.findAll - <==      Total: 1
13:26:50.806 [main] DEBUG c.e.j.m.BookRequestMapper.insert - ==>  Preparing: INSERT INTO book_requests (requester_id, status, requested_at, idempotency_key) VALUES (?, ?, ?, ?)
13:26:50.807 [main] DEBUG c.e.j.m.BookRequestMapper.insert - ==> Parameters: 21(Long), APPROVED(String), 2026-09-11 13:26:50.806483(Timestamp), 08460596-510e-4c03-8e16-2448605446a0(String)
13:26:50.807 [main] DEBUG c.e.j.m.BookRequestMapper.insert - <==    Updates: 1
13:26:50.808 [main] DEBUG c.e.j.m.BookRequestItemMapper.insert - ==>  Preparing: INSERT INTO book_request_items (book_request_id, title, isbn, author_id, published_year, estimated_price) VALUES (?, ?, ?, ?, ?, ?)
13:26:50.808 [main] DEBUG c.e.j.m.BookRequestItemMapper.insert - ==> Parameters: 29(Long), Effective Java(String), null, null, null, null
13:26:50.809 [main] DEBUG c.e.j.m.BookRequestItemMapper.insert - <==    Updates: 1
13:26:50.809 [main] DEBUG c.e.j.m.ProcurementItemMapper.insert - ==>  Preparing: INSERT INTO procurement_items (book_request_item_id, status) VALUES (?, ?)
13:26:50.809 [main] DEBUG c.e.j.m.ProcurementItemMapper.insert - ==> Parameters: 23(Long), PENDING(String)
13:26:50.810 [main] DEBUG c.e.j.m.ProcurementItemMapper.insert - <==    Updates: 1
13:26:50.814 [pool-3-thread-1] DEBUG c.e.j.m.P.findByIdForUpdate - ==>  Preparing: SELECT * FROM procurement_items WHERE id = ? FOR UPDATE
13:26:50.814 [pool-3-thread-2] DEBUG c.e.j.m.P.findByIdForUpdate - ==>  Preparing: SELECT * FROM procurement_items WHERE id = ? FOR UPDATE
13:26:50.816 [pool-3-thread-2] DEBUG c.e.j.m.P.findByIdForUpdate - ==> Parameters: 9(Long)
13:26:50.816 [pool-3-thread-1] DEBUG c.e.j.m.P.findByIdForUpdate - ==> Parameters: 9(Long)
13:26:50.816 [pool-3-thread-2] DEBUG c.e.j.m.P.findByIdForUpdate - <==      Total: 1
13:26:50.817 [pool-3-thread-2] DEBUG c.e.j.m.B.findById - ==>  Preparing: SELECT * FROM book_request_items WHERE id = ?
13:26:50.818 [pool-3-thread-2] DEBUG c.e.j.m.B.findById - ==> Parameters: 23(Long)
13:26:50.818 [pool-3-thread-2] DEBUG c.e.j.m.B.findById - <==      Total: 1
13:26:50.819 [pool-3-thread-2] DEBUG c.e.j.mapper.BookMapper.insert - ==>  Preparing: INSERT INTO books (title, isbn, author_id, published_year) VALUES (?, ?, ?, ?)
13:26:50.819 [pool-3-thread-2] DEBUG c.e.j.mapper.BookMapper.insert - ==> Parameters: Effective Java(String), null, null, null
13:26:50.819 [pool-3-thread-2] DEBUG c.e.j.mapper.BookMapper.insert - <==    Updates: 1
13:26:50.820 [pool-3-thread-2] DEBUG c.e.j.m.ProcurementItemMapper.update - ==>  Preparing: UPDATE procurement_items SET status = ?, procured_by = ?, procured_at = ?, book_id = ? WHERE id = ?
13:26:50.820 [pool-3-thread-2] DEBUG c.e.j.m.ProcurementItemMapper.update - ==> Parameters: COMPLETED(String), 23(Long), 2026-09-11 13:26:50.8204828(Timestamp), 43(Long), 9(Long)
13:26:50.820 [pool-3-thread-2] DEBUG c.e.j.m.ProcurementItemMapper.update - <==    Updates: 1
13:26:50.821 [pool-3-thread-2] DEBUG c.e.j.mapper.AuditLogMapper.insert - ==>  Preparing: INSERT INTO audit_logs (user_id, audited_at, action, entity_type, entity_id, detail) VALUES (?, ?, ?, ?, ?, ?)
13:26:50.823 [pool-3-thread-2] DEBUG c.e.j.mapper.AuditLogMapper.insert - ==> Parameters: 23(Long), 2026-09-11 13:26:50.8204828(Timestamp), COMPLETE_PROCUREMENT(String), PROCUREMENT_ITEM(String), 9(Long), [B@60596efd(byte[])
13:26:50.823 [pool-3-thread-2] DEBUG c.e.j.mapper.AuditLogMapper.insert - <==    Updates: 1
13:26:50.824 [pool-3-thread-2] INFO  c.e.j.service.ProcurementServiceImpl - 採購完成，書籍已入庫：procurementItemId=9, bookId=43, procuredBy=23
13:26:50.825 [pool-3-thread-1] DEBUG c.e.j.m.P.findByIdForUpdate - <==      Total: 1
13:26:50.827 [main] DEBUG c.e.j.m.P.findByStatus - ==>  Preparing: SELECT * FROM procurement_items WHERE status = ?
13:26:50.827 [main] DEBUG c.e.j.m.P.findByStatus - ==> Parameters: COMPLETED(String)
13:26:50.828 [main] DEBUG c.e.j.m.P.findByStatus - <==      Total: 1
13:33:28.747 [main] ERROR c.e.j.controller.HealthController - 健康檢查失敗：資料庫連線異常
org.springframework.dao.DataAccessResourceFailureException: connection refused
	at org.springframework.jdbc.core.JdbcTemplate.queryForObject(JdbcTemplate.java:516)
	at com.example.jsppractice.controller.HealthController.isDbUp(HealthController.java:45)
	at com.example.jsppractice.controller.HealthController.health(HealthController.java:27)
	at java.base/jdk.internal.reflect.DirectMethodHandleAccessor.invoke(DirectMethodHandleAccessor.java:104)
	at java.base/java.lang.reflect.Method.invoke(Method.java:565)
	at org.springframework.web.method.support.InvocableHandlerMethod.doInvoke(InvocableHandlerMethod.java:205)
	at org.springframework.web.method.support.InvocableHandlerMethod.invokeForRequest(InvocableHandlerMethod.java:150)
	at org.springframework.web.servlet.mvc.method.annotation.ServletInvocableHandlerMethod.invokeAndHandle(ServletInvocableHandlerMethod.java:117)
	at org.springframework.web.servlet.mvc.method.annotation.RequestMappingHandlerAdapter.invokeHandlerMethod(RequestMappingHandlerAdapter.java:903)
	at org.springframework.web.servlet.mvc.method.annotation.RequestMappingHandlerAdapter.handleInternal(RequestMappingHandlerAdapter.java:809)
	at org.springframework.web.servlet.mvc.method.AbstractHandlerMethodAdapter.handle(AbstractHandlerMethodAdapter.java:87)
	at org.springframework.web.servlet.DispatcherServlet.doDispatch(DispatcherServlet.java:1072)
	at org.springframework.web.servlet.DispatcherServlet.doService(DispatcherServlet.java:965)
	at org.springframework.web.servlet.FrameworkServlet.processRequest(FrameworkServlet.java:1006)
	at org.springframework.web.servlet.FrameworkServlet.doGet(FrameworkServlet.java:898)
	at javax.servlet.http.HttpServlet.service(HttpServlet.java:645)
	at org.springframework.web.servlet.FrameworkServlet.service(FrameworkServlet.java:883)
	at org.springframework.test.web.servlet.TestDispatcherServlet.service(TestDispatcherServlet.java:72)
	at javax.servlet.http.HttpServlet.service(HttpServlet.java:750)
	at org.springframework.mock.web.MockFilterChain$ServletFilterProxy.doFilter(MockFilterChain.java:167)
	at org.springframework.mock.web.MockFilterChain.doFilter(MockFilterChain.java:134)
	at org.springframework.test.web.servlet.MockMvc.perform(MockMvc.java:201)
	at com.example.jsppractice.controller.HealthControllerTest.returnsDownWithServiceUnavailableWhenDbQueryFails(HealthControllerTest.java:68)
	at java.base/jdk.internal.reflect.DirectMethodHandleAccessor.invoke(DirectMethodHandleAccessor.java:104)
	at java.base/java.lang.reflect.Method.invoke(Method.java:565)
	at org.junit.runners.model.FrameworkMethod$1.runReflectiveCall(FrameworkMethod.java:59)
	at org.junit.internal.runners.model.ReflectiveCallable.run(ReflectiveCallable.java:12)
	at org.junit.runners.model.FrameworkMethod.invokeExplosively(FrameworkMethod.java:56)
	at org.junit.internal.runners.statements.InvokeMethod.evaluate(InvokeMethod.java:17)
	at org.junit.internal.runners.statements.RunBefores.evaluate(RunBefores.java:26)
	at org.mockito.internal.runners.DefaultInternalRunner$1$1.evaluate(DefaultInternalRunner.java:55)
	at org.junit.runners.ParentRunner$3.evaluate(ParentRunner.java:306)
	at org.junit.runners.BlockJUnit4ClassRunner$1.evaluate(BlockJUnit4ClassRunner.java:100)
	at org.junit.runners.ParentRunner.runLeaf(ParentRunner.java:366)
	at org.junit.runners.BlockJUnit4ClassRunner.runChild(BlockJUnit4ClassRunner.java:103)
	at org.junit.runners.BlockJUnit4ClassRunner.runChild(BlockJUnit4ClassRunner.java:63)
	at org.junit.runners.ParentRunner$4.run(ParentRunner.java:331)
	at org.junit.runners.ParentRunner$1.schedule(ParentRunner.java:79)
	at org.junit.runners.ParentRunner.runChildren(ParentRunner.java:329)
	at org.junit.runners.ParentRunner.access$100(ParentRunner.java:66)
	at org.junit.runners.ParentRunner$2.evaluate(ParentRunner.java:293)
	at org.junit.runners.ParentRunner$3.evaluate(ParentRunner.java:306)
	at org.junit.runners.ParentRunner.run(ParentRunner.java:413)
	at org.mockito.internal.runners.DefaultInternalRunner$1.run(DefaultInternalRunner.java:100)
	at org.mockito.internal.runners.DefaultInternalRunner.run(DefaultInternalRunner.java:107)
	at org.mockito.internal.runners.StrictRunner.run(StrictRunner.java:42)
	at org.mockito.junit.MockitoJUnitRunner.run(MockitoJUnitRunner.java:163)
	at org.apache.maven.surefire.junit4.JUnit4Provider.execute(JUnit4Provider.java:316)
	at org.apache.maven.surefire.junit4.JUnit4Provider.executeWithRerun(JUnit4Provider.java:240)
	at org.apache.maven.surefire.junit4.JUnit4Provider.executeTestSet(JUnit4Provider.java:214)
	at org.apache.maven.surefire.junit4.JUnit4Provider.invoke(JUnit4Provider.java:155)
	at org.apache.maven.surefire.booter.ForkedBooter.runSuitesInProcess(ForkedBooter.java:385)
	at org.apache.maven.surefire.booter.ForkedBooter.execute(ForkedBooter.java:162)
	at org.apache.maven.surefire.booter.ForkedBooter.run(ForkedBooter.java:507)
	at org.apache.maven.surefire.booter.ForkedBooter.main(ForkedBooter.java:495)
13:37:19.215 [main] DEBUG c.e.j.mapper.CategoryMapper.insert - ==>  Preparing: INSERT INTO categories (name) VALUES (?)
13:37:19.229 [main] DEBUG c.e.j.mapper.CategoryMapper.insert - ==> Parameters: Programming(String)
13:37:19.230 [main] DEBUG c.e.j.mapper.CategoryMapper.insert - <==    Updates: 1
13:37:19.232 [main] DEBUG c.e.j.mapper.CategoryMapper.insert - ==>  Preparing: INSERT INTO categories (name) VALUES (?)
13:37:19.233 [main] DEBUG c.e.j.mapper.CategoryMapper.insert - ==> Parameters: Architecture(String)
13:37:19.233 [main] DEBUG c.e.j.mapper.CategoryMapper.insert - <==    Updates: 1
13:37:19.234 [main] DEBUG c.e.j.mapper.CategoryMapper.insert - ==>  Preparing: INSERT INTO categories (name) VALUES (?)
13:37:19.234 [main] DEBUG c.e.j.mapper.CategoryMapper.insert - ==> Parameters: Best Practice(String)
13:37:19.234 [main] DEBUG c.e.j.mapper.CategoryMapper.insert - <==    Updates: 1
13:37:19.236 [main] DEBUG c.e.j.mapper.BookMapper.insert - ==>  Preparing: INSERT INTO books (title, isbn, author_id, published_year) VALUES (?, ?, ?, ?)
13:37:19.241 [main] DEBUG c.e.j.mapper.BookMapper.insert - ==> Parameters: Effective Java(String), 9780134685991(String), 1(Long), 2018(Integer)
13:37:19.242 [main] DEBUG c.e.j.mapper.BookMapper.insert - <==    Updates: 1
13:37:19.251 [main] DEBUG c.e.j.m.B.deleteCategoriesByBookId - ==>  Preparing: DELETE FROM books_categories bc WHERE bc.book_id = ?
13:37:19.251 [main] DEBUG c.e.j.m.B.deleteCategoriesByBookId - ==> Parameters: 1(Long)
13:37:19.252 [main] DEBUG c.e.j.m.B.deleteCategoriesByBookId - <==    Updates: 0
13:37:19.265 [main] DEBUG c.e.j.m.B.insertBookCategories - ==>  Preparing: INSERT INTO books_categories (book_id, category_id) VALUES (?, ?) , (?, ?)
13:37:19.265 [main] DEBUG c.e.j.m.B.insertBookCategories - ==> Parameters: 1(Long), 1(Long), 1(Long), 3(Long)
13:37:19.266 [main] DEBUG c.e.j.m.B.insertBookCategories - <==    Updates: 2
13:37:19.268 [main] DEBUG c.e.j.mapper.BookMapper.insert - ==>  Preparing: INSERT INTO books (title, isbn, author_id, published_year) VALUES (?, ?, ?, ?)
13:37:19.268 [main] DEBUG c.e.j.mapper.BookMapper.insert - ==> Parameters: Clean Code(String), 9780132350884(String), 2(Long), 2008(Integer)
13:37:19.268 [main] DEBUG c.e.j.mapper.BookMapper.insert - <==    Updates: 1
13:37:19.269 [main] DEBUG c.e.j.m.B.deleteCategoriesByBookId - ==>  Preparing: DELETE FROM books_categories bc WHERE bc.book_id = ?
13:37:19.269 [main] DEBUG c.e.j.m.B.deleteCategoriesByBookId - ==> Parameters: 2(Long)
13:37:19.269 [main] DEBUG c.e.j.m.B.deleteCategoriesByBookId - <==    Updates: 0
13:37:19.270 [main] DEBUG c.e.j.m.B.insertBookCategories - ==>  Preparing: INSERT INTO books_categories (book_id, category_id) VALUES (?, ?)
13:37:19.270 [main] DEBUG c.e.j.m.B.insertBookCategories - ==> Parameters: 2(Long), 3(Long)
13:37:19.270 [main] DEBUG c.e.j.m.B.insertBookCategories - <==    Updates: 1
13:37:19.271 [main] DEBUG c.e.j.mapper.BookMapper.insert - ==>  Preparing: INSERT INTO books (title, isbn, author_id, published_year) VALUES (?, ?, ?, ?)
13:37:19.271 [main] DEBUG c.e.j.mapper.BookMapper.insert - ==> Parameters: Domain-Driven Design(String), 9780321125217(String), 3(Long), 2003(Integer)
13:37:19.272 [main] DEBUG c.e.j.mapper.BookMapper.insert - <==    Updates: 1
13:37:19.273 [main] DEBUG c.e.j.m.B.deleteCategoriesByBookId - ==>  Preparing: DELETE FROM books_categories bc WHERE bc.book_id = ?
13:37:19.273 [main] DEBUG c.e.j.m.B.deleteCategoriesByBookId - ==> Parameters: 3(Long)
13:37:19.273 [main] DEBUG c.e.j.m.B.deleteCategoriesByBookId - <==    Updates: 0
13:37:19.273 [main] DEBUG c.e.j.m.B.insertBookCategories - ==>  Preparing: INSERT INTO books_categories (book_id, category_id) VALUES (?, ?)
13:37:19.274 [main] DEBUG c.e.j.m.B.insertBookCategories - ==> Parameters: 3(Long), 2(Long)
13:37:19.274 [main] DEBUG c.e.j.m.B.insertBookCategories - <==    Updates: 1
13:37:19.275 [main] DEBUG c.e.j.mapper.BookMapper.insert - ==>  Preparing: INSERT INTO books (title, isbn, author_id, published_year) VALUES (?, ?, ?, ?)
13:37:19.275 [main] DEBUG c.e.j.mapper.BookMapper.insert - ==> Parameters: Clean Architecture(String), 9780134494166(String), 2(Long), 2017(Integer)
13:37:19.275 [main] DEBUG c.e.j.mapper.BookMapper.insert - <==    Updates: 1
13:37:19.277 [main] DEBUG c.e.j.m.B.deleteCategoriesByBookId - ==>  Preparing: DELETE FROM books_categories bc WHERE bc.book_id = ?
13:37:19.277 [main] DEBUG c.e.j.m.B.deleteCategoriesByBookId - ==> Parameters: 4(Long)
13:37:19.278 [main] DEBUG c.e.j.m.B.deleteCategoriesByBookId - <==    Updates: 0
13:37:19.278 [main] DEBUG c.e.j.m.B.insertBookCategories - ==>  Preparing: INSERT INTO books_categories (book_id, category_id) VALUES (?, ?) , (?, ?)
13:37:19.278 [main] DEBUG c.e.j.m.B.insertBookCategories - ==> Parameters: 4(Long), 2(Long), 4(Long), 3(Long)
13:37:19.279 [main] DEBUG c.e.j.m.B.insertBookCategories - <==    Updates: 2
13:37:19.280 [main] DEBUG c.e.j.mapper.BookMapper.insert - ==>  Preparing: INSERT INTO books (title, isbn, author_id, published_year) VALUES (?, ?, ?, ?)
13:37:19.280 [main] DEBUG c.e.j.mapper.BookMapper.insert - ==> Parameters: Java Concurrency in Practice(String), 9780321349606(String), 1(Long), 2006(Integer)
13:37:19.280 [main] DEBUG c.e.j.mapper.BookMapper.insert - <==    Updates: 1
13:37:19.281 [main] DEBUG c.e.j.m.B.deleteCategoriesByBookId - ==>  Preparing: DELETE FROM books_categories bc WHERE bc.book_id = ?
13:37:19.282 [main] DEBUG c.e.j.m.B.deleteCategoriesByBookId - ==> Parameters: 5(Long)
13:37:19.282 [main] DEBUG c.e.j.m.B.deleteCategoriesByBookId - <==    Updates: 0
13:37:19.282 [main] DEBUG c.e.j.m.B.insertBookCategories - ==>  Preparing: INSERT INTO books_categories (book_id, category_id) VALUES (?, ?)
13:37:19.283 [main] DEBUG c.e.j.m.B.insertBookCategories - ==> Parameters: 5(Long), 1(Long)
13:37:19.283 [main] DEBUG c.e.j.m.B.insertBookCategories - <==    Updates: 1
13:37:19.284 [main] DEBUG c.e.j.mapper.BookMapper.insert - ==>  Preparing: INSERT INTO books (title, isbn, author_id, published_year) VALUES (?, ?, ?, ?)
13:37:19.285 [main] DEBUG c.e.j.mapper.BookMapper.insert - ==> Parameters: Java Concurrency in Practice(String), 9780321349606(String), 1(Long), 2006(Integer)
13:37:19.285 [main] DEBUG c.e.j.mapper.BookMapper.insert - <==    Updates: 1
13:37:19.286 [main] DEBUG c.e.j.m.B.deleteCategoriesByBookId - ==>  Preparing: DELETE FROM books_categories bc WHERE bc.book_id = ?
13:37:19.286 [main] DEBUG c.e.j.m.B.deleteCategoriesByBookId - ==> Parameters: 6(Long)
13:37:19.286 [main] DEBUG c.e.j.m.B.deleteCategoriesByBookId - <==    Updates: 0
13:37:19.287 [main] DEBUG c.e.j.m.B.insertBookCategories - ==>  Preparing: INSERT INTO books_categories (book_id, category_id) VALUES (?, ?)
13:37:19.287 [main] DEBUG c.e.j.m.B.insertBookCategories - ==> Parameters: 6(Long), 1(Long)
13:37:19.287 [main] DEBUG c.e.j.m.B.insertBookCategories - <==    Updates: 1
13:37:19.288 [main] DEBUG c.e.j.mapper.BookMapper.insert - ==>  Preparing: INSERT INTO books (title, isbn, author_id, published_year) VALUES (?, ?, ?, ?)
13:37:19.289 [main] DEBUG c.e.j.mapper.BookMapper.insert - ==> Parameters: Java Concurrency in Practice(String), 9780321349606(String), 1(Long), 2006(Integer)
13:37:19.289 [main] DEBUG c.e.j.mapper.BookMapper.insert - <==    Updates: 1
13:37:19.290 [main] DEBUG c.e.j.m.B.deleteCategoriesByBookId - ==>  Preparing: DELETE FROM books_categories bc WHERE bc.book_id = ?
13:37:19.290 [main] DEBUG c.e.j.m.B.deleteCategoriesByBookId - ==> Parameters: 7(Long)
13:37:19.290 [main] DEBUG c.e.j.m.B.deleteCategoriesByBookId - <==    Updates: 0
13:37:19.291 [main] DEBUG c.e.j.m.B.insertBookCategories - ==>  Preparing: INSERT INTO books_categories (book_id, category_id) VALUES (?, ?)
13:37:19.291 [main] DEBUG c.e.j.m.B.insertBookCategories - ==> Parameters: 7(Long), 1(Long)
13:37:19.292 [main] DEBUG c.e.j.m.B.insertBookCategories - <==    Updates: 1
13:37:19.293 [main] DEBUG c.e.j.mapper.BookMapper.insert - ==>  Preparing: INSERT INTO books (title, isbn, author_id, published_year) VALUES (?, ?, ?, ?)
13:37:19.294 [main] DEBUG c.e.j.mapper.BookMapper.insert - ==> Parameters: Java Concurrency in Practice(String), 9780321349606(String), 1(Long), 2006(Integer)
13:37:19.294 [main] DEBUG c.e.j.mapper.BookMapper.insert - <==    Updates: 1
13:37:19.296 [main] DEBUG c.e.j.m.B.deleteCategoriesByBookId - ==>  Preparing: DELETE FROM books_categories bc WHERE bc.book_id = ?
13:37:19.296 [main] DEBUG c.e.j.m.B.deleteCategoriesByBookId - ==> Parameters: 8(Long)
13:37:19.296 [main] DEBUG c.e.j.m.B.deleteCategoriesByBookId - <==    Updates: 0
13:37:19.297 [main] DEBUG c.e.j.m.B.insertBookCategories - ==>  Preparing: INSERT INTO books_categories (book_id, category_id) VALUES (?, ?)
13:37:19.297 [main] DEBUG c.e.j.m.B.insertBookCategories - ==> Parameters: 8(Long), 1(Long)
13:37:19.297 [main] DEBUG c.e.j.m.B.insertBookCategories - <==    Updates: 1
13:37:19.297 [main] DEBUG c.e.j.mapper.BookMapper.insert - ==>  Preparing: INSERT INTO books (title, isbn, author_id, published_year) VALUES (?, ?, ?, ?)
13:37:19.299 [main] DEBUG c.e.j.mapper.BookMapper.insert - ==> Parameters: Java Concurrency in Practice(String), 9780321349606(String), 1(Long), 2006(Integer)
13:37:19.299 [main] DEBUG c.e.j.mapper.BookMapper.insert - <==    Updates: 1
13:37:19.301 [main] DEBUG c.e.j.m.B.deleteCategoriesByBookId - ==>  Preparing: DELETE FROM books_categories bc WHERE bc.book_id = ?
13:37:19.302 [main] DEBUG c.e.j.m.B.deleteCategoriesByBookId - ==> Parameters: 9(Long)
13:37:19.302 [main] DEBUG c.e.j.m.B.deleteCategoriesByBookId - <==    Updates: 0
13:37:19.303 [main] DEBUG c.e.j.m.B.insertBookCategories - ==>  Preparing: INSERT INTO books_categories (book_id, category_id) VALUES (?, ?)
13:37:19.303 [main] DEBUG c.e.j.m.B.insertBookCategories - ==> Parameters: 9(Long), 1(Long)
13:37:19.304 [main] DEBUG c.e.j.m.B.insertBookCategories - <==    Updates: 1
13:37:19.305 [main] DEBUG c.e.j.mapper.BookMapper.insert - ==>  Preparing: INSERT INTO books (title, isbn, author_id, published_year) VALUES (?, ?, ?, ?)
13:37:19.306 [main] DEBUG c.e.j.mapper.BookMapper.insert - ==> Parameters: Java Concurrency in Practice(String), 9780321349606(String), 1(Long), 2006(Integer)
13:37:19.306 [main] DEBUG c.e.j.mapper.BookMapper.insert - <==    Updates: 1
13:37:19.307 [main] DEBUG c.e.j.m.B.deleteCategoriesByBookId - ==>  Preparing: DELETE FROM books_categories bc WHERE bc.book_id = ?
13:37:19.307 [main] DEBUG c.e.j.m.B.deleteCategoriesByBookId - ==> Parameters: 10(Long)
13:37:19.308 [main] DEBUG c.e.j.m.B.deleteCategoriesByBookId - <==    Updates: 0
13:37:19.308 [main] DEBUG c.e.j.m.B.insertBookCategories - ==>  Preparing: INSERT INTO books_categories (book_id, category_id) VALUES (?, ?)
13:37:19.308 [main] DEBUG c.e.j.m.B.insertBookCategories - ==> Parameters: 10(Long), 1(Long)
13:37:19.308 [main] DEBUG c.e.j.m.B.insertBookCategories - <==    Updates: 1
13:37:19.310 [main] DEBUG c.e.j.mapper.BookMapper.insert - ==>  Preparing: INSERT INTO books (title, isbn, author_id, published_year) VALUES (?, ?, ?, ?)
13:37:19.310 [main] DEBUG c.e.j.mapper.BookMapper.insert - ==> Parameters: Java Concurrency in Practice(String), 9780321349606(String), 1(Long), 2006(Integer)
13:37:19.311 [main] DEBUG c.e.j.mapper.BookMapper.insert - <==    Updates: 1
13:37:19.312 [main] DEBUG c.e.j.m.B.deleteCategoriesByBookId - ==>  Preparing: DELETE FROM books_categories bc WHERE bc.book_id = ?
13:37:19.313 [main] DEBUG c.e.j.m.B.deleteCategoriesByBookId - ==> Parameters: 11(Long)
13:37:19.313 [main] DEBUG c.e.j.m.B.deleteCategoriesByBookId - <==    Updates: 0
13:37:19.313 [main] DEBUG c.e.j.m.B.insertBookCategories - ==>  Preparing: INSERT INTO books_categories (book_id, category_id) VALUES (?, ?)
13:37:19.314 [main] DEBUG c.e.j.m.B.insertBookCategories - ==> Parameters: 11(Long), 1(Long)
13:37:19.314 [main] DEBUG c.e.j.m.B.insertBookCategories - <==    Updates: 1
13:37:19.315 [main] DEBUG c.e.j.mapper.BookMapper.insert - ==>  Preparing: INSERT INTO books (title, isbn, author_id, published_year) VALUES (?, ?, ?, ?)
13:37:19.315 [main] DEBUG c.e.j.mapper.BookMapper.insert - ==> Parameters: Java Concurrency in Practice(String), 9780321349606(String), 1(Long), 2006(Integer)
13:37:19.315 [main] DEBUG c.e.j.mapper.BookMapper.insert - <==    Updates: 1
13:37:19.316 [main] DEBUG c.e.j.m.B.deleteCategoriesByBookId - ==>  Preparing: DELETE FROM books_categories bc WHERE bc.book_id = ?
13:37:19.316 [main] DEBUG c.e.j.m.B.deleteCategoriesByBookId - ==> Parameters: 12(Long)
13:37:19.316 [main] DEBUG c.e.j.m.B.deleteCategoriesByBookId - <==    Updates: 0
13:37:19.317 [main] DEBUG c.e.j.m.B.insertBookCategories - ==>  Preparing: INSERT INTO books_categories (book_id, category_id) VALUES (?, ?)
13:37:19.317 [main] DEBUG c.e.j.m.B.insertBookCategories - ==> Parameters: 12(Long), 1(Long)
13:37:19.317 [main] DEBUG c.e.j.m.B.insertBookCategories - <==    Updates: 1
13:37:19.318 [main] DEBUG c.e.j.mapper.BookMapper.insert - ==>  Preparing: INSERT INTO books (title, isbn, author_id, published_year) VALUES (?, ?, ?, ?)
13:37:19.318 [main] DEBUG c.e.j.mapper.BookMapper.insert - ==> Parameters: Java Concurrency in Practice(String), 9780321349606(String), 1(Long), 2006(Integer)
13:37:19.319 [main] DEBUG c.e.j.mapper.BookMapper.insert - <==    Updates: 1
13:37:19.319 [main] DEBUG c.e.j.m.B.deleteCategoriesByBookId - ==>  Preparing: DELETE FROM books_categories bc WHERE bc.book_id = ?
13:37:19.319 [main] DEBUG c.e.j.m.B.deleteCategoriesByBookId - ==> Parameters: 13(Long)
13:37:19.320 [main] DEBUG c.e.j.m.B.deleteCategoriesByBookId - <==    Updates: 0
13:37:19.320 [main] DEBUG c.e.j.m.B.insertBookCategories - ==>  Preparing: INSERT INTO books_categories (book_id, category_id) VALUES (?, ?)
13:37:19.320 [main] DEBUG c.e.j.m.B.insertBookCategories - ==> Parameters: 13(Long), 1(Long)
13:37:19.320 [main] DEBUG c.e.j.m.B.insertBookCategories - <==    Updates: 1
13:37:19.321 [main] DEBUG c.e.j.mapper.BookMapper.insert - ==>  Preparing: INSERT INTO books (title, isbn, author_id, published_year) VALUES (?, ?, ?, ?)
13:37:19.322 [main] DEBUG c.e.j.mapper.BookMapper.insert - ==> Parameters: Java Concurrency in Practice(String), 9780321349606(String), 1(Long), 2006(Integer)
13:37:19.322 [main] DEBUG c.e.j.mapper.BookMapper.insert - <==    Updates: 1
13:37:19.323 [main] DEBUG c.e.j.m.B.deleteCategoriesByBookId - ==>  Preparing: DELETE FROM books_categories bc WHERE bc.book_id = ?
13:37:19.323 [main] DEBUG c.e.j.m.B.deleteCategoriesByBookId - ==> Parameters: 14(Long)
13:37:19.324 [main] DEBUG c.e.j.m.B.deleteCategoriesByBookId - <==    Updates: 0
13:37:19.324 [main] DEBUG c.e.j.m.B.insertBookCategories - ==>  Preparing: INSERT INTO books_categories (book_id, category_id) VALUES (?, ?)
13:37:19.324 [main] DEBUG c.e.j.m.B.insertBookCategories - ==> Parameters: 14(Long), 1(Long)
13:37:19.324 [main] DEBUG c.e.j.m.B.insertBookCategories - <==    Updates: 1
13:37:19.325 [main] DEBUG c.e.j.mapper.BookMapper.insert - ==>  Preparing: INSERT INTO books (title, isbn, author_id, published_year) VALUES (?, ?, ?, ?)
13:37:19.325 [main] DEBUG c.e.j.mapper.BookMapper.insert - ==> Parameters: Java Concurrency in Practice(String), 9780321349606(String), 1(Long), 2006(Integer)
13:37:19.326 [main] DEBUG c.e.j.mapper.BookMapper.insert - <==    Updates: 1
13:37:19.344 [main] DEBUG c.e.j.m.B.deleteCategoriesByBookId - ==>  Preparing: DELETE FROM books_categories bc WHERE bc.book_id = ?
13:37:19.344 [main] DEBUG c.e.j.m.B.deleteCategoriesByBookId - ==> Parameters: 15(Long)
13:37:19.345 [main] DEBUG c.e.j.m.B.deleteCategoriesByBookId - <==    Updates: 0
13:37:19.345 [main] DEBUG c.e.j.m.B.insertBookCategories - ==>  Preparing: INSERT INTO books_categories (book_id, category_id) VALUES (?, ?)
13:37:19.345 [main] DEBUG c.e.j.m.B.insertBookCategories - ==> Parameters: 15(Long), 1(Long)
13:37:19.345 [main] DEBUG c.e.j.m.B.insertBookCategories - <==    Updates: 1
13:37:19.346 [main] DEBUG c.e.j.mapper.BookMapper.insert - ==>  Preparing: INSERT INTO books (title, isbn, author_id, published_year) VALUES (?, ?, ?, ?)
13:37:19.346 [main] DEBUG c.e.j.mapper.BookMapper.insert - ==> Parameters: Java Concurrency in Practice(String), 9780321349606(String), 1(Long), 2006(Integer)
13:37:19.347 [main] DEBUG c.e.j.mapper.BookMapper.insert - <==    Updates: 1
13:37:19.347 [main] DEBUG c.e.j.m.B.deleteCategoriesByBookId - ==>  Preparing: DELETE FROM books_categories bc WHERE bc.book_id = ?
13:37:19.347 [main] DEBUG c.e.j.m.B.deleteCategoriesByBookId - ==> Parameters: 16(Long)
13:37:19.347 [main] DEBUG c.e.j.m.B.deleteCategoriesByBookId - <==    Updates: 0
13:37:19.348 [main] DEBUG c.e.j.m.B.insertBookCategories - ==>  Preparing: INSERT INTO books_categories (book_id, category_id) VALUES (?, ?)
13:37:19.348 [main] DEBUG c.e.j.m.B.insertBookCategories - ==> Parameters: 16(Long), 1(Long)
13:37:19.348 [main] DEBUG c.e.j.m.B.insertBookCategories - <==    Updates: 1
13:37:19.348 [main] DEBUG c.e.j.mapper.BookMapper.insert - ==>  Preparing: INSERT INTO books (title, isbn, author_id, published_year) VALUES (?, ?, ?, ?)
13:37:19.349 [main] DEBUG c.e.j.mapper.BookMapper.insert - ==> Parameters: Java Concurrency in Practice(String), 9780321349606(String), 1(Long), 2006(Integer)
13:37:19.349 [main] DEBUG c.e.j.mapper.BookMapper.insert - <==    Updates: 1
13:37:19.349 [main] DEBUG c.e.j.m.B.deleteCategoriesByBookId - ==>  Preparing: DELETE FROM books_categories bc WHERE bc.book_id = ?
13:37:19.350 [main] DEBUG c.e.j.m.B.deleteCategoriesByBookId - ==> Parameters: 17(Long)
13:37:19.350 [main] DEBUG c.e.j.m.B.deleteCategoriesByBookId - <==    Updates: 0
13:37:19.350 [main] DEBUG c.e.j.m.B.insertBookCategories - ==>  Preparing: INSERT INTO books_categories (book_id, category_id) VALUES (?, ?)
13:37:19.350 [main] DEBUG c.e.j.m.B.insertBookCategories - ==> Parameters: 17(Long), 1(Long)
13:37:19.350 [main] DEBUG c.e.j.m.B.insertBookCategories - <==    Updates: 1
13:37:19.351 [main] DEBUG c.e.j.mapper.BookMapper.insert - ==>  Preparing: INSERT INTO books (title, isbn, author_id, published_year) VALUES (?, ?, ?, ?)
13:37:19.351 [main] DEBUG c.e.j.mapper.BookMapper.insert - ==> Parameters: Java Concurrency in Practice(String), 9780321349606(String), 1(Long), 2006(Integer)
13:37:19.351 [main] DEBUG c.e.j.mapper.BookMapper.insert - <==    Updates: 1
13:37:19.352 [main] DEBUG c.e.j.m.B.deleteCategoriesByBookId - ==>  Preparing: DELETE FROM books_categories bc WHERE bc.book_id = ?
13:37:19.352 [main] DEBUG c.e.j.m.B.deleteCategoriesByBookId - ==> Parameters: 18(Long)
13:37:19.352 [main] DEBUG c.e.j.m.B.deleteCategoriesByBookId - <==    Updates: 0
13:37:19.352 [main] DEBUG c.e.j.m.B.insertBookCategories - ==>  Preparing: INSERT INTO books_categories (book_id, category_id) VALUES (?, ?)
13:37:19.352 [main] DEBUG c.e.j.m.B.insertBookCategories - ==> Parameters: 18(Long), 1(Long)
13:37:19.352 [main] DEBUG c.e.j.m.B.insertBookCategories - <==    Updates: 1
13:37:19.353 [main] DEBUG c.e.j.mapper.BookMapper.insert - ==>  Preparing: INSERT INTO books (title, isbn, author_id, published_year) VALUES (?, ?, ?, ?)
13:37:19.353 [main] DEBUG c.e.j.mapper.BookMapper.insert - ==> Parameters: Java Concurrency in Practice(String), 9780321349606(String), 1(Long), 2006(Integer)
13:37:19.353 [main] DEBUG c.e.j.mapper.BookMapper.insert - <==    Updates: 1
13:37:19.354 [main] DEBUG c.e.j.m.B.deleteCategoriesByBookId - ==>  Preparing: DELETE FROM books_categories bc WHERE bc.book_id = ?
13:37:19.354 [main] DEBUG c.e.j.m.B.deleteCategoriesByBookId - ==> Parameters: 19(Long)
13:37:19.354 [main] DEBUG c.e.j.m.B.deleteCategoriesByBookId - <==    Updates: 0
13:37:19.354 [main] DEBUG c.e.j.m.B.insertBookCategories - ==>  Preparing: INSERT INTO books_categories (book_id, category_id) VALUES (?, ?)
13:37:19.354 [main] DEBUG c.e.j.m.B.insertBookCategories - ==> Parameters: 19(Long), 1(Long)
13:37:19.355 [main] DEBUG c.e.j.m.B.insertBookCategories - <==    Updates: 1
13:37:19.355 [main] DEBUG c.e.j.mapper.BookMapper.insert - ==>  Preparing: INSERT INTO books (title, isbn, author_id, published_year) VALUES (?, ?, ?, ?)
13:37:19.356 [main] DEBUG c.e.j.mapper.BookMapper.insert - ==> Parameters: Java Concurrency in Practice(String), 9780321349606(String), 1(Long), 2006(Integer)
13:37:19.356 [main] DEBUG c.e.j.mapper.BookMapper.insert - <==    Updates: 1
13:37:19.356 [main] DEBUG c.e.j.m.B.deleteCategoriesByBookId - ==>  Preparing: DELETE FROM books_categories bc WHERE bc.book_id = ?
13:37:19.356 [main] DEBUG c.e.j.m.B.deleteCategoriesByBookId - ==> Parameters: 20(Long)
13:37:19.357 [main] DEBUG c.e.j.m.B.deleteCategoriesByBookId - <==    Updates: 0
13:37:19.357 [main] DEBUG c.e.j.m.B.insertBookCategories - ==>  Preparing: INSERT INTO books_categories (book_id, category_id) VALUES (?, ?)
13:37:19.357 [main] DEBUG c.e.j.m.B.insertBookCategories - ==> Parameters: 20(Long), 1(Long)
13:37:19.357 [main] DEBUG c.e.j.m.B.insertBookCategories - <==    Updates: 1
13:37:19.358 [main] DEBUG c.e.j.mapper.BookMapper.insert - ==>  Preparing: INSERT INTO books (title, isbn, author_id, published_year) VALUES (?, ?, ?, ?)
13:37:19.358 [main] DEBUG c.e.j.mapper.BookMapper.insert - ==> Parameters: Java Concurrency in Practice(String), 9780321349606(String), 1(Long), 2006(Integer)
13:37:19.358 [main] DEBUG c.e.j.mapper.BookMapper.insert - <==    Updates: 1
13:37:19.359 [main] DEBUG c.e.j.m.B.deleteCategoriesByBookId - ==>  Preparing: DELETE FROM books_categories bc WHERE bc.book_id = ?
13:37:19.359 [main] DEBUG c.e.j.m.B.deleteCategoriesByBookId - ==> Parameters: 21(Long)
13:37:19.359 [main] DEBUG c.e.j.m.B.deleteCategoriesByBookId - <==    Updates: 0
13:37:19.359 [main] DEBUG c.e.j.m.B.insertBookCategories - ==>  Preparing: INSERT INTO books_categories (book_id, category_id) VALUES (?, ?)
13:37:19.360 [main] DEBUG c.e.j.m.B.insertBookCategories - ==> Parameters: 21(Long), 1(Long)
13:37:19.360 [main] DEBUG c.e.j.m.B.insertBookCategories - <==    Updates: 1
13:37:19.361 [main] DEBUG c.e.j.mapper.BookMapper.insert - ==>  Preparing: INSERT INTO books (title, isbn, author_id, published_year) VALUES (?, ?, ?, ?)
13:37:19.361 [main] DEBUG c.e.j.mapper.BookMapper.insert - ==> Parameters: Java Concurrency in Practice(String), 9780321349606(String), 1(Long), 2006(Integer)
13:37:19.361 [main] DEBUG c.e.j.mapper.BookMapper.insert - <==    Updates: 1
13:37:19.362 [main] DEBUG c.e.j.m.B.deleteCategoriesByBookId - ==>  Preparing: DELETE FROM books_categories bc WHERE bc.book_id = ?
13:37:19.362 [main] DEBUG c.e.j.m.B.deleteCategoriesByBookId - ==> Parameters: 22(Long)
13:37:19.362 [main] DEBUG c.e.j.m.B.deleteCategoriesByBookId - <==    Updates: 0
13:37:19.363 [main] DEBUG c.e.j.m.B.insertBookCategories - ==>  Preparing: INSERT INTO books_categories (book_id, category_id) VALUES (?, ?)
13:37:19.363 [main] DEBUG c.e.j.m.B.insertBookCategories - ==> Parameters: 22(Long), 1(Long)
13:37:19.363 [main] DEBUG c.e.j.m.B.insertBookCategories - <==    Updates: 1
13:37:19.364 [main] DEBUG c.e.j.mapper.BookMapper.insert - ==>  Preparing: INSERT INTO books (title, isbn, author_id, published_year) VALUES (?, ?, ?, ?)
13:37:19.364 [main] DEBUG c.e.j.mapper.BookMapper.insert - ==> Parameters: Java Concurrency in Practice(String), 9780321349606(String), 1(Long), 2006(Integer)
13:37:19.364 [main] DEBUG c.e.j.mapper.BookMapper.insert - <==    Updates: 1
13:37:19.365 [main] DEBUG c.e.j.m.B.deleteCategoriesByBookId - ==>  Preparing: DELETE FROM books_categories bc WHERE bc.book_id = ?
13:37:19.365 [main] DEBUG c.e.j.m.B.deleteCategoriesByBookId - ==> Parameters: 23(Long)
13:37:19.365 [main] DEBUG c.e.j.m.B.deleteCategoriesByBookId - <==    Updates: 0
13:37:19.365 [main] DEBUG c.e.j.m.B.insertBookCategories - ==>  Preparing: INSERT INTO books_categories (book_id, category_id) VALUES (?, ?)
13:37:19.365 [main] DEBUG c.e.j.m.B.insertBookCategories - ==> Parameters: 23(Long), 1(Long)
13:37:19.365 [main] DEBUG c.e.j.m.B.insertBookCategories - <==    Updates: 1
13:37:19.366 [main] DEBUG c.e.j.mapper.BookMapper.insert - ==>  Preparing: INSERT INTO books (title, isbn, author_id, published_year) VALUES (?, ?, ?, ?)
13:37:19.366 [main] DEBUG c.e.j.mapper.BookMapper.insert - ==> Parameters: Java Concurrency in Practice(String), 9780321349606(String), 1(Long), 2006(Integer)
13:37:19.366 [main] DEBUG c.e.j.mapper.BookMapper.insert - <==    Updates: 1
13:37:19.367 [main] DEBUG c.e.j.m.B.deleteCategoriesByBookId - ==>  Preparing: DELETE FROM books_categories bc WHERE bc.book_id = ?
13:37:19.367 [main] DEBUG c.e.j.m.B.deleteCategoriesByBookId - ==> Parameters: 24(Long)
13:37:19.367 [main] DEBUG c.e.j.m.B.deleteCategoriesByBookId - <==    Updates: 0
13:37:19.367 [main] DEBUG c.e.j.m.B.insertBookCategories - ==>  Preparing: INSERT INTO books_categories (book_id, category_id) VALUES (?, ?)
13:37:19.368 [main] DEBUG c.e.j.m.B.insertBookCategories - ==> Parameters: 24(Long), 1(Long)
13:37:19.368 [main] DEBUG c.e.j.m.B.insertBookCategories - <==    Updates: 1
13:37:19.371 [main] DEBUG c.e.j.mapper.UserMapper.findByEmail - ==>  Preparing: SELECT * FROM users u WHERE u.email = ?
13:37:19.371 [main] DEBUG c.e.j.mapper.UserMapper.findByEmail - ==> Parameters: user@example.com(String)
13:37:19.381 [main] DEBUG c.e.j.mapper.UserMapper.findByEmail - <==      Total: 0
13:37:19.443 [main] DEBUG c.e.j.mapper.UserMapper.insert - ==>  Preparing: INSERT INTO users (email, name, password_hash, role) VALUES (?, ?, ?, ?)
13:37:19.444 [main] DEBUG c.e.j.mapper.UserMapper.insert - ==> Parameters: user@example.com(String), 測試使用者(String), $2a$10$UeH6a9MdNTvHgOHMzZ4F5.ZDdrXvegScjGES4kNHLwluIICIYa0j6(String), USER(String)
13:37:19.445 [main] DEBUG c.e.j.mapper.UserMapper.insert - <==    Updates: 1
13:37:19.446 [main] INFO  c.e.j.service.AuthServiceImpl - 新使用者註冊：userId=1, email=user@example.com
13:37:19.503 [main] DEBUG c.e.j.mapper.UserMapper.insert - ==>  Preparing: INSERT INTO users (email, name, password_hash, role) VALUES (?, ?, ?, ?)
13:37:19.504 [main] DEBUG c.e.j.mapper.UserMapper.insert - ==> Parameters: admin@example.com(String), 管理員(String), $2a$10$tZWbMc9TEzpTs3ZDzZa3bucTHrLjW6.EmzekovE4KAusXvyaOW6Me(String), ADMIN(String)
13:37:19.504 [main] DEBUG c.e.j.mapper.UserMapper.insert - <==    Updates: 1
13:37:19.560 [main] DEBUG c.e.j.mapper.UserMapper.insert - ==>  Preparing: INSERT INTO users (email, name, password_hash, role) VALUES (?, ?, ?, ?)
13:37:19.561 [main] DEBUG c.e.j.mapper.UserMapper.insert - ==> Parameters: procurement@example.com(String), 採購人員(String), $2a$10$/1tmdXPPfRStUQSBWcxkUu0vaJsWaynP6n4pOmsZlGaUUxUtF6xc2(String), PROCUREMENT(String)
13:37:19.562 [main] DEBUG c.e.j.mapper.UserMapper.insert - <==    Updates: 1
13:37:19.565 [main] DEBUG c.e.j.m.BookRequestMapper.insert - ==>  Preparing: INSERT INTO book_requests (requester_id, status, requested_at, idempotency_key) VALUES (?, ?, ?, ?)
13:37:19.566 [main] DEBUG c.e.j.m.BookRequestMapper.insert - ==> Parameters: 1(Long), PENDING(String), 2026-09-11 13:37:19.5643267(Timestamp), d615087e-8e53-4d96-8dc4-04bf1b12d978(String)
13:37:19.566 [main] DEBUG c.e.j.m.BookRequestMapper.insert - <==    Updates: 1
13:37:19.567 [main] DEBUG c.e.j.m.BookRequestItemMapper.insert - ==>  Preparing: INSERT INTO book_request_items (book_request_id, title, isbn, author_id, published_year, estimated_price) VALUES (?, ?, ?, ?, ?, ?)
13:37:19.567 [main] DEBUG c.e.j.m.BookRequestItemMapper.insert - ==> Parameters: 1(Long), Refactoring(String), null, null, null, null
13:37:19.568 [main] DEBUG c.e.j.m.BookRequestItemMapper.insert - <==    Updates: 1
13:37:19.569 [main] DEBUG c.e.j.mapper.AuditLogMapper.insert - ==>  Preparing: INSERT INTO audit_logs (user_id, audited_at, action, entity_type, entity_id, detail) VALUES (?, ?, ?, ?, ?, ?)
13:37:19.596 [main] DEBUG c.e.j.mapper.AuditLogMapper.insert - ==> Parameters: 1(Long), 2026-09-11 13:37:19.5643267(Timestamp), SUBMIT(String), BOOK_REQUEST(String), 1(Long), [B@7b948f3e(byte[])
13:37:19.599 [main] DEBUG c.e.j.mapper.AuditLogMapper.insert - <==    Updates: 1
13:37:19.599 [main] INFO  c.e.j.service.BookRequestServiceImpl - 送出申請：requestId=1, requesterId=1, 書籍數=1
13:37:19.600 [main] DEBUG c.e.j.m.BookRequestMapper.insert - ==>  Preparing: INSERT INTO book_requests (requester_id, status, requested_at, idempotency_key) VALUES (?, ?, ?, ?)
13:37:19.600 [main] DEBUG c.e.j.m.BookRequestMapper.insert - ==> Parameters: 1(Long), PENDING(String), 2026-09-11 13:37:19.6008679(Timestamp), 15b6c794-29a7-41a0-b928-7474ef7aeb0f(String)
13:37:19.601 [main] DEBUG c.e.j.m.BookRequestMapper.insert - <==    Updates: 1
13:37:19.601 [main] DEBUG c.e.j.m.BookRequestItemMapper.insert - ==>  Preparing: INSERT INTO book_request_items (book_request_id, title, isbn, author_id, published_year, estimated_price) VALUES (?, ?, ?, ?, ?, ?)
13:37:19.601 [main] DEBUG c.e.j.m.BookRequestItemMapper.insert - ==> Parameters: 2(Long), The Pragmatic Programmer(String), 9780135957059(String), null, 2019(Integer), 850(BigDecimal)
13:37:19.602 [main] DEBUG c.e.j.m.BookRequestItemMapper.insert - <==    Updates: 1
13:37:19.602 [main] DEBUG c.e.j.m.BookRequestItemMapper.insert - ==>  Preparing: INSERT INTO book_request_items (book_request_id, title, isbn, author_id, published_year, estimated_price) VALUES (?, ?, ?, ?, ?, ?)
13:37:19.602 [main] DEBUG c.e.j.m.BookRequestItemMapper.insert - ==> Parameters: 2(Long), Head First Design Patterns(String), null, null, null, null
13:37:19.602 [main] DEBUG c.e.j.m.BookRequestItemMapper.insert - <==    Updates: 1
13:37:19.603 [main] DEBUG c.e.j.mapper.AuditLogMapper.insert - ==>  Preparing: INSERT INTO audit_logs (user_id, audited_at, action, entity_type, entity_id, detail) VALUES (?, ?, ?, ?, ?, ?)
13:37:19.604 [main] DEBUG c.e.j.mapper.AuditLogMapper.insert - ==> Parameters: 1(Long), 2026-09-11 13:37:19.6008679(Timestamp), SUBMIT(String), BOOK_REQUEST(String), 2(Long), [B@372ca2d6(byte[])
13:37:19.604 [main] DEBUG c.e.j.mapper.AuditLogMapper.insert - <==    Updates: 1
13:37:19.604 [main] INFO  c.e.j.service.BookRequestServiceImpl - 送出申請：requestId=2, requesterId=1, 書籍數=2
13:37:19.605 [main] DEBUG c.e.j.m.BookRequestMapper.insert - ==>  Preparing: INSERT INTO book_requests (requester_id, status, requested_at, idempotency_key) VALUES (?, ?, ?, ?)
13:37:19.605 [main] DEBUG c.e.j.m.BookRequestMapper.insert - ==> Parameters: 1(Long), PENDING(String), 2026-09-11 13:37:19.6058653(Timestamp), 1819b921-3147-4e26-bc47-bf4d6cb1be48(String)
13:37:19.605 [main] DEBUG c.e.j.m.BookRequestMapper.insert - <==    Updates: 1
13:37:19.606 [main] DEBUG c.e.j.m.BookRequestItemMapper.insert - ==>  Preparing: INSERT INTO book_request_items (book_request_id, title, isbn, author_id, published_year, estimated_price) VALUES (?, ?, ?, ?, ?, ?)
13:37:19.606 [main] DEBUG c.e.j.m.BookRequestItemMapper.insert - ==> Parameters: 3(Long), Test-Driven Development(String), 9780321146533(String), null, 2002(Integer), null
13:37:19.606 [main] DEBUG c.e.j.m.BookRequestItemMapper.insert - <==    Updates: 1
13:37:19.606 [main] DEBUG c.e.j.mapper.AuditLogMapper.insert - ==>  Preparing: INSERT INTO audit_logs (user_id, audited_at, action, entity_type, entity_id, detail) VALUES (?, ?, ?, ?, ?, ?)
13:37:19.606 [main] DEBUG c.e.j.mapper.AuditLogMapper.insert - ==> Parameters: 1(Long), 2026-09-11 13:37:19.6058653(Timestamp), SUBMIT(String), BOOK_REQUEST(String), 3(Long), [B@a5272be(byte[])
13:37:19.607 [main] DEBUG c.e.j.mapper.AuditLogMapper.insert - <==    Updates: 1
13:37:19.607 [main] INFO  c.e.j.service.BookRequestServiceImpl - 送出申請：requestId=3, requesterId=1, 書籍數=1
13:37:19.607 [main] DEBUG c.e.j.m.BookRequestMapper.insert - ==>  Preparing: INSERT INTO book_requests (requester_id, status, requested_at, idempotency_key) VALUES (?, ?, ?, ?)
13:37:19.608 [main] DEBUG c.e.j.m.BookRequestMapper.insert - ==> Parameters: 1(Long), PENDING(String), 2026-09-11 13:37:19.6078756(Timestamp), a99d3220-5536-4638-be90-dbf8c70fc70c(String)
13:37:19.608 [main] DEBUG c.e.j.m.BookRequestMapper.insert - <==    Updates: 1
13:37:19.608 [main] DEBUG c.e.j.m.BookRequestItemMapper.insert - ==>  Preparing: INSERT INTO book_request_items (book_request_id, title, isbn, author_id, published_year, estimated_price) VALUES (?, ?, ?, ?, ?, ?)
13:37:19.608 [main] DEBUG c.e.j.m.BookRequestItemMapper.insert - ==> Parameters: 4(Long), Working Effectively with Legacy Code(String), null, null, null, null
13:37:19.608 [main] DEBUG c.e.j.m.BookRequestItemMapper.insert - <==    Updates: 1
13:37:19.609 [main] DEBUG c.e.j.mapper.AuditLogMapper.insert - ==>  Preparing: INSERT INTO audit_logs (user_id, audited_at, action, entity_type, entity_id, detail) VALUES (?, ?, ?, ?, ?, ?)
13:37:19.609 [main] DEBUG c.e.j.mapper.AuditLogMapper.insert - ==> Parameters: 1(Long), 2026-09-11 13:37:19.6078756(Timestamp), SUBMIT(String), BOOK_REQUEST(String), 4(Long), [B@1d9bd4da(byte[])
13:37:19.609 [main] DEBUG c.e.j.mapper.AuditLogMapper.insert - <==    Updates: 1
13:37:19.610 [main] INFO  c.e.j.service.BookRequestServiceImpl - 送出申請：requestId=4, requesterId=1, 書籍數=1
13:37:19.611 [main] DEBUG c.e.j.m.BookRequestMapper.insert - ==>  Preparing: INSERT INTO book_requests (requester_id, status, requested_at, idempotency_key) VALUES (?, ?, ?, ?)
13:37:19.611 [main] DEBUG c.e.j.m.BookRequestMapper.insert - ==> Parameters: 1(Long), PENDING(String), 2026-09-11 13:37:19.6108659(Timestamp), 53abe8e7-c133-466f-90f7-f8c065ab16d8(String)
13:37:19.611 [main] DEBUG c.e.j.m.BookRequestMapper.insert - <==    Updates: 1
13:37:19.611 [main] DEBUG c.e.j.m.BookRequestItemMapper.insert - ==>  Preparing: INSERT INTO book_request_items (book_request_id, title, isbn, author_id, published_year, estimated_price) VALUES (?, ?, ?, ?, ?, ?)
13:37:19.611 [main] DEBUG c.e.j.m.BookRequestItemMapper.insert - ==> Parameters: 5(Long), Continuous Delivery(String), null, null, null, null
13:37:19.611 [main] DEBUG c.e.j.m.BookRequestItemMapper.insert - <==    Updates: 1
13:37:19.612 [main] DEBUG c.e.j.mapper.AuditLogMapper.insert - ==>  Preparing: INSERT INTO audit_logs (user_id, audited_at, action, entity_type, entity_id, detail) VALUES (?, ?, ?, ?, ?, ?)
13:37:19.612 [main] DEBUG c.e.j.mapper.AuditLogMapper.insert - ==> Parameters: 1(Long), 2026-09-11 13:37:19.6108659(Timestamp), SUBMIT(String), BOOK_REQUEST(String), 5(Long), [B@10b1a751(byte[])
13:37:19.612 [main] DEBUG c.e.j.mapper.AuditLogMapper.insert - <==    Updates: 1
13:37:19.612 [main] INFO  c.e.j.service.BookRequestServiceImpl - 送出申請：requestId=5, requesterId=1, 書籍數=1
13:37:19.613 [main] DEBUG c.e.j.m.BookRequestMapper.insert - ==>  Preparing: INSERT INTO book_requests (requester_id, status, requested_at, idempotency_key) VALUES (?, ?, ?, ?)
13:37:19.613 [main] DEBUG c.e.j.m.BookRequestMapper.insert - ==> Parameters: 1(Long), PENDING(String), 2026-09-11 13:37:19.6128653(Timestamp), 91691d56-be4f-40a7-8c4b-3df9fdc3fb88(String)
13:37:19.613 [main] DEBUG c.e.j.m.BookRequestMapper.insert - <==    Updates: 1
13:37:19.613 [main] DEBUG c.e.j.m.BookRequestItemMapper.insert - ==>  Preparing: INSERT INTO book_request_items (book_request_id, title, isbn, author_id, published_year, estimated_price) VALUES (?, ?, ?, ?, ?, ?)
13:37:19.613 [main] DEBUG c.e.j.m.BookRequestItemMapper.insert - ==> Parameters: 6(Long), Site Reliability Engineering(String), null, null, 2016(Integer), 1200(BigDecimal)
13:37:19.613 [main] DEBUG c.e.j.m.BookRequestItemMapper.insert - <==    Updates: 1
13:37:19.614 [main] DEBUG c.e.j.mapper.AuditLogMapper.insert - ==>  Preparing: INSERT INTO audit_logs (user_id, audited_at, action, entity_type, entity_id, detail) VALUES (?, ?, ?, ?, ?, ?)
13:37:19.614 [main] DEBUG c.e.j.mapper.AuditLogMapper.insert - ==> Parameters: 1(Long), 2026-09-11 13:37:19.6128653(Timestamp), SUBMIT(String), BOOK_REQUEST(String), 6(Long), [B@142213d5(byte[])
13:37:19.614 [main] DEBUG c.e.j.mapper.AuditLogMapper.insert - <==    Updates: 1
13:37:19.614 [main] INFO  c.e.j.service.BookRequestServiceImpl - 送出申請：requestId=6, requesterId=1, 書籍數=1
13:37:19.616 [main] DEBUG c.e.j.m.BookRequestMapper.approve - ==>  Preparing: UPDATE book_requests SET status = 'APPROVED', approver_id = ?, approved_at = ? WHERE id = ? AND status = 'PENDING' AND requester_id != ?
13:37:19.618 [main] DEBUG c.e.j.m.BookRequestMapper.approve - ==> Parameters: 2(Long), 2026-09-11 13:37:19.6168646(Timestamp), 6(Long), 2(Long)
13:37:19.618 [main] DEBUG c.e.j.m.BookRequestMapper.approve - <==    Updates: 1
13:37:19.619 [main] DEBUG c.e.j.m.BookRequestMapper.findById - ==>  Preparing: SELECT * FROM book_requests WHERE id = ?
13:37:19.619 [main] DEBUG c.e.j.m.BookRequestMapper.findById - ==> Parameters: 6(Long)
13:37:19.622 [main] DEBUG c.e.j.m.BookRequestMapper.findById - <==      Total: 1
13:37:19.622 [main] DEBUG c.e.j.m.B.findByBookRequestId - ==>  Preparing: SELECT * FROM book_request_items WHERE book_request_id = ?
13:37:19.623 [main] DEBUG c.e.j.m.B.findByBookRequestId - ==> Parameters: 6(Long)
13:37:19.624 [main] DEBUG c.e.j.m.B.findByBookRequestId - <==      Total: 1
13:37:19.624 [main] DEBUG c.e.j.m.ProcurementItemMapper.insert - ==>  Preparing: INSERT INTO procurement_items (book_request_item_id, status) VALUES (?, ?)
13:37:19.625 [main] DEBUG c.e.j.m.ProcurementItemMapper.insert - ==> Parameters: 7(Long), PENDING(String)
13:37:19.625 [main] DEBUG c.e.j.m.ProcurementItemMapper.insert - <==    Updates: 1
13:37:19.625 [main] DEBUG c.e.j.mapper.AuditLogMapper.insert - ==>  Preparing: INSERT INTO audit_logs (user_id, audited_at, action, entity_type, entity_id, detail) VALUES (?, ?, ?, ?, ?, ?)
13:37:19.627 [main] DEBUG c.e.j.mapper.AuditLogMapper.insert - ==> Parameters: 2(Long), 2026-09-11 13:37:19.6168646(Timestamp), CREATE(String), PROCUREMENT_ITEM(String), 1(Long), [B@3b545206(byte[])
13:37:19.627 [main] DEBUG c.e.j.mapper.AuditLogMapper.insert - <==    Updates: 1
13:37:19.627 [main] DEBUG c.e.j.mapper.AuditLogMapper.insert - ==>  Preparing: INSERT INTO audit_logs (user_id, audited_at, action, entity_type, entity_id, detail) VALUES (?, ?, ?, ?, ?, ?)
13:37:19.628 [main] DEBUG c.e.j.mapper.AuditLogMapper.insert - ==> Parameters: 2(Long), 2026-09-11 13:37:19.6168646(Timestamp), APPROVE(String), BOOK_REQUEST(String), 6(Long), [B@77bb48d5(byte[])
13:37:19.628 [main] DEBUG c.e.j.mapper.AuditLogMapper.insert - <==    Updates: 1
13:37:19.628 [main] INFO  c.e.j.service.BookRequestServiceImpl - 申請已核准：requestId=6, approverId=2
13:37:19.629 [main] DEBUG c.e.j.m.BookRequestMapper.insert - ==>  Preparing: INSERT INTO book_requests (requester_id, status, requested_at, idempotency_key) VALUES (?, ?, ?, ?)
13:37:19.629 [main] DEBUG c.e.j.m.BookRequestMapper.insert - ==> Parameters: 1(Long), PENDING(String), 2026-09-11 13:37:19.6298758(Timestamp), d47ab683-97c1-4f0e-a527-19149d4b18d0(String)
13:37:19.630 [main] DEBUG c.e.j.m.BookRequestMapper.insert - <==    Updates: 1
13:37:19.630 [main] DEBUG c.e.j.m.BookRequestItemMapper.insert - ==>  Preparing: INSERT INTO book_request_items (book_request_id, title, isbn, author_id, published_year, estimated_price) VALUES (?, ?, ?, ?, ?, ?)
13:37:19.630 [main] DEBUG c.e.j.m.BookRequestItemMapper.insert - ==> Parameters: 7(Long), Database Internals(String), null, null, null, null
13:37:19.630 [main] DEBUG c.e.j.m.BookRequestItemMapper.insert - <==    Updates: 1
13:37:19.630 [main] DEBUG c.e.j.m.BookRequestItemMapper.insert - ==>  Preparing: INSERT INTO book_request_items (book_request_id, title, isbn, author_id, published_year, estimated_price) VALUES (?, ?, ?, ?, ?, ?)
13:37:19.630 [main] DEBUG c.e.j.m.BookRequestItemMapper.insert - ==> Parameters: 7(Long), Designing Data-Intensive Applications(String), 9781449373320(String), null, 2017(Integer), 1500(BigDecimal)
13:37:19.630 [main] DEBUG c.e.j.m.BookRequestItemMapper.insert - <==    Updates: 1
13:37:19.631 [main] DEBUG c.e.j.mapper.AuditLogMapper.insert - ==>  Preparing: INSERT INTO audit_logs (user_id, audited_at, action, entity_type, entity_id, detail) VALUES (?, ?, ?, ?, ?, ?)
13:37:19.631 [main] DEBUG c.e.j.mapper.AuditLogMapper.insert - ==> Parameters: 1(Long), 2026-09-11 13:37:19.6298758(Timestamp), SUBMIT(String), BOOK_REQUEST(String), 7(Long), [B@b887730(byte[])
13:37:19.631 [main] DEBUG c.e.j.mapper.AuditLogMapper.insert - <==    Updates: 1
13:37:19.631 [main] INFO  c.e.j.service.BookRequestServiceImpl - 送出申請：requestId=7, requesterId=1, 書籍數=2
13:37:19.632 [main] DEBUG c.e.j.m.BookRequestMapper.approve - ==>  Preparing: UPDATE book_requests SET status = 'APPROVED', approver_id = ?, approved_at = ? WHERE id = ? AND status = 'PENDING' AND requester_id != ?
13:37:19.632 [main] DEBUG c.e.j.m.BookRequestMapper.approve - ==> Parameters: 2(Long), 2026-09-11 13:37:19.6328717(Timestamp), 7(Long), 2(Long)
13:37:19.632 [main] DEBUG c.e.j.m.BookRequestMapper.approve - <==    Updates: 1
13:37:19.632 [main] DEBUG c.e.j.m.BookRequestMapper.findById - ==>  Preparing: SELECT * FROM book_requests WHERE id = ?
13:37:19.633 [main] DEBUG c.e.j.m.BookRequestMapper.findById - ==> Parameters: 7(Long)
13:37:19.633 [main] DEBUG c.e.j.m.BookRequestMapper.findById - <==      Total: 1
13:37:19.633 [main] DEBUG c.e.j.m.B.findByBookRequestId - ==>  Preparing: SELECT * FROM book_request_items WHERE book_request_id = ?
13:37:19.633 [main] DEBUG c.e.j.m.B.findByBookRequestId - ==> Parameters: 7(Long)
13:37:19.634 [main] DEBUG c.e.j.m.B.findByBookRequestId - <==      Total: 2
13:37:19.634 [main] DEBUG c.e.j.m.ProcurementItemMapper.insert - ==>  Preparing: INSERT INTO procurement_items (book_request_item_id, status) VALUES (?, ?)
13:37:19.634 [main] DEBUG c.e.j.m.ProcurementItemMapper.insert - ==> Parameters: 8(Long), PENDING(String)
13:37:19.634 [main] DEBUG c.e.j.m.ProcurementItemMapper.insert - <==    Updates: 1
13:37:19.634 [main] DEBUG c.e.j.mapper.AuditLogMapper.insert - ==>  Preparing: INSERT INTO audit_logs (user_id, audited_at, action, entity_type, entity_id, detail) VALUES (?, ?, ?, ?, ?, ?)
13:37:19.634 [main] DEBUG c.e.j.mapper.AuditLogMapper.insert - ==> Parameters: 2(Long), 2026-09-11 13:37:19.6328717(Timestamp), CREATE(String), PROCUREMENT_ITEM(String), 2(Long), [B@6e041285(byte[])
13:37:19.636 [main] DEBUG c.e.j.mapper.AuditLogMapper.insert - <==    Updates: 1
13:37:19.636 [main] DEBUG c.e.j.m.ProcurementItemMapper.insert - ==>  Preparing: INSERT INTO procurement_items (book_request_item_id, status) VALUES (?, ?)
13:37:19.636 [main] DEBUG c.e.j.m.ProcurementItemMapper.insert - ==> Parameters: 9(Long), PENDING(String)
13:37:19.636 [main] DEBUG c.e.j.m.ProcurementItemMapper.insert - <==    Updates: 1
13:37:19.636 [main] DEBUG c.e.j.mapper.AuditLogMapper.insert - ==>  Preparing: INSERT INTO audit_logs (user_id, audited_at, action, entity_type, entity_id, detail) VALUES (?, ?, ?, ?, ?, ?)
13:37:19.636 [main] DEBUG c.e.j.mapper.AuditLogMapper.insert - ==> Parameters: 2(Long), 2026-09-11 13:37:19.6328717(Timestamp), CREATE(String), PROCUREMENT_ITEM(String), 3(Long), [B@267dc982(byte[])
13:37:19.636 [main] DEBUG c.e.j.mapper.AuditLogMapper.insert - <==    Updates: 1
13:37:19.637 [main] DEBUG c.e.j.mapper.AuditLogMapper.insert - ==>  Preparing: INSERT INTO audit_logs (user_id, audited_at, action, entity_type, entity_id, detail) VALUES (?, ?, ?, ?, ?, ?)
13:37:19.637 [main] DEBUG c.e.j.mapper.AuditLogMapper.insert - ==> Parameters: 2(Long), 2026-09-11 13:37:19.6328717(Timestamp), APPROVE(String), BOOK_REQUEST(String), 7(Long), [B@439b15f2(byte[])
13:37:19.637 [main] DEBUG c.e.j.mapper.AuditLogMapper.insert - <==    Updates: 1
13:37:19.637 [main] INFO  c.e.j.service.BookRequestServiceImpl - 申請已核准：requestId=7, approverId=2
13:37:19.637 [main] DEBUG c.e.j.m.BookRequestMapper.insert - ==>  Preparing: INSERT INTO book_requests (requester_id, status, requested_at, idempotency_key) VALUES (?, ?, ?, ?)
13:37:19.638 [main] DEBUG c.e.j.m.BookRequestMapper.insert - ==> Parameters: 1(Long), PENDING(String), 2026-09-11 13:37:19.6372454(Timestamp), 4a900279-0ddd-4aaa-a967-d7b9b1ee2ae8(String)
13:37:19.638 [main] DEBUG c.e.j.m.BookRequestMapper.insert - <==    Updates: 1
13:37:19.638 [main] DEBUG c.e.j.m.BookRequestItemMapper.insert - ==>  Preparing: INSERT INTO book_request_items (book_request_id, title, isbn, author_id, published_year, estimated_price) VALUES (?, ?, ?, ?, ?, ?)
13:37:19.638 [main] DEBUG c.e.j.m.BookRequestItemMapper.insert - ==> Parameters: 8(Long), The Clean Coder(String), null, null, null, null
13:37:19.638 [main] DEBUG c.e.j.m.BookRequestItemMapper.insert - <==    Updates: 1
13:37:19.638 [main] DEBUG c.e.j.mapper.AuditLogMapper.insert - ==>  Preparing: INSERT INTO audit_logs (user_id, audited_at, action, entity_type, entity_id, detail) VALUES (?, ?, ?, ?, ?, ?)
13:37:19.639 [main] DEBUG c.e.j.mapper.AuditLogMapper.insert - ==> Parameters: 1(Long), 2026-09-11 13:37:19.6372454(Timestamp), SUBMIT(String), BOOK_REQUEST(String), 8(Long), [B@3c83468e(byte[])
13:37:19.639 [main] DEBUG c.e.j.mapper.AuditLogMapper.insert - <==    Updates: 1
13:37:19.639 [main] INFO  c.e.j.service.BookRequestServiceImpl - 送出申請：requestId=8, requesterId=1, 書籍數=1
13:37:19.639 [main] DEBUG c.e.j.m.BookRequestMapper.approve - ==>  Preparing: UPDATE book_requests SET status = 'APPROVED', approver_id = ?, approved_at = ? WHERE id = ? AND status = 'PENDING' AND requester_id != ?
13:37:19.640 [main] DEBUG c.e.j.m.BookRequestMapper.approve - ==> Parameters: 2(Long), 2026-09-11 13:37:19.6392492(Timestamp), 8(Long), 2(Long)
13:37:19.640 [main] DEBUG c.e.j.m.BookRequestMapper.approve - <==    Updates: 1
13:37:19.640 [main] DEBUG c.e.j.m.BookRequestMapper.findById - ==>  Preparing: SELECT * FROM book_requests WHERE id = ?
13:37:19.640 [main] DEBUG c.e.j.m.BookRequestMapper.findById - ==> Parameters: 8(Long)
13:37:19.641 [main] DEBUG c.e.j.m.BookRequestMapper.findById - <==      Total: 1
13:37:19.641 [main] DEBUG c.e.j.m.B.findByBookRequestId - ==>  Preparing: SELECT * FROM book_request_items WHERE book_request_id = ?
13:37:19.641 [main] DEBUG c.e.j.m.B.findByBookRequestId - ==> Parameters: 8(Long)
13:37:19.642 [main] DEBUG c.e.j.m.B.findByBookRequestId - <==      Total: 1
13:37:19.642 [main] DEBUG c.e.j.m.ProcurementItemMapper.insert - ==>  Preparing: INSERT INTO procurement_items (book_request_item_id, status) VALUES (?, ?)
13:37:19.642 [main] DEBUG c.e.j.m.ProcurementItemMapper.insert - ==> Parameters: 10(Long), PENDING(String)
13:37:19.642 [main] DEBUG c.e.j.m.ProcurementItemMapper.insert - <==    Updates: 1
13:37:19.642 [main] DEBUG c.e.j.mapper.AuditLogMapper.insert - ==>  Preparing: INSERT INTO audit_logs (user_id, audited_at, action, entity_type, entity_id, detail) VALUES (?, ?, ?, ?, ?, ?)
13:37:19.642 [main] DEBUG c.e.j.mapper.AuditLogMapper.insert - ==> Parameters: 2(Long), 2026-09-11 13:37:19.6392492(Timestamp), CREATE(String), PROCUREMENT_ITEM(String), 4(Long), [B@1c26273d(byte[])
13:37:19.643 [main] DEBUG c.e.j.mapper.AuditLogMapper.insert - <==    Updates: 1
13:37:19.643 [main] DEBUG c.e.j.mapper.AuditLogMapper.insert - ==>  Preparing: INSERT INTO audit_logs (user_id, audited_at, action, entity_type, entity_id, detail) VALUES (?, ?, ?, ?, ?, ?)
13:37:19.643 [main] DEBUG c.e.j.mapper.AuditLogMapper.insert - ==> Parameters: 2(Long), 2026-09-11 13:37:19.6392492(Timestamp), APPROVE(String), BOOK_REQUEST(String), 8(Long), [B@3a37a501(byte[])
13:37:19.644 [main] DEBUG c.e.j.mapper.AuditLogMapper.insert - <==    Updates: 1
13:37:19.644 [main] INFO  c.e.j.service.BookRequestServiceImpl - 申請已核准：requestId=8, approverId=2
13:37:19.645 [main] DEBUG c.e.j.m.BookRequestMapper.insert - ==>  Preparing: INSERT INTO book_requests (requester_id, status, requested_at, idempotency_key) VALUES (?, ?, ?, ?)
13:37:19.646 [main] DEBUG c.e.j.m.BookRequestMapper.insert - ==> Parameters: 1(Long), PENDING(String), 2026-09-11 13:37:19.6452476(Timestamp), 1438a295-2924-452f-ab2d-129e73900383(String)
13:37:19.646 [main] DEBUG c.e.j.m.BookRequestMapper.insert - <==    Updates: 1
13:37:19.646 [main] DEBUG c.e.j.m.BookRequestItemMapper.insert - ==>  Preparing: INSERT INTO book_request_items (book_request_id, title, isbn, author_id, published_year, estimated_price) VALUES (?, ?, ?, ?, ?, ?)
13:37:19.646 [main] DEBUG c.e.j.m.BookRequestItemMapper.insert - ==> Parameters: 9(Long), Release It!(String), null, null, null, null
13:37:19.646 [main] DEBUG c.e.j.m.BookRequestItemMapper.insert - <==    Updates: 1
13:37:19.647 [main] DEBUG c.e.j.mapper.AuditLogMapper.insert - ==>  Preparing: INSERT INTO audit_logs (user_id, audited_at, action, entity_type, entity_id, detail) VALUES (?, ?, ?, ?, ?, ?)
13:37:19.647 [main] DEBUG c.e.j.mapper.AuditLogMapper.insert - ==> Parameters: 1(Long), 2026-09-11 13:37:19.6452476(Timestamp), SUBMIT(String), BOOK_REQUEST(String), 9(Long), [B@268cbb86(byte[])
13:37:19.648 [main] DEBUG c.e.j.mapper.AuditLogMapper.insert - <==    Updates: 1
13:37:19.648 [main] INFO  c.e.j.service.BookRequestServiceImpl - 送出申請：requestId=9, requesterId=1, 書籍數=1
13:37:19.649 [main] DEBUG c.e.j.m.BookRequestMapper.approve - ==>  Preparing: UPDATE book_requests SET status = 'APPROVED', approver_id = ?, approved_at = ? WHERE id = ? AND status = 'PENDING' AND requester_id != ?
13:37:19.649 [main] DEBUG c.e.j.m.BookRequestMapper.approve - ==> Parameters: 2(Long), 2026-09-11 13:37:19.6482458(Timestamp), 9(Long), 2(Long)
13:37:19.649 [main] DEBUG c.e.j.m.BookRequestMapper.approve - <==    Updates: 1
13:37:19.649 [main] DEBUG c.e.j.m.BookRequestMapper.findById - ==>  Preparing: SELECT * FROM book_requests WHERE id = ?
13:37:19.649 [main] DEBUG c.e.j.m.BookRequestMapper.findById - ==> Parameters: 9(Long)
13:37:19.650 [main] DEBUG c.e.j.m.BookRequestMapper.findById - <==      Total: 1
13:37:19.650 [main] DEBUG c.e.j.m.B.findByBookRequestId - ==>  Preparing: SELECT * FROM book_request_items WHERE book_request_id = ?
13:37:19.650 [main] DEBUG c.e.j.m.B.findByBookRequestId - ==> Parameters: 9(Long)
13:37:19.651 [main] DEBUG c.e.j.m.B.findByBookRequestId - <==      Total: 1
13:37:19.651 [main] DEBUG c.e.j.m.ProcurementItemMapper.insert - ==>  Preparing: INSERT INTO procurement_items (book_request_item_id, status) VALUES (?, ?)
13:37:19.651 [main] DEBUG c.e.j.m.ProcurementItemMapper.insert - ==> Parameters: 11(Long), PENDING(String)
13:37:19.651 [main] DEBUG c.e.j.m.ProcurementItemMapper.insert - <==    Updates: 1
13:37:19.651 [main] DEBUG c.e.j.mapper.AuditLogMapper.insert - ==>  Preparing: INSERT INTO audit_logs (user_id, audited_at, action, entity_type, entity_id, detail) VALUES (?, ?, ?, ?, ?, ?)
13:37:19.651 [main] DEBUG c.e.j.mapper.AuditLogMapper.insert - ==> Parameters: 2(Long), 2026-09-11 13:37:19.6482458(Timestamp), CREATE(String), PROCUREMENT_ITEM(String), 5(Long), [B@3ba46e63(byte[])
13:37:19.652 [main] DEBUG c.e.j.mapper.AuditLogMapper.insert - <==    Updates: 1
13:37:19.652 [main] DEBUG c.e.j.mapper.AuditLogMapper.insert - ==>  Preparing: INSERT INTO audit_logs (user_id, audited_at, action, entity_type, entity_id, detail) VALUES (?, ?, ?, ?, ?, ?)
13:37:19.652 [main] DEBUG c.e.j.mapper.AuditLogMapper.insert - ==> Parameters: 2(Long), 2026-09-11 13:37:19.6482458(Timestamp), APPROVE(String), BOOK_REQUEST(String), 9(Long), [B@788ddc1f(byte[])
13:37:19.652 [main] DEBUG c.e.j.mapper.AuditLogMapper.insert - <==    Updates: 1
13:37:19.652 [main] INFO  c.e.j.service.BookRequestServiceImpl - 申請已核准：requestId=9, approverId=2
13:37:19.653 [main] DEBUG c.e.j.m.BookRequestMapper.insert - ==>  Preparing: INSERT INTO book_requests (requester_id, status, requested_at, idempotency_key) VALUES (?, ?, ?, ?)
13:37:19.653 [main] DEBUG c.e.j.m.BookRequestMapper.insert - ==> Parameters: 1(Long), PENDING(String), 2026-09-11 13:37:19.6532449(Timestamp), a837e547-b8b7-4e0d-a3f6-e1c6cbcbbf3a(String)
13:37:19.653 [main] DEBUG c.e.j.m.BookRequestMapper.insert - <==    Updates: 1
13:37:19.653 [main] DEBUG c.e.j.m.BookRequestItemMapper.insert - ==>  Preparing: INSERT INTO book_request_items (book_request_id, title, isbn, author_id, published_year, estimated_price) VALUES (?, ?, ?, ?, ?, ?)
13:37:19.653 [main] DEBUG c.e.j.m.BookRequestItemMapper.insert - ==> Parameters: 10(Long), Overpriced Book(String), null, null, null, 99999(BigDecimal)
13:37:19.653 [main] DEBUG c.e.j.m.BookRequestItemMapper.insert - <==    Updates: 1
13:37:19.654 [main] DEBUG c.e.j.mapper.AuditLogMapper.insert - ==>  Preparing: INSERT INTO audit_logs (user_id, audited_at, action, entity_type, entity_id, detail) VALUES (?, ?, ?, ?, ?, ?)
13:37:19.654 [main] DEBUG c.e.j.mapper.AuditLogMapper.insert - ==> Parameters: 1(Long), 2026-09-11 13:37:19.6532449(Timestamp), SUBMIT(String), BOOK_REQUEST(String), 10(Long), [B@3d0035d2(byte[])
13:37:19.654 [main] DEBUG c.e.j.mapper.AuditLogMapper.insert - <==    Updates: 1
13:37:19.654 [main] INFO  c.e.j.service.BookRequestServiceImpl - 送出申請：requestId=10, requesterId=1, 書籍數=1
13:37:19.655 [main] DEBUG c.e.j.m.BookRequestMapper.reject - ==>  Preparing: UPDATE book_requests SET status = 'REJECTED', approver_id = ?, approved_at = ? WHERE id = ? AND status = 'PENDING' AND requester_id != ?
13:37:19.655 [main] DEBUG c.e.j.m.BookRequestMapper.reject - ==> Parameters: 2(Long), 2026-09-11 13:37:19.6552453(Timestamp), 10(Long), 2(Long)
13:37:19.656 [main] DEBUG c.e.j.m.BookRequestMapper.reject - <==    Updates: 1
13:37:19.656 [main] DEBUG c.e.j.m.BookRequestMapper.findById - ==>  Preparing: SELECT * FROM book_requests WHERE id = ?
13:37:19.656 [main] DEBUG c.e.j.m.BookRequestMapper.findById - ==> Parameters: 10(Long)
13:37:19.656 [main] DEBUG c.e.j.m.BookRequestMapper.findById - <==      Total: 1
13:37:19.657 [main] DEBUG c.e.j.mapper.AuditLogMapper.insert - ==>  Preparing: INSERT INTO audit_logs (user_id, audited_at, action, entity_type, entity_id, detail) VALUES (?, ?, ?, ?, ?, ?)
13:37:19.657 [main] DEBUG c.e.j.mapper.AuditLogMapper.insert - ==> Parameters: 2(Long), 2026-09-11 13:37:19.6552453(Timestamp), REJECT(String), BOOK_REQUEST(String), 10(Long), [B@ae2db25(byte[])
13:37:19.657 [main] DEBUG c.e.j.mapper.AuditLogMapper.insert - <==    Updates: 1
13:37:19.657 [main] INFO  c.e.j.service.BookRequestServiceImpl - 申請已拒絕：requestId=10, approverId=2
13:37:19.658 [main] DEBUG c.e.j.m.BookRequestMapper.insert - ==>  Preparing: INSERT INTO book_requests (requester_id, status, requested_at, idempotency_key) VALUES (?, ?, ?, ?)
13:37:19.658 [main] DEBUG c.e.j.m.BookRequestMapper.insert - ==> Parameters: 1(Long), PENDING(String), 2026-09-11 13:37:19.6582461(Timestamp), 927e38a7-55ff-4b01-b2ec-990a3b772e66(String)
13:37:19.658 [main] DEBUG c.e.j.m.BookRequestMapper.insert - <==    Updates: 1
13:37:19.658 [main] DEBUG c.e.j.m.BookRequestItemMapper.insert - ==>  Preparing: INSERT INTO book_request_items (book_request_id, title, isbn, author_id, published_year, estimated_price) VALUES (?, ?, ?, ?, ?, ?)
13:37:19.658 [main] DEBUG c.e.j.m.BookRequestItemMapper.insert - ==> Parameters: 11(Long), Duplicate Request Example(String), null, null, null, null
13:37:19.658 [main] DEBUG c.e.j.m.BookRequestItemMapper.insert - <==    Updates: 1
13:37:19.659 [main] DEBUG c.e.j.mapper.AuditLogMapper.insert - ==>  Preparing: INSERT INTO audit_logs (user_id, audited_at, action, entity_type, entity_id, detail) VALUES (?, ?, ?, ?, ?, ?)
13:37:19.659 [main] DEBUG c.e.j.mapper.AuditLogMapper.insert - ==> Parameters: 1(Long), 2026-09-11 13:37:19.6582461(Timestamp), SUBMIT(String), BOOK_REQUEST(String), 11(Long), [B@1a1f5f71(byte[])
13:37:19.659 [main] DEBUG c.e.j.mapper.AuditLogMapper.insert - <==    Updates: 1
13:37:19.659 [main] INFO  c.e.j.service.BookRequestServiceImpl - 送出申請：requestId=11, requesterId=1, 書籍數=1
13:37:19.659 [main] DEBUG c.e.j.m.BookRequestMapper.reject - ==>  Preparing: UPDATE book_requests SET status = 'REJECTED', approver_id = ?, approved_at = ? WHERE id = ? AND status = 'PENDING' AND requester_id != ?
13:37:19.660 [main] DEBUG c.e.j.m.BookRequestMapper.reject - ==> Parameters: 2(Long), 2026-09-11 13:37:19.6592472(Timestamp), 11(Long), 2(Long)
13:37:19.660 [main] DEBUG c.e.j.m.BookRequestMapper.reject - <==    Updates: 1
13:37:19.660 [main] DEBUG c.e.j.m.BookRequestMapper.findById - ==>  Preparing: SELECT * FROM book_requests WHERE id = ?
13:37:19.660 [main] DEBUG c.e.j.m.BookRequestMapper.findById - ==> Parameters: 11(Long)
13:37:19.661 [main] DEBUG c.e.j.m.BookRequestMapper.findById - <==      Total: 1
13:37:19.661 [main] DEBUG c.e.j.mapper.AuditLogMapper.insert - ==>  Preparing: INSERT INTO audit_logs (user_id, audited_at, action, entity_type, entity_id, detail) VALUES (?, ?, ?, ?, ?, ?)
13:37:19.661 [main] DEBUG c.e.j.mapper.AuditLogMapper.insert - ==> Parameters: 2(Long), 2026-09-11 13:37:19.6592472(Timestamp), REJECT(String), BOOK_REQUEST(String), 11(Long), [B@4acb7ecc(byte[])
13:37:19.661 [main] DEBUG c.e.j.mapper.AuditLogMapper.insert - <==    Updates: 1
13:37:19.661 [main] INFO  c.e.j.service.BookRequestServiceImpl - 申請已拒絕：requestId=11, approverId=2
13:37:19.662 [main] DEBUG c.e.j.m.BookRequestMapper.insert - ==>  Preparing: INSERT INTO book_requests (requester_id, status, requested_at, idempotency_key) VALUES (?, ?, ?, ?)
13:37:19.662 [main] DEBUG c.e.j.m.BookRequestMapper.insert - ==> Parameters: 1(Long), PENDING(String), 2026-09-11 13:37:19.6622458(Timestamp), 87416513-5965-4f02-a22f-5a32025d34bf(String)
13:37:19.663 [main] DEBUG c.e.j.m.BookRequestMapper.insert - <==    Updates: 1
13:37:19.663 [main] DEBUG c.e.j.m.BookRequestItemMapper.insert - ==>  Preparing: INSERT INTO book_request_items (book_request_id, title, isbn, author_id, published_year, estimated_price) VALUES (?, ?, ?, ?, ?, ?)
13:37:19.663 [main] DEBUG c.e.j.m.BookRequestItemMapper.insert - ==> Parameters: 12(Long), Out of Scope Book(String), null, null, null, null
13:37:19.663 [main] DEBUG c.e.j.m.BookRequestItemMapper.insert - <==    Updates: 1
13:37:19.663 [main] DEBUG c.e.j.mapper.AuditLogMapper.insert - ==>  Preparing: INSERT INTO audit_logs (user_id, audited_at, action, entity_type, entity_id, detail) VALUES (?, ?, ?, ?, ?, ?)
13:37:19.664 [main] DEBUG c.e.j.mapper.AuditLogMapper.insert - ==> Parameters: 1(Long), 2026-09-11 13:37:19.6622458(Timestamp), SUBMIT(String), BOOK_REQUEST(String), 12(Long), [B@29149030(byte[])
13:37:19.664 [main] DEBUG c.e.j.mapper.AuditLogMapper.insert - <==    Updates: 1
13:37:19.664 [main] INFO  c.e.j.service.BookRequestServiceImpl - 送出申請：requestId=12, requesterId=1, 書籍數=1
13:37:19.665 [main] DEBUG c.e.j.m.BookRequestMapper.reject - ==>  Preparing: UPDATE book_requests SET status = 'REJECTED', approver_id = ?, approved_at = ? WHERE id = ? AND status = 'PENDING' AND requester_id != ?
13:37:19.665 [main] DEBUG c.e.j.m.BookRequestMapper.reject - ==> Parameters: 2(Long), 2026-09-11 13:37:19.6642467(Timestamp), 12(Long), 2(Long)
13:37:19.665 [main] DEBUG c.e.j.m.BookRequestMapper.reject - <==    Updates: 1
13:37:19.665 [main] DEBUG c.e.j.m.BookRequestMapper.findById - ==>  Preparing: SELECT * FROM book_requests WHERE id = ?
13:37:19.666 [main] DEBUG c.e.j.m.BookRequestMapper.findById - ==> Parameters: 12(Long)
13:37:19.666 [main] DEBUG c.e.j.m.BookRequestMapper.findById - <==      Total: 1
13:37:19.666 [main] DEBUG c.e.j.mapper.AuditLogMapper.insert - ==>  Preparing: INSERT INTO audit_logs (user_id, audited_at, action, entity_type, entity_id, detail) VALUES (?, ?, ?, ?, ?, ?)
13:37:19.667 [main] DEBUG c.e.j.mapper.AuditLogMapper.insert - ==> Parameters: 2(Long), 2026-09-11 13:37:19.6642467(Timestamp), REJECT(String), BOOK_REQUEST(String), 12(Long), [B@173a6728(byte[])
13:37:19.667 [main] DEBUG c.e.j.mapper.AuditLogMapper.insert - <==    Updates: 1
13:37:19.667 [main] INFO  c.e.j.service.BookRequestServiceImpl - 申請已拒絕：requestId=12, approverId=2
13:37:19.668 [main] DEBUG c.e.j.m.B.findByStatus - ==>  Preparing: SELECT * FROM book_requests WHERE status = ? ORDER BY requested_at
13:37:19.668 [main] DEBUG c.e.j.m.B.findByStatus - ==> Parameters: PENDING(String)
13:37:19.669 [main] DEBUG c.e.j.m.B.findByStatus - <==      Total: 5
13:37:19.669 [main] DEBUG c.e.j.m.B.findByStatus - ==>  Preparing: SELECT * FROM book_requests WHERE status = ? ORDER BY requested_at
13:37:19.669 [main] DEBUG c.e.j.m.B.findByStatus - ==> Parameters: APPROVED(String)
13:37:19.670 [main] DEBUG c.e.j.m.B.findByStatus - <==      Total: 4
13:37:19.670 [main] DEBUG c.e.j.m.B.findByStatus - ==>  Preparing: SELECT * FROM book_requests WHERE status = ? ORDER BY requested_at
13:37:19.670 [main] DEBUG c.e.j.m.B.findByStatus - ==> Parameters: REJECTED(String)
13:37:19.671 [main] DEBUG c.e.j.m.B.findByStatus - <==      Total: 3
13:37:19.671 [main] DEBUG c.e.j.m.BookRequestMapper.findAll - ==>  Preparing: SELECT * FROM book_requests
13:37:19.672 [main] DEBUG c.e.j.m.BookRequestMapper.findAll - ==> Parameters: 
13:37:19.672 [main] DEBUG c.e.j.m.BookRequestMapper.findAll - <==      Total: 12
13:37:21.387 [main] ERROR c.e.j.controller.HealthController - 健康檢查失敗：資料庫連線異常
org.springframework.dao.DataAccessResourceFailureException: connection refused
	at org.springframework.jdbc.core.JdbcTemplate.queryForObject(JdbcTemplate.java:516)
	at com.example.jsppractice.controller.HealthController.isDbUp(HealthController.java:45)
	at com.example.jsppractice.controller.HealthController.health(HealthController.java:27)
	at java.base/jdk.internal.reflect.DirectMethodHandleAccessor.invoke(DirectMethodHandleAccessor.java:104)
	at java.base/java.lang.reflect.Method.invoke(Method.java:565)
	at org.springframework.web.method.support.InvocableHandlerMethod.doInvoke(InvocableHandlerMethod.java:205)
	at org.springframework.web.method.support.InvocableHandlerMethod.invokeForRequest(InvocableHandlerMethod.java:150)
	at org.springframework.web.servlet.mvc.method.annotation.ServletInvocableHandlerMethod.invokeAndHandle(ServletInvocableHandlerMethod.java:117)
	at org.springframework.web.servlet.mvc.method.annotation.RequestMappingHandlerAdapter.invokeHandlerMethod(RequestMappingHandlerAdapter.java:903)
	at org.springframework.web.servlet.mvc.method.annotation.RequestMappingHandlerAdapter.handleInternal(RequestMappingHandlerAdapter.java:809)
	at org.springframework.web.servlet.mvc.method.AbstractHandlerMethodAdapter.handle(AbstractHandlerMethodAdapter.java:87)
	at org.springframework.web.servlet.DispatcherServlet.doDispatch(DispatcherServlet.java:1072)
	at org.springframework.web.servlet.DispatcherServlet.doService(DispatcherServlet.java:965)
	at org.springframework.web.servlet.FrameworkServlet.processRequest(FrameworkServlet.java:1006)
	at org.springframework.web.servlet.FrameworkServlet.doGet(FrameworkServlet.java:898)
	at javax.servlet.http.HttpServlet.service(HttpServlet.java:645)
	at org.springframework.web.servlet.FrameworkServlet.service(FrameworkServlet.java:883)
	at org.springframework.test.web.servlet.TestDispatcherServlet.service(TestDispatcherServlet.java:72)
	at javax.servlet.http.HttpServlet.service(HttpServlet.java:750)
	at org.springframework.mock.web.MockFilterChain$ServletFilterProxy.doFilter(MockFilterChain.java:167)
	at org.springframework.mock.web.MockFilterChain.doFilter(MockFilterChain.java:134)
	at org.springframework.test.web.servlet.MockMvc.perform(MockMvc.java:201)
	at com.example.jsppractice.controller.HealthControllerTest.returnsDownWithServiceUnavailableWhenDbQueryFails(HealthControllerTest.java:68)
	at java.base/jdk.internal.reflect.DirectMethodHandleAccessor.invoke(DirectMethodHandleAccessor.java:104)
	at java.base/java.lang.reflect.Method.invoke(Method.java:565)
	at org.junit.runners.model.FrameworkMethod$1.runReflectiveCall(FrameworkMethod.java:59)
	at org.junit.internal.runners.model.ReflectiveCallable.run(ReflectiveCallable.java:12)
	at org.junit.runners.model.FrameworkMethod.invokeExplosively(FrameworkMethod.java:56)
	at org.junit.internal.runners.statements.InvokeMethod.evaluate(InvokeMethod.java:17)
	at org.junit.internal.runners.statements.RunBefores.evaluate(RunBefores.java:26)
	at org.mockito.internal.runners.DefaultInternalRunner$1$1.evaluate(DefaultInternalRunner.java:55)
	at org.junit.runners.ParentRunner$3.evaluate(ParentRunner.java:306)
	at org.junit.runners.BlockJUnit4ClassRunner$1.evaluate(BlockJUnit4ClassRunner.java:100)
	at org.junit.runners.ParentRunner.runLeaf(ParentRunner.java:366)
	at org.junit.runners.BlockJUnit4ClassRunner.runChild(BlockJUnit4ClassRunner.java:103)
	at org.junit.runners.BlockJUnit4ClassRunner.runChild(BlockJUnit4ClassRunner.java:63)
	at org.junit.runners.ParentRunner$4.run(ParentRunner.java:331)
	at org.junit.runners.ParentRunner$1.schedule(ParentRunner.java:79)
	at org.junit.runners.ParentRunner.runChildren(ParentRunner.java:329)
	at org.junit.runners.ParentRunner.access$100(ParentRunner.java:66)
	at org.junit.runners.ParentRunner$2.evaluate(ParentRunner.java:293)
	at org.junit.runners.ParentRunner$3.evaluate(ParentRunner.java:306)
	at org.junit.runners.ParentRunner.run(ParentRunner.java:413)
	at org.mockito.internal.runners.DefaultInternalRunner$1.run(DefaultInternalRunner.java:100)
	at org.mockito.internal.runners.DefaultInternalRunner.run(DefaultInternalRunner.java:107)
	at org.mockito.internal.runners.StrictRunner.run(StrictRunner.java:42)
	at org.mockito.junit.MockitoJUnitRunner.run(MockitoJUnitRunner.java:163)
	at org.apache.maven.surefire.junit4.JUnit4Provider.execute(JUnit4Provider.java:316)
	at org.apache.maven.surefire.junit4.JUnit4Provider.executeWithRerun(JUnit4Provider.java:240)
	at org.apache.maven.surefire.junit4.JUnit4Provider.executeTestSet(JUnit4Provider.java:214)
	at org.apache.maven.surefire.junit4.JUnit4Provider.invoke(JUnit4Provider.java:155)
	at org.apache.maven.surefire.booter.ForkedBooter.runSuitesInProcess(ForkedBooter.java:385)
	at org.apache.maven.surefire.booter.ForkedBooter.execute(ForkedBooter.java:162)
	at org.apache.maven.surefire.booter.ForkedBooter.run(ForkedBooter.java:507)
	at org.apache.maven.surefire.booter.ForkedBooter.main(ForkedBooter.java:495)
13:37:21.830 [main] WARN  c.e.j.i.RoleAccessInterceptor - 權限不足被擋下：userId=1, role=ADMIN, POST /procurement/1/complete
13:37:21.831 [main] WARN  c.e.j.i.RoleAccessInterceptor - 權限不足被擋下：userId=1, role=USER, POST /procurement/1/complete
13:37:21.838 [main] WARN  c.e.j.i.RoleAccessInterceptor - 權限不足被擋下：userId=1, role=PROCUREMENT, POST /requests/1/approve
13:37:21.839 [main] WARN  c.e.j.i.RoleAccessInterceptor - 權限不足被擋下：userId=1, role=USER, POST /requests/1/reject
13:37:21.843 [main] WARN  c.e.j.i.RoleAccessInterceptor - 權限不足被擋下：userId=1, role=USER, GET /books/new
13:37:21.857 [main] DEBUG c.e.j.mapper.AuditLogMapper.insert - ==>  Preparing: INSERT INTO audit_logs (user_id, audited_at, action, entity_type, entity_id, detail) VALUES (?, ?, ?, ?, ?, ?)
13:37:21.859 [main] DEBUG c.e.j.mapper.AuditLogMapper.insert - ==> Parameters: 4(Long), 2026-09-11 13:37:21.8568235(Timestamp), APPROVE(String), BOOK_REQUEST(String), 42(Long), [B@be9cc86(byte[])
13:37:21.860 [main] DEBUG c.e.j.mapper.AuditLogMapper.insert - <==    Updates: 1
13:37:21.862 [main] DEBUG c.e.j.m.AuditLogMapper.findByEntity - ==>  Preparing: SELECT * FROM audit_logs WHERE entity_type = ? AND entity_id = ? ORDER BY audited_at DESC
13:37:21.863 [main] DEBUG c.e.j.m.AuditLogMapper.findByEntity - ==> Parameters: BOOK_REQUEST(String), 42(Long)
13:37:21.867 [main] DEBUG c.e.j.m.AuditLogMapper.findByEntity - <==      Total: 1
13:37:21.881 [main] DEBUG c.e.j.mapper.AuditLogMapper.insert - ==>  Preparing: INSERT INTO audit_logs (user_id, audited_at, action, entity_type, entity_id, detail) VALUES (?, ?, ?, ?, ?, ?)
13:37:21.882 [main] DEBUG c.e.j.mapper.AuditLogMapper.insert - ==> Parameters: 5(Long), 2026-09-11 13:37:21.8818226(Timestamp), APPROVE(String), BOOK_REQUEST(String), 0(Long), [B@38394e76(byte[])
13:37:21.883 [main] DEBUG c.e.j.mapper.AuditLogMapper.insert - <==    Updates: 1
13:37:21.883 [main] DEBUG c.e.j.mapper.AuditLogMapper.insert - ==>  Preparing: INSERT INTO audit_logs (user_id, audited_at, action, entity_type, entity_id, detail) VALUES (?, ?, ?, ?, ?, ?)
13:37:21.885 [main] DEBUG c.e.j.mapper.AuditLogMapper.insert - ==> Parameters: 5(Long), 2026-09-11 13:37:21.8839591(Timestamp), APPROVE(String), BOOK_REQUEST(String), 1(Long), [B@c4ca86a(byte[])
13:37:21.885 [main] DEBUG c.e.j.mapper.AuditLogMapper.insert - <==    Updates: 1
13:37:21.885 [main] DEBUG c.e.j.mapper.AuditLogMapper.insert - ==>  Preparing: INSERT INTO audit_logs (user_id, audited_at, action, entity_type, entity_id, detail) VALUES (?, ?, ?, ?, ?, ?)
13:37:21.885 [main] DEBUG c.e.j.mapper.AuditLogMapper.insert - ==> Parameters: 5(Long), 2026-09-11 13:37:21.8851502(Timestamp), APPROVE(String), BOOK_REQUEST(String), 2(Long), [B@51097500(byte[])
13:37:21.886 [main] DEBUG c.e.j.mapper.AuditLogMapper.insert - <==    Updates: 1
13:37:21.889 [main] DEBUG c.e.j.mapper.AuditLogMapper.findNext - ==>  Preparing: SELECT * FROM audit_logs ORDER BY id DESC LIMIT ?
13:37:21.889 [main] DEBUG c.e.j.mapper.AuditLogMapper.findNext - ==> Parameters: 2(Integer)
13:37:21.890 [main] DEBUG c.e.j.mapper.AuditLogMapper.findNext - <==      Total: 2
13:37:21.892 [main] DEBUG c.e.j.mapper.AuditLogMapper.findNext - ==>  Preparing: SELECT * FROM audit_logs WHERE id < ? ORDER BY id DESC LIMIT ?
13:37:21.892 [main] DEBUG c.e.j.mapper.AuditLogMapper.findNext - ==> Parameters: 27(Long), 2(Integer)
13:37:21.893 [main] DEBUG c.e.j.mapper.AuditLogMapper.findNext - <==      Total: 1
13:37:21.903 [main] DEBUG c.e.j.mapper.AuditLogMapper.insert - ==>  Preparing: INSERT INTO audit_logs (user_id, audited_at, action, entity_type, entity_id, detail) VALUES (?, ?, ?, ?, ?, ?)
13:37:21.904 [main] DEBUG c.e.j.mapper.AuditLogMapper.insert - ==> Parameters: 6(Long), 2026-09-11 13:37:21.9034237(Timestamp), APPROVE(String), BOOK_REQUEST(String), 0(Long), [B@2b30b627(byte[])
13:37:21.904 [main] DEBUG c.e.j.mapper.AuditLogMapper.insert - <==    Updates: 1
13:37:21.905 [main] DEBUG c.e.j.mapper.AuditLogMapper.insert - ==>  Preparing: INSERT INTO audit_logs (user_id, audited_at, action, entity_type, entity_id, detail) VALUES (?, ?, ?, ?, ?, ?)
13:37:21.905 [main] DEBUG c.e.j.mapper.AuditLogMapper.insert - ==> Parameters: 6(Long), 2026-09-11 13:37:21.9054222(Timestamp), APPROVE(String), BOOK_REQUEST(String), 1(Long), [B@684430c1(byte[])
13:37:21.906 [main] DEBUG c.e.j.mapper.AuditLogMapper.insert - <==    Updates: 1
13:37:21.906 [main] DEBUG c.e.j.mapper.AuditLogMapper.insert - ==>  Preparing: INSERT INTO audit_logs (user_id, audited_at, action, entity_type, entity_id, detail) VALUES (?, ?, ?, ?, ?, ?)
13:37:21.906 [main] DEBUG c.e.j.mapper.AuditLogMapper.insert - ==> Parameters: 6(Long), 2026-09-11 13:37:21.9064219(Timestamp), APPROVE(String), BOOK_REQUEST(String), 2(Long), [B@370a935f(byte[])
13:37:21.907 [main] DEBUG c.e.j.mapper.AuditLogMapper.insert - <==    Updates: 1
13:37:21.908 [main] DEBUG c.e.j.m.AuditLogMapper.findPrevious - ==>  Preparing: SELECT * FROM audit_logs WHERE id > ? ORDER BY id ASC LIMIT ?
13:37:21.909 [main] DEBUG c.e.j.m.AuditLogMapper.findPrevious - ==> Parameters: 29(Long), 2(Integer)
13:37:21.910 [main] DEBUG c.e.j.m.AuditLogMapper.findPrevious - <==      Total: 2
13:37:21.927 [main] DEBUG c.e.j.mapper.BookMapper.insert - ==>  Preparing: INSERT INTO books (title, isbn, author_id, published_year) VALUES (?, ?, ?, ?)
13:37:21.927 [main] DEBUG c.e.j.mapper.BookMapper.insert - ==> Parameters: Effective Java(String), 978-0134685991(String), 4(Long), 2018(Integer)
13:37:21.928 [main] DEBUG c.e.j.mapper.BookMapper.insert - <==    Updates: 1
13:37:21.928 [main] DEBUG c.e.j.mapper.BookMapper.insert - ==>  Preparing: INSERT INTO books (title, isbn, author_id, published_year) VALUES (?, ?, ?, ?)
13:37:21.929 [main] DEBUG c.e.j.mapper.BookMapper.insert - ==> Parameters: Unrelated Book(String), 9999999999999(String), 4(Long), 2000(Integer)
13:37:21.929 [main] DEBUG c.e.j.mapper.BookMapper.insert - <==    Updates: 1
13:37:21.931 [main] DEBUG c.e.j.mapper.BookMapper.search - ==>  Preparing: SELECT b.id, b.title, b.isbn, b.published_year, a.name AS author_name, c.id AS category_id, c.name AS category_name FROM books b LEFT JOIN authors a ON b.author_id = a.id LEFT JOIN books_categories bc ON bc.book_id = b.id LEFT JOIN categories c ON bc.category_id = c.id WHERE (b.title ILIKE CONCAT('%', ?, '%') OR a.name ILIKE CONCAT('%', ?, '%') OR c.name ILIKE CONCAT('%', ?, '%')) ORDER BY b.id
13:37:21.933 [main] DEBUG c.e.j.mapper.BookMapper.search - ==> Parameters: Effective(String), Effective(String), Effective(String)
13:37:21.935 [main] DEBUG c.e.j.mapper.BookMapper.search - <==      Total: 1
13:37:21.942 [main] DEBUG c.e.j.mapper.BookMapper.insert - ==>  Preparing: INSERT INTO books (title, isbn, author_id, published_year) VALUES (?, ?, ?, ?)
13:37:21.943 [main] DEBUG c.e.j.mapper.BookMapper.insert - ==> Parameters: Effective Java(String), 978-0134685991(String), 5(Long), 2018(Integer)
13:37:21.943 [main] DEBUG c.e.j.mapper.BookMapper.insert - <==    Updates: 1
13:37:21.944 [main] DEBUG c.e.j.m.B.insertBookCategories - ==>  Preparing: INSERT INTO books_categories (book_id, category_id) VALUES (?, ?)
13:37:21.945 [main] DEBUG c.e.j.m.B.insertBookCategories - ==> Parameters: 27(Long), 4(Long)
13:37:21.945 [main] DEBUG c.e.j.m.B.insertBookCategories - <==    Updates: 1
13:37:21.945 [main] DEBUG c.e.j.m.B.findCategoriesById - ==>  Preparing: SELECT c.* FROM categories c JOIN books_categories bc ON bc.category_id = c.id WHERE bc.book_id = ?
13:37:21.946 [main] DEBUG c.e.j.m.B.findCategoriesById - ==> Parameters: 27(Long)
13:37:21.947 [main] DEBUG c.e.j.m.B.findCategoriesById - <==      Total: 1
13:37:21.953 [main] DEBUG c.e.j.mapper.BookMapper.insert - ==>  Preparing: INSERT INTO books (title, isbn, author_id, published_year) VALUES (?, ?, ?, ?)
13:37:21.953 [main] DEBUG c.e.j.mapper.BookMapper.insert - ==> Parameters: Effective Java(String), 978-0134685991(String), 6(Long), 2018(Integer)
13:37:21.953 [main] DEBUG c.e.j.mapper.BookMapper.insert - <==    Updates: 1
13:37:21.954 [main] DEBUG c.e.j.mapper.BookMapper.update - ==>  Preparing: UPDATE books SET title = ?, isbn = ?, author_id = ?, published_year = ? WHERE id = ?
13:37:21.955 [main] DEBUG c.e.j.mapper.BookMapper.update - ==> Parameters: My New Title(String), 978-0134685991(String), 6(Long), 2018(Integer), 28(Long)
13:37:21.955 [main] DEBUG c.e.j.mapper.BookMapper.update - <==    Updates: 1
13:37:21.955 [main] DEBUG c.e.j.mapper.BookMapper.findById - ==>  Preparing: SELECT id, title, isbn, author_id, published_year FROM books WHERE id = ?
13:37:21.956 [main] DEBUG c.e.j.mapper.BookMapper.findById - ==> Parameters: 28(Long)
13:37:21.956 [main] DEBUG c.e.j.mapper.BookMapper.findById - <==      Total: 1
13:37:21.957 [main] DEBUG c.e.j.mapper.BookMapper.findAll - ==>  Preparing: SELECT b.id, b.title, b.isbn, b.published_year, a.name AS author_name, c.id AS category_id, c.name AS category_name FROM books b LEFT JOIN authors a ON b.author_id = a.id LEFT JOIN books_categories bc ON bc.book_id = b.id LEFT JOIN categories c ON bc.category_id = c.id ORDER BY b.id
13:37:21.957 [main] DEBUG c.e.j.mapper.BookMapper.findAll - ==> Parameters: 
13:37:21.958 [main] DEBUG c.e.j.mapper.BookMapper.findAll - <==      Total: 1
13:37:21.965 [main] DEBUG c.e.j.mapper.BookMapper.insert - ==>  Preparing: INSERT INTO books (title, isbn, author_id, published_year) VALUES (?, ?, ?, ?)
13:37:21.965 [main] DEBUG c.e.j.mapper.BookMapper.insert - ==> Parameters: Effective Java(String), 978-0134685991(String), 7(Long), 2018(Integer)
13:37:21.965 [main] DEBUG c.e.j.mapper.BookMapper.insert - <==    Updates: 1
13:37:21.966 [main] DEBUG c.e.j.m.B.insertBookCategories - ==>  Preparing: INSERT INTO books_categories (book_id, category_id) VALUES (?, ?) , (?, ?)
13:37:21.967 [main] DEBUG c.e.j.m.B.insertBookCategories - ==> Parameters: 29(Long), 5(Long), 29(Long), 6(Long)
13:37:21.967 [main] DEBUG c.e.j.m.B.insertBookCategories - <==    Updates: 2
13:37:21.967 [main] DEBUG c.e.j.mapper.BookMapper.insert - ==>  Preparing: INSERT INTO books (title, isbn, author_id, published_year) VALUES (?, ?, ?, ?)
13:37:21.967 [main] DEBUG c.e.j.mapper.BookMapper.insert - ==> Parameters: Effective Java(String), 978-0134685991(String), 7(Long), 2018(Integer)
13:37:21.967 [main] DEBUG c.e.j.mapper.BookMapper.insert - <==    Updates: 1
13:37:21.968 [main] DEBUG c.e.j.mapper.BookMapper.findAll - ==>  Preparing: SELECT b.id, b.title, b.isbn, b.published_year, a.name AS author_name, c.id AS category_id, c.name AS category_name FROM books b LEFT JOIN authors a ON b.author_id = a.id LEFT JOIN books_categories bc ON bc.book_id = b.id LEFT JOIN categories c ON bc.category_id = c.id ORDER BY b.id
13:37:21.968 [main] DEBUG c.e.j.mapper.BookMapper.findAll - ==> Parameters: 
13:37:21.970 [main] DEBUG c.e.j.mapper.BookMapper.findAll - <==      Total: 3
13:37:21.976 [main] DEBUG c.e.j.mapper.BookMapper.insert - ==>  Preparing: INSERT INTO books (title, isbn, author_id, published_year) VALUES (?, ?, ?, ?)
13:37:21.976 [main] DEBUG c.e.j.mapper.BookMapper.insert - ==> Parameters: Effective Java(String), 978-0134685991(String), 8(Long), 2018(Integer)
13:37:21.978 [main] DEBUG c.e.j.mapper.BookMapper.insert - <==    Updates: 1
13:37:21.978 [main] DEBUG c.e.j.m.B.insertBookCategories - ==>  Preparing: INSERT INTO books_categories (book_id, category_id) VALUES (?, ?)
13:37:21.979 [main] DEBUG c.e.j.m.B.insertBookCategories - ==> Parameters: 31(Long), 7(Long)
13:37:21.979 [main] DEBUG c.e.j.m.B.insertBookCategories - <==    Updates: 1
13:37:21.979 [main] DEBUG c.e.j.m.B.deleteCategoriesByBookId - ==>  Preparing: DELETE FROM books_categories bc WHERE bc.book_id = ?
13:37:21.979 [main] DEBUG c.e.j.m.B.deleteCategoriesByBookId - ==> Parameters: 31(Long)
13:37:21.979 [main] DEBUG c.e.j.m.B.deleteCategoriesByBookId - <==    Updates: 1
13:37:21.980 [main] DEBUG c.e.j.m.B.findCategoriesById - ==>  Preparing: SELECT c.* FROM categories c JOIN books_categories bc ON bc.category_id = c.id WHERE bc.book_id = ?
13:37:21.980 [main] DEBUG c.e.j.m.B.findCategoriesById - ==> Parameters: 31(Long)
13:37:21.981 [main] DEBUG c.e.j.m.B.findCategoriesById - <==      Total: 0
13:37:21.989 [main] DEBUG c.e.j.mapper.BookMapper.insert - ==>  Preparing: INSERT INTO books (title, isbn, author_id, published_year) VALUES (?, ?, ?, ?)
13:37:21.989 [main] DEBUG c.e.j.mapper.BookMapper.insert - ==> Parameters: Book With Many Categories(String), null, 9(Long), 2020(Integer)
13:37:21.990 [main] DEBUG c.e.j.mapper.BookMapper.insert - <==    Updates: 1
13:37:21.991 [main] DEBUG c.e.j.m.B.insertBookCategories - ==>  Preparing: INSERT INTO books_categories (book_id, category_id) VALUES (?, ?) , (?, ?) , (?, ?)
13:37:21.991 [main] DEBUG c.e.j.m.B.insertBookCategories - ==> Parameters: 32(Long), 8(Long), 32(Long), 9(Long), 32(Long), 10(Long)
13:37:21.991 [main] DEBUG c.e.j.m.B.insertBookCategories - <==    Updates: 3
13:37:21.992 [main] DEBUG c.e.j.mapper.BookMapper.insert - ==>  Preparing: INSERT INTO books (title, isbn, author_id, published_year) VALUES (?, ?, ?, ?)
13:37:21.992 [main] DEBUG c.e.j.mapper.BookMapper.insert - ==> Parameters: Book Without Categories(String), null, 9(Long), 2021(Integer)
13:37:21.992 [main] DEBUG c.e.j.mapper.BookMapper.insert - <==    Updates: 1
13:37:21.994 [main] DEBUG c.e.j.m.BookMapper.countBySearch - ==>  Preparing: SELECT COUNT(DISTINCT b.id) FROM books b LEFT JOIN authors a ON b.author_id = a.id LEFT JOIN books_categories bc ON bc.book_id = b.id LEFT JOIN categories c ON bc.category_id = c.id
13:37:21.995 [main] DEBUG c.e.j.m.BookMapper.countBySearch - ==> Parameters: 
13:37:22.000 [main] DEBUG c.e.j.m.BookMapper.countBySearch - <==      Total: 1
13:37:22.002 [main] DEBUG c.e.j.m.BookMapper.findIdsBySearch - ==>  Preparing: SELECT DISTINCT b.id FROM books b LEFT JOIN authors a ON b.author_id = a.id LEFT JOIN books_categories bc ON bc.book_id = b.id LEFT JOIN categories c ON bc.category_id = c.id ORDER BY b.id LIMIT ? OFFSET ?
13:37:22.003 [main] DEBUG c.e.j.m.BookMapper.findIdsBySearch - ==> Parameters: 1(Integer), 0(Long)
13:37:22.003 [main] DEBUG c.e.j.m.BookMapper.findIdsBySearch - <==      Total: 1
13:37:22.004 [main] DEBUG c.e.j.mapper.BookMapper.findByIds - ==>  Preparing: SELECT b.id, b.title, b.isbn, b.published_year, a.name AS author_name, c.id AS category_id, c.name AS category_name FROM books b LEFT JOIN authors a ON b.author_id = a.id LEFT JOIN books_categories bc ON bc.book_id = b.id LEFT JOIN categories c ON bc.category_id = c.id WHERE b.id IN ( ? ) ORDER BY b.id
13:37:22.004 [main] DEBUG c.e.j.mapper.BookMapper.findByIds - ==> Parameters: 32(Long)
13:37:22.005 [main] DEBUG c.e.j.mapper.BookMapper.findByIds - <==      Total: 3
13:37:22.005 [main] DEBUG c.e.j.m.BookMapper.findIdsBySearch - ==>  Preparing: SELECT DISTINCT b.id FROM books b LEFT JOIN authors a ON b.author_id = a.id LEFT JOIN books_categories bc ON bc.book_id = b.id LEFT JOIN categories c ON bc.category_id = c.id ORDER BY b.id LIMIT ? OFFSET ?
13:37:22.006 [main] DEBUG c.e.j.m.BookMapper.findIdsBySearch - ==> Parameters: 1(Integer), 1(Long)
13:37:22.006 [main] DEBUG c.e.j.m.BookMapper.findIdsBySearch - <==      Total: 1
13:37:22.011 [main] DEBUG c.e.j.mapper.BookMapper.insert - ==>  Preparing: INSERT INTO books (title, isbn, author_id, published_year) VALUES (?, ?, ?, ?)
13:37:22.011 [main] DEBUG c.e.j.mapper.BookMapper.insert - ==> Parameters: Effective Java(String), 978-0134685991(String), 10(Long), 2018(Integer)
13:37:22.011 [main] DEBUG c.e.j.mapper.BookMapper.insert - <==    Updates: 1
13:37:22.011 [main] DEBUG c.e.j.mapper.BookMapper.insert - ==>  Preparing: INSERT INTO books (title, isbn, author_id, published_year) VALUES (?, ?, ?, ?)
13:37:22.012 [main] DEBUG c.e.j.mapper.BookMapper.insert - ==> Parameters: Clean Code(String), 9780132350884(String), 11(Long), 2008(Integer)
13:37:22.012 [main] DEBUG c.e.j.mapper.BookMapper.insert - <==    Updates: 1
13:37:22.012 [main] DEBUG c.e.j.mapper.BookMapper.search - ==>  Preparing: SELECT b.id, b.title, b.isbn, b.published_year, a.name AS author_name, c.id AS category_id, c.name AS category_name FROM books b LEFT JOIN authors a ON b.author_id = a.id LEFT JOIN books_categories bc ON bc.book_id = b.id LEFT JOIN categories c ON bc.category_id = c.id WHERE (b.title ILIKE CONCAT('%', ?, '%') OR a.name ILIKE CONCAT('%', ?, '%') OR c.name ILIKE CONCAT('%', ?, '%')) ORDER BY b.id
13:37:22.013 [main] DEBUG c.e.j.mapper.BookMapper.search - ==> Parameters: Bloch(String), Bloch(String), Bloch(String)
13:37:22.014 [main] DEBUG c.e.j.mapper.BookMapper.search - <==      Total: 1
13:37:22.018 [main] DEBUG c.e.j.mapper.BookMapper.insert - ==>  Preparing: INSERT INTO books (title, isbn, author_id, published_year) VALUES (?, ?, ?, ?)
13:37:22.018 [main] DEBUG c.e.j.mapper.BookMapper.insert - ==> Parameters: Effective Java(String), 978-0134685991(String), 12(Long), 2018(Integer)
13:37:22.018 [main] DEBUG c.e.j.mapper.BookMapper.insert - <==    Updates: 1
13:37:22.018 [main] DEBUG c.e.j.mapper.BookMapper.insert - ==>  Preparing: INSERT INTO books (title, isbn, author_id, published_year) VALUES (?, ?, ?, ?)
13:37:22.018 [main] DEBUG c.e.j.mapper.BookMapper.insert - ==> Parameters: Unrelated Book(String), 9999999999999(String), 12(Long), 2000(Integer)
13:37:22.019 [main] DEBUG c.e.j.mapper.BookMapper.insert - <==    Updates: 1
13:37:22.019 [main] DEBUG c.e.j.mapper.BookMapper.search - ==>  Preparing: SELECT b.id, b.title, b.isbn, b.published_year, a.name AS author_name, c.id AS category_id, c.name AS category_name FROM books b LEFT JOIN authors a ON b.author_id = a.id LEFT JOIN books_categories bc ON bc.book_id = b.id LEFT JOIN categories c ON bc.category_id = c.id ORDER BY b.id
13:37:22.019 [main] DEBUG c.e.j.mapper.BookMapper.search - ==> Parameters: 
13:37:22.020 [main] DEBUG c.e.j.mapper.BookMapper.search - <==      Total: 2
13:37:22.024 [main] DEBUG c.e.j.mapper.BookMapper.insert - ==>  Preparing: INSERT INTO books (title, isbn, author_id, published_year) VALUES (?, ?, ?, ?)
13:37:22.024 [main] DEBUG c.e.j.mapper.BookMapper.insert - ==> Parameters: Effective Java(String), 978-0134685991(String), 13(Long), 2018(Integer)
13:37:22.024 [main] DEBUG c.e.j.mapper.BookMapper.insert - <==    Updates: 1
13:37:22.025 [main] DEBUG c.e.j.m.B.insertBookCategories - ==>  Preparing: INSERT INTO books_categories (book_id, category_id) VALUES (?, ?)
13:37:22.025 [main] DEBUG c.e.j.m.B.insertBookCategories - ==> Parameters: 38(Long), 11(Long)
13:37:22.025 [main] DEBUG c.e.j.m.B.insertBookCategories - <==    Updates: 1
13:37:22.025 [main] DEBUG c.e.j.m.B.findCategoriesById - ==>  Preparing: SELECT c.* FROM categories c JOIN books_categories bc ON bc.category_id = c.id WHERE bc.book_id = ?
13:37:22.025 [main] DEBUG c.e.j.m.B.findCategoriesById - ==> Parameters: 38(Long)
13:37:22.026 [main] DEBUG c.e.j.m.B.findCategoriesById - <==      Total: 1
13:37:22.028 [main] DEBUG c.e.j.mapper.BookMapper.insert - ==>  Preparing: INSERT INTO books (title, isbn, author_id, published_year) VALUES (?, ?, ?, ?)
13:37:22.029 [main] DEBUG c.e.j.mapper.BookMapper.insert - ==> Parameters: Effective Java(String), 978-0134685991(String), 14(Long), 2018(Integer)
13:37:22.029 [main] DEBUG c.e.j.mapper.BookMapper.insert - <==    Updates: 1
13:37:22.029 [main] DEBUG c.e.j.mapper.BookMapper.insert - ==>  Preparing: INSERT INTO books (title, isbn, author_id, published_year) VALUES (?, ?, ?, ?)
13:37:22.029 [main] DEBUG c.e.j.mapper.BookMapper.insert - ==> Parameters: Effective Java(String), 978-0134685991(String), 14(Long), 2018(Integer)
13:37:22.029 [main] DEBUG c.e.j.mapper.BookMapper.insert - <==    Updates: 1
13:37:22.030 [main] DEBUG c.e.j.m.BookMapper.findByAuthorId - ==>  Preparing: SELECT * FROM books b WHERE b.author_id = ?
13:37:22.030 [main] DEBUG c.e.j.m.BookMapper.findByAuthorId - ==> Parameters: 14(Long)
13:37:22.030 [main] DEBUG c.e.j.m.BookMapper.findByAuthorId - <==      Total: 2
13:37:22.039 [main] DEBUG c.e.j.m.BookRequestMapper.insert - ==>  Preparing: INSERT INTO book_requests (requester_id, status, requested_at, idempotency_key) VALUES (?, ?, ?, ?)
13:37:22.039 [main] DEBUG c.e.j.m.BookRequestMapper.insert - ==> Parameters: 7(Long), PENDING(String), 2026-09-11 13:37:22.0392115(Timestamp), a18f742b-0885-4c31-a259-2e29b5505ffe(String)
13:37:22.040 [main] DEBUG c.e.j.m.BookRequestMapper.insert - <==    Updates: 1
13:37:22.040 [main] DEBUG c.e.j.m.BookRequestItemMapper.insert - ==>  Preparing: INSERT INTO book_request_items (book_request_id, title, isbn, author_id, published_year, estimated_price) VALUES (?, ?, ?, ?, ?, ?)
13:37:22.040 [main] DEBUG c.e.j.m.BookRequestItemMapper.insert - ==> Parameters: 13(Long), Effective Java(String), 9780134685991(String), null, 2018(Integer), 1200.00(BigDecimal)
13:37:22.040 [main] DEBUG c.e.j.m.BookRequestItemMapper.insert - <==    Updates: 1
13:37:22.041 [main] DEBUG c.e.j.m.B.findByBookRequestId - ==>  Preparing: SELECT * FROM book_request_items WHERE book_request_id = ?
13:37:22.041 [main] DEBUG c.e.j.m.B.findByBookRequestId - ==> Parameters: 13(Long)
13:37:22.042 [main] DEBUG c.e.j.m.B.findByBookRequestId - <==      Total: 1
13:37:22.046 [main] DEBUG c.e.j.m.BookRequestMapper.insert - ==>  Preparing: INSERT INTO book_requests (requester_id, status, requested_at, idempotency_key) VALUES (?, ?, ?, ?)
13:37:22.047 [main] DEBUG c.e.j.m.BookRequestMapper.insert - ==> Parameters: 8(Long), APPROVED(String), 2026-09-11 13:37:22.0462113(Timestamp), 48c9b687-2f1f-4760-87e5-106eb417aa7c(String)
13:37:22.047 [main] DEBUG c.e.j.m.BookRequestMapper.insert - <==    Updates: 1
13:37:22.047 [main] DEBUG c.e.j.m.BookRequestItemMapper.insert - ==>  Preparing: INSERT INTO book_request_items (book_request_id, title, isbn, author_id, published_year, estimated_price) VALUES (?, ?, ?, ?, ?, ?)
13:37:22.047 [main] DEBUG c.e.j.m.BookRequestItemMapper.insert - ==> Parameters: 14(Long), Clean Code(String), null, null, null, null
13:37:22.047 [main] DEBUG c.e.j.m.BookRequestItemMapper.insert - <==    Updates: 1
13:37:22.048 [main] DEBUG c.e.j.m.ProcurementItemMapper.insert - ==>  Preparing: INSERT INTO procurement_items (book_request_item_id, status) VALUES (?, ?)
13:37:22.048 [main] DEBUG c.e.j.m.ProcurementItemMapper.insert - ==> Parameters: 16(Long), PENDING(String)
13:37:22.048 [main] DEBUG c.e.j.m.ProcurementItemMapper.insert - <==    Updates: 1
13:37:22.048 [main] DEBUG c.e.j.m.P.findByStatus - ==>  Preparing: SELECT * FROM procurement_items WHERE status = ?
13:37:22.049 [main] DEBUG c.e.j.m.P.findByStatus - ==> Parameters: PENDING(String)
13:37:22.049 [main] DEBUG c.e.j.m.P.findByStatus - <==      Total: 1
13:37:22.050 [main] DEBUG c.e.j.m.ProcurementItemMapper.update - ==>  Preparing: UPDATE procurement_items SET status = ?, procured_by = ?, procured_at = ?, book_id = ? WHERE id = ?
13:37:22.050 [main] DEBUG c.e.j.m.ProcurementItemMapper.update - ==> Parameters: COMPLETED(String), 9(Long), 2026-09-11 13:37:22.050211(Timestamp), null, 6(Long)
13:37:22.050 [main] DEBUG c.e.j.m.ProcurementItemMapper.update - <==    Updates: 1
13:37:22.051 [main] DEBUG c.e.j.m.P.findById - ==>  Preparing: SELECT * FROM procurement_items WHERE id = ?
13:37:22.051 [main] DEBUG c.e.j.m.P.findById - ==> Parameters: 6(Long)
13:37:22.051 [main] DEBUG c.e.j.m.P.findById - <==      Total: 1
13:37:22.056 [main] DEBUG c.e.j.m.BookRequestMapper.insert - ==>  Preparing: INSERT INTO book_requests (requester_id, status, requested_at, idempotency_key) VALUES (?, ?, ?, ?)
13:37:22.056 [main] DEBUG c.e.j.m.BookRequestMapper.insert - ==> Parameters: 10(Long), PENDING(String), 2026-09-11 13:37:22.0566216(Timestamp), 504ab3bd-542c-47d4-9d4b-194b766c1c2a(String)
13:37:22.057 [main] DEBUG c.e.j.m.BookRequestMapper.insert - <==    Updates: 1
13:37:22.057 [main] DEBUG c.e.j.m.BookRequestMapper.findById - ==>  Preparing: SELECT * FROM book_requests WHERE id = ?
13:37:22.057 [main] DEBUG c.e.j.m.BookRequestMapper.findById - ==> Parameters: 15(Long)
13:37:22.058 [main] DEBUG c.e.j.m.BookRequestMapper.findById - <==      Total: 1
13:37:22.058 [main] DEBUG c.e.j.m.B.findByStatus - ==>  Preparing: SELECT * FROM book_requests WHERE status = ? ORDER BY requested_at
13:37:22.058 [main] DEBUG c.e.j.m.B.findByStatus - ==> Parameters: PENDING(String)
13:37:22.058 [main] DEBUG c.e.j.m.B.findByStatus - <==      Total: 1
13:37:22.063 [main] DEBUG c.e.j.m.BookRequestMapper.insert - ==>  Preparing: INSERT INTO book_requests (requester_id, status, requested_at, idempotency_key) VALUES (?, ?, ?, ?)
13:37:22.063 [main] DEBUG c.e.j.m.BookRequestMapper.insert - ==> Parameters: 11(Long), APPROVED(String), 2026-09-11 13:37:22.0634867(Timestamp), a3978395-fd57-4321-9685-c64265128239(String)
13:37:22.063 [main] DEBUG c.e.j.m.BookRequestMapper.insert - <==    Updates: 1
13:37:22.064 [main] DEBUG c.e.j.m.BookRequestItemMapper.insert - ==>  Preparing: INSERT INTO book_request_items (book_request_id, title, isbn, author_id, published_year, estimated_price) VALUES (?, ?, ?, ?, ?, ?)
13:37:22.064 [main] DEBUG c.e.j.m.BookRequestItemMapper.insert - ==> Parameters: 16(Long), Effective Java(String), 9780134685991(String), null, 2018(Integer), 1200.00(BigDecimal)
13:37:22.064 [main] DEBUG c.e.j.m.BookRequestItemMapper.insert - <==    Updates: 1
13:37:22.064 [main] DEBUG c.e.j.m.ProcurementItemMapper.insert - ==>  Preparing: INSERT INTO procurement_items (book_request_item_id, status) VALUES (?, ?)
13:37:22.064 [main] DEBUG c.e.j.m.ProcurementItemMapper.insert - ==> Parameters: 17(Long), PENDING(String)
13:37:22.064 [main] DEBUG c.e.j.m.ProcurementItemMapper.insert - <==    Updates: 1
13:37:22.065 [main] DEBUG c.e.j.m.BookRequestItemMapper.insert - ==>  Preparing: INSERT INTO book_request_items (book_request_id, title, isbn, author_id, published_year, estimated_price) VALUES (?, ?, ?, ?, ?, ?)
13:37:22.065 [main] DEBUG c.e.j.m.BookRequestItemMapper.insert - ==> Parameters: 16(Long), Clean Code(String), null, null, null, null
13:37:22.065 [main] DEBUG c.e.j.m.BookRequestItemMapper.insert - <==    Updates: 1
13:37:22.065 [main] DEBUG c.e.j.m.ProcurementItemMapper.insert - ==>  Preparing: INSERT INTO procurement_items (book_request_item_id, status) VALUES (?, ?)
13:37:22.065 [main] DEBUG c.e.j.m.ProcurementItemMapper.insert - ==> Parameters: 18(Long), COMPLETED(String)
13:37:22.065 [main] DEBUG c.e.j.m.ProcurementItemMapper.insert - <==    Updates: 1
13:37:22.066 [main] DEBUG c.e.j.m.P.findSummary - ==>  Preparing: SELECT p.*, b.title,b.isbn,b.author_id,b.published_year,b.estimated_price FROM procurement_items p JOIN book_request_items b ON p.book_request_item_id = b.id WHERE p.status = ?
13:37:22.066 [main] DEBUG c.e.j.m.P.findSummary - ==> Parameters: PENDING(String)
13:37:22.067 [main] DEBUG c.e.j.m.P.findSummary - <==      Total: 1
13:37:22.070 [main] DEBUG c.e.j.m.BookRequestMapper.insert - ==>  Preparing: INSERT INTO book_requests (requester_id, status, requested_at, idempotency_key) VALUES (?, ?, ?, ?)
13:37:22.071 [main] DEBUG c.e.j.m.BookRequestMapper.insert - ==> Parameters: 12(Long), PENDING(String), 2026-09-11 13:37:22.0707274(Timestamp), a03b4c43-2a5d-4a4f-920b-afb504faf925(String)
13:37:22.071 [main] DEBUG c.e.j.m.BookRequestMapper.insert - <==    Updates: 1
13:37:22.071 [main] DEBUG c.e.j.m.BookRequestMapper.insert - ==>  Preparing: INSERT INTO book_requests (requester_id, status, requested_at, idempotency_key) VALUES (?, ?, ?, ?)
13:37:22.071 [main] DEBUG c.e.j.m.BookRequestMapper.insert - ==> Parameters: 12(Long), APPROVED(String), 2026-09-11 13:37:22.0718819(Timestamp), 7d67c33f-287a-4eae-af4c-e77e1e1d9e8c(String)
13:37:22.071 [main] DEBUG c.e.j.m.BookRequestMapper.insert - <==    Updates: 1
13:37:22.072 [main] DEBUG c.e.j.m.B.findSummary - ==>  Preparing: SELECT br.id, br.requester_id, br.approver_id, br.status, br.requested_at, br.approved_at, bri.id AS item_id, bri.book_request_id, bri.title AS item_title, bri.isbn AS item_isbn, bri.author_id AS item_author_id, bri.published_year AS item_published_year, bri.estimated_price AS item_estimated_price FROM book_requests br LEFT JOIN book_request_items bri ON bri.book_request_id = br.id WHERE br.status = ? ORDER BY br.requested_at
13:37:22.073 [main] DEBUG c.e.j.m.B.findSummary - ==> Parameters: PENDING(String)
13:37:22.073 [main] DEBUG c.e.j.m.B.findSummary - <==      Total: 1
13:37:22.077 [main] DEBUG c.e.j.m.BookRequestMapper.insert - ==>  Preparing: INSERT INTO book_requests (requester_id, status, requested_at, idempotency_key) VALUES (?, ?, ?, ?)
13:37:22.077 [main] DEBUG c.e.j.m.BookRequestMapper.insert - ==> Parameters: 13(Long), PENDING(String), 2026-09-11 13:37:22.0768996(Timestamp), bfc37765-7dec-4535-a8e6-52a4dff268f5(String)
13:37:22.077 [main] DEBUG c.e.j.m.BookRequestMapper.insert - <==    Updates: 1
13:37:22.077 [main] DEBUG c.e.j.m.BookRequestMapper.approve - ==>  Preparing: UPDATE book_requests SET status = 'APPROVED', approver_id = ?, approved_at = ? WHERE id = ? AND status = 'PENDING' AND requester_id != ?
13:37:22.077 [main] DEBUG c.e.j.m.BookRequestMapper.approve - ==> Parameters: 14(Long), 2026-09-11 13:37:22.0779024(Timestamp), 19(Long), 14(Long)
13:37:22.078 [main] DEBUG c.e.j.m.BookRequestMapper.approve - <==    Updates: 1
13:37:22.082 [main] DEBUG c.e.j.m.BookRequestMapper.insert - ==>  Preparing: INSERT INTO book_requests (requester_id, status, requested_at, idempotency_key) VALUES (?, ?, ?, ?)
13:37:22.083 [main] DEBUG c.e.j.m.BookRequestMapper.insert - ==> Parameters: 15(Long), PENDING(String), 2026-09-11 13:37:22.0828943(Timestamp), e435f83e-9f9a-4648-b384-543fbaab14f5(String)
13:37:22.083 [main] DEBUG c.e.j.m.BookRequestMapper.insert - <==    Updates: 1
13:37:22.083 [main] DEBUG c.e.j.m.BookRequestItemMapper.insert - ==>  Preparing: INSERT INTO book_request_items (book_request_id, title, isbn, author_id, published_year, estimated_price) VALUES (?, ?, ?, ?, ?, ?)
13:37:22.083 [main] DEBUG c.e.j.m.BookRequestItemMapper.insert - ==> Parameters: 20(Long), Effective Java(String), null, null, null, null
13:37:22.083 [main] DEBUG c.e.j.m.BookRequestItemMapper.insert - <==    Updates: 1
13:37:22.083 [main] DEBUG c.e.j.m.BookRequestItemMapper.insert - ==>  Preparing: INSERT INTO book_request_items (book_request_id, title, isbn, author_id, published_year, estimated_price) VALUES (?, ?, ?, ?, ?, ?)
13:37:22.083 [main] DEBUG c.e.j.m.BookRequestItemMapper.insert - ==> Parameters: 20(Long), Clean Code(String), null, null, null, null
13:37:22.084 [main] DEBUG c.e.j.m.BookRequestItemMapper.insert - <==    Updates: 1
13:37:22.084 [main] DEBUG c.e.j.m.B.findSummary - ==>  Preparing: SELECT br.id, br.requester_id, br.approver_id, br.status, br.requested_at, br.approved_at, bri.id AS item_id, bri.book_request_id, bri.title AS item_title, bri.isbn AS item_isbn, bri.author_id AS item_author_id, bri.published_year AS item_published_year, bri.estimated_price AS item_estimated_price FROM book_requests br LEFT JOIN book_request_items bri ON bri.book_request_id = br.id ORDER BY br.requested_at
13:37:22.084 [main] DEBUG c.e.j.m.B.findSummary - ==> Parameters: 
13:37:22.085 [main] DEBUG c.e.j.m.B.findSummary - <==      Total: 2
13:37:22.091 [main] DEBUG c.e.j.mapper.CategoryMapper.update - ==>  Preparing: UPDATE categories SET name = ? WHERE id = ?
13:37:22.091 [main] DEBUG c.e.j.mapper.CategoryMapper.update - ==> Parameters: Updated Name(String), 12(Long)
13:37:22.091 [main] DEBUG c.e.j.mapper.CategoryMapper.update - <==    Updates: 1
13:37:22.092 [main] DEBUG c.e.j.mapper.CategoryMapper.findById - ==>  Preparing: SELECT * FROM categories c WHERE c.id = ?
13:37:22.092 [main] DEBUG c.e.j.mapper.CategoryMapper.findById - ==> Parameters: 12(Long)
13:37:22.092 [main] DEBUG c.e.j.mapper.CategoryMapper.findById - <==      Total: 1
13:37:22.096 [main] DEBUG c.e.j.mapper.CategoryMapper.insert - ==>  Preparing: INSERT INTO categories (name) VALUES (?)
13:37:22.097 [main] DEBUG c.e.j.mapper.CategoryMapper.insert - ==> Parameters: Fiction(String)
13:37:22.097 [main] DEBUG c.e.j.mapper.CategoryMapper.insert - <==    Updates: 1
13:37:22.097 [main] DEBUG c.e.j.mapper.CategoryMapper.findById - ==>  Preparing: SELECT * FROM categories c WHERE c.id = ?
13:37:22.097 [main] DEBUG c.e.j.mapper.CategoryMapper.findById - ==> Parameters: 13(Long)
13:37:22.098 [main] DEBUG c.e.j.mapper.CategoryMapper.findById - <==      Total: 1
13:37:22.104 [main] DEBUG c.e.j.mapper.CategoryMapper.count - ==>  Preparing: SELECT COUNT(*) FROM categories
13:37:22.105 [main] DEBUG c.e.j.mapper.CategoryMapper.count - ==> Parameters: 
13:37:22.105 [main] DEBUG c.e.j.mapper.CategoryMapper.count - <==      Total: 1
13:37:22.105 [main] DEBUG c.e.j.m.CategoryMapper.findAllPaged - ==>  Preparing: SELECT * FROM categories c ORDER BY c.id LIMIT ? OFFSET ?
13:37:22.105 [main] DEBUG c.e.j.m.CategoryMapper.findAllPaged - ==> Parameters: 2(Integer), 0(Long)
13:37:22.106 [main] DEBUG c.e.j.m.CategoryMapper.findAllPaged - <==      Total: 2
13:37:22.106 [main] DEBUG c.e.j.m.CategoryMapper.findAllPaged - ==>  Preparing: SELECT * FROM categories c ORDER BY c.id LIMIT ? OFFSET ?
13:37:22.107 [main] DEBUG c.e.j.m.CategoryMapper.findAllPaged - ==> Parameters: 2(Integer), 2(Long)
13:37:22.107 [main] DEBUG c.e.j.m.CategoryMapper.findAllPaged - <==      Total: 1
13:37:22.111 [main] DEBUG c.e.j.mapper.CategoryMapper.findAll - ==>  Preparing: SELECT * FROM categories c ORDER BY c.id
13:37:22.111 [main] DEBUG c.e.j.mapper.CategoryMapper.findAll - ==> Parameters: 
13:37:22.111 [main] DEBUG c.e.j.mapper.CategoryMapper.findAll - <==      Total: 2
13:37:22.115 [main] DEBUG c.e.j.m.CategoryMapper.deleteById - ==>  Preparing: DELETE FROM categories WHERE id = ?
13:37:22.115 [main] DEBUG c.e.j.m.CategoryMapper.deleteById - ==> Parameters: 19(Long)
13:37:22.115 [main] DEBUG c.e.j.m.CategoryMapper.deleteById - <==    Updates: 1
13:37:22.115 [main] DEBUG c.e.j.mapper.CategoryMapper.findAll - ==>  Preparing: SELECT * FROM categories c ORDER BY c.id
13:37:22.115 [main] DEBUG c.e.j.mapper.CategoryMapper.findAll - ==> Parameters: 
13:37:22.115 [main] DEBUG c.e.j.mapper.CategoryMapper.findAll - <==      Total: 0
13:37:22.122 [main] DEBUG c.e.j.m.C.findBooksByCategoryId - ==>  Preparing: SELECT b.* FROM books b JOIN books_categories bc ON b.id = bc.book_id WHERE bc.category_id = ?
13:37:22.122 [main] DEBUG c.e.j.m.C.findBooksByCategoryId - ==> Parameters: 20(Long)
13:37:22.123 [main] DEBUG c.e.j.m.C.findBooksByCategoryId - <==      Total: 1
13:37:22.125 [main] DEBUG c.e.j.mapper.CategoryMapper.findById - ==>  Preparing: SELECT * FROM categories c WHERE c.id = ?
13:37:22.125 [main] DEBUG c.e.j.mapper.CategoryMapper.findById - ==> Parameters: 22(Long)
13:37:22.125 [main] DEBUG c.e.j.mapper.CategoryMapper.findById - <==      Total: 1
13:37:22.130 [main] DEBUG c.e.j.mapper.UserMapper.update - ==>  Preparing: UPDATE users SET name = ?, password_hash = ?, role = ? WHERE id = ?
13:37:22.131 [main] DEBUG c.e.j.mapper.UserMapper.update - ==> Parameters: New Name(String), new-hash(String), ADMIN(String), 16(Long)
13:37:22.131 [main] DEBUG c.e.j.mapper.UserMapper.update - <==    Updates: 1
13:37:22.131 [main] DEBUG c.e.j.mapper.UserMapper.findByEmail - ==>  Preparing: SELECT * FROM users u WHERE u.email = ?
13:37:22.131 [main] DEBUG c.e.j.mapper.UserMapper.findByEmail - ==> Parameters: update@example.com(String)
13:37:22.131 [main] DEBUG c.e.j.mapper.UserMapper.findByEmail - <==      Total: 1
13:37:22.135 [main] DEBUG c.e.j.mapper.UserMapper.insert - ==>  Preparing: INSERT INTO users (email, name, password_hash, role) VALUES (?, ?, ?, ?)
13:37:22.136 [main] DEBUG c.e.j.mapper.UserMapper.insert - ==> Parameters: new@example.com(String), New User(String), hashed-password(String), ADMIN(String)
13:37:22.136 [main] DEBUG c.e.j.mapper.UserMapper.insert - <==    Updates: 1
13:37:22.136 [main] DEBUG c.e.j.mapper.UserMapper.findByEmail - ==>  Preparing: SELECT * FROM users u WHERE u.email = ?
13:37:22.136 [main] DEBUG c.e.j.mapper.UserMapper.findByEmail - ==> Parameters: new@example.com(String)
13:37:22.136 [main] DEBUG c.e.j.mapper.UserMapper.findByEmail - <==      Total: 1
13:37:22.139 [main] DEBUG c.e.j.mapper.UserMapper.findByEmail - ==>  Preparing: SELECT * FROM users u WHERE u.email = ?
13:37:22.139 [main] DEBUG c.e.j.mapper.UserMapper.findByEmail - ==> Parameters: nobody@example.com(String)
13:37:22.140 [main] DEBUG c.e.j.mapper.UserMapper.findByEmail - <==      Total: 0
13:37:22.142 [main] DEBUG c.e.j.mapper.UserMapper.findByEmail - ==>  Preparing: SELECT * FROM users u WHERE u.email = ?
13:37:22.143 [main] DEBUG c.e.j.mapper.UserMapper.findByEmail - ==> Parameters: alex@example.com(String)
13:37:22.143 [main] DEBUG c.e.j.mapper.UserMapper.findByEmail - <==      Total: 1
13:37:22.282 [main] INFO  c.e.j.service.AuthServiceImpl - 登入成功：userId=1, email=alex@example.com
13:37:22.285 [main] WARN  c.e.j.service.AuthServiceImpl - 登入失敗，帳號不存在：email=nobody@example.com
13:37:22.286 [main] WARN  c.e.j.service.AuthServiceImpl - 登入失敗，密碼錯誤：email=alex@example.com
13:37:22.287 [main] INFO  c.e.j.service.AuthServiceImpl - 新使用者註冊：userId=null, email=new@example.com
13:37:22.296 [pool-2-thread-1] DEBUG c.e.j.m.BookRequestMapper.insert - ==>  Preparing: INSERT INTO book_requests (requester_id, status, requested_at, idempotency_key) VALUES (?, ?, ?, ?)
13:37:22.296 [pool-2-thread-2] DEBUG c.e.j.m.BookRequestMapper.insert - ==>  Preparing: INSERT INTO book_requests (requester_id, status, requested_at, idempotency_key) VALUES (?, ?, ?, ?)
13:37:22.297 [pool-2-thread-2] DEBUG c.e.j.m.BookRequestMapper.insert - ==> Parameters: 19(Long), PENDING(String), 2026-09-11 13:37:22.2960498(Timestamp), d7c875ae-09ad-4595-a28b-96f35aad4749(String)
13:37:22.297 [pool-2-thread-1] DEBUG c.e.j.m.BookRequestMapper.insert - ==> Parameters: 19(Long), PENDING(String), 2026-09-11 13:37:22.2960498(Timestamp), d7c875ae-09ad-4595-a28b-96f35aad4749(String)
13:37:22.297 [pool-2-thread-1] DEBUG c.e.j.m.BookRequestMapper.insert - <==    Updates: 1
13:37:22.298 [pool-2-thread-1] DEBUG c.e.j.m.BookRequestItemMapper.insert - ==>  Preparing: INSERT INTO book_request_items (book_request_id, title, isbn, author_id, published_year, estimated_price) VALUES (?, ?, ?, ?, ?, ?)
13:37:22.298 [pool-2-thread-1] DEBUG c.e.j.m.BookRequestItemMapper.insert - ==> Parameters: 22(Long), Effective Java(String), null, null, null, null
13:37:22.298 [pool-2-thread-1] DEBUG c.e.j.m.BookRequestItemMapper.insert - <==    Updates: 1
13:37:22.298 [pool-2-thread-1] DEBUG c.e.j.mapper.AuditLogMapper.insert - ==>  Preparing: INSERT INTO audit_logs (user_id, audited_at, action, entity_type, entity_id, detail) VALUES (?, ?, ?, ?, ?, ?)
13:37:22.299 [pool-2-thread-1] DEBUG c.e.j.mapper.AuditLogMapper.insert - ==> Parameters: 19(Long), 2026-09-11 13:37:22.2960498(Timestamp), SUBMIT(String), BOOK_REQUEST(String), 22(Long), [B@6c07476f(byte[])
13:37:22.299 [pool-2-thread-1] DEBUG c.e.j.mapper.AuditLogMapper.insert - <==    Updates: 1
13:37:22.299 [pool-2-thread-1] INFO  c.e.j.service.BookRequestServiceImpl - 送出申請：requestId=22, requesterId=19, 書籍數=1
13:37:22.364 [pool-2-thread-2] WARN  c.e.j.service.BookRequestServiceImpl - 偵測到重複送出，直接回傳原始請求：idempotencyKey=d7c875ae-09ad-4595-a28b-96f35aad4749
13:37:22.364 [pool-2-thread-2] DEBUG c.e.j.m.B.findByIdempotencyKey - ==>  Preparing: SELECT * FROM book_requests WHERE idempotency_key = ?
13:37:22.365 [pool-2-thread-2] DEBUG c.e.j.m.B.findByIdempotencyKey - ==> Parameters: d7c875ae-09ad-4595-a28b-96f35aad4749(String)
13:37:22.365 [pool-2-thread-2] DEBUG c.e.j.m.B.findByIdempotencyKey - <==      Total: 1
13:37:22.366 [main] DEBUG c.e.j.m.BookRequestMapper.findAll - ==>  Preparing: SELECT * FROM book_requests
13:37:22.366 [main] DEBUG c.e.j.m.BookRequestMapper.findAll - ==> Parameters: 
13:37:22.366 [main] DEBUG c.e.j.m.BookRequestMapper.findAll - <==      Total: 1
13:37:22.370 [main] DEBUG c.e.j.m.BookRequestMapper.insert - ==>  Preparing: INSERT INTO book_requests (requester_id, status, requested_at, idempotency_key) VALUES (?, ?, ?, ?)
13:37:22.370 [main] DEBUG c.e.j.m.BookRequestMapper.insert - ==> Parameters: 20(Long), PENDING(String), 2026-09-11 13:37:22.3692683(Timestamp), 0bdac1f1-374e-437e-9946-48d16419c01d(String)
13:37:22.371 [main] DEBUG c.e.j.m.BookRequestMapper.insert - <==    Updates: 1
13:37:22.371 [main] DEBUG c.e.j.m.BookRequestItemMapper.insert - ==>  Preparing: INSERT INTO book_request_items (book_request_id, title, isbn, author_id, published_year, estimated_price) VALUES (?, ?, ?, ?, ?, ?)
13:37:22.371 [main] DEBUG c.e.j.m.BookRequestItemMapper.insert - ==> Parameters: 33(Long), Effective Java(String), null, null, null, null
13:37:22.372 [main] DEBUG c.e.j.m.BookRequestItemMapper.insert - <==    Updates: 1
13:37:22.372 [main] DEBUG c.e.j.mapper.AuditLogMapper.insert - ==>  Preparing: INSERT INTO audit_logs (user_id, audited_at, action, entity_type, entity_id, detail) VALUES (?, ?, ?, ?, ?, ?)
13:37:22.372 [main] DEBUG c.e.j.mapper.AuditLogMapper.insert - ==> Parameters: 20(Long), 2026-09-11 13:37:22.3692683(Timestamp), SUBMIT(String), BOOK_REQUEST(String), 33(Long), [B@24b4f4a(byte[])
13:37:22.372 [main] DEBUG c.e.j.mapper.AuditLogMapper.insert - <==    Updates: 1
13:37:22.372 [main] INFO  c.e.j.service.BookRequestServiceImpl - 送出申請：requestId=33, requesterId=20, 書籍數=1
13:37:22.373 [main] DEBUG c.e.j.m.BookRequestMapper.insert - ==>  Preparing: INSERT INTO book_requests (requester_id, status, requested_at, idempotency_key) VALUES (?, ?, ?, ?)
13:37:22.373 [main] DEBUG c.e.j.m.BookRequestMapper.insert - ==> Parameters: 20(Long), PENDING(String), 2026-09-11 13:37:22.3735922(Timestamp), 0bdac1f1-374e-437e-9946-48d16419c01d(String)
13:37:22.375 [main] WARN  c.e.j.service.BookRequestServiceImpl - 偵測到重複送出，直接回傳原始請求：idempotencyKey=0bdac1f1-374e-437e-9946-48d16419c01d
13:37:22.375 [main] DEBUG c.e.j.m.B.findByIdempotencyKey - ==>  Preparing: SELECT * FROM book_requests WHERE idempotency_key = ?
13:37:22.375 [main] DEBUG c.e.j.m.B.findByIdempotencyKey - ==> Parameters: 0bdac1f1-374e-437e-9946-48d16419c01d(String)
13:37:22.376 [main] DEBUG c.e.j.m.B.findByIdempotencyKey - <==      Total: 1
13:37:22.376 [main] DEBUG c.e.j.m.BookRequestMapper.findAll - ==>  Preparing: SELECT * FROM book_requests
13:37:22.376 [main] DEBUG c.e.j.m.BookRequestMapper.findAll - ==> Parameters: 
13:37:22.376 [main] DEBUG c.e.j.m.BookRequestMapper.findAll - <==      Total: 1
13:37:22.432 [main] DEBUG c.e.j.m.BookRequestMapper.insert - ==>  Preparing: INSERT INTO book_requests (requester_id, status, requested_at, idempotency_key) VALUES (?, ?, ?, ?)
13:37:22.432 [main] DEBUG c.e.j.m.BookRequestMapper.insert - ==> Parameters: 21(Long), APPROVED(String), 2026-09-11 13:37:22.4320303(Timestamp), e742d7ac-3e22-402b-a9fc-54c64adb0868(String)
13:37:22.433 [main] DEBUG c.e.j.m.BookRequestMapper.insert - <==    Updates: 1
13:37:22.433 [main] DEBUG c.e.j.m.BookRequestItemMapper.insert - ==>  Preparing: INSERT INTO book_request_items (book_request_id, title, isbn, author_id, published_year, estimated_price) VALUES (?, ?, ?, ?, ?, ?)
13:37:22.434 [main] DEBUG c.e.j.m.BookRequestItemMapper.insert - ==> Parameters: 35(Long), Effective Java(String), null, null, null, null
13:37:22.434 [main] DEBUG c.e.j.m.BookRequestItemMapper.insert - <==    Updates: 1
13:37:22.434 [main] DEBUG c.e.j.m.ProcurementItemMapper.insert - ==>  Preparing: INSERT INTO procurement_items (book_request_item_id, status) VALUES (?, ?)
13:37:22.435 [main] DEBUG c.e.j.m.ProcurementItemMapper.insert - ==> Parameters: 23(Long), PENDING(String)
13:37:22.435 [main] DEBUG c.e.j.m.ProcurementItemMapper.insert - <==    Updates: 1
13:37:22.440 [pool-3-thread-2] DEBUG c.e.j.m.P.findByIdForUpdate - ==>  Preparing: SELECT * FROM procurement_items WHERE id = ? FOR UPDATE
13:37:22.440 [pool-3-thread-1] DEBUG c.e.j.m.P.findByIdForUpdate - ==>  Preparing: SELECT * FROM procurement_items WHERE id = ? FOR UPDATE
13:37:22.441 [pool-3-thread-2] DEBUG c.e.j.m.P.findByIdForUpdate - ==> Parameters: 9(Long)
13:37:22.441 [pool-3-thread-1] DEBUG c.e.j.m.P.findByIdForUpdate - ==> Parameters: 9(Long)
13:37:22.441 [pool-3-thread-2] DEBUG c.e.j.m.P.findByIdForUpdate - <==      Total: 1
13:37:22.442 [pool-3-thread-2] DEBUG c.e.j.m.B.findById - ==>  Preparing: SELECT * FROM book_request_items WHERE id = ?
13:37:22.442 [pool-3-thread-2] DEBUG c.e.j.m.B.findById - ==> Parameters: 23(Long)
13:37:22.443 [pool-3-thread-2] DEBUG c.e.j.m.B.findById - <==      Total: 1
13:37:22.443 [pool-3-thread-2] DEBUG c.e.j.mapper.BookMapper.insert - ==>  Preparing: INSERT INTO books (title, isbn, author_id, published_year) VALUES (?, ?, ?, ?)
13:37:22.443 [pool-3-thread-2] DEBUG c.e.j.mapper.BookMapper.insert - ==> Parameters: Effective Java(String), null, null, null
13:37:22.444 [pool-3-thread-2] DEBUG c.e.j.mapper.BookMapper.insert - <==    Updates: 1
13:37:22.444 [pool-3-thread-2] DEBUG c.e.j.m.ProcurementItemMapper.update - ==>  Preparing: UPDATE procurement_items SET status = ?, procured_by = ?, procured_at = ?, book_id = ? WHERE id = ?
13:37:22.444 [pool-3-thread-2] DEBUG c.e.j.m.ProcurementItemMapper.update - ==> Parameters: COMPLETED(String), 23(Long), 2026-09-11 13:37:22.4440284(Timestamp), 43(Long), 9(Long)
13:37:22.444 [pool-3-thread-2] DEBUG c.e.j.m.ProcurementItemMapper.update - <==    Updates: 1
13:37:22.445 [pool-3-thread-2] DEBUG c.e.j.mapper.AuditLogMapper.insert - ==>  Preparing: INSERT INTO audit_logs (user_id, audited_at, action, entity_type, entity_id, detail) VALUES (?, ?, ?, ?, ?, ?)
13:37:22.446 [pool-3-thread-2] DEBUG c.e.j.mapper.AuditLogMapper.insert - ==> Parameters: 23(Long), 2026-09-11 13:37:22.4440284(Timestamp), COMPLETE_PROCUREMENT(String), PROCUREMENT_ITEM(String), 9(Long), [B@12975bb0(byte[])
13:37:22.447 [pool-3-thread-2] DEBUG c.e.j.mapper.AuditLogMapper.insert - <==    Updates: 1
13:37:22.447 [pool-3-thread-2] INFO  c.e.j.service.ProcurementServiceImpl - 採購完成，書籍已入庫：procurementItemId=9, bookId=43, procuredBy=23
13:37:22.448 [pool-3-thread-1] DEBUG c.e.j.m.P.findByIdForUpdate - <==      Total: 1
13:37:22.449 [pool-3-thread-1] DEBUG c.e.j.mapper.AuditLogMapper.insert - ==>  Preparing: INSERT INTO audit_logs (user_id, audited_at, action, entity_type, entity_id, detail) VALUES (?, ?, ?, ?, ?, ?)
13:37:22.449 [pool-3-thread-1] DEBUG c.e.j.mapper.AuditLogMapper.insert - ==> Parameters: 22(Long), 2026-09-11 13:37:22.4480298(Timestamp), COMPLETE_PROCUREMENT(String), PROCUREMENT_ITEM(String), 9(Long), [B@6b8922c6(byte[])
13:37:22.450 [pool-3-thread-1] DEBUG c.e.j.mapper.AuditLogMapper.insert - <==    Updates: 1
13:37:22.451 [main] DEBUG c.e.j.m.P.findByStatus - ==>  Preparing: SELECT * FROM procurement_items WHERE status = ?
13:37:22.451 [main] DEBUG c.e.j.m.P.findByStatus - ==> Parameters: COMPLETED(String)
13:37:22.452 [main] DEBUG c.e.j.m.P.findByStatus - <==      Total: 1
14:40:11.264 [main] DEBUG c.e.j.mapper.CategoryMapper.insert - ==>  Preparing: INSERT INTO categories (name) VALUES (?)
14:40:11.276 [main] DEBUG c.e.j.mapper.CategoryMapper.insert - ==> Parameters: Programming(String)
14:40:11.277 [main] DEBUG c.e.j.mapper.CategoryMapper.insert - <==    Updates: 1
14:40:11.279 [main] DEBUG c.e.j.mapper.CategoryMapper.insert - ==>  Preparing: INSERT INTO categories (name) VALUES (?)
14:40:11.279 [main] DEBUG c.e.j.mapper.CategoryMapper.insert - ==> Parameters: Architecture(String)
14:40:11.280 [main] DEBUG c.e.j.mapper.CategoryMapper.insert - <==    Updates: 1
14:40:11.280 [main] DEBUG c.e.j.mapper.CategoryMapper.insert - ==>  Preparing: INSERT INTO categories (name) VALUES (?)
14:40:11.280 [main] DEBUG c.e.j.mapper.CategoryMapper.insert - ==> Parameters: Best Practice(String)
14:40:11.281 [main] DEBUG c.e.j.mapper.CategoryMapper.insert - <==    Updates: 1
14:40:11.282 [main] DEBUG c.e.j.mapper.BookMapper.insert - ==>  Preparing: INSERT INTO books (title, isbn, author_id, published_year) VALUES (?, ?, ?, ?)
14:40:11.287 [main] DEBUG c.e.j.mapper.BookMapper.insert - ==> Parameters: Effective Java(String), 9780134685991(String), 1(Long), 2018(Integer)
14:40:11.288 [main] DEBUG c.e.j.mapper.BookMapper.insert - <==    Updates: 1
14:40:11.296 [main] DEBUG c.e.j.m.B.deleteCategoriesByBookId - ==>  Preparing: DELETE FROM books_categories bc WHERE bc.book_id = ?
14:40:11.297 [main] DEBUG c.e.j.m.B.deleteCategoriesByBookId - ==> Parameters: 1(Long)
14:40:11.297 [main] DEBUG c.e.j.m.B.deleteCategoriesByBookId - <==    Updates: 0
14:40:11.313 [main] DEBUG c.e.j.m.B.insertBookCategories - ==>  Preparing: INSERT INTO books_categories (book_id, category_id) VALUES (?, ?) , (?, ?)
14:40:11.313 [main] DEBUG c.e.j.m.B.insertBookCategories - ==> Parameters: 1(Long), 1(Long), 1(Long), 3(Long)
14:40:11.314 [main] DEBUG c.e.j.m.B.insertBookCategories - <==    Updates: 2
14:40:11.316 [main] DEBUG c.e.j.mapper.BookMapper.insert - ==>  Preparing: INSERT INTO books (title, isbn, author_id, published_year) VALUES (?, ?, ?, ?)
14:40:11.316 [main] DEBUG c.e.j.mapper.BookMapper.insert - ==> Parameters: Clean Code(String), 9780132350884(String), 2(Long), 2008(Integer)
14:40:11.316 [main] DEBUG c.e.j.mapper.BookMapper.insert - <==    Updates: 1
14:40:11.317 [main] DEBUG c.e.j.m.B.deleteCategoriesByBookId - ==>  Preparing: DELETE FROM books_categories bc WHERE bc.book_id = ?
14:40:11.317 [main] DEBUG c.e.j.m.B.deleteCategoriesByBookId - ==> Parameters: 2(Long)
14:40:11.317 [main] DEBUG c.e.j.m.B.deleteCategoriesByBookId - <==    Updates: 0
14:40:11.318 [main] DEBUG c.e.j.m.B.insertBookCategories - ==>  Preparing: INSERT INTO books_categories (book_id, category_id) VALUES (?, ?)
14:40:11.318 [main] DEBUG c.e.j.m.B.insertBookCategories - ==> Parameters: 2(Long), 3(Long)
14:40:11.318 [main] DEBUG c.e.j.m.B.insertBookCategories - <==    Updates: 1
14:40:11.319 [main] DEBUG c.e.j.mapper.BookMapper.insert - ==>  Preparing: INSERT INTO books (title, isbn, author_id, published_year) VALUES (?, ?, ?, ?)
14:40:11.319 [main] DEBUG c.e.j.mapper.BookMapper.insert - ==> Parameters: Domain-Driven Design(String), 9780321125217(String), 3(Long), 2003(Integer)
14:40:11.319 [main] DEBUG c.e.j.mapper.BookMapper.insert - <==    Updates: 1
14:40:11.320 [main] DEBUG c.e.j.m.B.deleteCategoriesByBookId - ==>  Preparing: DELETE FROM books_categories bc WHERE bc.book_id = ?
14:40:11.320 [main] DEBUG c.e.j.m.B.deleteCategoriesByBookId - ==> Parameters: 3(Long)
14:40:11.320 [main] DEBUG c.e.j.m.B.deleteCategoriesByBookId - <==    Updates: 0
14:40:11.320 [main] DEBUG c.e.j.m.B.insertBookCategories - ==>  Preparing: INSERT INTO books_categories (book_id, category_id) VALUES (?, ?)
14:40:11.321 [main] DEBUG c.e.j.m.B.insertBookCategories - ==> Parameters: 3(Long), 2(Long)
14:40:11.321 [main] DEBUG c.e.j.m.B.insertBookCategories - <==    Updates: 1
14:40:11.322 [main] DEBUG c.e.j.mapper.BookMapper.insert - ==>  Preparing: INSERT INTO books (title, isbn, author_id, published_year) VALUES (?, ?, ?, ?)
14:40:11.322 [main] DEBUG c.e.j.mapper.BookMapper.insert - ==> Parameters: Clean Architecture(String), 9780134494166(String), 2(Long), 2017(Integer)
14:40:11.323 [main] DEBUG c.e.j.mapper.BookMapper.insert - <==    Updates: 1
14:40:11.323 [main] DEBUG c.e.j.m.B.deleteCategoriesByBookId - ==>  Preparing: DELETE FROM books_categories bc WHERE bc.book_id = ?
14:40:11.323 [main] DEBUG c.e.j.m.B.deleteCategoriesByBookId - ==> Parameters: 4(Long)
14:40:11.324 [main] DEBUG c.e.j.m.B.deleteCategoriesByBookId - <==    Updates: 0
14:40:11.324 [main] DEBUG c.e.j.m.B.insertBookCategories - ==>  Preparing: INSERT INTO books_categories (book_id, category_id) VALUES (?, ?) , (?, ?)
14:40:11.324 [main] DEBUG c.e.j.m.B.insertBookCategories - ==> Parameters: 4(Long), 2(Long), 4(Long), 3(Long)
14:40:11.324 [main] DEBUG c.e.j.m.B.insertBookCategories - <==    Updates: 2
14:40:11.325 [main] DEBUG c.e.j.mapper.BookMapper.insert - ==>  Preparing: INSERT INTO books (title, isbn, author_id, published_year) VALUES (?, ?, ?, ?)
14:40:11.326 [main] DEBUG c.e.j.mapper.BookMapper.insert - ==> Parameters: Java Concurrency in Practice(String), 9780321349606(String), 1(Long), 2006(Integer)
14:40:11.326 [main] DEBUG c.e.j.mapper.BookMapper.insert - <==    Updates: 1
14:40:11.327 [main] DEBUG c.e.j.m.B.deleteCategoriesByBookId - ==>  Preparing: DELETE FROM books_categories bc WHERE bc.book_id = ?
14:40:11.327 [main] DEBUG c.e.j.m.B.deleteCategoriesByBookId - ==> Parameters: 5(Long)
14:40:11.328 [main] DEBUG c.e.j.m.B.deleteCategoriesByBookId - <==    Updates: 0
14:40:11.328 [main] DEBUG c.e.j.m.B.insertBookCategories - ==>  Preparing: INSERT INTO books_categories (book_id, category_id) VALUES (?, ?)
14:40:11.329 [main] DEBUG c.e.j.m.B.insertBookCategories - ==> Parameters: 5(Long), 1(Long)
14:40:11.329 [main] DEBUG c.e.j.m.B.insertBookCategories - <==    Updates: 1
14:40:11.330 [main] DEBUG c.e.j.mapper.BookMapper.insert - ==>  Preparing: INSERT INTO books (title, isbn, author_id, published_year) VALUES (?, ?, ?, ?)
14:40:11.330 [main] DEBUG c.e.j.mapper.BookMapper.insert - ==> Parameters: Java Concurrency in Practice(String), 9780321349606(String), 1(Long), 2006(Integer)
14:40:11.331 [main] DEBUG c.e.j.mapper.BookMapper.insert - <==    Updates: 1
14:40:11.332 [main] DEBUG c.e.j.m.B.deleteCategoriesByBookId - ==>  Preparing: DELETE FROM books_categories bc WHERE bc.book_id = ?
14:40:11.332 [main] DEBUG c.e.j.m.B.deleteCategoriesByBookId - ==> Parameters: 6(Long)
14:40:11.332 [main] DEBUG c.e.j.m.B.deleteCategoriesByBookId - <==    Updates: 0
14:40:11.332 [main] DEBUG c.e.j.m.B.insertBookCategories - ==>  Preparing: INSERT INTO books_categories (book_id, category_id) VALUES (?, ?)
14:40:11.333 [main] DEBUG c.e.j.m.B.insertBookCategories - ==> Parameters: 6(Long), 1(Long)
14:40:11.333 [main] DEBUG c.e.j.m.B.insertBookCategories - <==    Updates: 1
14:40:11.334 [main] DEBUG c.e.j.mapper.BookMapper.insert - ==>  Preparing: INSERT INTO books (title, isbn, author_id, published_year) VALUES (?, ?, ?, ?)
14:40:11.334 [main] DEBUG c.e.j.mapper.BookMapper.insert - ==> Parameters: Java Concurrency in Practice(String), 9780321349606(String), 1(Long), 2006(Integer)
14:40:11.334 [main] DEBUG c.e.j.mapper.BookMapper.insert - <==    Updates: 1
14:40:11.335 [main] DEBUG c.e.j.m.B.deleteCategoriesByBookId - ==>  Preparing: DELETE FROM books_categories bc WHERE bc.book_id = ?
14:40:11.335 [main] DEBUG c.e.j.m.B.deleteCategoriesByBookId - ==> Parameters: 7(Long)
14:40:11.335 [main] DEBUG c.e.j.m.B.deleteCategoriesByBookId - <==    Updates: 0
14:40:11.335 [main] DEBUG c.e.j.m.B.insertBookCategories - ==>  Preparing: INSERT INTO books_categories (book_id, category_id) VALUES (?, ?)
14:40:11.336 [main] DEBUG c.e.j.m.B.insertBookCategories - ==> Parameters: 7(Long), 1(Long)
14:40:11.336 [main] DEBUG c.e.j.m.B.insertBookCategories - <==    Updates: 1
14:40:11.338 [main] DEBUG c.e.j.mapper.BookMapper.insert - ==>  Preparing: INSERT INTO books (title, isbn, author_id, published_year) VALUES (?, ?, ?, ?)
14:40:11.339 [main] DEBUG c.e.j.mapper.BookMapper.insert - ==> Parameters: Java Concurrency in Practice(String), 9780321349606(String), 1(Long), 2006(Integer)
14:40:11.339 [main] DEBUG c.e.j.mapper.BookMapper.insert - <==    Updates: 1
14:40:11.340 [main] DEBUG c.e.j.m.B.deleteCategoriesByBookId - ==>  Preparing: DELETE FROM books_categories bc WHERE bc.book_id = ?
14:40:11.340 [main] DEBUG c.e.j.m.B.deleteCategoriesByBookId - ==> Parameters: 8(Long)
14:40:11.341 [main] DEBUG c.e.j.m.B.deleteCategoriesByBookId - <==    Updates: 0
14:40:11.341 [main] DEBUG c.e.j.m.B.insertBookCategories - ==>  Preparing: INSERT INTO books_categories (book_id, category_id) VALUES (?, ?)
14:40:11.341 [main] DEBUG c.e.j.m.B.insertBookCategories - ==> Parameters: 8(Long), 1(Long)
14:40:11.341 [main] DEBUG c.e.j.m.B.insertBookCategories - <==    Updates: 1
14:40:11.342 [main] DEBUG c.e.j.mapper.BookMapper.insert - ==>  Preparing: INSERT INTO books (title, isbn, author_id, published_year) VALUES (?, ?, ?, ?)
14:40:11.342 [main] DEBUG c.e.j.mapper.BookMapper.insert - ==> Parameters: Java Concurrency in Practice(String), 9780321349606(String), 1(Long), 2006(Integer)
14:40:11.342 [main] DEBUG c.e.j.mapper.BookMapper.insert - <==    Updates: 1
14:40:11.346 [main] DEBUG c.e.j.m.B.deleteCategoriesByBookId - ==>  Preparing: DELETE FROM books_categories bc WHERE bc.book_id = ?
14:40:11.347 [main] DEBUG c.e.j.m.B.deleteCategoriesByBookId - ==> Parameters: 9(Long)
14:40:11.347 [main] DEBUG c.e.j.m.B.deleteCategoriesByBookId - <==    Updates: 0
14:40:11.347 [main] DEBUG c.e.j.m.B.insertBookCategories - ==>  Preparing: INSERT INTO books_categories (book_id, category_id) VALUES (?, ?)
14:40:11.347 [main] DEBUG c.e.j.m.B.insertBookCategories - ==> Parameters: 9(Long), 1(Long)
14:40:11.347 [main] DEBUG c.e.j.m.B.insertBookCategories - <==    Updates: 1
14:40:11.348 [main] DEBUG c.e.j.mapper.BookMapper.insert - ==>  Preparing: INSERT INTO books (title, isbn, author_id, published_year) VALUES (?, ?, ?, ?)
14:40:11.348 [main] DEBUG c.e.j.mapper.BookMapper.insert - ==> Parameters: Java Concurrency in Practice(String), 9780321349606(String), 1(Long), 2006(Integer)
14:40:11.348 [main] DEBUG c.e.j.mapper.BookMapper.insert - <==    Updates: 1
14:40:11.349 [main] DEBUG c.e.j.m.B.deleteCategoriesByBookId - ==>  Preparing: DELETE FROM books_categories bc WHERE bc.book_id = ?
14:40:11.349 [main] DEBUG c.e.j.m.B.deleteCategoriesByBookId - ==> Parameters: 10(Long)
14:40:11.349 [main] DEBUG c.e.j.m.B.deleteCategoriesByBookId - <==    Updates: 0
14:40:11.350 [main] DEBUG c.e.j.m.B.insertBookCategories - ==>  Preparing: INSERT INTO books_categories (book_id, category_id) VALUES (?, ?)
14:40:11.350 [main] DEBUG c.e.j.m.B.insertBookCategories - ==> Parameters: 10(Long), 1(Long)
14:40:11.350 [main] DEBUG c.e.j.m.B.insertBookCategories - <==    Updates: 1
14:40:11.351 [main] DEBUG c.e.j.mapper.BookMapper.insert - ==>  Preparing: INSERT INTO books (title, isbn, author_id, published_year) VALUES (?, ?, ?, ?)
14:40:11.351 [main] DEBUG c.e.j.mapper.BookMapper.insert - ==> Parameters: Java Concurrency in Practice(String), 9780321349606(String), 1(Long), 2006(Integer)
14:40:11.351 [main] DEBUG c.e.j.mapper.BookMapper.insert - <==    Updates: 1
14:40:11.352 [main] DEBUG c.e.j.m.B.deleteCategoriesByBookId - ==>  Preparing: DELETE FROM books_categories bc WHERE bc.book_id = ?
14:40:11.352 [main] DEBUG c.e.j.m.B.deleteCategoriesByBookId - ==> Parameters: 11(Long)
14:40:11.352 [main] DEBUG c.e.j.m.B.deleteCategoriesByBookId - <==    Updates: 0
14:40:11.352 [main] DEBUG c.e.j.m.B.insertBookCategories - ==>  Preparing: INSERT INTO books_categories (book_id, category_id) VALUES (?, ?)
14:40:11.352 [main] DEBUG c.e.j.m.B.insertBookCategories - ==> Parameters: 11(Long), 1(Long)
14:40:11.353 [main] DEBUG c.e.j.m.B.insertBookCategories - <==    Updates: 1
14:40:11.353 [main] DEBUG c.e.j.mapper.BookMapper.insert - ==>  Preparing: INSERT INTO books (title, isbn, author_id, published_year) VALUES (?, ?, ?, ?)
14:40:11.354 [main] DEBUG c.e.j.mapper.BookMapper.insert - ==> Parameters: Java Concurrency in Practice(String), 9780321349606(String), 1(Long), 2006(Integer)
14:40:11.354 [main] DEBUG c.e.j.mapper.BookMapper.insert - <==    Updates: 1
14:40:11.355 [main] DEBUG c.e.j.m.B.deleteCategoriesByBookId - ==>  Preparing: DELETE FROM books_categories bc WHERE bc.book_id = ?
14:40:11.355 [main] DEBUG c.e.j.m.B.deleteCategoriesByBookId - ==> Parameters: 12(Long)
14:40:11.355 [main] DEBUG c.e.j.m.B.deleteCategoriesByBookId - <==    Updates: 0
14:40:11.355 [main] DEBUG c.e.j.m.B.insertBookCategories - ==>  Preparing: INSERT INTO books_categories (book_id, category_id) VALUES (?, ?)
14:40:11.356 [main] DEBUG c.e.j.m.B.insertBookCategories - ==> Parameters: 12(Long), 1(Long)
14:40:11.356 [main] DEBUG c.e.j.m.B.insertBookCategories - <==    Updates: 1
14:40:11.356 [main] DEBUG c.e.j.mapper.BookMapper.insert - ==>  Preparing: INSERT INTO books (title, isbn, author_id, published_year) VALUES (?, ?, ?, ?)
14:40:11.356 [main] DEBUG c.e.j.mapper.BookMapper.insert - ==> Parameters: Java Concurrency in Practice(String), 9780321349606(String), 1(Long), 2006(Integer)
14:40:11.358 [main] DEBUG c.e.j.mapper.BookMapper.insert - <==    Updates: 1
14:40:11.358 [main] DEBUG c.e.j.m.B.deleteCategoriesByBookId - ==>  Preparing: DELETE FROM books_categories bc WHERE bc.book_id = ?
14:40:11.358 [main] DEBUG c.e.j.m.B.deleteCategoriesByBookId - ==> Parameters: 13(Long)
14:40:11.358 [main] DEBUG c.e.j.m.B.deleteCategoriesByBookId - <==    Updates: 0
14:40:11.359 [main] DEBUG c.e.j.m.B.insertBookCategories - ==>  Preparing: INSERT INTO books_categories (book_id, category_id) VALUES (?, ?)
14:40:11.359 [main] DEBUG c.e.j.m.B.insertBookCategories - ==> Parameters: 13(Long), 1(Long)
14:40:11.359 [main] DEBUG c.e.j.m.B.insertBookCategories - <==    Updates: 1
14:40:11.360 [main] DEBUG c.e.j.mapper.BookMapper.insert - ==>  Preparing: INSERT INTO books (title, isbn, author_id, published_year) VALUES (?, ?, ?, ?)
14:40:11.360 [main] DEBUG c.e.j.mapper.BookMapper.insert - ==> Parameters: Java Concurrency in Practice(String), 9780321349606(String), 1(Long), 2006(Integer)
14:40:11.360 [main] DEBUG c.e.j.mapper.BookMapper.insert - <==    Updates: 1
14:40:11.361 [main] DEBUG c.e.j.m.B.deleteCategoriesByBookId - ==>  Preparing: DELETE FROM books_categories bc WHERE bc.book_id = ?
14:40:11.361 [main] DEBUG c.e.j.m.B.deleteCategoriesByBookId - ==> Parameters: 14(Long)
14:40:11.362 [main] DEBUG c.e.j.m.B.deleteCategoriesByBookId - <==    Updates: 0
14:40:11.362 [main] DEBUG c.e.j.m.B.insertBookCategories - ==>  Preparing: INSERT INTO books_categories (book_id, category_id) VALUES (?, ?)
14:40:11.362 [main] DEBUG c.e.j.m.B.insertBookCategories - ==> Parameters: 14(Long), 1(Long)
14:40:11.362 [main] DEBUG c.e.j.m.B.insertBookCategories - <==    Updates: 1
14:40:11.363 [main] DEBUG c.e.j.mapper.BookMapper.insert - ==>  Preparing: INSERT INTO books (title, isbn, author_id, published_year) VALUES (?, ?, ?, ?)
14:40:11.363 [main] DEBUG c.e.j.mapper.BookMapper.insert - ==> Parameters: Java Concurrency in Practice(String), 9780321349606(String), 1(Long), 2006(Integer)
14:40:11.363 [main] DEBUG c.e.j.mapper.BookMapper.insert - <==    Updates: 1
14:40:11.363 [main] DEBUG c.e.j.m.B.deleteCategoriesByBookId - ==>  Preparing: DELETE FROM books_categories bc WHERE bc.book_id = ?
14:40:11.364 [main] DEBUG c.e.j.m.B.deleteCategoriesByBookId - ==> Parameters: 15(Long)
14:40:11.364 [main] DEBUG c.e.j.m.B.deleteCategoriesByBookId - <==    Updates: 0
14:40:11.364 [main] DEBUG c.e.j.m.B.insertBookCategories - ==>  Preparing: INSERT INTO books_categories (book_id, category_id) VALUES (?, ?)
14:40:11.364 [main] DEBUG c.e.j.m.B.insertBookCategories - ==> Parameters: 15(Long), 1(Long)
14:40:11.364 [main] DEBUG c.e.j.m.B.insertBookCategories - <==    Updates: 1
14:40:11.365 [main] DEBUG c.e.j.mapper.BookMapper.insert - ==>  Preparing: INSERT INTO books (title, isbn, author_id, published_year) VALUES (?, ?, ?, ?)
14:40:11.365 [main] DEBUG c.e.j.mapper.BookMapper.insert - ==> Parameters: Java Concurrency in Practice(String), 9780321349606(String), 1(Long), 2006(Integer)
14:40:11.365 [main] DEBUG c.e.j.mapper.BookMapper.insert - <==    Updates: 1
14:40:11.366 [main] DEBUG c.e.j.m.B.deleteCategoriesByBookId - ==>  Preparing: DELETE FROM books_categories bc WHERE bc.book_id = ?
14:40:11.366 [main] DEBUG c.e.j.m.B.deleteCategoriesByBookId - ==> Parameters: 16(Long)
14:40:11.366 [main] DEBUG c.e.j.m.B.deleteCategoriesByBookId - <==    Updates: 0
14:40:11.366 [main] DEBUG c.e.j.m.B.insertBookCategories - ==>  Preparing: INSERT INTO books_categories (book_id, category_id) VALUES (?, ?)
14:40:11.366 [main] DEBUG c.e.j.m.B.insertBookCategories - ==> Parameters: 16(Long), 1(Long)
14:40:11.366 [main] DEBUG c.e.j.m.B.insertBookCategories - <==    Updates: 1
14:40:11.367 [main] DEBUG c.e.j.mapper.BookMapper.insert - ==>  Preparing: INSERT INTO books (title, isbn, author_id, published_year) VALUES (?, ?, ?, ?)
14:40:11.367 [main] DEBUG c.e.j.mapper.BookMapper.insert - ==> Parameters: Java Concurrency in Practice(String), 9780321349606(String), 1(Long), 2006(Integer)
14:40:11.367 [main] DEBUG c.e.j.mapper.BookMapper.insert - <==    Updates: 1
14:40:11.368 [main] DEBUG c.e.j.m.B.deleteCategoriesByBookId - ==>  Preparing: DELETE FROM books_categories bc WHERE bc.book_id = ?
14:40:11.368 [main] DEBUG c.e.j.m.B.deleteCategoriesByBookId - ==> Parameters: 17(Long)
14:40:11.368 [main] DEBUG c.e.j.m.B.deleteCategoriesByBookId - <==    Updates: 0
14:40:11.368 [main] DEBUG c.e.j.m.B.insertBookCategories - ==>  Preparing: INSERT INTO books_categories (book_id, category_id) VALUES (?, ?)
14:40:11.369 [main] DEBUG c.e.j.m.B.insertBookCategories - ==> Parameters: 17(Long), 1(Long)
14:40:11.369 [main] DEBUG c.e.j.m.B.insertBookCategories - <==    Updates: 1
14:40:11.369 [main] DEBUG c.e.j.mapper.BookMapper.insert - ==>  Preparing: INSERT INTO books (title, isbn, author_id, published_year) VALUES (?, ?, ?, ?)
14:40:11.370 [main] DEBUG c.e.j.mapper.BookMapper.insert - ==> Parameters: Java Concurrency in Practice(String), 9780321349606(String), 1(Long), 2006(Integer)
14:40:11.370 [main] DEBUG c.e.j.mapper.BookMapper.insert - <==    Updates: 1
14:40:11.370 [main] DEBUG c.e.j.m.B.deleteCategoriesByBookId - ==>  Preparing: DELETE FROM books_categories bc WHERE bc.book_id = ?
14:40:11.370 [main] DEBUG c.e.j.m.B.deleteCategoriesByBookId - ==> Parameters: 18(Long)
14:40:11.371 [main] DEBUG c.e.j.m.B.deleteCategoriesByBookId - <==    Updates: 0
14:40:11.371 [main] DEBUG c.e.j.m.B.insertBookCategories - ==>  Preparing: INSERT INTO books_categories (book_id, category_id) VALUES (?, ?)
14:40:11.372 [main] DEBUG c.e.j.m.B.insertBookCategories - ==> Parameters: 18(Long), 1(Long)
14:40:11.372 [main] DEBUG c.e.j.m.B.insertBookCategories - <==    Updates: 1
14:40:11.373 [main] DEBUG c.e.j.mapper.BookMapper.insert - ==>  Preparing: INSERT INTO books (title, isbn, author_id, published_year) VALUES (?, ?, ?, ?)
14:40:11.373 [main] DEBUG c.e.j.mapper.BookMapper.insert - ==> Parameters: Java Concurrency in Practice(String), 9780321349606(String), 1(Long), 2006(Integer)
14:40:11.373 [main] DEBUG c.e.j.mapper.BookMapper.insert - <==    Updates: 1
14:40:11.374 [main] DEBUG c.e.j.m.B.deleteCategoriesByBookId - ==>  Preparing: DELETE FROM books_categories bc WHERE bc.book_id = ?
14:40:11.374 [main] DEBUG c.e.j.m.B.deleteCategoriesByBookId - ==> Parameters: 19(Long)
14:40:11.374 [main] DEBUG c.e.j.m.B.deleteCategoriesByBookId - <==    Updates: 0
14:40:11.374 [main] DEBUG c.e.j.m.B.insertBookCategories - ==>  Preparing: INSERT INTO books_categories (book_id, category_id) VALUES (?, ?)
14:40:11.375 [main] DEBUG c.e.j.m.B.insertBookCategories - ==> Parameters: 19(Long), 1(Long)
14:40:11.375 [main] DEBUG c.e.j.m.B.insertBookCategories - <==    Updates: 1
14:40:11.375 [main] DEBUG c.e.j.mapper.BookMapper.insert - ==>  Preparing: INSERT INTO books (title, isbn, author_id, published_year) VALUES (?, ?, ?, ?)
14:40:11.375 [main] DEBUG c.e.j.mapper.BookMapper.insert - ==> Parameters: Java Concurrency in Practice(String), 9780321349606(String), 1(Long), 2006(Integer)
14:40:11.376 [main] DEBUG c.e.j.mapper.BookMapper.insert - <==    Updates: 1
14:40:11.376 [main] DEBUG c.e.j.m.B.deleteCategoriesByBookId - ==>  Preparing: DELETE FROM books_categories bc WHERE bc.book_id = ?
14:40:11.376 [main] DEBUG c.e.j.m.B.deleteCategoriesByBookId - ==> Parameters: 20(Long)
14:40:11.376 [main] DEBUG c.e.j.m.B.deleteCategoriesByBookId - <==    Updates: 0
14:40:11.377 [main] DEBUG c.e.j.m.B.insertBookCategories - ==>  Preparing: INSERT INTO books_categories (book_id, category_id) VALUES (?, ?)
14:40:11.377 [main] DEBUG c.e.j.m.B.insertBookCategories - ==> Parameters: 20(Long), 1(Long)
14:40:11.377 [main] DEBUG c.e.j.m.B.insertBookCategories - <==    Updates: 1
14:40:11.378 [main] DEBUG c.e.j.mapper.BookMapper.insert - ==>  Preparing: INSERT INTO books (title, isbn, author_id, published_year) VALUES (?, ?, ?, ?)
14:40:11.378 [main] DEBUG c.e.j.mapper.BookMapper.insert - ==> Parameters: Java Concurrency in Practice(String), 9780321349606(String), 1(Long), 2006(Integer)
14:40:11.378 [main] DEBUG c.e.j.mapper.BookMapper.insert - <==    Updates: 1
14:40:11.379 [main] DEBUG c.e.j.m.B.deleteCategoriesByBookId - ==>  Preparing: DELETE FROM books_categories bc WHERE bc.book_id = ?
14:40:11.379 [main] DEBUG c.e.j.m.B.deleteCategoriesByBookId - ==> Parameters: 21(Long)
14:40:11.379 [main] DEBUG c.e.j.m.B.deleteCategoriesByBookId - <==    Updates: 0
14:40:11.379 [main] DEBUG c.e.j.m.B.insertBookCategories - ==>  Preparing: INSERT INTO books_categories (book_id, category_id) VALUES (?, ?)
14:40:11.380 [main] DEBUG c.e.j.m.B.insertBookCategories - ==> Parameters: 21(Long), 1(Long)
14:40:11.380 [main] DEBUG c.e.j.m.B.insertBookCategories - <==    Updates: 1
14:40:11.380 [main] DEBUG c.e.j.mapper.BookMapper.insert - ==>  Preparing: INSERT INTO books (title, isbn, author_id, published_year) VALUES (?, ?, ?, ?)
14:40:11.380 [main] DEBUG c.e.j.mapper.BookMapper.insert - ==> Parameters: Java Concurrency in Practice(String), 9780321349606(String), 1(Long), 2006(Integer)
14:40:11.381 [main] DEBUG c.e.j.mapper.BookMapper.insert - <==    Updates: 1
14:40:11.382 [main] DEBUG c.e.j.m.B.deleteCategoriesByBookId - ==>  Preparing: DELETE FROM books_categories bc WHERE bc.book_id = ?
14:40:11.382 [main] DEBUG c.e.j.m.B.deleteCategoriesByBookId - ==> Parameters: 22(Long)
14:40:11.382 [main] DEBUG c.e.j.m.B.deleteCategoriesByBookId - <==    Updates: 0
14:40:11.382 [main] DEBUG c.e.j.m.B.insertBookCategories - ==>  Preparing: INSERT INTO books_categories (book_id, category_id) VALUES (?, ?)
14:40:11.383 [main] DEBUG c.e.j.m.B.insertBookCategories - ==> Parameters: 22(Long), 1(Long)
14:40:11.383 [main] DEBUG c.e.j.m.B.insertBookCategories - <==    Updates: 1
14:40:11.384 [main] DEBUG c.e.j.mapper.BookMapper.insert - ==>  Preparing: INSERT INTO books (title, isbn, author_id, published_year) VALUES (?, ?, ?, ?)
14:40:11.384 [main] DEBUG c.e.j.mapper.BookMapper.insert - ==> Parameters: Java Concurrency in Practice(String), 9780321349606(String), 1(Long), 2006(Integer)
14:40:11.384 [main] DEBUG c.e.j.mapper.BookMapper.insert - <==    Updates: 1
14:40:11.385 [main] DEBUG c.e.j.m.B.deleteCategoriesByBookId - ==>  Preparing: DELETE FROM books_categories bc WHERE bc.book_id = ?
14:40:11.385 [main] DEBUG c.e.j.m.B.deleteCategoriesByBookId - ==> Parameters: 23(Long)
14:40:11.385 [main] DEBUG c.e.j.m.B.deleteCategoriesByBookId - <==    Updates: 0
14:40:11.385 [main] DEBUG c.e.j.m.B.insertBookCategories - ==>  Preparing: INSERT INTO books_categories (book_id, category_id) VALUES (?, ?)
14:40:11.385 [main] DEBUG c.e.j.m.B.insertBookCategories - ==> Parameters: 23(Long), 1(Long)
14:40:11.385 [main] DEBUG c.e.j.m.B.insertBookCategories - <==    Updates: 1
14:40:11.386 [main] DEBUG c.e.j.mapper.BookMapper.insert - ==>  Preparing: INSERT INTO books (title, isbn, author_id, published_year) VALUES (?, ?, ?, ?)
14:40:11.386 [main] DEBUG c.e.j.mapper.BookMapper.insert - ==> Parameters: Java Concurrency in Practice(String), 9780321349606(String), 1(Long), 2006(Integer)
14:40:11.386 [main] DEBUG c.e.j.mapper.BookMapper.insert - <==    Updates: 1
14:40:11.387 [main] DEBUG c.e.j.m.B.deleteCategoriesByBookId - ==>  Preparing: DELETE FROM books_categories bc WHERE bc.book_id = ?
14:40:11.387 [main] DEBUG c.e.j.m.B.deleteCategoriesByBookId - ==> Parameters: 24(Long)
14:40:11.387 [main] DEBUG c.e.j.m.B.deleteCategoriesByBookId - <==    Updates: 0
14:40:11.387 [main] DEBUG c.e.j.m.B.insertBookCategories - ==>  Preparing: INSERT INTO books_categories (book_id, category_id) VALUES (?, ?)
14:40:11.387 [main] DEBUG c.e.j.m.B.insertBookCategories - ==> Parameters: 24(Long), 1(Long)
14:40:11.388 [main] DEBUG c.e.j.m.B.insertBookCategories - <==    Updates: 1
14:40:11.390 [main] DEBUG c.e.j.mapper.UserMapper.findByEmail - ==>  Preparing: SELECT * FROM users u WHERE u.email = ?
14:40:11.391 [main] DEBUG c.e.j.mapper.UserMapper.findByEmail - ==> Parameters: user@example.com(String)
14:40:11.399 [main] DEBUG c.e.j.mapper.UserMapper.findByEmail - <==      Total: 0
14:40:11.466 [main] DEBUG c.e.j.mapper.UserMapper.insert - ==>  Preparing: INSERT INTO users (email, name, password_hash, role) VALUES (?, ?, ?, ?)
14:40:11.467 [main] DEBUG c.e.j.mapper.UserMapper.insert - ==> Parameters: user@example.com(String), 測試使用者(String), $2a$10$YRmkJZ7vJFUg/z8og9S7i.0ovsNTX4o0mMHHXQckHoHpYhQ9NbSBS(String), USER(String)
14:40:11.468 [main] DEBUG c.e.j.mapper.UserMapper.insert - <==    Updates: 1
14:40:11.469 [main] INFO  c.e.j.service.AuthServiceImpl - 新使用者註冊：userId=1, email=user@example.com
14:40:11.528 [main] DEBUG c.e.j.mapper.UserMapper.insert - ==>  Preparing: INSERT INTO users (email, name, password_hash, role) VALUES (?, ?, ?, ?)
14:40:11.529 [main] DEBUG c.e.j.mapper.UserMapper.insert - ==> Parameters: admin@example.com(String), 管理員(String), $2a$10$R7GQu7uvJOA30vIWQeKA2.9JQbiyowaCEgU1BTWOrN3vCJeJmNQ22(String), ADMIN(String)
14:40:11.529 [main] DEBUG c.e.j.mapper.UserMapper.insert - <==    Updates: 1
14:40:11.587 [main] DEBUG c.e.j.mapper.UserMapper.insert - ==>  Preparing: INSERT INTO users (email, name, password_hash, role) VALUES (?, ?, ?, ?)
14:40:11.588 [main] DEBUG c.e.j.mapper.UserMapper.insert - ==> Parameters: procurement@example.com(String), 採購人員(String), $2a$10$XJNo7GyRqN9huM96GNPLZu3kZrPvmQFmTrqdq8TfT7qcoxNkQyLA6(String), PROCUREMENT(String)
14:40:11.588 [main] DEBUG c.e.j.mapper.UserMapper.insert - <==    Updates: 1
14:40:11.592 [main] DEBUG c.e.j.m.BookRequestMapper.insert - ==>  Preparing: INSERT INTO book_requests (requester_id, status, requested_at, idempotency_key) VALUES (?, ?, ?, ?)
14:40:11.594 [main] DEBUG c.e.j.m.BookRequestMapper.insert - ==> Parameters: 1(Long), PENDING(String), 2026-09-11 14:40:11.5918004(Timestamp), 596c620e-8d56-417b-8196-5d6bf697887c(String)
14:40:11.595 [main] DEBUG c.e.j.m.BookRequestMapper.insert - <==    Updates: 1
14:40:11.595 [main] DEBUG c.e.j.m.BookRequestItemMapper.insert - ==>  Preparing: INSERT INTO book_request_items (book_request_id, title, isbn, author_id, published_year, estimated_price) VALUES (?, ?, ?, ?, ?, ?)
14:40:11.597 [main] DEBUG c.e.j.m.BookRequestItemMapper.insert - ==> Parameters: 1(Long), Refactoring(String), null, null, null, null
14:40:11.598 [main] DEBUG c.e.j.m.BookRequestItemMapper.insert - <==    Updates: 1
14:40:11.599 [main] DEBUG c.e.j.mapper.AuditLogMapper.insert - ==>  Preparing: INSERT INTO audit_logs (user_id, audited_at, action, entity_type, entity_id, detail) VALUES (?, ?, ?, ?, ?, ?)
14:40:11.629 [main] DEBUG c.e.j.mapper.AuditLogMapper.insert - ==> Parameters: 1(Long), 2026-09-11 14:40:11.5918004(Timestamp), SUBMIT(String), BOOK_REQUEST(String), 1(Long), [B@18b8d173(byte[])
14:40:11.631 [main] DEBUG c.e.j.mapper.AuditLogMapper.insert - <==    Updates: 1
14:40:11.631 [main] INFO  c.e.j.service.BookRequestServiceImpl - 送出申請：requestId=1, requesterId=1, 書籍數=1
14:40:11.632 [main] DEBUG c.e.j.m.BookRequestMapper.insert - ==>  Preparing: INSERT INTO book_requests (requester_id, status, requested_at, idempotency_key) VALUES (?, ?, ?, ?)
14:40:11.633 [main] DEBUG c.e.j.m.BookRequestMapper.insert - ==> Parameters: 1(Long), PENDING(String), 2026-09-11 14:40:11.6320479(Timestamp), 860e23d0-ce8d-4909-b8d4-46b9fc9c6ff8(String)
14:40:11.633 [main] DEBUG c.e.j.m.BookRequestMapper.insert - <==    Updates: 1
14:40:11.633 [main] DEBUG c.e.j.m.BookRequestItemMapper.insert - ==>  Preparing: INSERT INTO book_request_items (book_request_id, title, isbn, author_id, published_year, estimated_price) VALUES (?, ?, ?, ?, ?, ?)
14:40:11.634 [main] DEBUG c.e.j.m.BookRequestItemMapper.insert - ==> Parameters: 2(Long), The Pragmatic Programmer(String), 9780135957059(String), null, 2019(Integer), 850(BigDecimal)
14:40:11.634 [main] DEBUG c.e.j.m.BookRequestItemMapper.insert - <==    Updates: 1
14:40:11.634 [main] DEBUG c.e.j.m.BookRequestItemMapper.insert - ==>  Preparing: INSERT INTO book_request_items (book_request_id, title, isbn, author_id, published_year, estimated_price) VALUES (?, ?, ?, ?, ?, ?)
14:40:11.634 [main] DEBUG c.e.j.m.BookRequestItemMapper.insert - ==> Parameters: 2(Long), Head First Design Patterns(String), null, null, null, null
14:40:11.634 [main] DEBUG c.e.j.m.BookRequestItemMapper.insert - <==    Updates: 1
14:40:11.635 [main] DEBUG c.e.j.mapper.AuditLogMapper.insert - ==>  Preparing: INSERT INTO audit_logs (user_id, audited_at, action, entity_type, entity_id, detail) VALUES (?, ?, ?, ?, ?, ?)
14:40:11.636 [main] DEBUG c.e.j.mapper.AuditLogMapper.insert - ==> Parameters: 1(Long), 2026-09-11 14:40:11.6320479(Timestamp), SUBMIT(String), BOOK_REQUEST(String), 2(Long), [B@6f94fb9d(byte[])
14:40:11.636 [main] DEBUG c.e.j.mapper.AuditLogMapper.insert - <==    Updates: 1
14:40:11.636 [main] INFO  c.e.j.service.BookRequestServiceImpl - 送出申請：requestId=2, requesterId=1, 書籍數=2
14:40:11.637 [main] DEBUG c.e.j.m.BookRequestMapper.insert - ==>  Preparing: INSERT INTO book_requests (requester_id, status, requested_at, idempotency_key) VALUES (?, ?, ?, ?)
14:40:11.637 [main] DEBUG c.e.j.m.BookRequestMapper.insert - ==> Parameters: 1(Long), PENDING(String), 2026-09-11 14:40:11.6360548(Timestamp), add20b83-4472-42d2-8ca2-d197e41602e6(String)
14:40:11.637 [main] DEBUG c.e.j.m.BookRequestMapper.insert - <==    Updates: 1
14:40:11.637 [main] DEBUG c.e.j.m.BookRequestItemMapper.insert - ==>  Preparing: INSERT INTO book_request_items (book_request_id, title, isbn, author_id, published_year, estimated_price) VALUES (?, ?, ?, ?, ?, ?)
14:40:11.637 [main] DEBUG c.e.j.m.BookRequestItemMapper.insert - ==> Parameters: 3(Long), Test-Driven Development(String), 9780321146533(String), null, 2002(Integer), null
14:40:11.637 [main] DEBUG c.e.j.m.BookRequestItemMapper.insert - <==    Updates: 1
14:40:11.638 [main] DEBUG c.e.j.mapper.AuditLogMapper.insert - ==>  Preparing: INSERT INTO audit_logs (user_id, audited_at, action, entity_type, entity_id, detail) VALUES (?, ?, ?, ?, ?, ?)
14:40:11.638 [main] DEBUG c.e.j.mapper.AuditLogMapper.insert - ==> Parameters: 1(Long), 2026-09-11 14:40:11.6360548(Timestamp), SUBMIT(String), BOOK_REQUEST(String), 3(Long), [B@68b9834c(byte[])
14:40:11.638 [main] DEBUG c.e.j.mapper.AuditLogMapper.insert - <==    Updates: 1
14:40:11.638 [main] INFO  c.e.j.service.BookRequestServiceImpl - 送出申請：requestId=3, requesterId=1, 書籍數=1
14:40:11.639 [main] DEBUG c.e.j.m.BookRequestMapper.insert - ==>  Preparing: INSERT INTO book_requests (requester_id, status, requested_at, idempotency_key) VALUES (?, ?, ?, ?)
14:40:11.640 [main] DEBUG c.e.j.m.BookRequestMapper.insert - ==> Parameters: 1(Long), PENDING(String), 2026-09-11 14:40:11.639048(Timestamp), 601adee5-533c-4c8e-821f-55ad139642bd(String)
14:40:11.640 [main] DEBUG c.e.j.m.BookRequestMapper.insert - <==    Updates: 1
14:40:11.640 [main] DEBUG c.e.j.m.BookRequestItemMapper.insert - ==>  Preparing: INSERT INTO book_request_items (book_request_id, title, isbn, author_id, published_year, estimated_price) VALUES (?, ?, ?, ?, ?, ?)
14:40:11.640 [main] DEBUG c.e.j.m.BookRequestItemMapper.insert - ==> Parameters: 4(Long), Working Effectively with Legacy Code(String), null, null, null, null
14:40:11.640 [main] DEBUG c.e.j.m.BookRequestItemMapper.insert - <==    Updates: 1
14:40:11.641 [main] DEBUG c.e.j.mapper.AuditLogMapper.insert - ==>  Preparing: INSERT INTO audit_logs (user_id, audited_at, action, entity_type, entity_id, detail) VALUES (?, ?, ?, ?, ?, ?)
14:40:11.641 [main] DEBUG c.e.j.mapper.AuditLogMapper.insert - ==> Parameters: 1(Long), 2026-09-11 14:40:11.639048(Timestamp), SUBMIT(String), BOOK_REQUEST(String), 4(Long), [B@60c8a093(byte[])
14:40:11.641 [main] DEBUG c.e.j.mapper.AuditLogMapper.insert - <==    Updates: 1
14:40:11.641 [main] INFO  c.e.j.service.BookRequestServiceImpl - 送出申請：requestId=4, requesterId=1, 書籍數=1
14:40:11.642 [main] DEBUG c.e.j.m.BookRequestMapper.insert - ==>  Preparing: INSERT INTO book_requests (requester_id, status, requested_at, idempotency_key) VALUES (?, ?, ?, ?)
14:40:11.642 [main] DEBUG c.e.j.m.BookRequestMapper.insert - ==> Parameters: 1(Long), PENDING(String), 2026-09-11 14:40:11.642048(Timestamp), 704a9f88-b700-4560-9d4c-c9598ad7f390(String)
14:40:11.642 [main] DEBUG c.e.j.m.BookRequestMapper.insert - <==    Updates: 1
14:40:11.642 [main] DEBUG c.e.j.m.BookRequestItemMapper.insert - ==>  Preparing: INSERT INTO book_request_items (book_request_id, title, isbn, author_id, published_year, estimated_price) VALUES (?, ?, ?, ?, ?, ?)
14:40:11.643 [main] DEBUG c.e.j.m.BookRequestItemMapper.insert - ==> Parameters: 5(Long), Continuous Delivery(String), null, null, null, null
14:40:11.643 [main] DEBUG c.e.j.m.BookRequestItemMapper.insert - <==    Updates: 1
14:40:11.643 [main] DEBUG c.e.j.mapper.AuditLogMapper.insert - ==>  Preparing: INSERT INTO audit_logs (user_id, audited_at, action, entity_type, entity_id, detail) VALUES (?, ?, ?, ?, ?, ?)
14:40:11.643 [main] DEBUG c.e.j.mapper.AuditLogMapper.insert - ==> Parameters: 1(Long), 2026-09-11 14:40:11.642048(Timestamp), SUBMIT(String), BOOK_REQUEST(String), 5(Long), [B@25aeb5ac(byte[])
14:40:11.643 [main] DEBUG c.e.j.mapper.AuditLogMapper.insert - <==    Updates: 1
14:40:11.644 [main] INFO  c.e.j.service.BookRequestServiceImpl - 送出申請：requestId=5, requesterId=1, 書籍數=1
14:40:11.644 [main] DEBUG c.e.j.m.BookRequestMapper.insert - ==>  Preparing: INSERT INTO book_requests (requester_id, status, requested_at, idempotency_key) VALUES (?, ?, ?, ?)
14:40:11.644 [main] DEBUG c.e.j.m.BookRequestMapper.insert - ==> Parameters: 1(Long), PENDING(String), 2026-09-11 14:40:11.6440489(Timestamp), 2669fa06-6f25-4f3a-bafb-b231fc770579(String)
14:40:11.644 [main] DEBUG c.e.j.m.BookRequestMapper.insert - <==    Updates: 1
14:40:11.645 [main] DEBUG c.e.j.m.BookRequestItemMapper.insert - ==>  Preparing: INSERT INTO book_request_items (book_request_id, title, isbn, author_id, published_year, estimated_price) VALUES (?, ?, ?, ?, ?, ?)
14:40:11.645 [main] DEBUG c.e.j.m.BookRequestItemMapper.insert - ==> Parameters: 6(Long), Site Reliability Engineering(String), null, null, 2016(Integer), 1200(BigDecimal)
14:40:11.645 [main] DEBUG c.e.j.m.BookRequestItemMapper.insert - <==    Updates: 1
14:40:11.645 [main] DEBUG c.e.j.mapper.AuditLogMapper.insert - ==>  Preparing: INSERT INTO audit_logs (user_id, audited_at, action, entity_type, entity_id, detail) VALUES (?, ?, ?, ?, ?, ?)
14:40:11.645 [main] DEBUG c.e.j.mapper.AuditLogMapper.insert - ==> Parameters: 1(Long), 2026-09-11 14:40:11.6440489(Timestamp), SUBMIT(String), BOOK_REQUEST(String), 6(Long), [B@250a500b(byte[])
14:40:11.646 [main] DEBUG c.e.j.mapper.AuditLogMapper.insert - <==    Updates: 1
14:40:11.646 [main] INFO  c.e.j.service.BookRequestServiceImpl - 送出申請：requestId=6, requesterId=1, 書籍數=1
14:40:11.647 [main] DEBUG c.e.j.m.BookRequestMapper.approve - ==>  Preparing: UPDATE book_requests SET status = 'APPROVED', approver_id = ?, approved_at = ? WHERE id = ? AND status = 'PENDING' AND requester_id != ?
14:40:11.650 [main] DEBUG c.e.j.m.BookRequestMapper.approve - ==> Parameters: 2(Long), 2026-09-11 14:40:11.6470476(Timestamp), 6(Long), 2(Long)
14:40:11.650 [main] DEBUG c.e.j.m.BookRequestMapper.approve - <==    Updates: 1
14:40:11.650 [main] DEBUG c.e.j.m.BookRequestMapper.findById - ==>  Preparing: SELECT * FROM book_requests WHERE id = ?
14:40:11.650 [main] DEBUG c.e.j.m.BookRequestMapper.findById - ==> Parameters: 6(Long)
14:40:11.654 [main] DEBUG c.e.j.m.BookRequestMapper.findById - <==      Total: 1
14:40:11.654 [main] DEBUG c.e.j.m.B.findByBookRequestId - ==>  Preparing: SELECT * FROM book_request_items WHERE book_request_id = ?
14:40:11.654 [main] DEBUG c.e.j.m.B.findByBookRequestId - ==> Parameters: 6(Long)
14:40:11.656 [main] DEBUG c.e.j.m.B.findByBookRequestId - <==      Total: 1
14:40:11.657 [main] DEBUG c.e.j.m.ProcurementItemMapper.insert - ==>  Preparing: INSERT INTO procurement_items (book_request_item_id, status) VALUES (?, ?)
14:40:11.657 [main] DEBUG c.e.j.m.ProcurementItemMapper.insert - ==> Parameters: 7(Long), PENDING(String)
14:40:11.658 [main] DEBUG c.e.j.m.ProcurementItemMapper.insert - <==    Updates: 1
14:40:11.658 [main] DEBUG c.e.j.mapper.AuditLogMapper.insert - ==>  Preparing: INSERT INTO audit_logs (user_id, audited_at, action, entity_type, entity_id, detail) VALUES (?, ?, ?, ?, ?, ?)
14:40:11.659 [main] DEBUG c.e.j.mapper.AuditLogMapper.insert - ==> Parameters: 2(Long), 2026-09-11 14:40:11.6470476(Timestamp), CREATE(String), PROCUREMENT_ITEM(String), 1(Long), [B@4596f8f3(byte[])
14:40:11.659 [main] DEBUG c.e.j.mapper.AuditLogMapper.insert - <==    Updates: 1
14:40:11.659 [main] DEBUG c.e.j.mapper.AuditLogMapper.insert - ==>  Preparing: INSERT INTO audit_logs (user_id, audited_at, action, entity_type, entity_id, detail) VALUES (?, ?, ?, ?, ?, ?)
14:40:11.659 [main] DEBUG c.e.j.mapper.AuditLogMapper.insert - ==> Parameters: 2(Long), 2026-09-11 14:40:11.6470476(Timestamp), APPROVE(String), BOOK_REQUEST(String), 6(Long), [B@ccf91df(byte[])
14:40:11.660 [main] DEBUG c.e.j.mapper.AuditLogMapper.insert - <==    Updates: 1
14:40:11.660 [main] INFO  c.e.j.service.BookRequestServiceImpl - 申請已核准：requestId=6, approverId=2
14:40:11.660 [main] DEBUG c.e.j.m.BookRequestMapper.insert - ==>  Preparing: INSERT INTO book_requests (requester_id, status, requested_at, idempotency_key) VALUES (?, ?, ?, ?)
14:40:11.661 [main] DEBUG c.e.j.m.BookRequestMapper.insert - ==> Parameters: 1(Long), PENDING(String), 2026-09-11 14:40:11.6600513(Timestamp), 7e47272f-65ba-4a3c-9cfe-0adbdecdcbf3(String)
14:40:11.661 [main] DEBUG c.e.j.m.BookRequestMapper.insert - <==    Updates: 1
14:40:11.661 [main] DEBUG c.e.j.m.BookRequestItemMapper.insert - ==>  Preparing: INSERT INTO book_request_items (book_request_id, title, isbn, author_id, published_year, estimated_price) VALUES (?, ?, ?, ?, ?, ?)
14:40:11.661 [main] DEBUG c.e.j.m.BookRequestItemMapper.insert - ==> Parameters: 7(Long), Database Internals(String), null, null, null, null
14:40:11.661 [main] DEBUG c.e.j.m.BookRequestItemMapper.insert - <==    Updates: 1
14:40:11.661 [main] DEBUG c.e.j.m.BookRequestItemMapper.insert - ==>  Preparing: INSERT INTO book_request_items (book_request_id, title, isbn, author_id, published_year, estimated_price) VALUES (?, ?, ?, ?, ?, ?)
14:40:11.661 [main] DEBUG c.e.j.m.BookRequestItemMapper.insert - ==> Parameters: 7(Long), Designing Data-Intensive Applications(String), 9781449373320(String), null, 2017(Integer), 1500(BigDecimal)
14:40:11.661 [main] DEBUG c.e.j.m.BookRequestItemMapper.insert - <==    Updates: 1
14:40:11.662 [main] DEBUG c.e.j.mapper.AuditLogMapper.insert - ==>  Preparing: INSERT INTO audit_logs (user_id, audited_at, action, entity_type, entity_id, detail) VALUES (?, ?, ?, ?, ?, ?)
14:40:11.662 [main] DEBUG c.e.j.mapper.AuditLogMapper.insert - ==> Parameters: 1(Long), 2026-09-11 14:40:11.6600513(Timestamp), SUBMIT(String), BOOK_REQUEST(String), 7(Long), [B@2370ac7a(byte[])
14:40:11.662 [main] DEBUG c.e.j.mapper.AuditLogMapper.insert - <==    Updates: 1
14:40:11.662 [main] INFO  c.e.j.service.BookRequestServiceImpl - 送出申請：requestId=7, requesterId=1, 書籍數=2
14:40:11.663 [main] DEBUG c.e.j.m.BookRequestMapper.approve - ==>  Preparing: UPDATE book_requests SET status = 'APPROVED', approver_id = ?, approved_at = ? WHERE id = ? AND status = 'PENDING' AND requester_id != ?
14:40:11.663 [main] DEBUG c.e.j.m.BookRequestMapper.approve - ==> Parameters: 2(Long), 2026-09-11 14:40:11.663046(Timestamp), 7(Long), 2(Long)
14:40:11.663 [main] DEBUG c.e.j.m.BookRequestMapper.approve - <==    Updates: 1
14:40:11.663 [main] DEBUG c.e.j.m.BookRequestMapper.findById - ==>  Preparing: SELECT * FROM book_requests WHERE id = ?
14:40:11.664 [main] DEBUG c.e.j.m.BookRequestMapper.findById - ==> Parameters: 7(Long)
14:40:11.664 [main] DEBUG c.e.j.m.BookRequestMapper.findById - <==      Total: 1
14:40:11.664 [main] DEBUG c.e.j.m.B.findByBookRequestId - ==>  Preparing: SELECT * FROM book_request_items WHERE book_request_id = ?
14:40:11.664 [main] DEBUG c.e.j.m.B.findByBookRequestId - ==> Parameters: 7(Long)
14:40:11.665 [main] DEBUG c.e.j.m.B.findByBookRequestId - <==      Total: 2
14:40:11.665 [main] DEBUG c.e.j.m.ProcurementItemMapper.insert - ==>  Preparing: INSERT INTO procurement_items (book_request_item_id, status) VALUES (?, ?)
14:40:11.665 [main] DEBUG c.e.j.m.ProcurementItemMapper.insert - ==> Parameters: 8(Long), PENDING(String)
14:40:11.665 [main] DEBUG c.e.j.m.ProcurementItemMapper.insert - <==    Updates: 1
14:40:11.665 [main] DEBUG c.e.j.mapper.AuditLogMapper.insert - ==>  Preparing: INSERT INTO audit_logs (user_id, audited_at, action, entity_type, entity_id, detail) VALUES (?, ?, ?, ?, ?, ?)
14:40:11.666 [main] DEBUG c.e.j.mapper.AuditLogMapper.insert - ==> Parameters: 2(Long), 2026-09-11 14:40:11.663046(Timestamp), CREATE(String), PROCUREMENT_ITEM(String), 2(Long), [B@21505815(byte[])
14:40:11.666 [main] DEBUG c.e.j.mapper.AuditLogMapper.insert - <==    Updates: 1
14:40:11.666 [main] DEBUG c.e.j.m.ProcurementItemMapper.insert - ==>  Preparing: INSERT INTO procurement_items (book_request_item_id, status) VALUES (?, ?)
14:40:11.666 [main] DEBUG c.e.j.m.ProcurementItemMapper.insert - ==> Parameters: 9(Long), PENDING(String)
14:40:11.666 [main] DEBUG c.e.j.m.ProcurementItemMapper.insert - <==    Updates: 1
14:40:11.666 [main] DEBUG c.e.j.mapper.AuditLogMapper.insert - ==>  Preparing: INSERT INTO audit_logs (user_id, audited_at, action, entity_type, entity_id, detail) VALUES (?, ?, ?, ?, ?, ?)
14:40:11.666 [main] DEBUG c.e.j.mapper.AuditLogMapper.insert - ==> Parameters: 2(Long), 2026-09-11 14:40:11.663046(Timestamp), CREATE(String), PROCUREMENT_ITEM(String), 3(Long), [B@7e53339(byte[])
14:40:11.667 [main] DEBUG c.e.j.mapper.AuditLogMapper.insert - <==    Updates: 1
14:40:11.667 [main] DEBUG c.e.j.mapper.AuditLogMapper.insert - ==>  Preparing: INSERT INTO audit_logs (user_id, audited_at, action, entity_type, entity_id, detail) VALUES (?, ?, ?, ?, ?, ?)
14:40:11.667 [main] DEBUG c.e.j.mapper.AuditLogMapper.insert - ==> Parameters: 2(Long), 2026-09-11 14:40:11.663046(Timestamp), APPROVE(String), BOOK_REQUEST(String), 7(Long), [B@58fef7f7(byte[])
14:40:11.667 [main] DEBUG c.e.j.mapper.AuditLogMapper.insert - <==    Updates: 1
14:40:11.667 [main] INFO  c.e.j.service.BookRequestServiceImpl - 申請已核准：requestId=7, approverId=2
14:40:11.668 [main] DEBUG c.e.j.m.BookRequestMapper.insert - ==>  Preparing: INSERT INTO book_requests (requester_id, status, requested_at, idempotency_key) VALUES (?, ?, ?, ?)
14:40:11.668 [main] DEBUG c.e.j.m.BookRequestMapper.insert - ==> Parameters: 1(Long), PENDING(String), 2026-09-11 14:40:11.6680469(Timestamp), 7478de48-ccdc-464a-ad0e-18f351ee2e78(String)
14:40:11.668 [main] DEBUG c.e.j.m.BookRequestMapper.insert - <==    Updates: 1
14:40:11.668 [main] DEBUG c.e.j.m.BookRequestItemMapper.insert - ==>  Preparing: INSERT INTO book_request_items (book_request_id, title, isbn, author_id, published_year, estimated_price) VALUES (?, ?, ?, ?, ?, ?)
14:40:11.669 [main] DEBUG c.e.j.m.BookRequestItemMapper.insert - ==> Parameters: 8(Long), The Clean Coder(String), null, null, null, null
14:40:11.669 [main] DEBUG c.e.j.m.BookRequestItemMapper.insert - <==    Updates: 1
14:40:11.669 [main] DEBUG c.e.j.mapper.AuditLogMapper.insert - ==>  Preparing: INSERT INTO audit_logs (user_id, audited_at, action, entity_type, entity_id, detail) VALUES (?, ?, ?, ?, ?, ?)
14:40:11.669 [main] DEBUG c.e.j.mapper.AuditLogMapper.insert - ==> Parameters: 1(Long), 2026-09-11 14:40:11.6680469(Timestamp), SUBMIT(String), BOOK_REQUEST(String), 8(Long), [B@3c3c4a71(byte[])
14:40:11.669 [main] DEBUG c.e.j.mapper.AuditLogMapper.insert - <==    Updates: 1
14:40:11.669 [main] INFO  c.e.j.service.BookRequestServiceImpl - 送出申請：requestId=8, requesterId=1, 書籍數=1
14:40:11.670 [main] DEBUG c.e.j.m.BookRequestMapper.approve - ==>  Preparing: UPDATE book_requests SET status = 'APPROVED', approver_id = ?, approved_at = ? WHERE id = ? AND status = 'PENDING' AND requester_id != ?
14:40:11.670 [main] DEBUG c.e.j.m.BookRequestMapper.approve - ==> Parameters: 2(Long), 2026-09-11 14:40:11.6700544(Timestamp), 8(Long), 2(Long)
14:40:11.670 [main] DEBUG c.e.j.m.BookRequestMapper.approve - <==    Updates: 1
14:40:11.671 [main] DEBUG c.e.j.m.BookRequestMapper.findById - ==>  Preparing: SELECT * FROM book_requests WHERE id = ?
14:40:11.671 [main] DEBUG c.e.j.m.BookRequestMapper.findById - ==> Parameters: 8(Long)
14:40:11.672 [main] DEBUG c.e.j.m.BookRequestMapper.findById - <==      Total: 1
14:40:11.672 [main] DEBUG c.e.j.m.B.findByBookRequestId - ==>  Preparing: SELECT * FROM book_request_items WHERE book_request_id = ?
14:40:11.672 [main] DEBUG c.e.j.m.B.findByBookRequestId - ==> Parameters: 8(Long)
14:40:11.672 [main] DEBUG c.e.j.m.B.findByBookRequestId - <==      Total: 1
14:40:11.672 [main] DEBUG c.e.j.m.ProcurementItemMapper.insert - ==>  Preparing: INSERT INTO procurement_items (book_request_item_id, status) VALUES (?, ?)
14:40:11.673 [main] DEBUG c.e.j.m.ProcurementItemMapper.insert - ==> Parameters: 10(Long), PENDING(String)
14:40:11.673 [main] DEBUG c.e.j.m.ProcurementItemMapper.insert - <==    Updates: 1
14:40:11.673 [main] DEBUG c.e.j.mapper.AuditLogMapper.insert - ==>  Preparing: INSERT INTO audit_logs (user_id, audited_at, action, entity_type, entity_id, detail) VALUES (?, ?, ?, ?, ?, ?)
14:40:11.673 [main] DEBUG c.e.j.mapper.AuditLogMapper.insert - ==> Parameters: 2(Long), 2026-09-11 14:40:11.6700544(Timestamp), CREATE(String), PROCUREMENT_ITEM(String), 4(Long), [B@2b6fcb9f(byte[])
14:40:11.673 [main] DEBUG c.e.j.mapper.AuditLogMapper.insert - <==    Updates: 1
14:40:11.674 [main] DEBUG c.e.j.mapper.AuditLogMapper.insert - ==>  Preparing: INSERT INTO audit_logs (user_id, audited_at, action, entity_type, entity_id, detail) VALUES (?, ?, ?, ?, ?, ?)
14:40:11.674 [main] DEBUG c.e.j.mapper.AuditLogMapper.insert - ==> Parameters: 2(Long), 2026-09-11 14:40:11.6700544(Timestamp), APPROVE(String), BOOK_REQUEST(String), 8(Long), [B@75de6341(byte[])
14:40:11.674 [main] DEBUG c.e.j.mapper.AuditLogMapper.insert - <==    Updates: 1
14:40:11.675 [main] INFO  c.e.j.service.BookRequestServiceImpl - 申請已核准：requestId=8, approverId=2
14:40:11.675 [main] DEBUG c.e.j.m.BookRequestMapper.insert - ==>  Preparing: INSERT INTO book_requests (requester_id, status, requested_at, idempotency_key) VALUES (?, ?, ?, ?)
14:40:11.676 [main] DEBUG c.e.j.m.BookRequestMapper.insert - ==> Parameters: 1(Long), PENDING(String), 2026-09-11 14:40:11.6753085(Timestamp), 26e2f5b0-6d42-4a9a-b0fd-04a1298061fb(String)
14:40:11.676 [main] DEBUG c.e.j.m.BookRequestMapper.insert - <==    Updates: 1
14:40:11.676 [main] DEBUG c.e.j.m.BookRequestItemMapper.insert - ==>  Preparing: INSERT INTO book_request_items (book_request_id, title, isbn, author_id, published_year, estimated_price) VALUES (?, ?, ?, ?, ?, ?)
14:40:11.676 [main] DEBUG c.e.j.m.BookRequestItemMapper.insert - ==> Parameters: 9(Long), Release It!(String), null, null, null, null
14:40:11.676 [main] DEBUG c.e.j.m.BookRequestItemMapper.insert - <==    Updates: 1
14:40:11.677 [main] DEBUG c.e.j.mapper.AuditLogMapper.insert - ==>  Preparing: INSERT INTO audit_logs (user_id, audited_at, action, entity_type, entity_id, detail) VALUES (?, ?, ?, ?, ?, ?)
14:40:11.677 [main] DEBUG c.e.j.mapper.AuditLogMapper.insert - ==> Parameters: 1(Long), 2026-09-11 14:40:11.6753085(Timestamp), SUBMIT(String), BOOK_REQUEST(String), 9(Long), [B@181d8899(byte[])
14:40:11.678 [main] DEBUG c.e.j.mapper.AuditLogMapper.insert - <==    Updates: 1
14:40:11.678 [main] INFO  c.e.j.service.BookRequestServiceImpl - 送出申請：requestId=9, requesterId=1, 書籍數=1
14:40:11.678 [main] DEBUG c.e.j.m.BookRequestMapper.approve - ==>  Preparing: UPDATE book_requests SET status = 'APPROVED', approver_id = ?, approved_at = ? WHERE id = ? AND status = 'PENDING' AND requester_id != ?
14:40:11.679 [main] DEBUG c.e.j.m.BookRequestMapper.approve - ==> Parameters: 2(Long), 2026-09-11 14:40:11.6783078(Timestamp), 9(Long), 2(Long)
14:40:11.679 [main] DEBUG c.e.j.m.BookRequestMapper.approve - <==    Updates: 1
14:40:11.679 [main] DEBUG c.e.j.m.BookRequestMapper.findById - ==>  Preparing: SELECT * FROM book_requests WHERE id = ?
14:40:11.679 [main] DEBUG c.e.j.m.BookRequestMapper.findById - ==> Parameters: 9(Long)
14:40:11.679 [main] DEBUG c.e.j.m.BookRequestMapper.findById - <==      Total: 1
14:40:11.679 [main] DEBUG c.e.j.m.B.findByBookRequestId - ==>  Preparing: SELECT * FROM book_request_items WHERE book_request_id = ?
14:40:11.679 [main] DEBUG c.e.j.m.B.findByBookRequestId - ==> Parameters: 9(Long)
14:40:11.680 [main] DEBUG c.e.j.m.B.findByBookRequestId - <==      Total: 1
14:40:11.680 [main] DEBUG c.e.j.m.ProcurementItemMapper.insert - ==>  Preparing: INSERT INTO procurement_items (book_request_item_id, status) VALUES (?, ?)
14:40:11.680 [main] DEBUG c.e.j.m.ProcurementItemMapper.insert - ==> Parameters: 11(Long), PENDING(String)
14:40:11.680 [main] DEBUG c.e.j.m.ProcurementItemMapper.insert - <==    Updates: 1
14:40:11.680 [main] DEBUG c.e.j.mapper.AuditLogMapper.insert - ==>  Preparing: INSERT INTO audit_logs (user_id, audited_at, action, entity_type, entity_id, detail) VALUES (?, ?, ?, ?, ?, ?)
14:40:11.680 [main] DEBUG c.e.j.mapper.AuditLogMapper.insert - ==> Parameters: 2(Long), 2026-09-11 14:40:11.6783078(Timestamp), CREATE(String), PROCUREMENT_ITEM(String), 5(Long), [B@6e041285(byte[])
14:40:11.680 [main] DEBUG c.e.j.mapper.AuditLogMapper.insert - <==    Updates: 1
14:40:11.680 [main] DEBUG c.e.j.mapper.AuditLogMapper.insert - ==>  Preparing: INSERT INTO audit_logs (user_id, audited_at, action, entity_type, entity_id, detail) VALUES (?, ?, ?, ?, ?, ?)
14:40:11.681 [main] DEBUG c.e.j.mapper.AuditLogMapper.insert - ==> Parameters: 2(Long), 2026-09-11 14:40:11.6783078(Timestamp), APPROVE(String), BOOK_REQUEST(String), 9(Long), [B@267dc982(byte[])
14:40:11.681 [main] DEBUG c.e.j.mapper.AuditLogMapper.insert - <==    Updates: 1
14:40:11.681 [main] INFO  c.e.j.service.BookRequestServiceImpl - 申請已核准：requestId=9, approverId=2
14:40:11.681 [main] DEBUG c.e.j.m.BookRequestMapper.insert - ==>  Preparing: INSERT INTO book_requests (requester_id, status, requested_at, idempotency_key) VALUES (?, ?, ?, ?)
14:40:11.681 [main] DEBUG c.e.j.m.BookRequestMapper.insert - ==> Parameters: 1(Long), PENDING(String), 2026-09-11 14:40:11.6817727(Timestamp), e97cf888-101c-4d36-9f89-acd33a221100(String)
14:40:11.682 [main] DEBUG c.e.j.m.BookRequestMapper.insert - <==    Updates: 1
14:40:11.682 [main] DEBUG c.e.j.m.BookRequestItemMapper.insert - ==>  Preparing: INSERT INTO book_request_items (book_request_id, title, isbn, author_id, published_year, estimated_price) VALUES (?, ?, ?, ?, ?, ?)
14:40:11.682 [main] DEBUG c.e.j.m.BookRequestItemMapper.insert - ==> Parameters: 10(Long), Overpriced Book(String), null, null, null, 99999(BigDecimal)
14:40:11.682 [main] DEBUG c.e.j.m.BookRequestItemMapper.insert - <==    Updates: 1
14:40:11.682 [main] DEBUG c.e.j.mapper.AuditLogMapper.insert - ==>  Preparing: INSERT INTO audit_logs (user_id, audited_at, action, entity_type, entity_id, detail) VALUES (?, ?, ?, ?, ?, ?)
14:40:11.682 [main] DEBUG c.e.j.mapper.AuditLogMapper.insert - ==> Parameters: 1(Long), 2026-09-11 14:40:11.6817727(Timestamp), SUBMIT(String), BOOK_REQUEST(String), 10(Long), [B@74fab04a(byte[])
14:40:11.683 [main] DEBUG c.e.j.mapper.AuditLogMapper.insert - <==    Updates: 1
14:40:11.683 [main] INFO  c.e.j.service.BookRequestServiceImpl - 送出申請：requestId=10, requesterId=1, 書籍數=1
14:40:11.684 [main] DEBUG c.e.j.m.BookRequestMapper.reject - ==>  Preparing: UPDATE book_requests SET status = 'REJECTED', approver_id = ?, approved_at = ? WHERE id = ? AND status = 'PENDING' AND requester_id != ?
14:40:11.684 [main] DEBUG c.e.j.m.BookRequestMapper.reject - ==> Parameters: 2(Long), 2026-09-11 14:40:11.6837616(Timestamp), 10(Long), 2(Long)
14:40:11.684 [main] DEBUG c.e.j.m.BookRequestMapper.reject - <==    Updates: 1
14:40:11.684 [main] DEBUG c.e.j.m.BookRequestMapper.findById - ==>  Preparing: SELECT * FROM book_requests WHERE id = ?
14:40:11.684 [main] DEBUG c.e.j.m.BookRequestMapper.findById - ==> Parameters: 10(Long)
14:40:11.685 [main] DEBUG c.e.j.m.BookRequestMapper.findById - <==      Total: 1
14:40:11.685 [main] DEBUG c.e.j.mapper.AuditLogMapper.insert - ==>  Preparing: INSERT INTO audit_logs (user_id, audited_at, action, entity_type, entity_id, detail) VALUES (?, ?, ?, ?, ?, ?)
14:40:11.685 [main] DEBUG c.e.j.mapper.AuditLogMapper.insert - ==> Parameters: 2(Long), 2026-09-11 14:40:11.6837616(Timestamp), REJECT(String), BOOK_REQUEST(String), 10(Long), [B@3a37a501(byte[])
14:40:11.686 [main] DEBUG c.e.j.mapper.AuditLogMapper.insert - <==    Updates: 1
14:40:11.686 [main] INFO  c.e.j.service.BookRequestServiceImpl - 申請已拒絕：requestId=10, approverId=2
14:40:11.686 [main] DEBUG c.e.j.m.BookRequestMapper.insert - ==>  Preparing: INSERT INTO book_requests (requester_id, status, requested_at, idempotency_key) VALUES (?, ?, ?, ?)
14:40:11.686 [main] DEBUG c.e.j.m.BookRequestMapper.insert - ==> Parameters: 1(Long), PENDING(String), 2026-09-11 14:40:11.6867676(Timestamp), 6001bfbb-ca77-4bb6-941e-a22de3e741a8(String)
14:40:11.687 [main] DEBUG c.e.j.m.BookRequestMapper.insert - <==    Updates: 1
14:40:11.687 [main] DEBUG c.e.j.m.BookRequestItemMapper.insert - ==>  Preparing: INSERT INTO book_request_items (book_request_id, title, isbn, author_id, published_year, estimated_price) VALUES (?, ?, ?, ?, ?, ?)
14:40:11.687 [main] DEBUG c.e.j.m.BookRequestItemMapper.insert - ==> Parameters: 11(Long), Duplicate Request Example(String), null, null, null, null
14:40:11.687 [main] DEBUG c.e.j.m.BookRequestItemMapper.insert - <==    Updates: 1
14:40:11.687 [main] DEBUG c.e.j.mapper.AuditLogMapper.insert - ==>  Preparing: INSERT INTO audit_logs (user_id, audited_at, action, entity_type, entity_id, detail) VALUES (?, ?, ?, ?, ?, ?)
14:40:11.688 [main] DEBUG c.e.j.mapper.AuditLogMapper.insert - ==> Parameters: 1(Long), 2026-09-11 14:40:11.6867676(Timestamp), SUBMIT(String), BOOK_REQUEST(String), 11(Long), [B@17143b3b(byte[])
14:40:11.688 [main] DEBUG c.e.j.mapper.AuditLogMapper.insert - <==    Updates: 1
14:40:11.688 [main] INFO  c.e.j.service.BookRequestServiceImpl - 送出申請：requestId=11, requesterId=1, 書籍數=1
14:40:11.689 [main] DEBUG c.e.j.m.BookRequestMapper.reject - ==>  Preparing: UPDATE book_requests SET status = 'REJECTED', approver_id = ?, approved_at = ? WHERE id = ? AND status = 'PENDING' AND requester_id != ?
14:40:11.689 [main] DEBUG c.e.j.m.BookRequestMapper.reject - ==> Parameters: 2(Long), 2026-09-11 14:40:11.6887619(Timestamp), 11(Long), 2(Long)
14:40:11.689 [main] DEBUG c.e.j.m.BookRequestMapper.reject - <==    Updates: 1
14:40:11.689 [main] DEBUG c.e.j.m.BookRequestMapper.findById - ==>  Preparing: SELECT * FROM book_requests WHERE id = ?
14:40:11.689 [main] DEBUG c.e.j.m.BookRequestMapper.findById - ==> Parameters: 11(Long)
14:40:11.690 [main] DEBUG c.e.j.m.BookRequestMapper.findById - <==      Total: 1
14:40:11.690 [main] DEBUG c.e.j.mapper.AuditLogMapper.insert - ==>  Preparing: INSERT INTO audit_logs (user_id, audited_at, action, entity_type, entity_id, detail) VALUES (?, ?, ?, ?, ?, ?)
14:40:11.690 [main] DEBUG c.e.j.mapper.AuditLogMapper.insert - ==> Parameters: 2(Long), 2026-09-11 14:40:11.6887619(Timestamp), REJECT(String), BOOK_REQUEST(String), 11(Long), [B@268cbb86(byte[])
14:40:11.690 [main] DEBUG c.e.j.mapper.AuditLogMapper.insert - <==    Updates: 1
14:40:11.690 [main] INFO  c.e.j.service.BookRequestServiceImpl - 申請已拒絕：requestId=11, approverId=2
14:40:11.691 [main] DEBUG c.e.j.m.BookRequestMapper.insert - ==>  Preparing: INSERT INTO book_requests (requester_id, status, requested_at, idempotency_key) VALUES (?, ?, ?, ?)
14:40:11.691 [main] DEBUG c.e.j.m.BookRequestMapper.insert - ==> Parameters: 1(Long), PENDING(String), 2026-09-11 14:40:11.6917658(Timestamp), b2a6f104-9155-4c89-82b1-a7f3d10af584(String)
14:40:11.691 [main] DEBUG c.e.j.m.BookRequestMapper.insert - <==    Updates: 1
14:40:11.691 [main] DEBUG c.e.j.m.BookRequestItemMapper.insert - ==>  Preparing: INSERT INTO book_request_items (book_request_id, title, isbn, author_id, published_year, estimated_price) VALUES (?, ?, ?, ?, ?, ?)
14:40:11.691 [main] DEBUG c.e.j.m.BookRequestItemMapper.insert - ==> Parameters: 12(Long), Out of Scope Book(String), null, null, null, null
14:40:11.691 [main] DEBUG c.e.j.m.BookRequestItemMapper.insert - <==    Updates: 1
14:40:11.692 [main] DEBUG c.e.j.mapper.AuditLogMapper.insert - ==>  Preparing: INSERT INTO audit_logs (user_id, audited_at, action, entity_type, entity_id, detail) VALUES (?, ?, ?, ?, ?, ?)
14:40:11.692 [main] DEBUG c.e.j.mapper.AuditLogMapper.insert - ==> Parameters: 1(Long), 2026-09-11 14:40:11.6917658(Timestamp), SUBMIT(String), BOOK_REQUEST(String), 12(Long), [B@54e02f6a(byte[])
14:40:11.692 [main] DEBUG c.e.j.mapper.AuditLogMapper.insert - <==    Updates: 1
14:40:11.692 [main] INFO  c.e.j.service.BookRequestServiceImpl - 送出申請：requestId=12, requesterId=1, 書籍數=1
14:40:11.692 [main] DEBUG c.e.j.m.BookRequestMapper.reject - ==>  Preparing: UPDATE book_requests SET status = 'REJECTED', approver_id = ?, approved_at = ? WHERE id = ? AND status = 'PENDING' AND requester_id != ?
14:40:11.693 [main] DEBUG c.e.j.m.BookRequestMapper.reject - ==> Parameters: 2(Long), 2026-09-11 14:40:11.6927626(Timestamp), 12(Long), 2(Long)
14:40:11.693 [main] DEBUG c.e.j.m.BookRequestMapper.reject - <==    Updates: 1
14:40:11.693 [main] DEBUG c.e.j.m.BookRequestMapper.findById - ==>  Preparing: SELECT * FROM book_requests WHERE id = ?
14:40:11.693 [main] DEBUG c.e.j.m.BookRequestMapper.findById - ==> Parameters: 12(Long)
14:40:11.693 [main] DEBUG c.e.j.m.BookRequestMapper.findById - <==      Total: 1
14:40:11.693 [main] DEBUG c.e.j.mapper.AuditLogMapper.insert - ==>  Preparing: INSERT INTO audit_logs (user_id, audited_at, action, entity_type, entity_id, detail) VALUES (?, ?, ?, ?, ?, ?)
14:40:11.694 [main] DEBUG c.e.j.mapper.AuditLogMapper.insert - ==> Parameters: 2(Long), 2026-09-11 14:40:11.6927626(Timestamp), REJECT(String), BOOK_REQUEST(String), 12(Long), [B@788ddc1f(byte[])
14:40:11.694 [main] DEBUG c.e.j.mapper.AuditLogMapper.insert - <==    Updates: 1
14:40:11.694 [main] INFO  c.e.j.service.BookRequestServiceImpl - 申請已拒絕：requestId=12, approverId=2
14:40:11.695 [main] DEBUG c.e.j.m.B.findByStatus - ==>  Preparing: SELECT * FROM book_requests WHERE status = ? ORDER BY requested_at
14:40:11.695 [main] DEBUG c.e.j.m.B.findByStatus - ==> Parameters: PENDING(String)
14:40:11.695 [main] DEBUG c.e.j.m.B.findByStatus - <==      Total: 5
14:40:11.696 [main] DEBUG c.e.j.m.B.findByStatus - ==>  Preparing: SELECT * FROM book_requests WHERE status = ? ORDER BY requested_at
14:40:11.696 [main] DEBUG c.e.j.m.B.findByStatus - ==> Parameters: APPROVED(String)
14:40:11.696 [main] DEBUG c.e.j.m.B.findByStatus - <==      Total: 4
14:40:11.697 [main] DEBUG c.e.j.m.B.findByStatus - ==>  Preparing: SELECT * FROM book_requests WHERE status = ? ORDER BY requested_at
14:40:11.697 [main] DEBUG c.e.j.m.B.findByStatus - ==> Parameters: REJECTED(String)
14:40:11.697 [main] DEBUG c.e.j.m.B.findByStatus - <==      Total: 3
14:40:11.698 [main] DEBUG c.e.j.m.BookRequestMapper.findAll - ==>  Preparing: SELECT * FROM book_requests
14:40:11.698 [main] DEBUG c.e.j.m.BookRequestMapper.findAll - ==> Parameters: 
14:40:11.699 [main] DEBUG c.e.j.m.BookRequestMapper.findAll - <==      Total: 12
14:40:20.258 [main] DEBUG c.e.j.mapper.CategoryMapper.insert - ==>  Preparing: INSERT INTO categories (name) VALUES (?)
14:40:20.273 [main] DEBUG c.e.j.mapper.CategoryMapper.insert - ==> Parameters: Programming(String)
14:40:20.273 [main] DEBUG c.e.j.mapper.CategoryMapper.insert - <==    Updates: 1
14:40:20.277 [main] DEBUG c.e.j.mapper.CategoryMapper.insert - ==>  Preparing: INSERT INTO categories (name) VALUES (?)
14:40:20.277 [main] DEBUG c.e.j.mapper.CategoryMapper.insert - ==> Parameters: Architecture(String)
14:40:20.278 [main] DEBUG c.e.j.mapper.CategoryMapper.insert - <==    Updates: 1
14:40:20.279 [main] DEBUG c.e.j.mapper.CategoryMapper.insert - ==>  Preparing: INSERT INTO categories (name) VALUES (?)
14:40:20.279 [main] DEBUG c.e.j.mapper.CategoryMapper.insert - ==> Parameters: Best Practice(String)
14:40:20.280 [main] DEBUG c.e.j.mapper.CategoryMapper.insert - <==    Updates: 1
14:40:20.281 [main] DEBUG c.e.j.mapper.BookMapper.insert - ==>  Preparing: INSERT INTO books (title, isbn, author_id, published_year) VALUES (?, ?, ?, ?)
14:40:20.287 [main] DEBUG c.e.j.mapper.BookMapper.insert - ==> Parameters: Effective Java(String), 9780134685991(String), 1(Long), 2018(Integer)
14:40:20.288 [main] DEBUG c.e.j.mapper.BookMapper.insert - <==    Updates: 1
14:40:20.297 [main] DEBUG c.e.j.m.B.deleteCategoriesByBookId - ==>  Preparing: DELETE FROM books_categories bc WHERE bc.book_id = ?
14:40:20.297 [main] DEBUG c.e.j.m.B.deleteCategoriesByBookId - ==> Parameters: 1(Long)
14:40:20.298 [main] DEBUG c.e.j.m.B.deleteCategoriesByBookId - <==    Updates: 0
14:40:20.311 [main] DEBUG c.e.j.m.B.insertBookCategories - ==>  Preparing: INSERT INTO books_categories (book_id, category_id) VALUES (?, ?) , (?, ?)
14:40:20.311 [main] DEBUG c.e.j.m.B.insertBookCategories - ==> Parameters: 1(Long), 1(Long), 1(Long), 3(Long)
14:40:20.311 [main] DEBUG c.e.j.m.B.insertBookCategories - <==    Updates: 2
14:40:20.313 [main] DEBUG c.e.j.mapper.BookMapper.insert - ==>  Preparing: INSERT INTO books (title, isbn, author_id, published_year) VALUES (?, ?, ?, ?)
14:40:20.313 [main] DEBUG c.e.j.mapper.BookMapper.insert - ==> Parameters: Clean Code(String), 9780132350884(String), 2(Long), 2008(Integer)
14:40:20.314 [main] DEBUG c.e.j.mapper.BookMapper.insert - <==    Updates: 1
14:40:20.315 [main] DEBUG c.e.j.m.B.deleteCategoriesByBookId - ==>  Preparing: DELETE FROM books_categories bc WHERE bc.book_id = ?
14:40:20.315 [main] DEBUG c.e.j.m.B.deleteCategoriesByBookId - ==> Parameters: 2(Long)
14:40:20.315 [main] DEBUG c.e.j.m.B.deleteCategoriesByBookId - <==    Updates: 0
14:40:20.315 [main] DEBUG c.e.j.m.B.insertBookCategories - ==>  Preparing: INSERT INTO books_categories (book_id, category_id) VALUES (?, ?)
14:40:20.316 [main] DEBUG c.e.j.m.B.insertBookCategories - ==> Parameters: 2(Long), 3(Long)
14:40:20.316 [main] DEBUG c.e.j.m.B.insertBookCategories - <==    Updates: 1
14:40:20.317 [main] DEBUG c.e.j.mapper.BookMapper.insert - ==>  Preparing: INSERT INTO books (title, isbn, author_id, published_year) VALUES (?, ?, ?, ?)
14:40:20.317 [main] DEBUG c.e.j.mapper.BookMapper.insert - ==> Parameters: Domain-Driven Design(String), 9780321125217(String), 3(Long), 2003(Integer)
14:40:20.317 [main] DEBUG c.e.j.mapper.BookMapper.insert - <==    Updates: 1
14:40:20.318 [main] DEBUG c.e.j.m.B.deleteCategoriesByBookId - ==>  Preparing: DELETE FROM books_categories bc WHERE bc.book_id = ?
14:40:20.318 [main] DEBUG c.e.j.m.B.deleteCategoriesByBookId - ==> Parameters: 3(Long)
14:40:20.319 [main] DEBUG c.e.j.m.B.deleteCategoriesByBookId - <==    Updates: 0
14:40:20.319 [main] DEBUG c.e.j.m.B.insertBookCategories - ==>  Preparing: INSERT INTO books_categories (book_id, category_id) VALUES (?, ?)
14:40:20.319 [main] DEBUG c.e.j.m.B.insertBookCategories - ==> Parameters: 3(Long), 2(Long)
14:40:20.319 [main] DEBUG c.e.j.m.B.insertBookCategories - <==    Updates: 1
14:40:20.320 [main] DEBUG c.e.j.mapper.BookMapper.insert - ==>  Preparing: INSERT INTO books (title, isbn, author_id, published_year) VALUES (?, ?, ?, ?)
14:40:20.321 [main] DEBUG c.e.j.mapper.BookMapper.insert - ==> Parameters: Clean Architecture(String), 9780134494166(String), 2(Long), 2017(Integer)
14:40:20.321 [main] DEBUG c.e.j.mapper.BookMapper.insert - <==    Updates: 1
14:40:20.322 [main] DEBUG c.e.j.m.B.deleteCategoriesByBookId - ==>  Preparing: DELETE FROM books_categories bc WHERE bc.book_id = ?
14:40:20.322 [main] DEBUG c.e.j.m.B.deleteCategoriesByBookId - ==> Parameters: 4(Long)
14:40:20.323 [main] DEBUG c.e.j.m.B.deleteCategoriesByBookId - <==    Updates: 0
14:40:20.324 [main] DEBUG c.e.j.m.B.insertBookCategories - ==>  Preparing: INSERT INTO books_categories (book_id, category_id) VALUES (?, ?) , (?, ?)
14:40:20.324 [main] DEBUG c.e.j.m.B.insertBookCategories - ==> Parameters: 4(Long), 2(Long), 4(Long), 3(Long)
14:40:20.324 [main] DEBUG c.e.j.m.B.insertBookCategories - <==    Updates: 2
14:40:20.325 [main] DEBUG c.e.j.mapper.BookMapper.insert - ==>  Preparing: INSERT INTO books (title, isbn, author_id, published_year) VALUES (?, ?, ?, ?)
14:40:20.326 [main] DEBUG c.e.j.mapper.BookMapper.insert - ==> Parameters: Java Concurrency in Practice(String), 9780321349606(String), 1(Long), 2006(Integer)
14:40:20.326 [main] DEBUG c.e.j.mapper.BookMapper.insert - <==    Updates: 1
14:40:20.327 [main] DEBUG c.e.j.m.B.deleteCategoriesByBookId - ==>  Preparing: DELETE FROM books_categories bc WHERE bc.book_id = ?
14:40:20.327 [main] DEBUG c.e.j.m.B.deleteCategoriesByBookId - ==> Parameters: 5(Long)
14:40:20.328 [main] DEBUG c.e.j.m.B.deleteCategoriesByBookId - <==    Updates: 0
14:40:20.328 [main] DEBUG c.e.j.m.B.insertBookCategories - ==>  Preparing: INSERT INTO books_categories (book_id, category_id) VALUES (?, ?)
14:40:20.328 [main] DEBUG c.e.j.m.B.insertBookCategories - ==> Parameters: 5(Long), 1(Long)
14:40:20.329 [main] DEBUG c.e.j.m.B.insertBookCategories - <==    Updates: 1
14:40:20.330 [main] DEBUG c.e.j.mapper.BookMapper.insert - ==>  Preparing: INSERT INTO books (title, isbn, author_id, published_year) VALUES (?, ?, ?, ?)
14:40:20.330 [main] DEBUG c.e.j.mapper.BookMapper.insert - ==> Parameters: Java Concurrency in Practice(String), 9780321349606(String), 1(Long), 2006(Integer)
14:40:20.331 [main] DEBUG c.e.j.mapper.BookMapper.insert - <==    Updates: 1
14:40:20.331 [main] DEBUG c.e.j.m.B.deleteCategoriesByBookId - ==>  Preparing: DELETE FROM books_categories bc WHERE bc.book_id = ?
14:40:20.332 [main] DEBUG c.e.j.m.B.deleteCategoriesByBookId - ==> Parameters: 6(Long)
14:40:20.332 [main] DEBUG c.e.j.m.B.deleteCategoriesByBookId - <==    Updates: 0
14:40:20.332 [main] DEBUG c.e.j.m.B.insertBookCategories - ==>  Preparing: INSERT INTO books_categories (book_id, category_id) VALUES (?, ?)
14:40:20.332 [main] DEBUG c.e.j.m.B.insertBookCategories - ==> Parameters: 6(Long), 1(Long)
14:40:20.332 [main] DEBUG c.e.j.m.B.insertBookCategories - <==    Updates: 1
14:40:20.333 [main] DEBUG c.e.j.mapper.BookMapper.insert - ==>  Preparing: INSERT INTO books (title, isbn, author_id, published_year) VALUES (?, ?, ?, ?)
14:40:20.334 [main] DEBUG c.e.j.mapper.BookMapper.insert - ==> Parameters: Java Concurrency in Practice(String), 9780321349606(String), 1(Long), 2006(Integer)
14:40:20.334 [main] DEBUG c.e.j.mapper.BookMapper.insert - <==    Updates: 1
14:40:20.335 [main] DEBUG c.e.j.m.B.deleteCategoriesByBookId - ==>  Preparing: DELETE FROM books_categories bc WHERE bc.book_id = ?
14:40:20.335 [main] DEBUG c.e.j.m.B.deleteCategoriesByBookId - ==> Parameters: 7(Long)
14:40:20.336 [main] DEBUG c.e.j.m.B.deleteCategoriesByBookId - <==    Updates: 0
14:40:20.336 [main] DEBUG c.e.j.m.B.insertBookCategories - ==>  Preparing: INSERT INTO books_categories (book_id, category_id) VALUES (?, ?)
14:40:20.336 [main] DEBUG c.e.j.m.B.insertBookCategories - ==> Parameters: 7(Long), 1(Long)
14:40:20.337 [main] DEBUG c.e.j.m.B.insertBookCategories - <==    Updates: 1
14:40:20.337 [main] DEBUG c.e.j.mapper.BookMapper.insert - ==>  Preparing: INSERT INTO books (title, isbn, author_id, published_year) VALUES (?, ?, ?, ?)
14:40:20.338 [main] DEBUG c.e.j.mapper.BookMapper.insert - ==> Parameters: Java Concurrency in Practice(String), 9780321349606(String), 1(Long), 2006(Integer)
14:40:20.338 [main] DEBUG c.e.j.mapper.BookMapper.insert - <==    Updates: 1
14:40:20.340 [main] DEBUG c.e.j.m.B.deleteCategoriesByBookId - ==>  Preparing: DELETE FROM books_categories bc WHERE bc.book_id = ?
14:40:20.340 [main] DEBUG c.e.j.m.B.deleteCategoriesByBookId - ==> Parameters: 8(Long)
14:40:20.340 [main] DEBUG c.e.j.m.B.deleteCategoriesByBookId - <==    Updates: 0
14:40:20.341 [main] DEBUG c.e.j.m.B.insertBookCategories - ==>  Preparing: INSERT INTO books_categories (book_id, category_id) VALUES (?, ?)
14:40:20.341 [main] DEBUG c.e.j.m.B.insertBookCategories - ==> Parameters: 8(Long), 1(Long)
14:40:20.341 [main] DEBUG c.e.j.m.B.insertBookCategories - <==    Updates: 1
14:40:20.343 [main] DEBUG c.e.j.mapper.BookMapper.insert - ==>  Preparing: INSERT INTO books (title, isbn, author_id, published_year) VALUES (?, ?, ?, ?)
14:40:20.344 [main] DEBUG c.e.j.mapper.BookMapper.insert - ==> Parameters: Java Concurrency in Practice(String), 9780321349606(String), 1(Long), 2006(Integer)
14:40:20.344 [main] DEBUG c.e.j.mapper.BookMapper.insert - <==    Updates: 1
14:40:20.345 [main] DEBUG c.e.j.m.B.deleteCategoriesByBookId - ==>  Preparing: DELETE FROM books_categories bc WHERE bc.book_id = ?
14:40:20.345 [main] DEBUG c.e.j.m.B.deleteCategoriesByBookId - ==> Parameters: 9(Long)
14:40:20.346 [main] DEBUG c.e.j.m.B.deleteCategoriesByBookId - <==    Updates: 0
14:40:20.346 [main] DEBUG c.e.j.m.B.insertBookCategories - ==>  Preparing: INSERT INTO books_categories (book_id, category_id) VALUES (?, ?)
14:40:20.347 [main] DEBUG c.e.j.m.B.insertBookCategories - ==> Parameters: 9(Long), 1(Long)
14:40:20.347 [main] DEBUG c.e.j.m.B.insertBookCategories - <==    Updates: 1
14:40:20.347 [main] DEBUG c.e.j.mapper.BookMapper.insert - ==>  Preparing: INSERT INTO books (title, isbn, author_id, published_year) VALUES (?, ?, ?, ?)
14:40:20.348 [main] DEBUG c.e.j.mapper.BookMapper.insert - ==> Parameters: Java Concurrency in Practice(String), 9780321349606(String), 1(Long), 2006(Integer)
14:40:20.348 [main] DEBUG c.e.j.mapper.BookMapper.insert - <==    Updates: 1
14:40:20.349 [main] DEBUG c.e.j.m.B.deleteCategoriesByBookId - ==>  Preparing: DELETE FROM books_categories bc WHERE bc.book_id = ?
14:40:20.349 [main] DEBUG c.e.j.m.B.deleteCategoriesByBookId - ==> Parameters: 10(Long)
14:40:20.349 [main] DEBUG c.e.j.m.B.deleteCategoriesByBookId - <==    Updates: 0
14:40:20.349 [main] DEBUG c.e.j.m.B.insertBookCategories - ==>  Preparing: INSERT INTO books_categories (book_id, category_id) VALUES (?, ?)
14:40:20.350 [main] DEBUG c.e.j.m.B.insertBookCategories - ==> Parameters: 10(Long), 1(Long)
14:40:20.350 [main] DEBUG c.e.j.m.B.insertBookCategories - <==    Updates: 1
14:40:20.350 [main] DEBUG c.e.j.mapper.BookMapper.insert - ==>  Preparing: INSERT INTO books (title, isbn, author_id, published_year) VALUES (?, ?, ?, ?)
14:40:20.351 [main] DEBUG c.e.j.mapper.BookMapper.insert - ==> Parameters: Java Concurrency in Practice(String), 9780321349606(String), 1(Long), 2006(Integer)
14:40:20.351 [main] DEBUG c.e.j.mapper.BookMapper.insert - <==    Updates: 1
14:40:20.352 [main] DEBUG c.e.j.m.B.deleteCategoriesByBookId - ==>  Preparing: DELETE FROM books_categories bc WHERE bc.book_id = ?
14:40:20.352 [main] DEBUG c.e.j.m.B.deleteCategoriesByBookId - ==> Parameters: 11(Long)
14:40:20.353 [main] DEBUG c.e.j.m.B.deleteCategoriesByBookId - <==    Updates: 0
14:40:20.353 [main] DEBUG c.e.j.m.B.insertBookCategories - ==>  Preparing: INSERT INTO books_categories (book_id, category_id) VALUES (?, ?)
14:40:20.353 [main] DEBUG c.e.j.m.B.insertBookCategories - ==> Parameters: 11(Long), 1(Long)
14:40:20.353 [main] DEBUG c.e.j.m.B.insertBookCategories - <==    Updates: 1
14:40:20.355 [main] DEBUG c.e.j.mapper.BookMapper.insert - ==>  Preparing: INSERT INTO books (title, isbn, author_id, published_year) VALUES (?, ?, ?, ?)
14:40:20.355 [main] DEBUG c.e.j.mapper.BookMapper.insert - ==> Parameters: Java Concurrency in Practice(String), 9780321349606(String), 1(Long), 2006(Integer)
14:40:20.355 [main] DEBUG c.e.j.mapper.BookMapper.insert - <==    Updates: 1
14:40:20.356 [main] DEBUG c.e.j.m.B.deleteCategoriesByBookId - ==>  Preparing: DELETE FROM books_categories bc WHERE bc.book_id = ?
14:40:20.356 [main] DEBUG c.e.j.m.B.deleteCategoriesByBookId - ==> Parameters: 12(Long)
14:40:20.356 [main] DEBUG c.e.j.m.B.deleteCategoriesByBookId - <==    Updates: 0
14:40:20.357 [main] DEBUG c.e.j.m.B.insertBookCategories - ==>  Preparing: INSERT INTO books_categories (book_id, category_id) VALUES (?, ?)
14:40:20.357 [main] DEBUG c.e.j.m.B.insertBookCategories - ==> Parameters: 12(Long), 1(Long)
14:40:20.357 [main] DEBUG c.e.j.m.B.insertBookCategories - <==    Updates: 1
14:40:20.358 [main] DEBUG c.e.j.mapper.BookMapper.insert - ==>  Preparing: INSERT INTO books (title, isbn, author_id, published_year) VALUES (?, ?, ?, ?)
14:40:20.358 [main] DEBUG c.e.j.mapper.BookMapper.insert - ==> Parameters: Java Concurrency in Practice(String), 9780321349606(String), 1(Long), 2006(Integer)
14:40:20.358 [main] DEBUG c.e.j.mapper.BookMapper.insert - <==    Updates: 1
14:40:20.359 [main] DEBUG c.e.j.m.B.deleteCategoriesByBookId - ==>  Preparing: DELETE FROM books_categories bc WHERE bc.book_id = ?
14:40:20.359 [main] DEBUG c.e.j.m.B.deleteCategoriesByBookId - ==> Parameters: 13(Long)
14:40:20.359 [main] DEBUG c.e.j.m.B.deleteCategoriesByBookId - <==    Updates: 0
14:40:20.359 [main] DEBUG c.e.j.m.B.insertBookCategories - ==>  Preparing: INSERT INTO books_categories (book_id, category_id) VALUES (?, ?)
14:40:20.360 [main] DEBUG c.e.j.m.B.insertBookCategories - ==> Parameters: 13(Long), 1(Long)
14:40:20.360 [main] DEBUG c.e.j.m.B.insertBookCategories - <==    Updates: 1
14:40:20.361 [main] DEBUG c.e.j.mapper.BookMapper.insert - ==>  Preparing: INSERT INTO books (title, isbn, author_id, published_year) VALUES (?, ?, ?, ?)
14:40:20.361 [main] DEBUG c.e.j.mapper.BookMapper.insert - ==> Parameters: Java Concurrency in Practice(String), 9780321349606(String), 1(Long), 2006(Integer)
14:40:20.361 [main] DEBUG c.e.j.mapper.BookMapper.insert - <==    Updates: 1
14:40:20.362 [main] DEBUG c.e.j.m.B.deleteCategoriesByBookId - ==>  Preparing: DELETE FROM books_categories bc WHERE bc.book_id = ?
14:40:20.362 [main] DEBUG c.e.j.m.B.deleteCategoriesByBookId - ==> Parameters: 14(Long)
14:40:20.362 [main] DEBUG c.e.j.m.B.deleteCategoriesByBookId - <==    Updates: 0
14:40:20.363 [main] DEBUG c.e.j.m.B.insertBookCategories - ==>  Preparing: INSERT INTO books_categories (book_id, category_id) VALUES (?, ?)
14:40:20.363 [main] DEBUG c.e.j.m.B.insertBookCategories - ==> Parameters: 14(Long), 1(Long)
14:40:20.363 [main] DEBUG c.e.j.m.B.insertBookCategories - <==    Updates: 1
14:40:20.363 [main] DEBUG c.e.j.mapper.BookMapper.insert - ==>  Preparing: INSERT INTO books (title, isbn, author_id, published_year) VALUES (?, ?, ?, ?)
14:40:20.364 [main] DEBUG c.e.j.mapper.BookMapper.insert - ==> Parameters: Java Concurrency in Practice(String), 9780321349606(String), 1(Long), 2006(Integer)
14:40:20.364 [main] DEBUG c.e.j.mapper.BookMapper.insert - <==    Updates: 1
14:40:20.364 [main] DEBUG c.e.j.m.B.deleteCategoriesByBookId - ==>  Preparing: DELETE FROM books_categories bc WHERE bc.book_id = ?
14:40:20.365 [main] DEBUG c.e.j.m.B.deleteCategoriesByBookId - ==> Parameters: 15(Long)
14:40:20.365 [main] DEBUG c.e.j.m.B.deleteCategoriesByBookId - <==    Updates: 0
14:40:20.365 [main] DEBUG c.e.j.m.B.insertBookCategories - ==>  Preparing: INSERT INTO books_categories (book_id, category_id) VALUES (?, ?)
14:40:20.365 [main] DEBUG c.e.j.m.B.insertBookCategories - ==> Parameters: 15(Long), 1(Long)
14:40:20.365 [main] DEBUG c.e.j.m.B.insertBookCategories - <==    Updates: 1
14:40:20.366 [main] DEBUG c.e.j.mapper.BookMapper.insert - ==>  Preparing: INSERT INTO books (title, isbn, author_id, published_year) VALUES (?, ?, ?, ?)
14:40:20.366 [main] DEBUG c.e.j.mapper.BookMapper.insert - ==> Parameters: Java Concurrency in Practice(String), 9780321349606(String), 1(Long), 2006(Integer)
14:40:20.366 [main] DEBUG c.e.j.mapper.BookMapper.insert - <==    Updates: 1
14:40:20.367 [main] DEBUG c.e.j.m.B.deleteCategoriesByBookId - ==>  Preparing: DELETE FROM books_categories bc WHERE bc.book_id = ?
14:40:20.367 [main] DEBUG c.e.j.m.B.deleteCategoriesByBookId - ==> Parameters: 16(Long)
14:40:20.367 [main] DEBUG c.e.j.m.B.deleteCategoriesByBookId - <==    Updates: 0
14:40:20.368 [main] DEBUG c.e.j.m.B.insertBookCategories - ==>  Preparing: INSERT INTO books_categories (book_id, category_id) VALUES (?, ?)
14:40:20.368 [main] DEBUG c.e.j.m.B.insertBookCategories - ==> Parameters: 16(Long), 1(Long)
14:40:20.368 [main] DEBUG c.e.j.m.B.insertBookCategories - <==    Updates: 1
14:40:20.368 [main] DEBUG c.e.j.mapper.BookMapper.insert - ==>  Preparing: INSERT INTO books (title, isbn, author_id, published_year) VALUES (?, ?, ?, ?)
14:40:20.368 [main] DEBUG c.e.j.mapper.BookMapper.insert - ==> Parameters: Java Concurrency in Practice(String), 9780321349606(String), 1(Long), 2006(Integer)
14:40:20.369 [main] DEBUG c.e.j.mapper.BookMapper.insert - <==    Updates: 1
14:40:20.369 [main] DEBUG c.e.j.m.B.deleteCategoriesByBookId - ==>  Preparing: DELETE FROM books_categories bc WHERE bc.book_id = ?
14:40:20.369 [main] DEBUG c.e.j.m.B.deleteCategoriesByBookId - ==> Parameters: 17(Long)
14:40:20.370 [main] DEBUG c.e.j.m.B.deleteCategoriesByBookId - <==    Updates: 0
14:40:20.370 [main] DEBUG c.e.j.m.B.insertBookCategories - ==>  Preparing: INSERT INTO books_categories (book_id, category_id) VALUES (?, ?)
14:40:20.370 [main] DEBUG c.e.j.m.B.insertBookCategories - ==> Parameters: 17(Long), 1(Long)
14:40:20.370 [main] DEBUG c.e.j.m.B.insertBookCategories - <==    Updates: 1
14:40:20.371 [main] DEBUG c.e.j.mapper.BookMapper.insert - ==>  Preparing: INSERT INTO books (title, isbn, author_id, published_year) VALUES (?, ?, ?, ?)
14:40:20.372 [main] DEBUG c.e.j.mapper.BookMapper.insert - ==> Parameters: Java Concurrency in Practice(String), 9780321349606(String), 1(Long), 2006(Integer)
14:40:20.373 [main] DEBUG c.e.j.mapper.BookMapper.insert - <==    Updates: 1
14:40:20.373 [main] DEBUG c.e.j.m.B.deleteCategoriesByBookId - ==>  Preparing: DELETE FROM books_categories bc WHERE bc.book_id = ?
14:40:20.374 [main] DEBUG c.e.j.m.B.deleteCategoriesByBookId - ==> Parameters: 18(Long)
14:40:20.374 [main] DEBUG c.e.j.m.B.deleteCategoriesByBookId - <==    Updates: 0
14:40:20.374 [main] DEBUG c.e.j.m.B.insertBookCategories - ==>  Preparing: INSERT INTO books_categories (book_id, category_id) VALUES (?, ?)
14:40:20.374 [main] DEBUG c.e.j.m.B.insertBookCategories - ==> Parameters: 18(Long), 1(Long)
14:40:20.375 [main] DEBUG c.e.j.m.B.insertBookCategories - <==    Updates: 1
14:40:20.375 [main] DEBUG c.e.j.mapper.BookMapper.insert - ==>  Preparing: INSERT INTO books (title, isbn, author_id, published_year) VALUES (?, ?, ?, ?)
14:40:20.375 [main] DEBUG c.e.j.mapper.BookMapper.insert - ==> Parameters: Java Concurrency in Practice(String), 9780321349606(String), 1(Long), 2006(Integer)
14:40:20.375 [main] DEBUG c.e.j.mapper.BookMapper.insert - <==    Updates: 1
14:40:20.376 [main] DEBUG c.e.j.m.B.deleteCategoriesByBookId - ==>  Preparing: DELETE FROM books_categories bc WHERE bc.book_id = ?
14:40:20.376 [main] DEBUG c.e.j.m.B.deleteCategoriesByBookId - ==> Parameters: 19(Long)
14:40:20.376 [main] DEBUG c.e.j.m.B.deleteCategoriesByBookId - <==    Updates: 0
14:40:20.376 [main] DEBUG c.e.j.m.B.insertBookCategories - ==>  Preparing: INSERT INTO books_categories (book_id, category_id) VALUES (?, ?)
14:40:20.377 [main] DEBUG c.e.j.m.B.insertBookCategories - ==> Parameters: 19(Long), 1(Long)
14:40:20.377 [main] DEBUG c.e.j.m.B.insertBookCategories - <==    Updates: 1
14:40:20.377 [main] DEBUG c.e.j.mapper.BookMapper.insert - ==>  Preparing: INSERT INTO books (title, isbn, author_id, published_year) VALUES (?, ?, ?, ?)
14:40:20.377 [main] DEBUG c.e.j.mapper.BookMapper.insert - ==> Parameters: Java Concurrency in Practice(String), 9780321349606(String), 1(Long), 2006(Integer)
14:40:20.378 [main] DEBUG c.e.j.mapper.BookMapper.insert - <==    Updates: 1
14:40:20.378 [main] DEBUG c.e.j.m.B.deleteCategoriesByBookId - ==>  Preparing: DELETE FROM books_categories bc WHERE bc.book_id = ?
14:40:20.378 [main] DEBUG c.e.j.m.B.deleteCategoriesByBookId - ==> Parameters: 20(Long)
14:40:20.379 [main] DEBUG c.e.j.m.B.deleteCategoriesByBookId - <==    Updates: 0
14:40:20.379 [main] DEBUG c.e.j.m.B.insertBookCategories - ==>  Preparing: INSERT INTO books_categories (book_id, category_id) VALUES (?, ?)
14:40:20.379 [main] DEBUG c.e.j.m.B.insertBookCategories - ==> Parameters: 20(Long), 1(Long)
14:40:20.379 [main] DEBUG c.e.j.m.B.insertBookCategories - <==    Updates: 1
14:40:20.380 [main] DEBUG c.e.j.mapper.BookMapper.insert - ==>  Preparing: INSERT INTO books (title, isbn, author_id, published_year) VALUES (?, ?, ?, ?)
14:40:20.380 [main] DEBUG c.e.j.mapper.BookMapper.insert - ==> Parameters: Java Concurrency in Practice(String), 9780321349606(String), 1(Long), 2006(Integer)
14:40:20.380 [main] DEBUG c.e.j.mapper.BookMapper.insert - <==    Updates: 1
14:40:20.381 [main] DEBUG c.e.j.m.B.deleteCategoriesByBookId - ==>  Preparing: DELETE FROM books_categories bc WHERE bc.book_id = ?
14:40:20.381 [main] DEBUG c.e.j.m.B.deleteCategoriesByBookId - ==> Parameters: 21(Long)
14:40:20.381 [main] DEBUG c.e.j.m.B.deleteCategoriesByBookId - <==    Updates: 0
14:40:20.381 [main] DEBUG c.e.j.m.B.insertBookCategories - ==>  Preparing: INSERT INTO books_categories (book_id, category_id) VALUES (?, ?)
14:40:20.381 [main] DEBUG c.e.j.m.B.insertBookCategories - ==> Parameters: 21(Long), 1(Long)
14:40:20.381 [main] DEBUG c.e.j.m.B.insertBookCategories - <==    Updates: 1
14:40:20.382 [main] DEBUG c.e.j.mapper.BookMapper.insert - ==>  Preparing: INSERT INTO books (title, isbn, author_id, published_year) VALUES (?, ?, ?, ?)
14:40:20.382 [main] DEBUG c.e.j.mapper.BookMapper.insert - ==> Parameters: Java Concurrency in Practice(String), 9780321349606(String), 1(Long), 2006(Integer)
14:40:20.382 [main] DEBUG c.e.j.mapper.BookMapper.insert - <==    Updates: 1
14:40:20.383 [main] DEBUG c.e.j.m.B.deleteCategoriesByBookId - ==>  Preparing: DELETE FROM books_categories bc WHERE bc.book_id = ?
14:40:20.383 [main] DEBUG c.e.j.m.B.deleteCategoriesByBookId - ==> Parameters: 22(Long)
14:40:20.383 [main] DEBUG c.e.j.m.B.deleteCategoriesByBookId - <==    Updates: 0
14:40:20.384 [main] DEBUG c.e.j.m.B.insertBookCategories - ==>  Preparing: INSERT INTO books_categories (book_id, category_id) VALUES (?, ?)
14:40:20.384 [main] DEBUG c.e.j.m.B.insertBookCategories - ==> Parameters: 22(Long), 1(Long)
14:40:20.384 [main] DEBUG c.e.j.m.B.insertBookCategories - <==    Updates: 1
14:40:20.385 [main] DEBUG c.e.j.mapper.BookMapper.insert - ==>  Preparing: INSERT INTO books (title, isbn, author_id, published_year) VALUES (?, ?, ?, ?)
14:40:20.385 [main] DEBUG c.e.j.mapper.BookMapper.insert - ==> Parameters: Java Concurrency in Practice(String), 9780321349606(String), 1(Long), 2006(Integer)
14:40:20.385 [main] DEBUG c.e.j.mapper.BookMapper.insert - <==    Updates: 1
14:40:20.385 [main] DEBUG c.e.j.m.B.deleteCategoriesByBookId - ==>  Preparing: DELETE FROM books_categories bc WHERE bc.book_id = ?
14:40:20.385 [main] DEBUG c.e.j.m.B.deleteCategoriesByBookId - ==> Parameters: 23(Long)
14:40:20.385 [main] DEBUG c.e.j.m.B.deleteCategoriesByBookId - <==    Updates: 0
14:40:20.385 [main] DEBUG c.e.j.m.B.insertBookCategories - ==>  Preparing: INSERT INTO books_categories (book_id, category_id) VALUES (?, ?)
14:40:20.385 [main] DEBUG c.e.j.m.B.insertBookCategories - ==> Parameters: 23(Long), 1(Long)
14:40:20.385 [main] DEBUG c.e.j.m.B.insertBookCategories - <==    Updates: 1
14:40:20.386 [main] DEBUG c.e.j.mapper.BookMapper.insert - ==>  Preparing: INSERT INTO books (title, isbn, author_id, published_year) VALUES (?, ?, ?, ?)
14:40:20.386 [main] DEBUG c.e.j.mapper.BookMapper.insert - ==> Parameters: Java Concurrency in Practice(String), 9780321349606(String), 1(Long), 2006(Integer)
14:40:20.386 [main] DEBUG c.e.j.mapper.BookMapper.insert - <==    Updates: 1
14:40:20.386 [main] DEBUG c.e.j.m.B.deleteCategoriesByBookId - ==>  Preparing: DELETE FROM books_categories bc WHERE bc.book_id = ?
14:40:20.388 [main] DEBUG c.e.j.m.B.deleteCategoriesByBookId - ==> Parameters: 24(Long)
14:40:20.388 [main] DEBUG c.e.j.m.B.deleteCategoriesByBookId - <==    Updates: 0
14:40:20.388 [main] DEBUG c.e.j.m.B.insertBookCategories - ==>  Preparing: INSERT INTO books_categories (book_id, category_id) VALUES (?, ?)
14:40:20.389 [main] DEBUG c.e.j.m.B.insertBookCategories - ==> Parameters: 24(Long), 1(Long)
14:40:20.389 [main] DEBUG c.e.j.m.B.insertBookCategories - <==    Updates: 1
14:40:20.392 [main] DEBUG c.e.j.mapper.UserMapper.findByEmail - ==>  Preparing: SELECT * FROM users u WHERE u.email = ?
14:40:20.392 [main] DEBUG c.e.j.mapper.UserMapper.findByEmail - ==> Parameters: user@example.com(String)
14:40:20.401 [main] DEBUG c.e.j.mapper.UserMapper.findByEmail - <==      Total: 0
14:40:20.466 [main] DEBUG c.e.j.mapper.UserMapper.insert - ==>  Preparing: INSERT INTO users (email, name, password_hash, role) VALUES (?, ?, ?, ?)
14:40:20.467 [main] DEBUG c.e.j.mapper.UserMapper.insert - ==> Parameters: user@example.com(String), 測試使用者(String), $2a$10$u6P5Ec2.WUd62kXR00sN0.B97yWw19oV3lf9V2vpJW3tPyINV7YOq(String), USER(String)
14:40:20.468 [main] DEBUG c.e.j.mapper.UserMapper.insert - <==    Updates: 1
14:40:20.468 [main] INFO  c.e.j.service.AuthServiceImpl - 新使用者註冊：userId=1, email=user@example.com
14:40:20.526 [main] DEBUG c.e.j.mapper.UserMapper.insert - ==>  Preparing: INSERT INTO users (email, name, password_hash, role) VALUES (?, ?, ?, ?)
14:40:20.527 [main] DEBUG c.e.j.mapper.UserMapper.insert - ==> Parameters: admin@example.com(String), 管理員(String), $2a$10$fdX7E0wfn9C61/yAsGk/Be2tNUGUOp7ISwfI8FnJZ53Bq5iMjRBdu(String), ADMIN(String)
14:40:20.527 [main] DEBUG c.e.j.mapper.UserMapper.insert - <==    Updates: 1
14:40:20.584 [main] DEBUG c.e.j.mapper.UserMapper.insert - ==>  Preparing: INSERT INTO users (email, name, password_hash, role) VALUES (?, ?, ?, ?)
14:40:20.584 [main] DEBUG c.e.j.mapper.UserMapper.insert - ==> Parameters: procurement@example.com(String), 採購人員(String), $2a$10$/BThzfGiJJCLfpVR55WkeO0hsPH/V.YTc9Z9unzMRVkm/K3oK34Vy(String), PROCUREMENT(String)
14:40:20.584 [main] DEBUG c.e.j.mapper.UserMapper.insert - <==    Updates: 1
14:40:20.589 [main] DEBUG c.e.j.m.BookRequestMapper.insert - ==>  Preparing: INSERT INTO book_requests (requester_id, status, requested_at, idempotency_key) VALUES (?, ?, ?, ?)
14:40:20.591 [main] DEBUG c.e.j.m.BookRequestMapper.insert - ==> Parameters: 1(Long), PENDING(String), 2026-09-11 14:40:20.5881306(Timestamp), 2ae547ad-a1a1-445d-a117-6dd777c2f096(String)
14:40:20.591 [main] DEBUG c.e.j.m.BookRequestMapper.insert - <==    Updates: 1
14:40:20.592 [main] DEBUG c.e.j.m.BookRequestItemMapper.insert - ==>  Preparing: INSERT INTO book_request_items (book_request_id, title, isbn, author_id, published_year, estimated_price) VALUES (?, ?, ?, ?, ?, ?)
14:40:20.592 [main] DEBUG c.e.j.m.BookRequestItemMapper.insert - ==> Parameters: 1(Long), Refactoring(String), null, null, null, null
14:40:20.593 [main] DEBUG c.e.j.m.BookRequestItemMapper.insert - <==    Updates: 1
14:40:20.594 [main] DEBUG c.e.j.mapper.AuditLogMapper.insert - ==>  Preparing: INSERT INTO audit_logs (user_id, audited_at, action, entity_type, entity_id, detail) VALUES (?, ?, ?, ?, ?, ?)
14:40:20.626 [main] DEBUG c.e.j.mapper.AuditLogMapper.insert - ==> Parameters: 1(Long), 2026-09-11 14:40:20.5881306(Timestamp), SUBMIT(String), BOOK_REQUEST(String), 1(Long), [B@6c0e13b7(byte[])
14:40:20.628 [main] DEBUG c.e.j.mapper.AuditLogMapper.insert - <==    Updates: 1
14:40:20.628 [main] INFO  c.e.j.service.BookRequestServiceImpl - 送出申請：requestId=1, requesterId=1, 書籍數=1
14:40:20.630 [main] DEBUG c.e.j.m.BookRequestMapper.insert - ==>  Preparing: INSERT INTO book_requests (requester_id, status, requested_at, idempotency_key) VALUES (?, ?, ?, ?)
14:40:20.630 [main] DEBUG c.e.j.m.BookRequestMapper.insert - ==> Parameters: 1(Long), PENDING(String), 2026-09-11 14:40:20.6306969(Timestamp), e5a9f20f-b0cb-4fa2-a749-0f5c848bf0e2(String)
14:40:20.630 [main] DEBUG c.e.j.m.BookRequestMapper.insert - <==    Updates: 1
14:40:20.631 [main] DEBUG c.e.j.m.BookRequestItemMapper.insert - ==>  Preparing: INSERT INTO book_request_items (book_request_id, title, isbn, author_id, published_year, estimated_price) VALUES (?, ?, ?, ?, ?, ?)
14:40:20.631 [main] DEBUG c.e.j.m.BookRequestItemMapper.insert - ==> Parameters: 2(Long), The Pragmatic Programmer(String), 9780135957059(String), null, 2019(Integer), 850(BigDecimal)
14:40:20.631 [main] DEBUG c.e.j.m.BookRequestItemMapper.insert - <==    Updates: 1
14:40:20.632 [main] DEBUG c.e.j.m.BookRequestItemMapper.insert - ==>  Preparing: INSERT INTO book_request_items (book_request_id, title, isbn, author_id, published_year, estimated_price) VALUES (?, ?, ?, ?, ?, ?)
14:40:20.632 [main] DEBUG c.e.j.m.BookRequestItemMapper.insert - ==> Parameters: 2(Long), Head First Design Patterns(String), null, null, null, null
14:40:20.632 [main] DEBUG c.e.j.m.BookRequestItemMapper.insert - <==    Updates: 1
14:40:20.632 [main] DEBUG c.e.j.mapper.AuditLogMapper.insert - ==>  Preparing: INSERT INTO audit_logs (user_id, audited_at, action, entity_type, entity_id, detail) VALUES (?, ?, ?, ?, ?, ?)
14:40:20.633 [main] DEBUG c.e.j.mapper.AuditLogMapper.insert - ==> Parameters: 1(Long), 2026-09-11 14:40:20.6306969(Timestamp), SUBMIT(String), BOOK_REQUEST(String), 2(Long), [B@58ba5b30(byte[])
14:40:20.633 [main] DEBUG c.e.j.mapper.AuditLogMapper.insert - <==    Updates: 1
14:40:20.634 [main] INFO  c.e.j.service.BookRequestServiceImpl - 送出申請：requestId=2, requesterId=1, 書籍數=2
14:40:20.634 [main] DEBUG c.e.j.m.BookRequestMapper.insert - ==>  Preparing: INSERT INTO book_requests (requester_id, status, requested_at, idempotency_key) VALUES (?, ?, ?, ?)
14:40:20.634 [main] DEBUG c.e.j.m.BookRequestMapper.insert - ==> Parameters: 1(Long), PENDING(String), 2026-09-11 14:40:20.6346953(Timestamp), 8df97423-f097-473a-a7df-2828f2d220f2(String)
14:40:20.635 [main] DEBUG c.e.j.m.BookRequestMapper.insert - <==    Updates: 1
14:40:20.635 [main] DEBUG c.e.j.m.BookRequestItemMapper.insert - ==>  Preparing: INSERT INTO book_request_items (book_request_id, title, isbn, author_id, published_year, estimated_price) VALUES (?, ?, ?, ?, ?, ?)
14:40:20.635 [main] DEBUG c.e.j.m.BookRequestItemMapper.insert - ==> Parameters: 3(Long), Test-Driven Development(String), 9780321146533(String), null, 2002(Integer), null
14:40:20.635 [main] DEBUG c.e.j.m.BookRequestItemMapper.insert - <==    Updates: 1
14:40:20.635 [main] DEBUG c.e.j.mapper.AuditLogMapper.insert - ==>  Preparing: INSERT INTO audit_logs (user_id, audited_at, action, entity_type, entity_id, detail) VALUES (?, ?, ?, ?, ?, ?)
14:40:20.636 [main] DEBUG c.e.j.mapper.AuditLogMapper.insert - ==> Parameters: 1(Long), 2026-09-11 14:40:20.6346953(Timestamp), SUBMIT(String), BOOK_REQUEST(String), 3(Long), [B@4c58255(byte[])
14:40:20.636 [main] DEBUG c.e.j.mapper.AuditLogMapper.insert - <==    Updates: 1
14:40:20.636 [main] INFO  c.e.j.service.BookRequestServiceImpl - 送出申請：requestId=3, requesterId=1, 書籍數=1
14:40:20.637 [main] DEBUG c.e.j.m.BookRequestMapper.insert - ==>  Preparing: INSERT INTO book_requests (requester_id, status, requested_at, idempotency_key) VALUES (?, ?, ?, ?)
14:40:20.638 [main] DEBUG c.e.j.m.BookRequestMapper.insert - ==> Parameters: 1(Long), PENDING(String), 2026-09-11 14:40:20.6377596(Timestamp), 5b090fe9-942e-46dc-8fd1-3f32cc6b435d(String)
14:40:20.638 [main] DEBUG c.e.j.m.BookRequestMapper.insert - <==    Updates: 1
14:40:20.638 [main] DEBUG c.e.j.m.BookRequestItemMapper.insert - ==>  Preparing: INSERT INTO book_request_items (book_request_id, title, isbn, author_id, published_year, estimated_price) VALUES (?, ?, ?, ?, ?, ?)
14:40:20.638 [main] DEBUG c.e.j.m.BookRequestItemMapper.insert - ==> Parameters: 4(Long), Working Effectively with Legacy Code(String), null, null, null, null
14:40:20.638 [main] DEBUG c.e.j.m.BookRequestItemMapper.insert - <==    Updates: 1
14:40:20.639 [main] DEBUG c.e.j.mapper.AuditLogMapper.insert - ==>  Preparing: INSERT INTO audit_logs (user_id, audited_at, action, entity_type, entity_id, detail) VALUES (?, ?, ?, ?, ?, ?)
14:40:20.639 [main] DEBUG c.e.j.mapper.AuditLogMapper.insert - ==> Parameters: 1(Long), 2026-09-11 14:40:20.6377596(Timestamp), SUBMIT(String), BOOK_REQUEST(String), 4(Long), [B@53cf9c99(byte[])
14:40:20.639 [main] DEBUG c.e.j.mapper.AuditLogMapper.insert - <==    Updates: 1
14:40:20.639 [main] INFO  c.e.j.service.BookRequestServiceImpl - 送出申請：requestId=4, requesterId=1, 書籍數=1
14:40:20.640 [main] DEBUG c.e.j.m.BookRequestMapper.insert - ==>  Preparing: INSERT INTO book_requests (requester_id, status, requested_at, idempotency_key) VALUES (?, ?, ?, ?)
14:40:20.640 [main] DEBUG c.e.j.m.BookRequestMapper.insert - ==> Parameters: 1(Long), PENDING(String), 2026-09-11 14:40:20.6407591(Timestamp), f702e542-b30e-426d-9578-a2bf19e6d280(String)
14:40:20.641 [main] DEBUG c.e.j.m.BookRequestMapper.insert - <==    Updates: 1
14:40:20.641 [main] DEBUG c.e.j.m.BookRequestItemMapper.insert - ==>  Preparing: INSERT INTO book_request_items (book_request_id, title, isbn, author_id, published_year, estimated_price) VALUES (?, ?, ?, ?, ?, ?)
14:40:20.641 [main] DEBUG c.e.j.m.BookRequestItemMapper.insert - ==> Parameters: 5(Long), Continuous Delivery(String), null, null, null, null
14:40:20.641 [main] DEBUG c.e.j.m.BookRequestItemMapper.insert - <==    Updates: 1
14:40:20.641 [main] DEBUG c.e.j.mapper.AuditLogMapper.insert - ==>  Preparing: INSERT INTO audit_logs (user_id, audited_at, action, entity_type, entity_id, detail) VALUES (?, ?, ?, ?, ?, ?)
14:40:20.641 [main] DEBUG c.e.j.mapper.AuditLogMapper.insert - ==> Parameters: 1(Long), 2026-09-11 14:40:20.6407591(Timestamp), SUBMIT(String), BOOK_REQUEST(String), 5(Long), [B@934b52f(byte[])
14:40:20.642 [main] DEBUG c.e.j.mapper.AuditLogMapper.insert - <==    Updates: 1
14:40:20.642 [main] INFO  c.e.j.service.BookRequestServiceImpl - 送出申請：requestId=5, requesterId=1, 書籍數=1
14:40:20.642 [main] DEBUG c.e.j.m.BookRequestMapper.insert - ==>  Preparing: INSERT INTO book_requests (requester_id, status, requested_at, idempotency_key) VALUES (?, ?, ?, ?)
14:40:20.642 [main] DEBUG c.e.j.m.BookRequestMapper.insert - ==> Parameters: 1(Long), PENDING(String), 2026-09-11 14:40:20.6427587(Timestamp), 0edf1773-7540-4977-9afa-807de7d95d6a(String)
14:40:20.643 [main] DEBUG c.e.j.m.BookRequestMapper.insert - <==    Updates: 1
14:40:20.643 [main] DEBUG c.e.j.m.BookRequestItemMapper.insert - ==>  Preparing: INSERT INTO book_request_items (book_request_id, title, isbn, author_id, published_year, estimated_price) VALUES (?, ?, ?, ?, ?, ?)
14:40:20.644 [main] DEBUG c.e.j.m.BookRequestItemMapper.insert - ==> Parameters: 6(Long), Site Reliability Engineering(String), null, null, 2016(Integer), 1200(BigDecimal)
14:40:20.644 [main] DEBUG c.e.j.m.BookRequestItemMapper.insert - <==    Updates: 1
14:40:20.644 [main] DEBUG c.e.j.mapper.AuditLogMapper.insert - ==>  Preparing: INSERT INTO audit_logs (user_id, audited_at, action, entity_type, entity_id, detail) VALUES (?, ?, ?, ?, ?, ?)
14:40:20.645 [main] DEBUG c.e.j.mapper.AuditLogMapper.insert - ==> Parameters: 1(Long), 2026-09-11 14:40:20.6427587(Timestamp), SUBMIT(String), BOOK_REQUEST(String), 6(Long), [B@5a1c3cb4(byte[])
14:40:20.645 [main] DEBUG c.e.j.mapper.AuditLogMapper.insert - <==    Updates: 1
14:40:20.645 [main] INFO  c.e.j.service.BookRequestServiceImpl - 送出申請：requestId=6, requesterId=1, 書籍數=1
14:40:20.647 [main] DEBUG c.e.j.m.BookRequestMapper.approve - ==>  Preparing: UPDATE book_requests SET status = 'APPROVED', approver_id = ?, approved_at = ? WHERE id = ? AND status = 'PENDING' AND requester_id != ?
14:40:20.649 [main] DEBUG c.e.j.m.BookRequestMapper.approve - ==> Parameters: 2(Long), 2026-09-11 14:40:20.6472904(Timestamp), 6(Long), 2(Long)
14:40:20.649 [main] DEBUG c.e.j.m.BookRequestMapper.approve - <==    Updates: 1
14:40:20.650 [main] DEBUG c.e.j.m.BookRequestMapper.findById - ==>  Preparing: SELECT * FROM book_requests WHERE id = ?
14:40:20.650 [main] DEBUG c.e.j.m.BookRequestMapper.findById - ==> Parameters: 6(Long)
14:40:20.653 [main] DEBUG c.e.j.m.BookRequestMapper.findById - <==      Total: 1
14:40:20.654 [main] DEBUG c.e.j.m.B.findByBookRequestId - ==>  Preparing: SELECT * FROM book_request_items WHERE book_request_id = ?
14:40:20.654 [main] DEBUG c.e.j.m.B.findByBookRequestId - ==> Parameters: 6(Long)
14:40:20.656 [main] DEBUG c.e.j.m.B.findByBookRequestId - <==      Total: 1
14:40:20.656 [main] DEBUG c.e.j.m.ProcurementItemMapper.insert - ==>  Preparing: INSERT INTO procurement_items (book_request_item_id, status) VALUES (?, ?)
14:40:20.657 [main] DEBUG c.e.j.m.ProcurementItemMapper.insert - ==> Parameters: 7(Long), PENDING(String)
14:40:20.657 [main] DEBUG c.e.j.m.ProcurementItemMapper.insert - <==    Updates: 1
14:40:20.657 [main] DEBUG c.e.j.mapper.AuditLogMapper.insert - ==>  Preparing: INSERT INTO audit_logs (user_id, audited_at, action, entity_type, entity_id, detail) VALUES (?, ?, ?, ?, ?, ?)
14:40:20.658 [main] DEBUG c.e.j.mapper.AuditLogMapper.insert - ==> Parameters: 2(Long), 2026-09-11 14:40:20.6472904(Timestamp), CREATE(String), PROCUREMENT_ITEM(String), 1(Long), [B@b887730(byte[])
14:40:20.658 [main] DEBUG c.e.j.mapper.AuditLogMapper.insert - <==    Updates: 1
14:40:20.658 [main] DEBUG c.e.j.mapper.AuditLogMapper.insert - ==>  Preparing: INSERT INTO audit_logs (user_id, audited_at, action, entity_type, entity_id, detail) VALUES (?, ?, ?, ?, ?, ?)
14:40:20.658 [main] DEBUG c.e.j.mapper.AuditLogMapper.insert - ==> Parameters: 2(Long), 2026-09-11 14:40:20.6472904(Timestamp), APPROVE(String), BOOK_REQUEST(String), 6(Long), [B@26586b74(byte[])
14:40:20.658 [main] DEBUG c.e.j.mapper.AuditLogMapper.insert - <==    Updates: 1
14:40:20.659 [main] INFO  c.e.j.service.BookRequestServiceImpl - 申請已核准：requestId=6, approverId=2
14:40:20.660 [main] DEBUG c.e.j.m.BookRequestMapper.insert - ==>  Preparing: INSERT INTO book_requests (requester_id, status, requested_at, idempotency_key) VALUES (?, ?, ?, ?)
14:40:20.660 [main] DEBUG c.e.j.m.BookRequestMapper.insert - ==> Parameters: 1(Long), PENDING(String), 2026-09-11 14:40:20.6601648(Timestamp), 799c9008-ec14-4df8-a761-cfa35d4c90c4(String)
14:40:20.660 [main] DEBUG c.e.j.m.BookRequestMapper.insert - <==    Updates: 1
14:40:20.660 [main] DEBUG c.e.j.m.BookRequestItemMapper.insert - ==>  Preparing: INSERT INTO book_request_items (book_request_id, title, isbn, author_id, published_year, estimated_price) VALUES (?, ?, ?, ?, ?, ?)
14:40:20.660 [main] DEBUG c.e.j.m.BookRequestItemMapper.insert - ==> Parameters: 7(Long), Database Internals(String), null, null, null, null
14:40:20.660 [main] DEBUG c.e.j.m.BookRequestItemMapper.insert - <==    Updates: 1
14:40:20.660 [main] DEBUG c.e.j.m.BookRequestItemMapper.insert - ==>  Preparing: INSERT INTO book_request_items (book_request_id, title, isbn, author_id, published_year, estimated_price) VALUES (?, ?, ?, ?, ?, ?)
14:40:20.660 [main] DEBUG c.e.j.m.BookRequestItemMapper.insert - ==> Parameters: 7(Long), Designing Data-Intensive Applications(String), 9781449373320(String), null, 2017(Integer), 1500(BigDecimal)
14:40:20.660 [main] DEBUG c.e.j.m.BookRequestItemMapper.insert - <==    Updates: 1
14:40:20.660 [main] DEBUG c.e.j.mapper.AuditLogMapper.insert - ==>  Preparing: INSERT INTO audit_logs (user_id, audited_at, action, entity_type, entity_id, detail) VALUES (?, ?, ?, ?, ?, ?)
14:40:20.661 [main] DEBUG c.e.j.mapper.AuditLogMapper.insert - ==> Parameters: 1(Long), 2026-09-11 14:40:20.6601648(Timestamp), SUBMIT(String), BOOK_REQUEST(String), 7(Long), [B@267dc982(byte[])
14:40:20.661 [main] DEBUG c.e.j.mapper.AuditLogMapper.insert - <==    Updates: 1
14:40:20.661 [main] INFO  c.e.j.service.BookRequestServiceImpl - 送出申請：requestId=7, requesterId=1, 書籍數=2
14:40:20.661 [main] DEBUG c.e.j.m.BookRequestMapper.approve - ==>  Preparing: UPDATE book_requests SET status = 'APPROVED', approver_id = ?, approved_at = ? WHERE id = ? AND status = 'PENDING' AND requester_id != ?
14:40:20.662 [main] DEBUG c.e.j.m.BookRequestMapper.approve - ==> Parameters: 2(Long), 2026-09-11 14:40:20.6618549(Timestamp), 7(Long), 2(Long)
14:40:20.662 [main] DEBUG c.e.j.m.BookRequestMapper.approve - <==    Updates: 1
14:40:20.662 [main] DEBUG c.e.j.m.BookRequestMapper.findById - ==>  Preparing: SELECT * FROM book_requests WHERE id = ?
14:40:20.662 [main] DEBUG c.e.j.m.BookRequestMapper.findById - ==> Parameters: 7(Long)
14:40:20.663 [main] DEBUG c.e.j.m.BookRequestMapper.findById - <==      Total: 1
14:40:20.663 [main] DEBUG c.e.j.m.B.findByBookRequestId - ==>  Preparing: SELECT * FROM book_request_items WHERE book_request_id = ?
14:40:20.663 [main] DEBUG c.e.j.m.B.findByBookRequestId - ==> Parameters: 7(Long)
14:40:20.663 [main] DEBUG c.e.j.m.B.findByBookRequestId - <==      Total: 2
14:40:20.663 [main] DEBUG c.e.j.m.ProcurementItemMapper.insert - ==>  Preparing: INSERT INTO procurement_items (book_request_item_id, status) VALUES (?, ?)
14:40:20.664 [main] DEBUG c.e.j.m.ProcurementItemMapper.insert - ==> Parameters: 8(Long), PENDING(String)
14:40:20.664 [main] DEBUG c.e.j.m.ProcurementItemMapper.insert - <==    Updates: 1
14:40:20.664 [main] DEBUG c.e.j.mapper.AuditLogMapper.insert - ==>  Preparing: INSERT INTO audit_logs (user_id, audited_at, action, entity_type, entity_id, detail) VALUES (?, ?, ?, ?, ?, ?)
14:40:20.664 [main] DEBUG c.e.j.mapper.AuditLogMapper.insert - ==> Parameters: 2(Long), 2026-09-11 14:40:20.6618549(Timestamp), CREATE(String), PROCUREMENT_ITEM(String), 2(Long), [B@74fab04a(byte[])
14:40:20.664 [main] DEBUG c.e.j.mapper.AuditLogMapper.insert - <==    Updates: 1
14:40:20.664 [main] DEBUG c.e.j.m.ProcurementItemMapper.insert - ==>  Preparing: INSERT INTO procurement_items (book_request_item_id, status) VALUES (?, ?)
14:40:20.664 [main] DEBUG c.e.j.m.ProcurementItemMapper.insert - ==> Parameters: 9(Long), PENDING(String)
14:40:20.664 [main] DEBUG c.e.j.m.ProcurementItemMapper.insert - <==    Updates: 1
14:40:20.664 [main] DEBUG c.e.j.mapper.AuditLogMapper.insert - ==>  Preparing: INSERT INTO audit_logs (user_id, audited_at, action, entity_type, entity_id, detail) VALUES (?, ?, ?, ?, ?, ?)
14:40:20.666 [main] DEBUG c.e.j.mapper.AuditLogMapper.insert - ==> Parameters: 2(Long), 2026-09-11 14:40:20.6618549(Timestamp), CREATE(String), PROCUREMENT_ITEM(String), 3(Long), [B@3c83468e(byte[])
14:40:20.666 [main] DEBUG c.e.j.mapper.AuditLogMapper.insert - <==    Updates: 1
14:40:20.666 [main] DEBUG c.e.j.mapper.AuditLogMapper.insert - ==>  Preparing: INSERT INTO audit_logs (user_id, audited_at, action, entity_type, entity_id, detail) VALUES (?, ?, ?, ?, ?, ?)
14:40:20.666 [main] DEBUG c.e.j.mapper.AuditLogMapper.insert - ==> Parameters: 2(Long), 2026-09-11 14:40:20.6618549(Timestamp), APPROVE(String), BOOK_REQUEST(String), 7(Long), [B@272ce069(byte[])
14:40:20.666 [main] DEBUG c.e.j.mapper.AuditLogMapper.insert - <==    Updates: 1
14:40:20.666 [main] INFO  c.e.j.service.BookRequestServiceImpl - 申請已核准：requestId=7, approverId=2
14:40:20.667 [main] DEBUG c.e.j.m.BookRequestMapper.insert - ==>  Preparing: INSERT INTO book_requests (requester_id, status, requested_at, idempotency_key) VALUES (?, ?, ?, ?)
14:40:20.667 [main] DEBUG c.e.j.m.BookRequestMapper.insert - ==> Parameters: 1(Long), PENDING(String), 2026-09-11 14:40:20.6671443(Timestamp), 0c568a82-09e0-4b05-8112-8380545379c7(String)
14:40:20.667 [main] DEBUG c.e.j.m.BookRequestMapper.insert - <==    Updates: 1
14:40:20.668 [main] DEBUG c.e.j.m.BookRequestItemMapper.insert - ==>  Preparing: INSERT INTO book_request_items (book_request_id, title, isbn, author_id, published_year, estimated_price) VALUES (?, ?, ?, ?, ?, ?)
14:40:20.668 [main] DEBUG c.e.j.m.BookRequestItemMapper.insert - ==> Parameters: 8(Long), The Clean Coder(String), null, null, null, null
14:40:20.668 [main] DEBUG c.e.j.m.BookRequestItemMapper.insert - <==    Updates: 1
14:40:20.668 [main] DEBUG c.e.j.mapper.AuditLogMapper.insert - ==>  Preparing: INSERT INTO audit_logs (user_id, audited_at, action, entity_type, entity_id, detail) VALUES (?, ?, ?, ?, ?, ?)
14:40:20.668 [main] DEBUG c.e.j.mapper.AuditLogMapper.insert - ==> Parameters: 1(Long), 2026-09-11 14:40:20.6671443(Timestamp), SUBMIT(String), BOOK_REQUEST(String), 8(Long), [B@3a37a501(byte[])
14:40:20.668 [main] DEBUG c.e.j.mapper.AuditLogMapper.insert - <==    Updates: 1
14:40:20.669 [main] INFO  c.e.j.service.BookRequestServiceImpl - 送出申請：requestId=8, requesterId=1, 書籍數=1
14:40:20.669 [main] DEBUG c.e.j.m.BookRequestMapper.approve - ==>  Preparing: UPDATE book_requests SET status = 'APPROVED', approver_id = ?, approved_at = ? WHERE id = ? AND status = 'PENDING' AND requester_id != ?
14:40:20.669 [main] DEBUG c.e.j.m.BookRequestMapper.approve - ==> Parameters: 2(Long), 2026-09-11 14:40:20.6691457(Timestamp), 8(Long), 2(Long)
14:40:20.669 [main] DEBUG c.e.j.m.BookRequestMapper.approve - <==    Updates: 1
14:40:20.670 [main] DEBUG c.e.j.m.BookRequestMapper.findById - ==>  Preparing: SELECT * FROM book_requests WHERE id = ?
14:40:20.670 [main] DEBUG c.e.j.m.BookRequestMapper.findById - ==> Parameters: 8(Long)
14:40:20.670 [main] DEBUG c.e.j.m.BookRequestMapper.findById - <==      Total: 1
14:40:20.670 [main] DEBUG c.e.j.m.B.findByBookRequestId - ==>  Preparing: SELECT * FROM book_request_items WHERE book_request_id = ?
14:40:20.671 [main] DEBUG c.e.j.m.B.findByBookRequestId - ==> Parameters: 8(Long)
14:40:20.671 [main] DEBUG c.e.j.m.B.findByBookRequestId - <==      Total: 1
14:40:20.671 [main] DEBUG c.e.j.m.ProcurementItemMapper.insert - ==>  Preparing: INSERT INTO procurement_items (book_request_item_id, status) VALUES (?, ?)
14:40:20.671 [main] DEBUG c.e.j.m.ProcurementItemMapper.insert - ==> Parameters: 10(Long), PENDING(String)
14:40:20.671 [main] DEBUG c.e.j.m.ProcurementItemMapper.insert - <==    Updates: 1
14:40:20.671 [main] DEBUG c.e.j.mapper.AuditLogMapper.insert - ==>  Preparing: INSERT INTO audit_logs (user_id, audited_at, action, entity_type, entity_id, detail) VALUES (?, ?, ?, ?, ?, ?)
14:40:20.672 [main] DEBUG c.e.j.mapper.AuditLogMapper.insert - ==> Parameters: 2(Long), 2026-09-11 14:40:20.6691457(Timestamp), CREATE(String), PROCUREMENT_ITEM(String), 4(Long), [B@17143b3b(byte[])
14:40:20.672 [main] DEBUG c.e.j.mapper.AuditLogMapper.insert - <==    Updates: 1
14:40:20.672 [main] DEBUG c.e.j.mapper.AuditLogMapper.insert - ==>  Preparing: INSERT INTO audit_logs (user_id, audited_at, action, entity_type, entity_id, detail) VALUES (?, ?, ?, ?, ?, ?)
14:40:20.672 [main] DEBUG c.e.j.mapper.AuditLogMapper.insert - ==> Parameters: 2(Long), 2026-09-11 14:40:20.6691457(Timestamp), APPROVE(String), BOOK_REQUEST(String), 8(Long), [B@100c8b75(byte[])
14:40:20.673 [main] DEBUG c.e.j.mapper.AuditLogMapper.insert - <==    Updates: 1
14:40:20.673 [main] INFO  c.e.j.service.BookRequestServiceImpl - 申請已核准：requestId=8, approverId=2
14:40:20.673 [main] DEBUG c.e.j.m.BookRequestMapper.insert - ==>  Preparing: INSERT INTO book_requests (requester_id, status, requested_at, idempotency_key) VALUES (?, ?, ?, ?)
14:40:20.674 [main] DEBUG c.e.j.m.BookRequestMapper.insert - ==> Parameters: 1(Long), PENDING(String), 2026-09-11 14:40:20.6731463(Timestamp), fa88261f-468e-4b74-a25e-a45e72beb9bc(String)
14:40:20.674 [main] DEBUG c.e.j.m.BookRequestMapper.insert - <==    Updates: 1
14:40:20.674 [main] DEBUG c.e.j.m.BookRequestItemMapper.insert - ==>  Preparing: INSERT INTO book_request_items (book_request_id, title, isbn, author_id, published_year, estimated_price) VALUES (?, ?, ?, ?, ?, ?)
14:40:20.675 [main] DEBUG c.e.j.m.BookRequestItemMapper.insert - ==> Parameters: 9(Long), Release It!(String), null, null, null, null
14:40:20.675 [main] DEBUG c.e.j.m.BookRequestItemMapper.insert - <==    Updates: 1
14:40:20.675 [main] DEBUG c.e.j.mapper.AuditLogMapper.insert - ==>  Preparing: INSERT INTO audit_logs (user_id, audited_at, action, entity_type, entity_id, detail) VALUES (?, ?, ?, ?, ?, ?)
14:40:20.675 [main] DEBUG c.e.j.mapper.AuditLogMapper.insert - ==> Parameters: 1(Long), 2026-09-11 14:40:20.6731463(Timestamp), SUBMIT(String), BOOK_REQUEST(String), 9(Long), [B@17f3eefb(byte[])
14:40:20.676 [main] DEBUG c.e.j.mapper.AuditLogMapper.insert - <==    Updates: 1
14:40:20.676 [main] INFO  c.e.j.service.BookRequestServiceImpl - 送出申請：requestId=9, requesterId=1, 書籍數=1
14:40:20.677 [main] DEBUG c.e.j.m.BookRequestMapper.approve - ==>  Preparing: UPDATE book_requests SET status = 'APPROVED', approver_id = ?, approved_at = ? WHERE id = ? AND status = 'PENDING' AND requester_id != ?
14:40:20.677 [main] DEBUG c.e.j.m.BookRequestMapper.approve - ==> Parameters: 2(Long), 2026-09-11 14:40:20.67735(Timestamp), 9(Long), 2(Long)
14:40:20.677 [main] DEBUG c.e.j.m.BookRequestMapper.approve - <==    Updates: 1
14:40:20.677 [main] DEBUG c.e.j.m.BookRequestMapper.findById - ==>  Preparing: SELECT * FROM book_requests WHERE id = ?
14:40:20.677 [main] DEBUG c.e.j.m.BookRequestMapper.findById - ==> Parameters: 9(Long)
14:40:20.678 [main] DEBUG c.e.j.m.BookRequestMapper.findById - <==      Total: 1
14:40:20.678 [main] DEBUG c.e.j.m.B.findByBookRequestId - ==>  Preparing: SELECT * FROM book_request_items WHERE book_request_id = ?
14:40:20.678 [main] DEBUG c.e.j.m.B.findByBookRequestId - ==> Parameters: 9(Long)
14:40:20.678 [main] DEBUG c.e.j.m.B.findByBookRequestId - <==      Total: 1
14:40:20.678 [main] DEBUG c.e.j.m.ProcurementItemMapper.insert - ==>  Preparing: INSERT INTO procurement_items (book_request_item_id, status) VALUES (?, ?)
14:40:20.678 [main] DEBUG c.e.j.m.ProcurementItemMapper.insert - ==> Parameters: 11(Long), PENDING(String)
14:40:20.678 [main] DEBUG c.e.j.m.ProcurementItemMapper.insert - <==    Updates: 1
14:40:20.678 [main] DEBUG c.e.j.mapper.AuditLogMapper.insert - ==>  Preparing: INSERT INTO audit_logs (user_id, audited_at, action, entity_type, entity_id, detail) VALUES (?, ?, ?, ?, ?, ?)
14:40:20.679 [main] DEBUG c.e.j.mapper.AuditLogMapper.insert - ==> Parameters: 2(Long), 2026-09-11 14:40:20.67735(Timestamp), CREATE(String), PROCUREMENT_ITEM(String), 5(Long), [B@3d0035d2(byte[])
14:40:20.679 [main] DEBUG c.e.j.mapper.AuditLogMapper.insert - <==    Updates: 1
14:40:20.679 [main] DEBUG c.e.j.mapper.AuditLogMapper.insert - ==>  Preparing: INSERT INTO audit_logs (user_id, audited_at, action, entity_type, entity_id, detail) VALUES (?, ?, ?, ?, ?, ?)
14:40:20.679 [main] DEBUG c.e.j.mapper.AuditLogMapper.insert - ==> Parameters: 2(Long), 2026-09-11 14:40:20.67735(Timestamp), APPROVE(String), BOOK_REQUEST(String), 9(Long), [B@2bfb6b49(byte[])
14:40:20.679 [main] DEBUG c.e.j.mapper.AuditLogMapper.insert - <==    Updates: 1
14:40:20.679 [main] INFO  c.e.j.service.BookRequestServiceImpl - 申請已核准：requestId=9, approverId=2
14:40:20.680 [main] DEBUG c.e.j.m.BookRequestMapper.insert - ==>  Preparing: INSERT INTO book_requests (requester_id, status, requested_at, idempotency_key) VALUES (?, ?, ?, ?)
14:40:20.680 [main] DEBUG c.e.j.m.BookRequestMapper.insert - ==> Parameters: 1(Long), PENDING(String), 2026-09-11 14:40:20.6807897(Timestamp), bf55d7da-3e04-4871-960d-0cade315352a(String)
14:40:20.680 [main] DEBUG c.e.j.m.BookRequestMapper.insert - <==    Updates: 1
14:40:20.680 [main] DEBUG c.e.j.m.BookRequestItemMapper.insert - ==>  Preparing: INSERT INTO book_request_items (book_request_id, title, isbn, author_id, published_year, estimated_price) VALUES (?, ?, ?, ?, ?, ?)
14:40:20.680 [main] DEBUG c.e.j.m.BookRequestItemMapper.insert - ==> Parameters: 10(Long), Overpriced Book(String), null, null, null, 99999(BigDecimal)
14:40:20.680 [main] DEBUG c.e.j.m.BookRequestItemMapper.insert - <==    Updates: 1
14:40:20.680 [main] DEBUG c.e.j.mapper.AuditLogMapper.insert - ==>  Preparing: INSERT INTO audit_logs (user_id, audited_at, action, entity_type, entity_id, detail) VALUES (?, ?, ?, ?, ?, ?)
14:40:20.681 [main] DEBUG c.e.j.mapper.AuditLogMapper.insert - ==> Parameters: 1(Long), 2026-09-11 14:40:20.6807897(Timestamp), SUBMIT(String), BOOK_REQUEST(String), 10(Long), [B@7ab34619(byte[])
14:40:20.681 [main] DEBUG c.e.j.mapper.AuditLogMapper.insert - <==    Updates: 1
14:40:20.681 [main] INFO  c.e.j.service.BookRequestServiceImpl - 送出申請：requestId=10, requesterId=1, 書籍數=1
14:40:20.682 [main] DEBUG c.e.j.m.BookRequestMapper.reject - ==>  Preparing: UPDATE book_requests SET status = 'REJECTED', approver_id = ?, approved_at = ? WHERE id = ? AND status = 'PENDING' AND requester_id != ?
14:40:20.682 [main] DEBUG c.e.j.m.BookRequestMapper.reject - ==> Parameters: 2(Long), 2026-09-11 14:40:20.6827833(Timestamp), 10(Long), 2(Long)
14:40:20.682 [main] DEBUG c.e.j.m.BookRequestMapper.reject - <==    Updates: 1
14:40:20.682 [main] DEBUG c.e.j.m.BookRequestMapper.findById - ==>  Preparing: SELECT * FROM book_requests WHERE id = ?
14:40:20.683 [main] DEBUG c.e.j.m.BookRequestMapper.findById - ==> Parameters: 10(Long)
14:40:20.683 [main] DEBUG c.e.j.m.BookRequestMapper.findById - <==      Total: 1
14:40:20.683 [main] DEBUG c.e.j.mapper.AuditLogMapper.insert - ==>  Preparing: INSERT INTO audit_logs (user_id, audited_at, action, entity_type, entity_id, detail) VALUES (?, ?, ?, ?, ?, ?)
14:40:20.684 [main] DEBUG c.e.j.mapper.AuditLogMapper.insert - ==> Parameters: 2(Long), 2026-09-11 14:40:20.6827833(Timestamp), REJECT(String), BOOK_REQUEST(String), 10(Long), [B@63884e4(byte[])
14:40:20.684 [main] DEBUG c.e.j.mapper.AuditLogMapper.insert - <==    Updates: 1
14:40:20.684 [main] INFO  c.e.j.service.BookRequestServiceImpl - 申請已拒絕：requestId=10, approverId=2
14:40:20.684 [main] DEBUG c.e.j.m.BookRequestMapper.insert - ==>  Preparing: INSERT INTO book_requests (requester_id, status, requested_at, idempotency_key) VALUES (?, ?, ?, ?)
14:40:20.685 [main] DEBUG c.e.j.m.BookRequestMapper.insert - ==> Parameters: 1(Long), PENDING(String), 2026-09-11 14:40:20.6847847(Timestamp), ac6736c8-5197-425c-90bb-66dca7d96c2a(String)
14:40:20.685 [main] DEBUG c.e.j.m.BookRequestMapper.insert - <==    Updates: 1
14:40:20.685 [main] DEBUG c.e.j.m.BookRequestItemMapper.insert - ==>  Preparing: INSERT INTO book_request_items (book_request_id, title, isbn, author_id, published_year, estimated_price) VALUES (?, ?, ?, ?, ?, ?)
14:40:20.685 [main] DEBUG c.e.j.m.BookRequestItemMapper.insert - ==> Parameters: 11(Long), Duplicate Request Example(String), null, null, null, null
14:40:20.685 [main] DEBUG c.e.j.m.BookRequestItemMapper.insert - <==    Updates: 1
14:40:20.685 [main] DEBUG c.e.j.mapper.AuditLogMapper.insert - ==>  Preparing: INSERT INTO audit_logs (user_id, audited_at, action, entity_type, entity_id, detail) VALUES (?, ?, ?, ?, ?, ?)
14:40:20.685 [main] DEBUG c.e.j.mapper.AuditLogMapper.insert - ==> Parameters: 1(Long), 2026-09-11 14:40:20.6847847(Timestamp), SUBMIT(String), BOOK_REQUEST(String), 11(Long), [B@2a4f5433(byte[])
14:40:20.686 [main] DEBUG c.e.j.mapper.AuditLogMapper.insert - <==    Updates: 1
14:40:20.686 [main] INFO  c.e.j.service.BookRequestServiceImpl - 送出申請：requestId=11, requesterId=1, 書籍數=1
14:40:20.686 [main] DEBUG c.e.j.m.BookRequestMapper.reject - ==>  Preparing: UPDATE book_requests SET status = 'REJECTED', approver_id = ?, approved_at = ? WHERE id = ? AND status = 'PENDING' AND requester_id != ?
14:40:20.686 [main] DEBUG c.e.j.m.BookRequestMapper.reject - ==> Parameters: 2(Long), 2026-09-11 14:40:20.6867851(Timestamp), 11(Long), 2(Long)
14:40:20.686 [main] DEBUG c.e.j.m.BookRequestMapper.reject - <==    Updates: 1
14:40:20.687 [main] DEBUG c.e.j.m.BookRequestMapper.findById - ==>  Preparing: SELECT * FROM book_requests WHERE id = ?
14:40:20.687 [main] DEBUG c.e.j.m.BookRequestMapper.findById - ==> Parameters: 11(Long)
14:40:20.687 [main] DEBUG c.e.j.m.BookRequestMapper.findById - <==      Total: 1
14:40:20.687 [main] DEBUG c.e.j.mapper.AuditLogMapper.insert - ==>  Preparing: INSERT INTO audit_logs (user_id, audited_at, action, entity_type, entity_id, detail) VALUES (?, ?, ?, ?, ?, ?)
14:40:20.688 [main] DEBUG c.e.j.mapper.AuditLogMapper.insert - ==> Parameters: 2(Long), 2026-09-11 14:40:20.6867851(Timestamp), REJECT(String), BOOK_REQUEST(String), 11(Long), [B@38b8b6c0(byte[])
14:40:20.688 [main] DEBUG c.e.j.mapper.AuditLogMapper.insert - <==    Updates: 1
14:40:20.688 [main] INFO  c.e.j.service.BookRequestServiceImpl - 申請已拒絕：requestId=11, approverId=2
14:40:20.688 [main] DEBUG c.e.j.m.BookRequestMapper.insert - ==>  Preparing: INSERT INTO book_requests (requester_id, status, requested_at, idempotency_key) VALUES (?, ?, ?, ?)
14:40:20.688 [main] DEBUG c.e.j.m.BookRequestMapper.insert - ==> Parameters: 1(Long), PENDING(String), 2026-09-11 14:40:20.6887827(Timestamp), 7a87a0b0-d819-41da-9ab5-907bf14161d7(String)
14:40:20.689 [main] DEBUG c.e.j.m.BookRequestMapper.insert - <==    Updates: 1
14:40:20.689 [main] DEBUG c.e.j.m.BookRequestItemMapper.insert - ==>  Preparing: INSERT INTO book_request_items (book_request_id, title, isbn, author_id, published_year, estimated_price) VALUES (?, ?, ?, ?, ?, ?)
14:40:20.689 [main] DEBUG c.e.j.m.BookRequestItemMapper.insert - ==> Parameters: 12(Long), Out of Scope Book(String), null, null, null, null
14:40:20.689 [main] DEBUG c.e.j.m.BookRequestItemMapper.insert - <==    Updates: 1
14:40:20.689 [main] DEBUG c.e.j.mapper.AuditLogMapper.insert - ==>  Preparing: INSERT INTO audit_logs (user_id, audited_at, action, entity_type, entity_id, detail) VALUES (?, ?, ?, ?, ?, ?)
14:40:20.689 [main] DEBUG c.e.j.mapper.AuditLogMapper.insert - ==> Parameters: 1(Long), 2026-09-11 14:40:20.6887827(Timestamp), SUBMIT(String), BOOK_REQUEST(String), 12(Long), [B@1a22e0ef(byte[])
14:40:20.690 [main] DEBUG c.e.j.mapper.AuditLogMapper.insert - <==    Updates: 1
14:40:20.690 [main] INFO  c.e.j.service.BookRequestServiceImpl - 送出申請：requestId=12, requesterId=1, 書籍數=1
14:40:20.690 [main] DEBUG c.e.j.m.BookRequestMapper.reject - ==>  Preparing: UPDATE book_requests SET status = 'REJECTED', approver_id = ?, approved_at = ? WHERE id = ? AND status = 'PENDING' AND requester_id != ?
14:40:20.690 [main] DEBUG c.e.j.m.BookRequestMapper.reject - ==> Parameters: 2(Long), 2026-09-11 14:40:20.6907837(Timestamp), 12(Long), 2(Long)
14:40:20.690 [main] DEBUG c.e.j.m.BookRequestMapper.reject - <==    Updates: 1
14:40:20.690 [main] DEBUG c.e.j.m.BookRequestMapper.findById - ==>  Preparing: SELECT * FROM book_requests WHERE id = ?
14:40:20.691 [main] DEBUG c.e.j.m.BookRequestMapper.findById - ==> Parameters: 12(Long)
14:40:20.691 [main] DEBUG c.e.j.m.BookRequestMapper.findById - <==      Total: 1
14:40:20.691 [main] DEBUG c.e.j.mapper.AuditLogMapper.insert - ==>  Preparing: INSERT INTO audit_logs (user_id, audited_at, action, entity_type, entity_id, detail) VALUES (?, ?, ?, ?, ?, ?)
14:40:20.691 [main] DEBUG c.e.j.mapper.AuditLogMapper.insert - ==> Parameters: 2(Long), 2026-09-11 14:40:20.6907837(Timestamp), REJECT(String), BOOK_REQUEST(String), 12(Long), [B@7f5538a1(byte[])
14:40:20.691 [main] DEBUG c.e.j.mapper.AuditLogMapper.insert - <==    Updates: 1
14:40:20.691 [main] INFO  c.e.j.service.BookRequestServiceImpl - 申請已拒絕：requestId=12, approverId=2
14:40:20.692 [main] DEBUG c.e.j.m.B.findByStatus - ==>  Preparing: SELECT * FROM book_requests WHERE status = ? ORDER BY requested_at
14:40:20.692 [main] DEBUG c.e.j.m.B.findByStatus - ==> Parameters: PENDING(String)
14:40:20.693 [main] DEBUG c.e.j.m.B.findByStatus - <==      Total: 5
14:40:20.693 [main] DEBUG c.e.j.m.B.findByStatus - ==>  Preparing: SELECT * FROM book_requests WHERE status = ? ORDER BY requested_at
14:40:20.693 [main] DEBUG c.e.j.m.B.findByStatus - ==> Parameters: APPROVED(String)
14:40:20.694 [main] DEBUG c.e.j.m.B.findByStatus - <==      Total: 4
14:40:20.694 [main] DEBUG c.e.j.m.B.findByStatus - ==>  Preparing: SELECT * FROM book_requests WHERE status = ? ORDER BY requested_at
14:40:20.694 [main] DEBUG c.e.j.m.B.findByStatus - ==> Parameters: REJECTED(String)
14:40:20.695 [main] DEBUG c.e.j.m.B.findByStatus - <==      Total: 3
14:40:20.696 [main] DEBUG c.e.j.m.BookRequestMapper.findAll - ==>  Preparing: SELECT * FROM book_requests
14:40:20.696 [main] DEBUG c.e.j.m.BookRequestMapper.findAll - ==> Parameters: 
14:40:20.697 [main] DEBUG c.e.j.m.BookRequestMapper.findAll - <==      Total: 12
14:40:22.355 [main] ERROR c.e.j.controller.HealthController - 健康檢查失敗：資料庫連線異常
org.springframework.dao.DataAccessResourceFailureException: connection refused
	at org.springframework.jdbc.core.JdbcTemplate.queryForObject(JdbcTemplate.java:516)
	at com.example.jsppractice.controller.HealthController.isDbUp(HealthController.java:45)
	at com.example.jsppractice.controller.HealthController.health(HealthController.java:27)
	at java.base/jdk.internal.reflect.DirectMethodHandleAccessor.invoke(DirectMethodHandleAccessor.java:104)
	at java.base/java.lang.reflect.Method.invoke(Method.java:565)
	at org.springframework.web.method.support.InvocableHandlerMethod.doInvoke(InvocableHandlerMethod.java:205)
	at org.springframework.web.method.support.InvocableHandlerMethod.invokeForRequest(InvocableHandlerMethod.java:150)
	at org.springframework.web.servlet.mvc.method.annotation.ServletInvocableHandlerMethod.invokeAndHandle(ServletInvocableHandlerMethod.java:117)
	at org.springframework.web.servlet.mvc.method.annotation.RequestMappingHandlerAdapter.invokeHandlerMethod(RequestMappingHandlerAdapter.java:903)
	at org.springframework.web.servlet.mvc.method.annotation.RequestMappingHandlerAdapter.handleInternal(RequestMappingHandlerAdapter.java:809)
	at org.springframework.web.servlet.mvc.method.AbstractHandlerMethodAdapter.handle(AbstractHandlerMethodAdapter.java:87)
	at org.springframework.web.servlet.DispatcherServlet.doDispatch(DispatcherServlet.java:1072)
	at org.springframework.web.servlet.DispatcherServlet.doService(DispatcherServlet.java:965)
	at org.springframework.web.servlet.FrameworkServlet.processRequest(FrameworkServlet.java:1006)
	at org.springframework.web.servlet.FrameworkServlet.doGet(FrameworkServlet.java:898)
	at javax.servlet.http.HttpServlet.service(HttpServlet.java:645)
	at org.springframework.web.servlet.FrameworkServlet.service(FrameworkServlet.java:883)
	at org.springframework.test.web.servlet.TestDispatcherServlet.service(TestDispatcherServlet.java:72)
	at javax.servlet.http.HttpServlet.service(HttpServlet.java:750)
	at org.springframework.mock.web.MockFilterChain$ServletFilterProxy.doFilter(MockFilterChain.java:167)
	at org.springframework.mock.web.MockFilterChain.doFilter(MockFilterChain.java:134)
	at org.springframework.test.web.servlet.MockMvc.perform(MockMvc.java:201)
	at com.example.jsppractice.controller.HealthControllerTest.returnsDownWithServiceUnavailableWhenDbQueryFails(HealthControllerTest.java:68)
	at java.base/jdk.internal.reflect.DirectMethodHandleAccessor.invoke(DirectMethodHandleAccessor.java:104)
	at java.base/java.lang.reflect.Method.invoke(Method.java:565)
	at org.junit.runners.model.FrameworkMethod$1.runReflectiveCall(FrameworkMethod.java:59)
	at org.junit.internal.runners.model.ReflectiveCallable.run(ReflectiveCallable.java:12)
	at org.junit.runners.model.FrameworkMethod.invokeExplosively(FrameworkMethod.java:56)
	at org.junit.internal.runners.statements.InvokeMethod.evaluate(InvokeMethod.java:17)
	at org.junit.internal.runners.statements.RunBefores.evaluate(RunBefores.java:26)
	at org.mockito.internal.runners.DefaultInternalRunner$1$1.evaluate(DefaultInternalRunner.java:55)
	at org.junit.runners.ParentRunner$3.evaluate(ParentRunner.java:306)
	at org.junit.runners.BlockJUnit4ClassRunner$1.evaluate(BlockJUnit4ClassRunner.java:100)
	at org.junit.runners.ParentRunner.runLeaf(ParentRunner.java:366)
	at org.junit.runners.BlockJUnit4ClassRunner.runChild(BlockJUnit4ClassRunner.java:103)
	at org.junit.runners.BlockJUnit4ClassRunner.runChild(BlockJUnit4ClassRunner.java:63)
	at org.junit.runners.ParentRunner$4.run(ParentRunner.java:331)
	at org.junit.runners.ParentRunner$1.schedule(ParentRunner.java:79)
	at org.junit.runners.ParentRunner.runChildren(ParentRunner.java:329)
	at org.junit.runners.ParentRunner.access$100(ParentRunner.java:66)
	at org.junit.runners.ParentRunner$2.evaluate(ParentRunner.java:293)
	at org.junit.runners.ParentRunner$3.evaluate(ParentRunner.java:306)
	at org.junit.runners.ParentRunner.run(ParentRunner.java:413)
	at org.mockito.internal.runners.DefaultInternalRunner$1.run(DefaultInternalRunner.java:100)
	at org.mockito.internal.runners.DefaultInternalRunner.run(DefaultInternalRunner.java:107)
	at org.mockito.internal.runners.StrictRunner.run(StrictRunner.java:42)
	at org.mockito.junit.MockitoJUnitRunner.run(MockitoJUnitRunner.java:163)
	at org.apache.maven.surefire.junit4.JUnit4Provider.execute(JUnit4Provider.java:316)
	at org.apache.maven.surefire.junit4.JUnit4Provider.executeWithRerun(JUnit4Provider.java:240)
	at org.apache.maven.surefire.junit4.JUnit4Provider.executeTestSet(JUnit4Provider.java:214)
	at org.apache.maven.surefire.junit4.JUnit4Provider.invoke(JUnit4Provider.java:155)
	at org.apache.maven.surefire.booter.ForkedBooter.runSuitesInProcess(ForkedBooter.java:385)
	at org.apache.maven.surefire.booter.ForkedBooter.execute(ForkedBooter.java:162)
	at org.apache.maven.surefire.booter.ForkedBooter.run(ForkedBooter.java:507)
	at org.apache.maven.surefire.booter.ForkedBooter.main(ForkedBooter.java:495)
14:40:22.807 [main] WARN  c.e.j.i.RoleAccessInterceptor - 權限不足被擋下：userId=1, role=ADMIN, POST /procurement/1/complete
14:40:22.808 [main] WARN  c.e.j.i.RoleAccessInterceptor - 權限不足被擋下：userId=1, role=USER, POST /procurement/1/complete
14:40:22.813 [main] WARN  c.e.j.i.RoleAccessInterceptor - 權限不足被擋下：userId=1, role=PROCUREMENT, POST /requests/1/approve
14:40:22.813 [main] WARN  c.e.j.i.RoleAccessInterceptor - 權限不足被擋下：userId=1, role=USER, POST /requests/1/reject
14:40:22.815 [main] WARN  c.e.j.i.RoleAccessInterceptor - 權限不足被擋下：userId=1, role=USER, GET /books/new
14:40:22.826 [main] DEBUG c.e.j.mapper.AuditLogMapper.insert - ==>  Preparing: INSERT INTO audit_logs (user_id, audited_at, action, entity_type, entity_id, detail) VALUES (?, ?, ?, ?, ?, ?)
14:40:22.827 [main] DEBUG c.e.j.mapper.AuditLogMapper.insert - ==> Parameters: 4(Long), 2026-09-11 14:40:22.8250594(Timestamp), APPROVE(String), BOOK_REQUEST(String), 42(Long), [B@34ab398b(byte[])
14:40:22.828 [main] DEBUG c.e.j.mapper.AuditLogMapper.insert - <==    Updates: 1
14:40:22.829 [main] DEBUG c.e.j.m.AuditLogMapper.findByEntity - ==>  Preparing: SELECT * FROM audit_logs WHERE entity_type = ? AND entity_id = ? ORDER BY audited_at DESC
14:40:22.830 [main] DEBUG c.e.j.m.AuditLogMapper.findByEntity - ==> Parameters: BOOK_REQUEST(String), 42(Long)
14:40:22.832 [main] DEBUG c.e.j.m.AuditLogMapper.findByEntity - <==      Total: 1
14:40:22.841 [main] DEBUG c.e.j.mapper.AuditLogMapper.insert - ==>  Preparing: INSERT INTO audit_logs (user_id, audited_at, action, entity_type, entity_id, detail) VALUES (?, ?, ?, ?, ?, ?)
14:40:22.842 [main] DEBUG c.e.j.mapper.AuditLogMapper.insert - ==> Parameters: 5(Long), 2026-09-11 14:40:22.8410647(Timestamp), APPROVE(String), BOOK_REQUEST(String), 0(Long), [B@386f88b3(byte[])
14:40:22.842 [main] DEBUG c.e.j.mapper.AuditLogMapper.insert - <==    Updates: 1
14:40:22.842 [main] DEBUG c.e.j.mapper.AuditLogMapper.insert - ==>  Preparing: INSERT INTO audit_logs (user_id, audited_at, action, entity_type, entity_id, detail) VALUES (?, ?, ?, ?, ?, ?)
14:40:22.843 [main] DEBUG c.e.j.mapper.AuditLogMapper.insert - ==> Parameters: 5(Long), 2026-09-11 14:40:22.8420673(Timestamp), APPROVE(String), BOOK_REQUEST(String), 1(Long), [B@23e573e(byte[])
14:40:22.843 [main] DEBUG c.e.j.mapper.AuditLogMapper.insert - <==    Updates: 1
14:40:22.844 [main] DEBUG c.e.j.mapper.AuditLogMapper.insert - ==>  Preparing: INSERT INTO audit_logs (user_id, audited_at, action, entity_type, entity_id, detail) VALUES (?, ?, ?, ?, ?, ?)
14:40:22.844 [main] DEBUG c.e.j.mapper.AuditLogMapper.insert - ==> Parameters: 5(Long), 2026-09-11 14:40:22.8430649(Timestamp), APPROVE(String), BOOK_REQUEST(String), 2(Long), [B@66f5770e(byte[])
14:40:22.844 [main] DEBUG c.e.j.mapper.AuditLogMapper.insert - <==    Updates: 1
14:40:22.846 [main] DEBUG c.e.j.mapper.AuditLogMapper.findNext - ==>  Preparing: SELECT * FROM audit_logs ORDER BY id DESC LIMIT ?
14:40:22.847 [main] DEBUG c.e.j.mapper.AuditLogMapper.findNext - ==> Parameters: 2(Integer)
14:40:22.848 [main] DEBUG c.e.j.mapper.AuditLogMapper.findNext - <==      Total: 2
14:40:22.849 [main] DEBUG c.e.j.mapper.AuditLogMapper.findNext - ==>  Preparing: SELECT * FROM audit_logs WHERE id < ? ORDER BY id DESC LIMIT ?
14:40:22.849 [main] DEBUG c.e.j.mapper.AuditLogMapper.findNext - ==> Parameters: 27(Long), 2(Integer)
14:40:22.850 [main] DEBUG c.e.j.mapper.AuditLogMapper.findNext - <==      Total: 1
14:40:22.859 [main] DEBUG c.e.j.mapper.AuditLogMapper.insert - ==>  Preparing: INSERT INTO audit_logs (user_id, audited_at, action, entity_type, entity_id, detail) VALUES (?, ?, ?, ?, ?, ?)
14:40:22.859 [main] DEBUG c.e.j.mapper.AuditLogMapper.insert - ==> Parameters: 6(Long), 2026-09-11 14:40:22.8595839(Timestamp), APPROVE(String), BOOK_REQUEST(String), 0(Long), [B@68cb8e52(byte[])
14:40:22.860 [main] DEBUG c.e.j.mapper.AuditLogMapper.insert - <==    Updates: 1
14:40:22.861 [main] DEBUG c.e.j.mapper.AuditLogMapper.insert - ==>  Preparing: INSERT INTO audit_logs (user_id, audited_at, action, entity_type, entity_id, detail) VALUES (?, ?, ?, ?, ?, ?)
14:40:22.861 [main] DEBUG c.e.j.mapper.AuditLogMapper.insert - ==> Parameters: 6(Long), 2026-09-11 14:40:22.860584(Timestamp), APPROVE(String), BOOK_REQUEST(String), 1(Long), [B@40071890(byte[])
14:40:22.861 [main] DEBUG c.e.j.mapper.AuditLogMapper.insert - <==    Updates: 1
14:40:22.861 [main] DEBUG c.e.j.mapper.AuditLogMapper.insert - ==>  Preparing: INSERT INTO audit_logs (user_id, audited_at, action, entity_type, entity_id, detail) VALUES (?, ?, ?, ?, ?, ?)
14:40:22.862 [main] DEBUG c.e.j.mapper.AuditLogMapper.insert - ==> Parameters: 6(Long), 2026-09-11 14:40:22.8615844(Timestamp), APPROVE(String), BOOK_REQUEST(String), 2(Long), [B@c4455b4(byte[])
14:40:22.863 [main] DEBUG c.e.j.mapper.AuditLogMapper.insert - <==    Updates: 1
14:40:22.863 [main] DEBUG c.e.j.m.AuditLogMapper.findPrevious - ==>  Preparing: SELECT * FROM audit_logs WHERE id > ? ORDER BY id ASC LIMIT ?
14:40:22.863 [main] DEBUG c.e.j.m.AuditLogMapper.findPrevious - ==> Parameters: 29(Long), 2(Integer)
14:40:22.864 [main] DEBUG c.e.j.m.AuditLogMapper.findPrevious - <==      Total: 2
14:40:22.874 [main] DEBUG c.e.j.mapper.BookMapper.insert - ==>  Preparing: INSERT INTO books (title, isbn, author_id, published_year) VALUES (?, ?, ?, ?)
14:40:22.874 [main] DEBUG c.e.j.mapper.BookMapper.insert - ==> Parameters: Effective Java(String), 978-0134685991(String), 4(Long), 2018(Integer)
14:40:22.875 [main] DEBUG c.e.j.mapper.BookMapper.insert - <==    Updates: 1
14:40:22.875 [main] DEBUG c.e.j.mapper.BookMapper.insert - ==>  Preparing: INSERT INTO books (title, isbn, author_id, published_year) VALUES (?, ?, ?, ?)
14:40:22.875 [main] DEBUG c.e.j.mapper.BookMapper.insert - ==> Parameters: Unrelated Book(String), 9999999999999(String), 4(Long), 2000(Integer)
14:40:22.876 [main] DEBUG c.e.j.mapper.BookMapper.insert - <==    Updates: 1
14:40:22.877 [main] DEBUG c.e.j.mapper.BookMapper.search - ==>  Preparing: SELECT b.id, b.title, b.isbn, b.published_year, a.name AS author_name, c.id AS category_id, c.name AS category_name FROM books b LEFT JOIN authors a ON b.author_id = a.id LEFT JOIN books_categories bc ON bc.book_id = b.id LEFT JOIN categories c ON bc.category_id = c.id WHERE (b.title ILIKE CONCAT('%', ?, '%') OR a.name ILIKE CONCAT('%', ?, '%') OR c.name ILIKE CONCAT('%', ?, '%')) ORDER BY b.id
14:40:22.879 [main] DEBUG c.e.j.mapper.BookMapper.search - ==> Parameters: Effective(String), Effective(String), Effective(String)
14:40:22.881 [main] DEBUG c.e.j.mapper.BookMapper.search - <==      Total: 1
14:40:22.889 [main] DEBUG c.e.j.mapper.BookMapper.insert - ==>  Preparing: INSERT INTO books (title, isbn, author_id, published_year) VALUES (?, ?, ?, ?)
14:40:22.889 [main] DEBUG c.e.j.mapper.BookMapper.insert - ==> Parameters: Effective Java(String), 978-0134685991(String), 5(Long), 2018(Integer)
14:40:22.889 [main] DEBUG c.e.j.mapper.BookMapper.insert - <==    Updates: 1
14:40:22.890 [main] DEBUG c.e.j.m.B.insertBookCategories - ==>  Preparing: INSERT INTO books_categories (book_id, category_id) VALUES (?, ?)
14:40:22.890 [main] DEBUG c.e.j.m.B.insertBookCategories - ==> Parameters: 27(Long), 4(Long)
14:40:22.890 [main] DEBUG c.e.j.m.B.insertBookCategories - <==    Updates: 1
14:40:22.890 [main] DEBUG c.e.j.m.B.findCategoriesById - ==>  Preparing: SELECT c.* FROM categories c JOIN books_categories bc ON bc.category_id = c.id WHERE bc.book_id = ?
14:40:22.891 [main] DEBUG c.e.j.m.B.findCategoriesById - ==> Parameters: 27(Long)
14:40:22.892 [main] DEBUG c.e.j.m.B.findCategoriesById - <==      Total: 1
14:40:22.898 [main] DEBUG c.e.j.mapper.BookMapper.insert - ==>  Preparing: INSERT INTO books (title, isbn, author_id, published_year) VALUES (?, ?, ?, ?)
14:40:22.898 [main] DEBUG c.e.j.mapper.BookMapper.insert - ==> Parameters: Effective Java(String), 978-0134685991(String), 6(Long), 2018(Integer)
14:40:22.899 [main] DEBUG c.e.j.mapper.BookMapper.insert - <==    Updates: 1
14:40:22.899 [main] DEBUG c.e.j.mapper.BookMapper.update - ==>  Preparing: UPDATE books SET title = ?, isbn = ?, author_id = ?, published_year = ? WHERE id = ?
14:40:22.900 [main] DEBUG c.e.j.mapper.BookMapper.update - ==> Parameters: My New Title(String), 978-0134685991(String), 6(Long), 2018(Integer), 28(Long)
14:40:22.900 [main] DEBUG c.e.j.mapper.BookMapper.update - <==    Updates: 1
14:40:22.900 [main] DEBUG c.e.j.mapper.BookMapper.findById - ==>  Preparing: SELECT id, title, isbn, author_id, published_year FROM books WHERE id = ?
14:40:22.900 [main] DEBUG c.e.j.mapper.BookMapper.findById - ==> Parameters: 28(Long)
14:40:22.901 [main] DEBUG c.e.j.mapper.BookMapper.findById - <==      Total: 1
14:40:22.901 [main] DEBUG c.e.j.mapper.BookMapper.findAll - ==>  Preparing: SELECT b.id, b.title, b.isbn, b.published_year, a.name AS author_name, c.id AS category_id, c.name AS category_name FROM books b LEFT JOIN authors a ON b.author_id = a.id LEFT JOIN books_categories bc ON bc.book_id = b.id LEFT JOIN categories c ON bc.category_id = c.id ORDER BY b.id
14:40:22.902 [main] DEBUG c.e.j.mapper.BookMapper.findAll - ==> Parameters: 
14:40:22.903 [main] DEBUG c.e.j.mapper.BookMapper.findAll - <==      Total: 1
14:40:22.910 [main] DEBUG c.e.j.mapper.BookMapper.insert - ==>  Preparing: INSERT INTO books (title, isbn, author_id, published_year) VALUES (?, ?, ?, ?)
14:40:22.910 [main] DEBUG c.e.j.mapper.BookMapper.insert - ==> Parameters: Effective Java(String), 978-0134685991(String), 7(Long), 2018(Integer)
14:40:22.910 [main] DEBUG c.e.j.mapper.BookMapper.insert - <==    Updates: 1
14:40:22.911 [main] DEBUG c.e.j.m.B.insertBookCategories - ==>  Preparing: INSERT INTO books_categories (book_id, category_id) VALUES (?, ?) , (?, ?)
14:40:22.911 [main] DEBUG c.e.j.m.B.insertBookCategories - ==> Parameters: 29(Long), 5(Long), 29(Long), 6(Long)
14:40:22.911 [main] DEBUG c.e.j.m.B.insertBookCategories - <==    Updates: 2
14:40:22.911 [main] DEBUG c.e.j.mapper.BookMapper.insert - ==>  Preparing: INSERT INTO books (title, isbn, author_id, published_year) VALUES (?, ?, ?, ?)
14:40:22.912 [main] DEBUG c.e.j.mapper.BookMapper.insert - ==> Parameters: Effective Java(String), 978-0134685991(String), 7(Long), 2018(Integer)
14:40:22.912 [main] DEBUG c.e.j.mapper.BookMapper.insert - <==    Updates: 1
14:40:22.912 [main] DEBUG c.e.j.mapper.BookMapper.findAll - ==>  Preparing: SELECT b.id, b.title, b.isbn, b.published_year, a.name AS author_name, c.id AS category_id, c.name AS category_name FROM books b LEFT JOIN authors a ON b.author_id = a.id LEFT JOIN books_categories bc ON bc.book_id = b.id LEFT JOIN categories c ON bc.category_id = c.id ORDER BY b.id
14:40:22.912 [main] DEBUG c.e.j.mapper.BookMapper.findAll - ==> Parameters: 
14:40:22.913 [main] DEBUG c.e.j.mapper.BookMapper.findAll - <==      Total: 3
14:40:22.918 [main] DEBUG c.e.j.mapper.BookMapper.insert - ==>  Preparing: INSERT INTO books (title, isbn, author_id, published_year) VALUES (?, ?, ?, ?)
14:40:22.919 [main] DEBUG c.e.j.mapper.BookMapper.insert - ==> Parameters: Effective Java(String), 978-0134685991(String), 8(Long), 2018(Integer)
14:40:22.919 [main] DEBUG c.e.j.mapper.BookMapper.insert - <==    Updates: 1
14:40:22.919 [main] DEBUG c.e.j.m.B.insertBookCategories - ==>  Preparing: INSERT INTO books_categories (book_id, category_id) VALUES (?, ?)
14:40:22.919 [main] DEBUG c.e.j.m.B.insertBookCategories - ==> Parameters: 31(Long), 7(Long)
14:40:22.920 [main] DEBUG c.e.j.m.B.insertBookCategories - <==    Updates: 1
14:40:22.920 [main] DEBUG c.e.j.m.B.deleteCategoriesByBookId - ==>  Preparing: DELETE FROM books_categories bc WHERE bc.book_id = ?
14:40:22.920 [main] DEBUG c.e.j.m.B.deleteCategoriesByBookId - ==> Parameters: 31(Long)
14:40:22.920 [main] DEBUG c.e.j.m.B.deleteCategoriesByBookId - <==    Updates: 1
14:40:22.921 [main] DEBUG c.e.j.m.B.findCategoriesById - ==>  Preparing: SELECT c.* FROM categories c JOIN books_categories bc ON bc.category_id = c.id WHERE bc.book_id = ?
14:40:22.921 [main] DEBUG c.e.j.m.B.findCategoriesById - ==> Parameters: 31(Long)
14:40:22.921 [main] DEBUG c.e.j.m.B.findCategoriesById - <==      Total: 0
14:40:22.930 [main] DEBUG c.e.j.mapper.BookMapper.insert - ==>  Preparing: INSERT INTO books (title, isbn, author_id, published_year) VALUES (?, ?, ?, ?)
14:40:22.930 [main] DEBUG c.e.j.mapper.BookMapper.insert - ==> Parameters: Book With Many Categories(String), null, 9(Long), 2020(Integer)
14:40:22.931 [main] DEBUG c.e.j.mapper.BookMapper.insert - <==    Updates: 1
14:40:22.932 [main] DEBUG c.e.j.m.B.insertBookCategories - ==>  Preparing: INSERT INTO books_categories (book_id, category_id) VALUES (?, ?) , (?, ?) , (?, ?)
14:40:22.932 [main] DEBUG c.e.j.m.B.insertBookCategories - ==> Parameters: 32(Long), 8(Long), 32(Long), 9(Long), 32(Long), 10(Long)
14:40:22.932 [main] DEBUG c.e.j.m.B.insertBookCategories - <==    Updates: 3
14:40:22.933 [main] DEBUG c.e.j.mapper.BookMapper.insert - ==>  Preparing: INSERT INTO books (title, isbn, author_id, published_year) VALUES (?, ?, ?, ?)
14:40:22.933 [main] DEBUG c.e.j.mapper.BookMapper.insert - ==> Parameters: Book Without Categories(String), null, 9(Long), 2021(Integer)
14:40:22.933 [main] DEBUG c.e.j.mapper.BookMapper.insert - <==    Updates: 1
14:40:22.933 [main] DEBUG c.e.j.m.BookMapper.countBySearch - ==>  Preparing: SELECT COUNT(DISTINCT b.id) FROM books b LEFT JOIN authors a ON b.author_id = a.id LEFT JOIN books_categories bc ON bc.book_id = b.id LEFT JOIN categories c ON bc.category_id = c.id
14:40:22.934 [main] DEBUG c.e.j.m.BookMapper.countBySearch - ==> Parameters: 
14:40:22.939 [main] DEBUG c.e.j.m.BookMapper.countBySearch - <==      Total: 1
14:40:22.941 [main] DEBUG c.e.j.m.BookMapper.findIdsBySearch - ==>  Preparing: SELECT DISTINCT b.id FROM books b LEFT JOIN authors a ON b.author_id = a.id LEFT JOIN books_categories bc ON bc.book_id = b.id LEFT JOIN categories c ON bc.category_id = c.id ORDER BY b.id LIMIT ? OFFSET ?
14:40:22.942 [main] DEBUG c.e.j.m.BookMapper.findIdsBySearch - ==> Parameters: 1(Integer), 0(Long)
14:40:22.942 [main] DEBUG c.e.j.m.BookMapper.findIdsBySearch - <==      Total: 1
14:40:22.943 [main] DEBUG c.e.j.mapper.BookMapper.findByIds - ==>  Preparing: SELECT b.id, b.title, b.isbn, b.published_year, a.name AS author_name, c.id AS category_id, c.name AS category_name FROM books b LEFT JOIN authors a ON b.author_id = a.id LEFT JOIN books_categories bc ON bc.book_id = b.id LEFT JOIN categories c ON bc.category_id = c.id WHERE b.id IN ( ? ) ORDER BY b.id
14:40:22.943 [main] DEBUG c.e.j.mapper.BookMapper.findByIds - ==> Parameters: 32(Long)
14:40:22.944 [main] DEBUG c.e.j.mapper.BookMapper.findByIds - <==      Total: 3
14:40:22.944 [main] DEBUG c.e.j.m.BookMapper.findIdsBySearch - ==>  Preparing: SELECT DISTINCT b.id FROM books b LEFT JOIN authors a ON b.author_id = a.id LEFT JOIN books_categories bc ON bc.book_id = b.id LEFT JOIN categories c ON bc.category_id = c.id ORDER BY b.id LIMIT ? OFFSET ?
14:40:22.944 [main] DEBUG c.e.j.m.BookMapper.findIdsBySearch - ==> Parameters: 1(Integer), 1(Long)
14:40:22.946 [main] DEBUG c.e.j.m.BookMapper.findIdsBySearch - <==      Total: 1
14:40:22.951 [main] DEBUG c.e.j.mapper.BookMapper.insert - ==>  Preparing: INSERT INTO books (title, isbn, author_id, published_year) VALUES (?, ?, ?, ?)
14:40:22.951 [main] DEBUG c.e.j.mapper.BookMapper.insert - ==> Parameters: Effective Java(String), 978-0134685991(String), 10(Long), 2018(Integer)
14:40:22.951 [main] DEBUG c.e.j.mapper.BookMapper.insert - <==    Updates: 1
14:40:22.951 [main] DEBUG c.e.j.mapper.BookMapper.insert - ==>  Preparing: INSERT INTO books (title, isbn, author_id, published_year) VALUES (?, ?, ?, ?)
14:40:22.951 [main] DEBUG c.e.j.mapper.BookMapper.insert - ==> Parameters: Clean Code(String), 9780132350884(String), 11(Long), 2008(Integer)
14:40:22.951 [main] DEBUG c.e.j.mapper.BookMapper.insert - <==    Updates: 1
14:40:22.952 [main] DEBUG c.e.j.mapper.BookMapper.search - ==>  Preparing: SELECT b.id, b.title, b.isbn, b.published_year, a.name AS author_name, c.id AS category_id, c.name AS category_name FROM books b LEFT JOIN authors a ON b.author_id = a.id LEFT JOIN books_categories bc ON bc.book_id = b.id LEFT JOIN categories c ON bc.category_id = c.id WHERE (b.title ILIKE CONCAT('%', ?, '%') OR a.name ILIKE CONCAT('%', ?, '%') OR c.name ILIKE CONCAT('%', ?, '%')) ORDER BY b.id
14:40:22.953 [main] DEBUG c.e.j.mapper.BookMapper.search - ==> Parameters: Bloch(String), Bloch(String), Bloch(String)
14:40:22.954 [main] DEBUG c.e.j.mapper.BookMapper.search - <==      Total: 1
14:40:22.958 [main] DEBUG c.e.j.mapper.BookMapper.insert - ==>  Preparing: INSERT INTO books (title, isbn, author_id, published_year) VALUES (?, ?, ?, ?)
14:40:22.959 [main] DEBUG c.e.j.mapper.BookMapper.insert - ==> Parameters: Effective Java(String), 978-0134685991(String), 12(Long), 2018(Integer)
14:40:22.959 [main] DEBUG c.e.j.mapper.BookMapper.insert - <==    Updates: 1
14:40:22.959 [main] DEBUG c.e.j.mapper.BookMapper.insert - ==>  Preparing: INSERT INTO books (title, isbn, author_id, published_year) VALUES (?, ?, ?, ?)
14:40:22.959 [main] DEBUG c.e.j.mapper.BookMapper.insert - ==> Parameters: Unrelated Book(String), 9999999999999(String), 12(Long), 2000(Integer)
14:40:22.960 [main] DEBUG c.e.j.mapper.BookMapper.insert - <==    Updates: 1
14:40:22.960 [main] DEBUG c.e.j.mapper.BookMapper.search - ==>  Preparing: SELECT b.id, b.title, b.isbn, b.published_year, a.name AS author_name, c.id AS category_id, c.name AS category_name FROM books b LEFT JOIN authors a ON b.author_id = a.id LEFT JOIN books_categories bc ON bc.book_id = b.id LEFT JOIN categories c ON bc.category_id = c.id ORDER BY b.id
14:40:22.960 [main] DEBUG c.e.j.mapper.BookMapper.search - ==> Parameters: 
14:40:22.961 [main] DEBUG c.e.j.mapper.BookMapper.search - <==      Total: 2
14:40:22.969 [main] DEBUG c.e.j.mapper.BookMapper.insert - ==>  Preparing: INSERT INTO books (title, isbn, author_id, published_year) VALUES (?, ?, ?, ?)
14:40:22.970 [main] DEBUG c.e.j.mapper.BookMapper.insert - ==> Parameters: Effective Java(String), 978-0134685991(String), 13(Long), 2018(Integer)
14:40:22.970 [main] DEBUG c.e.j.mapper.BookMapper.insert - <==    Updates: 1
14:40:22.971 [main] DEBUG c.e.j.m.B.insertBookCategories - ==>  Preparing: INSERT INTO books_categories (book_id, category_id) VALUES (?, ?)
14:40:22.971 [main] DEBUG c.e.j.m.B.insertBookCategories - ==> Parameters: 38(Long), 11(Long)
14:40:22.971 [main] DEBUG c.e.j.m.B.insertBookCategories - <==    Updates: 1
14:40:22.972 [main] DEBUG c.e.j.m.B.findCategoriesById - ==>  Preparing: SELECT c.* FROM categories c JOIN books_categories bc ON bc.category_id = c.id WHERE bc.book_id = ?
14:40:22.972 [main] DEBUG c.e.j.m.B.findCategoriesById - ==> Parameters: 38(Long)
14:40:22.973 [main] DEBUG c.e.j.m.B.findCategoriesById - <==      Total: 1
14:40:22.977 [main] DEBUG c.e.j.mapper.BookMapper.insert - ==>  Preparing: INSERT INTO books (title, isbn, author_id, published_year) VALUES (?, ?, ?, ?)
14:40:22.977 [main] DEBUG c.e.j.mapper.BookMapper.insert - ==> Parameters: Effective Java(String), 978-0134685991(String), 14(Long), 2018(Integer)
14:40:22.978 [main] DEBUG c.e.j.mapper.BookMapper.insert - <==    Updates: 1
14:40:22.978 [main] DEBUG c.e.j.mapper.BookMapper.insert - ==>  Preparing: INSERT INTO books (title, isbn, author_id, published_year) VALUES (?, ?, ?, ?)
14:40:22.978 [main] DEBUG c.e.j.mapper.BookMapper.insert - ==> Parameters: Effective Java(String), 978-0134685991(String), 14(Long), 2018(Integer)
14:40:22.978 [main] DEBUG c.e.j.mapper.BookMapper.insert - <==    Updates: 1
14:40:22.979 [main] DEBUG c.e.j.m.BookMapper.findByAuthorId - ==>  Preparing: SELECT * FROM books b WHERE b.author_id = ?
14:40:22.979 [main] DEBUG c.e.j.m.BookMapper.findByAuthorId - ==> Parameters: 14(Long)
14:40:22.979 [main] DEBUG c.e.j.m.BookMapper.findByAuthorId - <==      Total: 2
14:40:22.986 [main] DEBUG c.e.j.m.BookRequestMapper.insert - ==>  Preparing: INSERT INTO book_requests (requester_id, status, requested_at, idempotency_key) VALUES (?, ?, ?, ?)
14:40:22.987 [main] DEBUG c.e.j.m.BookRequestMapper.insert - ==> Parameters: 7(Long), PENDING(String), 2026-09-11 14:40:22.9864871(Timestamp), af29ab05-6619-48a2-9c53-8e216df3a96b(String)
14:40:22.987 [main] DEBUG c.e.j.m.BookRequestMapper.insert - <==    Updates: 1
14:40:22.988 [main] DEBUG c.e.j.m.BookRequestItemMapper.insert - ==>  Preparing: INSERT INTO book_request_items (book_request_id, title, isbn, author_id, published_year, estimated_price) VALUES (?, ?, ?, ?, ?, ?)
14:40:22.989 [main] DEBUG c.e.j.m.BookRequestItemMapper.insert - ==> Parameters: 13(Long), Effective Java(String), 9780134685991(String), null, 2018(Integer), 1200.00(BigDecimal)
14:40:22.989 [main] DEBUG c.e.j.m.BookRequestItemMapper.insert - <==    Updates: 1
14:40:22.990 [main] DEBUG c.e.j.m.B.findByBookRequestId - ==>  Preparing: SELECT * FROM book_request_items WHERE book_request_id = ?
14:40:22.990 [main] DEBUG c.e.j.m.B.findByBookRequestId - ==> Parameters: 13(Long)
14:40:22.991 [main] DEBUG c.e.j.m.B.findByBookRequestId - <==      Total: 1
14:40:22.999 [main] DEBUG c.e.j.m.BookRequestMapper.insert - ==>  Preparing: INSERT INTO book_requests (requester_id, status, requested_at, idempotency_key) VALUES (?, ?, ?, ?)
14:40:22.999 [main] DEBUG c.e.j.m.BookRequestMapper.insert - ==> Parameters: 8(Long), APPROVED(String), 2026-09-11 14:40:22.9999292(Timestamp), a21b7dd7-2391-408c-b415-061b3747d579(String)
14:40:22.999 [main] DEBUG c.e.j.m.BookRequestMapper.insert - <==    Updates: 1
14:40:22.999 [main] DEBUG c.e.j.m.BookRequestItemMapper.insert - ==>  Preparing: INSERT INTO book_request_items (book_request_id, title, isbn, author_id, published_year, estimated_price) VALUES (?, ?, ?, ?, ?, ?)
14:40:22.999 [main] DEBUG c.e.j.m.BookRequestItemMapper.insert - ==> Parameters: 14(Long), Clean Code(String), null, null, null, null
14:40:22.999 [main] DEBUG c.e.j.m.BookRequestItemMapper.insert - <==    Updates: 1
14:40:23.001 [main] DEBUG c.e.j.m.ProcurementItemMapper.insert - ==>  Preparing: INSERT INTO procurement_items (book_request_item_id, status) VALUES (?, ?)
14:40:23.001 [main] DEBUG c.e.j.m.ProcurementItemMapper.insert - ==> Parameters: 16(Long), PENDING(String)
14:40:23.001 [main] DEBUG c.e.j.m.ProcurementItemMapper.insert - <==    Updates: 1
14:40:23.001 [main] DEBUG c.e.j.m.P.findByStatus - ==>  Preparing: SELECT * FROM procurement_items WHERE status = ?
14:40:23.001 [main] DEBUG c.e.j.m.P.findByStatus - ==> Parameters: PENDING(String)
14:40:23.003 [main] DEBUG c.e.j.m.P.findByStatus - <==      Total: 1
14:40:23.004 [main] DEBUG c.e.j.m.ProcurementItemMapper.update - ==>  Preparing: UPDATE procurement_items SET status = ?, procured_by = ?, procured_at = ?, book_id = ? WHERE id = ?
14:40:23.004 [main] DEBUG c.e.j.m.ProcurementItemMapper.update - ==> Parameters: COMPLETED(String), 9(Long), 2026-09-11 14:40:23.0031045(Timestamp), null, 6(Long)
14:40:23.005 [main] DEBUG c.e.j.m.ProcurementItemMapper.update - <==    Updates: 1
14:40:23.005 [main] DEBUG c.e.j.m.P.findById - ==>  Preparing: SELECT * FROM procurement_items WHERE id = ?
14:40:23.006 [main] DEBUG c.e.j.m.P.findById - ==> Parameters: 6(Long)
14:40:23.006 [main] DEBUG c.e.j.m.P.findById - <==      Total: 1
14:40:23.010 [main] DEBUG c.e.j.m.BookRequestMapper.insert - ==>  Preparing: INSERT INTO book_requests (requester_id, status, requested_at, idempotency_key) VALUES (?, ?, ?, ?)
14:40:23.011 [main] DEBUG c.e.j.m.BookRequestMapper.insert - ==> Parameters: 10(Long), PENDING(String), 2026-09-11 14:40:23.0104399(Timestamp), 9f098f29-fd65-4a84-bdef-e4df2ffba6e6(String)
14:40:23.011 [main] DEBUG c.e.j.m.BookRequestMapper.insert - <==    Updates: 1
14:40:23.011 [main] DEBUG c.e.j.m.BookRequestMapper.findById - ==>  Preparing: SELECT * FROM book_requests WHERE id = ?
14:40:23.011 [main] DEBUG c.e.j.m.BookRequestMapper.findById - ==> Parameters: 15(Long)
14:40:23.012 [main] DEBUG c.e.j.m.BookRequestMapper.findById - <==      Total: 1
14:40:23.012 [main] DEBUG c.e.j.m.B.findByStatus - ==>  Preparing: SELECT * FROM book_requests WHERE status = ? ORDER BY requested_at
14:40:23.013 [main] DEBUG c.e.j.m.B.findByStatus - ==> Parameters: PENDING(String)
14:40:23.013 [main] DEBUG c.e.j.m.B.findByStatus - <==      Total: 1
14:40:23.018 [main] DEBUG c.e.j.m.BookRequestMapper.insert - ==>  Preparing: INSERT INTO book_requests (requester_id, status, requested_at, idempotency_key) VALUES (?, ?, ?, ?)
14:40:23.019 [main] DEBUG c.e.j.m.BookRequestMapper.insert - ==> Parameters: 11(Long), APPROVED(String), 2026-09-11 14:40:23.0184417(Timestamp), 73836ecc-11fd-4913-a752-400464610fc4(String)
14:40:23.019 [main] DEBUG c.e.j.m.BookRequestMapper.insert - <==    Updates: 1
14:40:23.019 [main] DEBUG c.e.j.m.BookRequestItemMapper.insert - ==>  Preparing: INSERT INTO book_request_items (book_request_id, title, isbn, author_id, published_year, estimated_price) VALUES (?, ?, ?, ?, ?, ?)
14:40:23.019 [main] DEBUG c.e.j.m.BookRequestItemMapper.insert - ==> Parameters: 16(Long), Effective Java(String), 9780134685991(String), null, 2018(Integer), 1200.00(BigDecimal)
14:40:23.019 [main] DEBUG c.e.j.m.BookRequestItemMapper.insert - <==    Updates: 1
14:40:23.020 [main] DEBUG c.e.j.m.ProcurementItemMapper.insert - ==>  Preparing: INSERT INTO procurement_items (book_request_item_id, status) VALUES (?, ?)
14:40:23.020 [main] DEBUG c.e.j.m.ProcurementItemMapper.insert - ==> Parameters: 17(Long), PENDING(String)
14:40:23.020 [main] DEBUG c.e.j.m.ProcurementItemMapper.insert - <==    Updates: 1
14:40:23.020 [main] DEBUG c.e.j.m.BookRequestItemMapper.insert - ==>  Preparing: INSERT INTO book_request_items (book_request_id, title, isbn, author_id, published_year, estimated_price) VALUES (?, ?, ?, ?, ?, ?)
14:40:23.020 [main] DEBUG c.e.j.m.BookRequestItemMapper.insert - ==> Parameters: 16(Long), Clean Code(String), null, null, null, null
14:40:23.020 [main] DEBUG c.e.j.m.BookRequestItemMapper.insert - <==    Updates: 1
14:40:23.021 [main] DEBUG c.e.j.m.ProcurementItemMapper.insert - ==>  Preparing: INSERT INTO procurement_items (book_request_item_id, status) VALUES (?, ?)
14:40:23.021 [main] DEBUG c.e.j.m.ProcurementItemMapper.insert - ==> Parameters: 18(Long), COMPLETED(String)
14:40:23.021 [main] DEBUG c.e.j.m.ProcurementItemMapper.insert - <==    Updates: 1
14:40:23.022 [main] DEBUG c.e.j.m.P.findSummary - ==>  Preparing: SELECT p.*, b.title,b.isbn,b.author_id,b.published_year,b.estimated_price FROM procurement_items p JOIN book_request_items b ON p.book_request_item_id = b.id WHERE p.status = ?
14:40:23.022 [main] DEBUG c.e.j.m.P.findSummary - ==> Parameters: PENDING(String)
14:40:23.023 [main] DEBUG c.e.j.m.P.findSummary - <==      Total: 1
14:40:23.029 [main] DEBUG c.e.j.m.BookRequestMapper.insert - ==>  Preparing: INSERT INTO book_requests (requester_id, status, requested_at, idempotency_key) VALUES (?, ?, ?, ?)
14:40:23.029 [main] DEBUG c.e.j.m.BookRequestMapper.insert - ==> Parameters: 12(Long), PENDING(String), 2026-09-11 14:40:23.0296043(Timestamp), 4f76f99a-808a-4fc9-bc41-2082e2285992(String)
14:40:23.029 [main] DEBUG c.e.j.m.BookRequestMapper.insert - <==    Updates: 1
14:40:23.030 [main] DEBUG c.e.j.m.BookRequestMapper.insert - ==>  Preparing: INSERT INTO book_requests (requester_id, status, requested_at, idempotency_key) VALUES (?, ?, ?, ?)
14:40:23.030 [main] DEBUG c.e.j.m.BookRequestMapper.insert - ==> Parameters: 12(Long), APPROVED(String), 2026-09-11 14:40:23.0296043(Timestamp), e40b2114-5b94-4544-9e7c-9cd4dd6b0193(String)
14:40:23.030 [main] DEBUG c.e.j.m.BookRequestMapper.insert - <==    Updates: 1
14:40:23.031 [main] DEBUG c.e.j.m.B.findSummary - ==>  Preparing: SELECT br.id, br.requester_id, br.approver_id, br.status, br.requested_at, br.approved_at, bri.id AS item_id, bri.book_request_id, bri.title AS item_title, bri.isbn AS item_isbn, bri.author_id AS item_author_id, bri.published_year AS item_published_year, bri.estimated_price AS item_estimated_price FROM book_requests br LEFT JOIN book_request_items bri ON bri.book_request_id = br.id WHERE br.status = ? ORDER BY br.requested_at
14:40:23.031 [main] DEBUG c.e.j.m.B.findSummary - ==> Parameters: PENDING(String)
14:40:23.032 [main] DEBUG c.e.j.m.B.findSummary - <==      Total: 1
14:40:23.038 [main] DEBUG c.e.j.m.BookRequestMapper.insert - ==>  Preparing: INSERT INTO book_requests (requester_id, status, requested_at, idempotency_key) VALUES (?, ?, ?, ?)
14:40:23.039 [main] DEBUG c.e.j.m.BookRequestMapper.insert - ==> Parameters: 13(Long), PENDING(String), 2026-09-11 14:40:23.0387498(Timestamp), fb9a7550-7fff-4bf0-a137-de96d89d5803(String)
14:40:23.039 [main] DEBUG c.e.j.m.BookRequestMapper.insert - <==    Updates: 1
14:40:23.039 [main] DEBUG c.e.j.m.BookRequestMapper.approve - ==>  Preparing: UPDATE book_requests SET status = 'APPROVED', approver_id = ?, approved_at = ? WHERE id = ? AND status = 'PENDING' AND requester_id != ?
14:40:23.040 [main] DEBUG c.e.j.m.BookRequestMapper.approve - ==> Parameters: 14(Long), 2026-09-11 14:40:23.039749(Timestamp), 19(Long), 14(Long)
14:40:23.040 [main] DEBUG c.e.j.m.BookRequestMapper.approve - <==    Updates: 1
14:40:23.048 [main] DEBUG c.e.j.m.BookRequestMapper.insert - ==>  Preparing: INSERT INTO book_requests (requester_id, status, requested_at, idempotency_key) VALUES (?, ?, ?, ?)
14:40:23.049 [main] DEBUG c.e.j.m.BookRequestMapper.insert - ==> Parameters: 15(Long), PENDING(String), 2026-09-11 14:40:23.0482576(Timestamp), b4d4b61f-3e2d-4cc0-9c61-7f7c8f4f529c(String)
14:40:23.049 [main] DEBUG c.e.j.m.BookRequestMapper.insert - <==    Updates: 1
14:40:23.050 [main] DEBUG c.e.j.m.BookRequestItemMapper.insert - ==>  Preparing: INSERT INTO book_request_items (book_request_id, title, isbn, author_id, published_year, estimated_price) VALUES (?, ?, ?, ?, ?, ?)
14:40:23.050 [main] DEBUG c.e.j.m.BookRequestItemMapper.insert - ==> Parameters: 20(Long), Effective Java(String), null, null, null, null
14:40:23.050 [main] DEBUG c.e.j.m.BookRequestItemMapper.insert - <==    Updates: 1
14:40:23.051 [main] DEBUG c.e.j.m.BookRequestItemMapper.insert - ==>  Preparing: INSERT INTO book_request_items (book_request_id, title, isbn, author_id, published_year, estimated_price) VALUES (?, ?, ?, ?, ?, ?)
14:40:23.051 [main] DEBUG c.e.j.m.BookRequestItemMapper.insert - ==> Parameters: 20(Long), Clean Code(String), null, null, null, null
14:40:23.051 [main] DEBUG c.e.j.m.BookRequestItemMapper.insert - <==    Updates: 1
14:40:23.052 [main] DEBUG c.e.j.m.B.findSummary - ==>  Preparing: SELECT br.id, br.requester_id, br.approver_id, br.status, br.requested_at, br.approved_at, bri.id AS item_id, bri.book_request_id, bri.title AS item_title, bri.isbn AS item_isbn, bri.author_id AS item_author_id, bri.published_year AS item_published_year, bri.estimated_price AS item_estimated_price FROM book_requests br LEFT JOIN book_request_items bri ON bri.book_request_id = br.id ORDER BY br.requested_at
14:40:23.052 [main] DEBUG c.e.j.m.B.findSummary - ==> Parameters: 
14:40:23.053 [main] DEBUG c.e.j.m.B.findSummary - <==      Total: 2
14:40:23.064 [main] DEBUG c.e.j.mapper.CategoryMapper.update - ==>  Preparing: UPDATE categories SET name = ? WHERE id = ?
14:40:23.065 [main] DEBUG c.e.j.mapper.CategoryMapper.update - ==> Parameters: Updated Name(String), 12(Long)
14:40:23.065 [main] DEBUG c.e.j.mapper.CategoryMapper.update - <==    Updates: 1
14:40:23.067 [main] DEBUG c.e.j.mapper.CategoryMapper.findById - ==>  Preparing: SELECT * FROM categories c WHERE c.id = ?
14:40:23.067 [main] DEBUG c.e.j.mapper.CategoryMapper.findById - ==> Parameters: 12(Long)
14:40:23.068 [main] DEBUG c.e.j.mapper.CategoryMapper.findById - <==      Total: 1
14:40:23.090 [main] DEBUG c.e.j.mapper.CategoryMapper.insert - ==>  Preparing: INSERT INTO categories (name) VALUES (?)
14:40:23.090 [main] DEBUG c.e.j.mapper.CategoryMapper.insert - ==> Parameters: Fiction(String)
14:40:23.090 [main] DEBUG c.e.j.mapper.CategoryMapper.insert - <==    Updates: 1
14:40:23.090 [main] DEBUG c.e.j.mapper.CategoryMapper.findById - ==>  Preparing: SELECT * FROM categories c WHERE c.id = ?
14:40:23.091 [main] DEBUG c.e.j.mapper.CategoryMapper.findById - ==> Parameters: 13(Long)
14:40:23.092 [main] DEBUG c.e.j.mapper.CategoryMapper.findById - <==      Total: 1
14:40:23.096 [main] DEBUG c.e.j.mapper.CategoryMapper.count - ==>  Preparing: SELECT COUNT(*) FROM categories
14:40:23.096 [main] DEBUG c.e.j.mapper.CategoryMapper.count - ==> Parameters: 
14:40:23.097 [main] DEBUG c.e.j.mapper.CategoryMapper.count - <==      Total: 1
14:40:23.097 [main] DEBUG c.e.j.m.CategoryMapper.findAllPaged - ==>  Preparing: SELECT * FROM categories c ORDER BY c.id LIMIT ? OFFSET ?
14:40:23.097 [main] DEBUG c.e.j.m.CategoryMapper.findAllPaged - ==> Parameters: 2(Integer), 0(Long)
14:40:23.098 [main] DEBUG c.e.j.m.CategoryMapper.findAllPaged - <==      Total: 2
14:40:23.098 [main] DEBUG c.e.j.m.CategoryMapper.findAllPaged - ==>  Preparing: SELECT * FROM categories c ORDER BY c.id LIMIT ? OFFSET ?
14:40:23.098 [main] DEBUG c.e.j.m.CategoryMapper.findAllPaged - ==> Parameters: 2(Integer), 2(Long)
14:40:23.099 [main] DEBUG c.e.j.m.CategoryMapper.findAllPaged - <==      Total: 1
14:40:23.105 [main] DEBUG c.e.j.mapper.CategoryMapper.findAll - ==>  Preparing: SELECT * FROM categories c ORDER BY c.id
14:40:23.105 [main] DEBUG c.e.j.mapper.CategoryMapper.findAll - ==> Parameters: 
14:40:23.105 [main] DEBUG c.e.j.mapper.CategoryMapper.findAll - <==      Total: 2
14:40:23.108 [main] DEBUG c.e.j.m.CategoryMapper.deleteById - ==>  Preparing: DELETE FROM categories WHERE id = ?
14:40:23.109 [main] DEBUG c.e.j.m.CategoryMapper.deleteById - ==> Parameters: 19(Long)
14:40:23.109 [main] DEBUG c.e.j.m.CategoryMapper.deleteById - <==    Updates: 1
14:40:23.109 [main] DEBUG c.e.j.mapper.CategoryMapper.findAll - ==>  Preparing: SELECT * FROM categories c ORDER BY c.id
14:40:23.109 [main] DEBUG c.e.j.mapper.CategoryMapper.findAll - ==> Parameters: 
14:40:23.109 [main] DEBUG c.e.j.mapper.CategoryMapper.findAll - <==      Total: 0
14:40:23.116 [main] DEBUG c.e.j.m.C.findBooksByCategoryId - ==>  Preparing: SELECT b.* FROM books b JOIN books_categories bc ON b.id = bc.book_id WHERE bc.category_id = ?
14:40:23.117 [main] DEBUG c.e.j.m.C.findBooksByCategoryId - ==> Parameters: 20(Long)
14:40:23.118 [main] DEBUG c.e.j.m.C.findBooksByCategoryId - <==      Total: 1
14:40:23.121 [main] DEBUG c.e.j.mapper.CategoryMapper.findById - ==>  Preparing: SELECT * FROM categories c WHERE c.id = ?
14:40:23.121 [main] DEBUG c.e.j.mapper.CategoryMapper.findById - ==> Parameters: 22(Long)
14:40:23.122 [main] DEBUG c.e.j.mapper.CategoryMapper.findById - <==      Total: 1
14:40:23.127 [main] DEBUG c.e.j.mapper.UserMapper.update - ==>  Preparing: UPDATE users SET name = ?, password_hash = ?, role = ? WHERE id = ?
14:40:23.127 [main] DEBUG c.e.j.mapper.UserMapper.update - ==> Parameters: New Name(String), new-hash(String), ADMIN(String), 16(Long)
14:40:23.127 [main] DEBUG c.e.j.mapper.UserMapper.update - <==    Updates: 1
14:40:23.128 [main] DEBUG c.e.j.mapper.UserMapper.findByEmail - ==>  Preparing: SELECT * FROM users u WHERE u.email = ?
14:40:23.128 [main] DEBUG c.e.j.mapper.UserMapper.findByEmail - ==> Parameters: update@example.com(String)
14:40:23.128 [main] DEBUG c.e.j.mapper.UserMapper.findByEmail - <==      Total: 1
14:40:23.131 [main] DEBUG c.e.j.mapper.UserMapper.insert - ==>  Preparing: INSERT INTO users (email, name, password_hash, role) VALUES (?, ?, ?, ?)
14:40:23.131 [main] DEBUG c.e.j.mapper.UserMapper.insert - ==> Parameters: new@example.com(String), New User(String), hashed-password(String), ADMIN(String)
14:40:23.131 [main] DEBUG c.e.j.mapper.UserMapper.insert - <==    Updates: 1
14:40:23.131 [main] DEBUG c.e.j.mapper.UserMapper.findByEmail - ==>  Preparing: SELECT * FROM users u WHERE u.email = ?
14:40:23.132 [main] DEBUG c.e.j.mapper.UserMapper.findByEmail - ==> Parameters: new@example.com(String)
14:40:23.132 [main] DEBUG c.e.j.mapper.UserMapper.findByEmail - <==      Total: 1
14:40:23.134 [main] DEBUG c.e.j.mapper.UserMapper.findByEmail - ==>  Preparing: SELECT * FROM users u WHERE u.email = ?
14:40:23.134 [main] DEBUG c.e.j.mapper.UserMapper.findByEmail - ==> Parameters: nobody@example.com(String)
14:40:23.135 [main] DEBUG c.e.j.mapper.UserMapper.findByEmail - <==      Total: 0
14:40:23.137 [main] DEBUG c.e.j.mapper.UserMapper.findByEmail - ==>  Preparing: SELECT * FROM users u WHERE u.email = ?
14:40:23.138 [main] DEBUG c.e.j.mapper.UserMapper.findByEmail - ==> Parameters: alex@example.com(String)
14:40:23.138 [main] DEBUG c.e.j.mapper.UserMapper.findByEmail - <==      Total: 1
14:40:23.264 [main] INFO  c.e.j.service.AuthServiceImpl - 登入成功：userId=1, email=alex@example.com
14:40:23.266 [main] WARN  c.e.j.service.AuthServiceImpl - 登入失敗，帳號不存在：email=nobody@example.com
14:40:23.267 [main] WARN  c.e.j.service.AuthServiceImpl - 登入失敗，密碼錯誤：email=alex@example.com
14:40:23.269 [main] INFO  c.e.j.service.AuthServiceImpl - 新使用者註冊：userId=null, email=new@example.com
14:40:23.277 [pool-2-thread-1] DEBUG c.e.j.m.BookRequestMapper.insert - ==>  Preparing: INSERT INTO book_requests (requester_id, status, requested_at, idempotency_key) VALUES (?, ?, ?, ?)
14:40:23.277 [pool-2-thread-2] DEBUG c.e.j.m.BookRequestMapper.insert - ==>  Preparing: INSERT INTO book_requests (requester_id, status, requested_at, idempotency_key) VALUES (?, ?, ?, ?)
14:40:23.277 [pool-2-thread-2] DEBUG c.e.j.m.BookRequestMapper.insert - ==> Parameters: 19(Long), PENDING(String), 2026-09-11 14:40:23.2760298(Timestamp), ac50f909-eb5c-48df-86e3-4740471b55ec(String)
14:40:23.277 [pool-2-thread-1] DEBUG c.e.j.m.BookRequestMapper.insert - ==> Parameters: 19(Long), PENDING(String), 2026-09-11 14:40:23.2760298(Timestamp), ac50f909-eb5c-48df-86e3-4740471b55ec(String)
14:40:23.277 [pool-2-thread-1] DEBUG c.e.j.m.BookRequestMapper.insert - <==    Updates: 1
14:40:23.278 [pool-2-thread-1] DEBUG c.e.j.m.BookRequestItemMapper.insert - ==>  Preparing: INSERT INTO book_request_items (book_request_id, title, isbn, author_id, published_year, estimated_price) VALUES (?, ?, ?, ?, ?, ?)
14:40:23.278 [pool-2-thread-1] DEBUG c.e.j.m.BookRequestItemMapper.insert - ==> Parameters: 22(Long), Effective Java(String), null, null, null, null
14:40:23.278 [pool-2-thread-1] DEBUG c.e.j.m.BookRequestItemMapper.insert - <==    Updates: 1
14:40:23.278 [pool-2-thread-1] DEBUG c.e.j.mapper.AuditLogMapper.insert - ==>  Preparing: INSERT INTO audit_logs (user_id, audited_at, action, entity_type, entity_id, detail) VALUES (?, ?, ?, ?, ?, ?)
14:40:23.278 [pool-2-thread-1] DEBUG c.e.j.mapper.AuditLogMapper.insert - ==> Parameters: 19(Long), 2026-09-11 14:40:23.2760298(Timestamp), SUBMIT(String), BOOK_REQUEST(String), 22(Long), [B@4aefe3f7(byte[])
14:40:23.278 [pool-2-thread-1] DEBUG c.e.j.mapper.AuditLogMapper.insert - <==    Updates: 1
14:40:23.278 [pool-2-thread-1] INFO  c.e.j.service.BookRequestServiceImpl - 送出申請：requestId=22, requesterId=19, 書籍數=1
14:40:23.335 [pool-2-thread-2] WARN  c.e.j.service.BookRequestServiceImpl - 偵測到重複送出，直接回傳原始請求：idempotencyKey=ac50f909-eb5c-48df-86e3-4740471b55ec
14:40:23.335 [pool-2-thread-2] DEBUG c.e.j.m.B.findByIdempotencyKey - ==>  Preparing: SELECT * FROM book_requests WHERE idempotency_key = ?
14:40:23.336 [pool-2-thread-2] DEBUG c.e.j.m.B.findByIdempotencyKey - ==> Parameters: ac50f909-eb5c-48df-86e3-4740471b55ec(String)
14:40:23.336 [pool-2-thread-2] DEBUG c.e.j.m.B.findByIdempotencyKey - <==      Total: 1
14:40:23.337 [main] DEBUG c.e.j.m.BookRequestMapper.findAll - ==>  Preparing: SELECT * FROM book_requests
14:40:23.337 [main] DEBUG c.e.j.m.BookRequestMapper.findAll - ==> Parameters: 
14:40:23.337 [main] DEBUG c.e.j.m.BookRequestMapper.findAll - <==      Total: 1
14:40:23.341 [main] DEBUG c.e.j.m.BookRequestMapper.insert - ==>  Preparing: INSERT INTO book_requests (requester_id, status, requested_at, idempotency_key) VALUES (?, ?, ?, ?)
14:40:23.341 [main] DEBUG c.e.j.m.BookRequestMapper.insert - ==> Parameters: 20(Long), PENDING(String), 2026-09-11 14:40:23.3410344(Timestamp), bc5bccd4-31d0-4cbe-a78d-4151d876dc24(String)
14:40:23.341 [main] DEBUG c.e.j.m.BookRequestMapper.insert - <==    Updates: 1
14:40:23.342 [main] DEBUG c.e.j.m.BookRequestItemMapper.insert - ==>  Preparing: INSERT INTO book_request_items (book_request_id, title, isbn, author_id, published_year, estimated_price) VALUES (?, ?, ?, ?, ?, ?)
14:40:23.342 [main] DEBUG c.e.j.m.BookRequestItemMapper.insert - ==> Parameters: 26(Long), Effective Java(String), null, null, null, null
14:40:23.342 [main] DEBUG c.e.j.m.BookRequestItemMapper.insert - <==    Updates: 1
14:40:23.342 [main] DEBUG c.e.j.mapper.AuditLogMapper.insert - ==>  Preparing: INSERT INTO audit_logs (user_id, audited_at, action, entity_type, entity_id, detail) VALUES (?, ?, ?, ?, ?, ?)
14:40:23.342 [main] DEBUG c.e.j.mapper.AuditLogMapper.insert - ==> Parameters: 20(Long), 2026-09-11 14:40:23.3410344(Timestamp), SUBMIT(String), BOOK_REQUEST(String), 26(Long), [B@567baa55(byte[])
14:40:23.342 [main] DEBUG c.e.j.mapper.AuditLogMapper.insert - <==    Updates: 1
14:40:23.343 [main] INFO  c.e.j.service.BookRequestServiceImpl - 送出申請：requestId=26, requesterId=20, 書籍數=1
14:40:23.343 [main] DEBUG c.e.j.m.BookRequestMapper.insert - ==>  Preparing: INSERT INTO book_requests (requester_id, status, requested_at, idempotency_key) VALUES (?, ?, ?, ?)
14:40:23.343 [main] DEBUG c.e.j.m.BookRequestMapper.insert - ==> Parameters: 20(Long), PENDING(String), 2026-09-11 14:40:23.343035(Timestamp), bc5bccd4-31d0-4cbe-a78d-4151d876dc24(String)
14:40:23.344 [main] WARN  c.e.j.service.BookRequestServiceImpl - 偵測到重複送出，直接回傳原始請求：idempotencyKey=bc5bccd4-31d0-4cbe-a78d-4151d876dc24
14:40:23.344 [main] DEBUG c.e.j.m.B.findByIdempotencyKey - ==>  Preparing: SELECT * FROM book_requests WHERE idempotency_key = ?
14:40:23.344 [main] DEBUG c.e.j.m.B.findByIdempotencyKey - ==> Parameters: bc5bccd4-31d0-4cbe-a78d-4151d876dc24(String)
14:40:23.344 [main] DEBUG c.e.j.m.B.findByIdempotencyKey - <==      Total: 1
14:40:23.345 [main] DEBUG c.e.j.m.BookRequestMapper.findAll - ==>  Preparing: SELECT * FROM book_requests
14:40:23.345 [main] DEBUG c.e.j.m.BookRequestMapper.findAll - ==> Parameters: 
14:40:23.345 [main] DEBUG c.e.j.m.BookRequestMapper.findAll - <==      Total: 1
14:40:23.397 [main] DEBUG c.e.j.m.BookRequestMapper.insert - ==>  Preparing: INSERT INTO book_requests (requester_id, status, requested_at, idempotency_key) VALUES (?, ?, ?, ?)
14:40:23.397 [main] DEBUG c.e.j.m.BookRequestMapper.insert - ==> Parameters: 21(Long), APPROVED(String), 2026-09-11 14:40:23.396551(Timestamp), 4dbcc1d9-805a-41a4-8750-cef649ec84da(String)
14:40:23.398 [main] DEBUG c.e.j.m.BookRequestMapper.insert - <==    Updates: 1
14:40:23.398 [main] DEBUG c.e.j.m.BookRequestItemMapper.insert - ==>  Preparing: INSERT INTO book_request_items (book_request_id, title, isbn, author_id, published_year, estimated_price) VALUES (?, ?, ?, ?, ?, ?)
14:40:23.398 [main] DEBUG c.e.j.m.BookRequestItemMapper.insert - ==> Parameters: 28(Long), Effective Java(String), null, null, null, null
14:40:23.398 [main] DEBUG c.e.j.m.BookRequestItemMapper.insert - <==    Updates: 1
14:40:23.398 [main] DEBUG c.e.j.m.ProcurementItemMapper.insert - ==>  Preparing: INSERT INTO procurement_items (book_request_item_id, status) VALUES (?, ?)
14:40:23.398 [main] DEBUG c.e.j.m.ProcurementItemMapper.insert - ==> Parameters: 23(Long), PENDING(String)
14:40:23.399 [main] DEBUG c.e.j.m.ProcurementItemMapper.insert - <==    Updates: 1
14:40:23.401 [pool-3-thread-1] DEBUG c.e.j.m.P.findByIdForUpdate - ==>  Preparing: SELECT * FROM procurement_items WHERE id = ? FOR UPDATE
14:40:23.401 [pool-3-thread-2] DEBUG c.e.j.m.P.findByIdForUpdate - ==>  Preparing: SELECT * FROM procurement_items WHERE id = ? FOR UPDATE
14:40:23.403 [pool-3-thread-2] DEBUG c.e.j.m.P.findByIdForUpdate - ==> Parameters: 9(Long)
14:40:23.403 [pool-3-thread-1] DEBUG c.e.j.m.P.findByIdForUpdate - ==> Parameters: 9(Long)
14:40:23.403 [pool-3-thread-2] DEBUG c.e.j.m.P.findByIdForUpdate - <==      Total: 1
14:40:23.405 [pool-3-thread-2] DEBUG c.e.j.m.B.findById - ==>  Preparing: SELECT * FROM book_request_items WHERE id = ?
14:40:23.405 [pool-3-thread-2] DEBUG c.e.j.m.B.findById - ==> Parameters: 23(Long)
14:40:23.406 [pool-3-thread-2] DEBUG c.e.j.m.B.findById - <==      Total: 1
14:40:23.407 [pool-3-thread-2] DEBUG c.e.j.mapper.BookMapper.insert - ==>  Preparing: INSERT INTO books (title, isbn, author_id, published_year) VALUES (?, ?, ?, ?)
14:40:23.407 [pool-3-thread-2] DEBUG c.e.j.mapper.BookMapper.insert - ==> Parameters: Effective Java(String), null, null, null
14:40:23.407 [pool-3-thread-2] DEBUG c.e.j.mapper.BookMapper.insert - <==    Updates: 1
14:40:23.407 [pool-3-thread-2] DEBUG c.e.j.m.ProcurementItemMapper.update - ==>  Preparing: UPDATE procurement_items SET status = ?, procured_by = ?, procured_at = ?, book_id = ? WHERE id = ?
14:40:23.408 [pool-3-thread-2] DEBUG c.e.j.m.ProcurementItemMapper.update - ==> Parameters: COMPLETED(String), 23(Long), 2026-09-11 14:40:23.4072514(Timestamp), 43(Long), 9(Long)
14:40:23.408 [pool-3-thread-2] DEBUG c.e.j.m.ProcurementItemMapper.update - <==    Updates: 1
14:40:23.408 [pool-3-thread-2] DEBUG c.e.j.mapper.AuditLogMapper.insert - ==>  Preparing: INSERT INTO audit_logs (user_id, audited_at, action, entity_type, entity_id, detail) VALUES (?, ?, ?, ?, ?, ?)
14:40:23.410 [pool-3-thread-2] DEBUG c.e.j.mapper.AuditLogMapper.insert - ==> Parameters: 23(Long), 2026-09-11 14:40:23.4072514(Timestamp), COMPLETE_PROCUREMENT(String), PROCUREMENT_ITEM(String), 9(Long), [B@3da55224(byte[])
14:40:23.411 [pool-3-thread-2] DEBUG c.e.j.mapper.AuditLogMapper.insert - <==    Updates: 1
14:40:23.411 [pool-3-thread-2] INFO  c.e.j.service.ProcurementServiceImpl - 採購完成，書籍已入庫：procurementItemId=9, bookId=43, procuredBy=23
14:40:23.412 [pool-3-thread-1] DEBUG c.e.j.m.P.findByIdForUpdate - <==      Total: 1
14:40:23.414 [pool-3-thread-1] DEBUG c.e.j.mapper.AuditLogMapper.insert - ==>  Preparing: INSERT INTO audit_logs (user_id, audited_at, action, entity_type, entity_id, detail) VALUES (?, ?, ?, ?, ?, ?)
14:40:23.414 [pool-3-thread-1] DEBUG c.e.j.mapper.AuditLogMapper.insert - ==> Parameters: 22(Long), 2026-09-11 14:40:23.4122522(Timestamp), COMPLETE_PROCUREMENT(String), PROCUREMENT_ITEM(String), 9(Long), [B@49d9a9b2(byte[])
14:40:23.415 [pool-3-thread-1] DEBUG c.e.j.mapper.AuditLogMapper.insert - <==    Updates: 1
14:40:23.417 [main] DEBUG c.e.j.m.P.findByStatus - ==>  Preparing: SELECT * FROM procurement_items WHERE status = ?
14:40:23.418 [main] DEBUG c.e.j.m.P.findByStatus - ==> Parameters: COMPLETED(String)
14:40:23.418 [main] DEBUG c.e.j.m.P.findByStatus - <==      Total: 1
14:44:46.034 [main] DEBUG c.e.j.m.ReconciliationMapper.insert - ==>  Preparing: INSERT INTO reconciliations (reconciled_at, reconciliation_type, status) VALUES (?, ?, ?)
14:44:46.050 [main] DEBUG c.e.j.m.ReconciliationMapper.insert - ==> Parameters: 2026-09-11 14:44:46.0188061(Timestamp), PROCUREMENT_BOOK(String), COMPLETED_WITH_DISCREPANCY(String)
14:44:46.054 [main] DEBUG c.e.j.m.ReconciliationMapper.insert - <==    Updates: 1
14:44:46.062 [main] DEBUG c.e.j.m.R.insert - ==>  Preparing: INSERT INTO reconciliation_items (reconciliation_id, entity_type, entity_id, discrepancy_type, detail) VALUES (?, ?, ?, ?, ?)
14:44:46.082 [main] DEBUG c.e.j.m.R.insert - ==> Parameters: 1(Long), BOOK_REQUEST_ITEM(String), 99(Long), ONLY_IN_SOURCE(String), [B@750ff7d3(byte[])
14:44:46.084 [main] DEBUG c.e.j.m.R.insert - <==    Updates: 1
14:44:46.122 [main] DEBUG c.e.j.m.ReconciliationMapper.insert - ==>  Preparing: INSERT INTO reconciliations (reconciled_at, reconciliation_type, status) VALUES (?, ?, ?)
14:44:46.123 [main] DEBUG c.e.j.m.ReconciliationMapper.insert - ==> Parameters: 2026-09-11 14:44:46.1229814(Timestamp), BOOK_REQUEST_PROCUREMENT(String), COMPLETED_WITH_DISCREPANCY(String)
14:44:46.123 [main] DEBUG c.e.j.m.ReconciliationMapper.insert - <==    Updates: 1
14:44:55.091 [main] DEBUG c.e.j.mapper.CategoryMapper.insert - ==>  Preparing: INSERT INTO categories (name) VALUES (?)
14:44:55.104 [main] DEBUG c.e.j.mapper.CategoryMapper.insert - ==> Parameters: Programming(String)
14:44:55.105 [main] DEBUG c.e.j.mapper.CategoryMapper.insert - <==    Updates: 1
14:44:55.107 [main] DEBUG c.e.j.mapper.CategoryMapper.insert - ==>  Preparing: INSERT INTO categories (name) VALUES (?)
14:44:55.107 [main] DEBUG c.e.j.mapper.CategoryMapper.insert - ==> Parameters: Architecture(String)
14:44:55.108 [main] DEBUG c.e.j.mapper.CategoryMapper.insert - <==    Updates: 1
14:44:55.108 [main] DEBUG c.e.j.mapper.CategoryMapper.insert - ==>  Preparing: INSERT INTO categories (name) VALUES (?)
14:44:55.109 [main] DEBUG c.e.j.mapper.CategoryMapper.insert - ==> Parameters: Best Practice(String)
14:44:55.109 [main] DEBUG c.e.j.mapper.CategoryMapper.insert - <==    Updates: 1
14:44:55.111 [main] DEBUG c.e.j.mapper.BookMapper.insert - ==>  Preparing: INSERT INTO books (title, isbn, author_id, published_year) VALUES (?, ?, ?, ?)
14:44:55.115 [main] DEBUG c.e.j.mapper.BookMapper.insert - ==> Parameters: Effective Java(String), 9780134685991(String), 1(Long), 2018(Integer)
14:44:55.116 [main] DEBUG c.e.j.mapper.BookMapper.insert - <==    Updates: 1
14:44:55.123 [main] DEBUG c.e.j.m.B.deleteCategoriesByBookId - ==>  Preparing: DELETE FROM books_categories bc WHERE bc.book_id = ?
14:44:55.124 [main] DEBUG c.e.j.m.B.deleteCategoriesByBookId - ==> Parameters: 1(Long)
14:44:55.124 [main] DEBUG c.e.j.m.B.deleteCategoriesByBookId - <==    Updates: 0
14:44:55.137 [main] DEBUG c.e.j.m.B.insertBookCategories - ==>  Preparing: INSERT INTO books_categories (book_id, category_id) VALUES (?, ?) , (?, ?)
14:44:55.137 [main] DEBUG c.e.j.m.B.insertBookCategories - ==> Parameters: 1(Long), 1(Long), 1(Long), 3(Long)
14:44:55.138 [main] DEBUG c.e.j.m.B.insertBookCategories - <==    Updates: 2
14:44:55.139 [main] DEBUG c.e.j.mapper.BookMapper.insert - ==>  Preparing: INSERT INTO books (title, isbn, author_id, published_year) VALUES (?, ?, ?, ?)
14:44:55.139 [main] DEBUG c.e.j.mapper.BookMapper.insert - ==> Parameters: Clean Code(String), 9780132350884(String), 2(Long), 2008(Integer)
14:44:55.139 [main] DEBUG c.e.j.mapper.BookMapper.insert - <==    Updates: 1
14:44:55.141 [main] DEBUG c.e.j.m.B.deleteCategoriesByBookId - ==>  Preparing: DELETE FROM books_categories bc WHERE bc.book_id = ?
14:44:55.141 [main] DEBUG c.e.j.m.B.deleteCategoriesByBookId - ==> Parameters: 2(Long)
14:44:55.142 [main] DEBUG c.e.j.m.B.deleteCategoriesByBookId - <==    Updates: 0
14:44:55.142 [main] DEBUG c.e.j.m.B.insertBookCategories - ==>  Preparing: INSERT INTO books_categories (book_id, category_id) VALUES (?, ?)
14:44:55.142 [main] DEBUG c.e.j.m.B.insertBookCategories - ==> Parameters: 2(Long), 3(Long)
14:44:55.143 [main] DEBUG c.e.j.m.B.insertBookCategories - <==    Updates: 1
14:44:55.143 [main] DEBUG c.e.j.mapper.BookMapper.insert - ==>  Preparing: INSERT INTO books (title, isbn, author_id, published_year) VALUES (?, ?, ?, ?)
14:44:55.144 [main] DEBUG c.e.j.mapper.BookMapper.insert - ==> Parameters: Domain-Driven Design(String), 9780321125217(String), 3(Long), 2003(Integer)
14:44:55.144 [main] DEBUG c.e.j.mapper.BookMapper.insert - <==    Updates: 1
14:44:55.145 [main] DEBUG c.e.j.m.B.deleteCategoriesByBookId - ==>  Preparing: DELETE FROM books_categories bc WHERE bc.book_id = ?
14:44:55.145 [main] DEBUG c.e.j.m.B.deleteCategoriesByBookId - ==> Parameters: 3(Long)
14:44:55.145 [main] DEBUG c.e.j.m.B.deleteCategoriesByBookId - <==    Updates: 0
14:44:55.145 [main] DEBUG c.e.j.m.B.insertBookCategories - ==>  Preparing: INSERT INTO books_categories (book_id, category_id) VALUES (?, ?)
14:44:55.145 [main] DEBUG c.e.j.m.B.insertBookCategories - ==> Parameters: 3(Long), 2(Long)
14:44:55.145 [main] DEBUG c.e.j.m.B.insertBookCategories - <==    Updates: 1
14:44:55.146 [main] DEBUG c.e.j.mapper.BookMapper.insert - ==>  Preparing: INSERT INTO books (title, isbn, author_id, published_year) VALUES (?, ?, ?, ?)
14:44:55.146 [main] DEBUG c.e.j.mapper.BookMapper.insert - ==> Parameters: Clean Architecture(String), 9780134494166(String), 2(Long), 2017(Integer)
14:44:55.146 [main] DEBUG c.e.j.mapper.BookMapper.insert - <==    Updates: 1
14:44:55.147 [main] DEBUG c.e.j.m.B.deleteCategoriesByBookId - ==>  Preparing: DELETE FROM books_categories bc WHERE bc.book_id = ?
14:44:55.147 [main] DEBUG c.e.j.m.B.deleteCategoriesByBookId - ==> Parameters: 4(Long)
14:44:55.147 [main] DEBUG c.e.j.m.B.deleteCategoriesByBookId - <==    Updates: 0
14:44:55.148 [main] DEBUG c.e.j.m.B.insertBookCategories - ==>  Preparing: INSERT INTO books_categories (book_id, category_id) VALUES (?, ?) , (?, ?)
14:44:55.148 [main] DEBUG c.e.j.m.B.insertBookCategories - ==> Parameters: 4(Long), 2(Long), 4(Long), 3(Long)
14:44:55.148 [main] DEBUG c.e.j.m.B.insertBookCategories - <==    Updates: 2
14:44:55.149 [main] DEBUG c.e.j.mapper.BookMapper.insert - ==>  Preparing: INSERT INTO books (title, isbn, author_id, published_year) VALUES (?, ?, ?, ?)
14:44:55.149 [main] DEBUG c.e.j.mapper.BookMapper.insert - ==> Parameters: Java Concurrency in Practice(String), 9780321349606(String), 1(Long), 2006(Integer)
14:44:55.150 [main] DEBUG c.e.j.mapper.BookMapper.insert - <==    Updates: 1
14:44:55.151 [main] DEBUG c.e.j.m.B.deleteCategoriesByBookId - ==>  Preparing: DELETE FROM books_categories bc WHERE bc.book_id = ?
14:44:55.151 [main] DEBUG c.e.j.m.B.deleteCategoriesByBookId - ==> Parameters: 5(Long)
14:44:55.151 [main] DEBUG c.e.j.m.B.deleteCategoriesByBookId - <==    Updates: 0
14:44:55.151 [main] DEBUG c.e.j.m.B.insertBookCategories - ==>  Preparing: INSERT INTO books_categories (book_id, category_id) VALUES (?, ?)
14:44:55.151 [main] DEBUG c.e.j.m.B.insertBookCategories - ==> Parameters: 5(Long), 1(Long)
14:44:55.152 [main] DEBUG c.e.j.m.B.insertBookCategories - <==    Updates: 1
14:44:55.152 [main] DEBUG c.e.j.mapper.BookMapper.insert - ==>  Preparing: INSERT INTO books (title, isbn, author_id, published_year) VALUES (?, ?, ?, ?)
14:44:55.152 [main] DEBUG c.e.j.mapper.BookMapper.insert - ==> Parameters: Java Concurrency in Practice(String), 9780321349606(String), 1(Long), 2006(Integer)
14:44:55.153 [main] DEBUG c.e.j.mapper.BookMapper.insert - <==    Updates: 1
14:44:55.153 [main] DEBUG c.e.j.m.B.deleteCategoriesByBookId - ==>  Preparing: DELETE FROM books_categories bc WHERE bc.book_id = ?
14:44:55.154 [main] DEBUG c.e.j.m.B.deleteCategoriesByBookId - ==> Parameters: 6(Long)
14:44:55.154 [main] DEBUG c.e.j.m.B.deleteCategoriesByBookId - <==    Updates: 0
14:44:55.154 [main] DEBUG c.e.j.m.B.insertBookCategories - ==>  Preparing: INSERT INTO books_categories (book_id, category_id) VALUES (?, ?)
14:44:55.155 [main] DEBUG c.e.j.m.B.insertBookCategories - ==> Parameters: 6(Long), 1(Long)
14:44:55.155 [main] DEBUG c.e.j.m.B.insertBookCategories - <==    Updates: 1
14:44:55.156 [main] DEBUG c.e.j.mapper.BookMapper.insert - ==>  Preparing: INSERT INTO books (title, isbn, author_id, published_year) VALUES (?, ?, ?, ?)
14:44:55.156 [main] DEBUG c.e.j.mapper.BookMapper.insert - ==> Parameters: Java Concurrency in Practice(String), 9780321349606(String), 1(Long), 2006(Integer)
14:44:55.156 [main] DEBUG c.e.j.mapper.BookMapper.insert - <==    Updates: 1
14:44:55.157 [main] DEBUG c.e.j.m.B.deleteCategoriesByBookId - ==>  Preparing: DELETE FROM books_categories bc WHERE bc.book_id = ?
14:44:55.157 [main] DEBUG c.e.j.m.B.deleteCategoriesByBookId - ==> Parameters: 7(Long)
14:44:55.157 [main] DEBUG c.e.j.m.B.deleteCategoriesByBookId - <==    Updates: 0
14:44:55.157 [main] DEBUG c.e.j.m.B.insertBookCategories - ==>  Preparing: INSERT INTO books_categories (book_id, category_id) VALUES (?, ?)
14:44:55.157 [main] DEBUG c.e.j.m.B.insertBookCategories - ==> Parameters: 7(Long), 1(Long)
14:44:55.158 [main] DEBUG c.e.j.m.B.insertBookCategories - <==    Updates: 1
14:44:55.159 [main] DEBUG c.e.j.mapper.BookMapper.insert - ==>  Preparing: INSERT INTO books (title, isbn, author_id, published_year) VALUES (?, ?, ?, ?)
14:44:55.159 [main] DEBUG c.e.j.mapper.BookMapper.insert - ==> Parameters: Java Concurrency in Practice(String), 9780321349606(String), 1(Long), 2006(Integer)
14:44:55.159 [main] DEBUG c.e.j.mapper.BookMapper.insert - <==    Updates: 1
14:44:55.160 [main] DEBUG c.e.j.m.B.deleteCategoriesByBookId - ==>  Preparing: DELETE FROM books_categories bc WHERE bc.book_id = ?
14:44:55.160 [main] DEBUG c.e.j.m.B.deleteCategoriesByBookId - ==> Parameters: 8(Long)
14:44:55.160 [main] DEBUG c.e.j.m.B.deleteCategoriesByBookId - <==    Updates: 0
14:44:55.161 [main] DEBUG c.e.j.m.B.insertBookCategories - ==>  Preparing: INSERT INTO books_categories (book_id, category_id) VALUES (?, ?)
14:44:55.161 [main] DEBUG c.e.j.m.B.insertBookCategories - ==> Parameters: 8(Long), 1(Long)
14:44:55.161 [main] DEBUG c.e.j.m.B.insertBookCategories - <==    Updates: 1
14:44:55.162 [main] DEBUG c.e.j.mapper.BookMapper.insert - ==>  Preparing: INSERT INTO books (title, isbn, author_id, published_year) VALUES (?, ?, ?, ?)
14:44:55.162 [main] DEBUG c.e.j.mapper.BookMapper.insert - ==> Parameters: Java Concurrency in Practice(String), 9780321349606(String), 1(Long), 2006(Integer)
14:44:55.162 [main] DEBUG c.e.j.mapper.BookMapper.insert - <==    Updates: 1
14:44:55.163 [main] DEBUG c.e.j.m.B.deleteCategoriesByBookId - ==>  Preparing: DELETE FROM books_categories bc WHERE bc.book_id = ?
14:44:55.163 [main] DEBUG c.e.j.m.B.deleteCategoriesByBookId - ==> Parameters: 9(Long)
14:44:55.163 [main] DEBUG c.e.j.m.B.deleteCategoriesByBookId - <==    Updates: 0
14:44:55.164 [main] DEBUG c.e.j.m.B.insertBookCategories - ==>  Preparing: INSERT INTO books_categories (book_id, category_id) VALUES (?, ?)
14:44:55.164 [main] DEBUG c.e.j.m.B.insertBookCategories - ==> Parameters: 9(Long), 1(Long)
14:44:55.164 [main] DEBUG c.e.j.m.B.insertBookCategories - <==    Updates: 1
14:44:55.164 [main] DEBUG c.e.j.mapper.BookMapper.insert - ==>  Preparing: INSERT INTO books (title, isbn, author_id, published_year) VALUES (?, ?, ?, ?)
14:44:55.165 [main] DEBUG c.e.j.mapper.BookMapper.insert - ==> Parameters: Java Concurrency in Practice(String), 9780321349606(String), 1(Long), 2006(Integer)
14:44:55.165 [main] DEBUG c.e.j.mapper.BookMapper.insert - <==    Updates: 1
14:44:55.165 [main] DEBUG c.e.j.m.B.deleteCategoriesByBookId - ==>  Preparing: DELETE FROM books_categories bc WHERE bc.book_id = ?
14:44:55.166 [main] DEBUG c.e.j.m.B.deleteCategoriesByBookId - ==> Parameters: 10(Long)
14:44:55.166 [main] DEBUG c.e.j.m.B.deleteCategoriesByBookId - <==    Updates: 0
14:44:55.166 [main] DEBUG c.e.j.m.B.insertBookCategories - ==>  Preparing: INSERT INTO books_categories (book_id, category_id) VALUES (?, ?)
14:44:55.166 [main] DEBUG c.e.j.m.B.insertBookCategories - ==> Parameters: 10(Long), 1(Long)
14:44:55.166 [main] DEBUG c.e.j.m.B.insertBookCategories - <==    Updates: 1
14:44:55.167 [main] DEBUG c.e.j.mapper.BookMapper.insert - ==>  Preparing: INSERT INTO books (title, isbn, author_id, published_year) VALUES (?, ?, ?, ?)
14:44:55.167 [main] DEBUG c.e.j.mapper.BookMapper.insert - ==> Parameters: Java Concurrency in Practice(String), 9780321349606(String), 1(Long), 2006(Integer)
14:44:55.167 [main] DEBUG c.e.j.mapper.BookMapper.insert - <==    Updates: 1
14:44:55.168 [main] DEBUG c.e.j.m.B.deleteCategoriesByBookId - ==>  Preparing: DELETE FROM books_categories bc WHERE bc.book_id = ?
14:44:55.168 [main] DEBUG c.e.j.m.B.deleteCategoriesByBookId - ==> Parameters: 11(Long)
14:44:55.168 [main] DEBUG c.e.j.m.B.deleteCategoriesByBookId - <==    Updates: 0
14:44:55.169 [main] DEBUG c.e.j.m.B.insertBookCategories - ==>  Preparing: INSERT INTO books_categories (book_id, category_id) VALUES (?, ?)
14:44:55.169 [main] DEBUG c.e.j.m.B.insertBookCategories - ==> Parameters: 11(Long), 1(Long)
14:44:55.169 [main] DEBUG c.e.j.m.B.insertBookCategories - <==    Updates: 1
14:44:55.170 [main] DEBUG c.e.j.mapper.BookMapper.insert - ==>  Preparing: INSERT INTO books (title, isbn, author_id, published_year) VALUES (?, ?, ?, ?)
14:44:55.170 [main] DEBUG c.e.j.mapper.BookMapper.insert - ==> Parameters: Java Concurrency in Practice(String), 9780321349606(String), 1(Long), 2006(Integer)
14:44:55.170 [main] DEBUG c.e.j.mapper.BookMapper.insert - <==    Updates: 1
14:44:55.171 [main] DEBUG c.e.j.m.B.deleteCategoriesByBookId - ==>  Preparing: DELETE FROM books_categories bc WHERE bc.book_id = ?
14:44:55.171 [main] DEBUG c.e.j.m.B.deleteCategoriesByBookId - ==> Parameters: 12(Long)
14:44:55.172 [main] DEBUG c.e.j.m.B.deleteCategoriesByBookId - <==    Updates: 0
14:44:55.172 [main] DEBUG c.e.j.m.B.insertBookCategories - ==>  Preparing: INSERT INTO books_categories (book_id, category_id) VALUES (?, ?)
14:44:55.172 [main] DEBUG c.e.j.m.B.insertBookCategories - ==> Parameters: 12(Long), 1(Long)
14:44:55.173 [main] DEBUG c.e.j.m.B.insertBookCategories - <==    Updates: 1
14:44:55.175 [main] DEBUG c.e.j.mapper.BookMapper.insert - ==>  Preparing: INSERT INTO books (title, isbn, author_id, published_year) VALUES (?, ?, ?, ?)
14:44:55.176 [main] DEBUG c.e.j.mapper.BookMapper.insert - ==> Parameters: Java Concurrency in Practice(String), 9780321349606(String), 1(Long), 2006(Integer)
14:44:55.176 [main] DEBUG c.e.j.mapper.BookMapper.insert - <==    Updates: 1
14:44:55.177 [main] DEBUG c.e.j.m.B.deleteCategoriesByBookId - ==>  Preparing: DELETE FROM books_categories bc WHERE bc.book_id = ?
14:44:55.177 [main] DEBUG c.e.j.m.B.deleteCategoriesByBookId - ==> Parameters: 13(Long)
14:44:55.177 [main] DEBUG c.e.j.m.B.deleteCategoriesByBookId - <==    Updates: 0
14:44:55.178 [main] DEBUG c.e.j.m.B.insertBookCategories - ==>  Preparing: INSERT INTO books_categories (book_id, category_id) VALUES (?, ?)
14:44:55.178 [main] DEBUG c.e.j.m.B.insertBookCategories - ==> Parameters: 13(Long), 1(Long)
14:44:55.178 [main] DEBUG c.e.j.m.B.insertBookCategories - <==    Updates: 1
14:44:55.179 [main] DEBUG c.e.j.mapper.BookMapper.insert - ==>  Preparing: INSERT INTO books (title, isbn, author_id, published_year) VALUES (?, ?, ?, ?)
14:44:55.179 [main] DEBUG c.e.j.mapper.BookMapper.insert - ==> Parameters: Java Concurrency in Practice(String), 9780321349606(String), 1(Long), 2006(Integer)
14:44:55.180 [main] DEBUG c.e.j.mapper.BookMapper.insert - <==    Updates: 1
14:44:55.180 [main] DEBUG c.e.j.m.B.deleteCategoriesByBookId - ==>  Preparing: DELETE FROM books_categories bc WHERE bc.book_id = ?
14:44:55.181 [main] DEBUG c.e.j.m.B.deleteCategoriesByBookId - ==> Parameters: 14(Long)
14:44:55.181 [main] DEBUG c.e.j.m.B.deleteCategoriesByBookId - <==    Updates: 0
14:44:55.181 [main] DEBUG c.e.j.m.B.insertBookCategories - ==>  Preparing: INSERT INTO books_categories (book_id, category_id) VALUES (?, ?)
14:44:55.181 [main] DEBUG c.e.j.m.B.insertBookCategories - ==> Parameters: 14(Long), 1(Long)
14:44:55.181 [main] DEBUG c.e.j.m.B.insertBookCategories - <==    Updates: 1
14:44:55.182 [main] DEBUG c.e.j.mapper.BookMapper.insert - ==>  Preparing: INSERT INTO books (title, isbn, author_id, published_year) VALUES (?, ?, ?, ?)
14:44:55.182 [main] DEBUG c.e.j.mapper.BookMapper.insert - ==> Parameters: Java Concurrency in Practice(String), 9780321349606(String), 1(Long), 2006(Integer)
14:44:55.182 [main] DEBUG c.e.j.mapper.BookMapper.insert - <==    Updates: 1
14:44:55.183 [main] DEBUG c.e.j.m.B.deleteCategoriesByBookId - ==>  Preparing: DELETE FROM books_categories bc WHERE bc.book_id = ?
14:44:55.183 [main] DEBUG c.e.j.m.B.deleteCategoriesByBookId - ==> Parameters: 15(Long)
14:44:55.183 [main] DEBUG c.e.j.m.B.deleteCategoriesByBookId - <==    Updates: 0
14:44:55.184 [main] DEBUG c.e.j.m.B.insertBookCategories - ==>  Preparing: INSERT INTO books_categories (book_id, category_id) VALUES (?, ?)
14:44:55.184 [main] DEBUG c.e.j.m.B.insertBookCategories - ==> Parameters: 15(Long), 1(Long)
14:44:55.184 [main] DEBUG c.e.j.m.B.insertBookCategories - <==    Updates: 1
14:44:55.185 [main] DEBUG c.e.j.mapper.BookMapper.insert - ==>  Preparing: INSERT INTO books (title, isbn, author_id, published_year) VALUES (?, ?, ?, ?)
14:44:55.185 [main] DEBUG c.e.j.mapper.BookMapper.insert - ==> Parameters: Java Concurrency in Practice(String), 9780321349606(String), 1(Long), 2006(Integer)
14:44:55.185 [main] DEBUG c.e.j.mapper.BookMapper.insert - <==    Updates: 1
14:44:55.186 [main] DEBUG c.e.j.m.B.deleteCategoriesByBookId - ==>  Preparing: DELETE FROM books_categories bc WHERE bc.book_id = ?
14:44:55.186 [main] DEBUG c.e.j.m.B.deleteCategoriesByBookId - ==> Parameters: 16(Long)
14:44:55.186 [main] DEBUG c.e.j.m.B.deleteCategoriesByBookId - <==    Updates: 0
14:44:55.186 [main] DEBUG c.e.j.m.B.insertBookCategories - ==>  Preparing: INSERT INTO books_categories (book_id, category_id) VALUES (?, ?)
14:44:55.187 [main] DEBUG c.e.j.m.B.insertBookCategories - ==> Parameters: 16(Long), 1(Long)
14:44:55.187 [main] DEBUG c.e.j.m.B.insertBookCategories - <==    Updates: 1
14:44:55.187 [main] DEBUG c.e.j.mapper.BookMapper.insert - ==>  Preparing: INSERT INTO books (title, isbn, author_id, published_year) VALUES (?, ?, ?, ?)
14:44:55.188 [main] DEBUG c.e.j.mapper.BookMapper.insert - ==> Parameters: Java Concurrency in Practice(String), 9780321349606(String), 1(Long), 2006(Integer)
14:44:55.188 [main] DEBUG c.e.j.mapper.BookMapper.insert - <==    Updates: 1
14:44:55.188 [main] DEBUG c.e.j.m.B.deleteCategoriesByBookId - ==>  Preparing: DELETE FROM books_categories bc WHERE bc.book_id = ?
14:44:55.188 [main] DEBUG c.e.j.m.B.deleteCategoriesByBookId - ==> Parameters: 17(Long)
14:44:55.189 [main] DEBUG c.e.j.m.B.deleteCategoriesByBookId - <==    Updates: 0
14:44:55.189 [main] DEBUG c.e.j.m.B.insertBookCategories - ==>  Preparing: INSERT INTO books_categories (book_id, category_id) VALUES (?, ?)
14:44:55.189 [main] DEBUG c.e.j.m.B.insertBookCategories - ==> Parameters: 17(Long), 1(Long)
14:44:55.190 [main] DEBUG c.e.j.m.B.insertBookCategories - <==    Updates: 1
14:44:55.190 [main] DEBUG c.e.j.mapper.BookMapper.insert - ==>  Preparing: INSERT INTO books (title, isbn, author_id, published_year) VALUES (?, ?, ?, ?)
14:44:55.191 [main] DEBUG c.e.j.mapper.BookMapper.insert - ==> Parameters: Java Concurrency in Practice(String), 9780321349606(String), 1(Long), 2006(Integer)
14:44:55.191 [main] DEBUG c.e.j.mapper.BookMapper.insert - <==    Updates: 1
14:44:55.192 [main] DEBUG c.e.j.m.B.deleteCategoriesByBookId - ==>  Preparing: DELETE FROM books_categories bc WHERE bc.book_id = ?
14:44:55.192 [main] DEBUG c.e.j.m.B.deleteCategoriesByBookId - ==> Parameters: 18(Long)
14:44:55.192 [main] DEBUG c.e.j.m.B.deleteCategoriesByBookId - <==    Updates: 0
14:44:55.193 [main] DEBUG c.e.j.m.B.insertBookCategories - ==>  Preparing: INSERT INTO books_categories (book_id, category_id) VALUES (?, ?)
14:44:55.193 [main] DEBUG c.e.j.m.B.insertBookCategories - ==> Parameters: 18(Long), 1(Long)
14:44:55.193 [main] DEBUG c.e.j.m.B.insertBookCategories - <==    Updates: 1
14:44:55.193 [main] DEBUG c.e.j.mapper.BookMapper.insert - ==>  Preparing: INSERT INTO books (title, isbn, author_id, published_year) VALUES (?, ?, ?, ?)
14:44:55.194 [main] DEBUG c.e.j.mapper.BookMapper.insert - ==> Parameters: Java Concurrency in Practice(String), 9780321349606(String), 1(Long), 2006(Integer)
14:44:55.194 [main] DEBUG c.e.j.mapper.BookMapper.insert - <==    Updates: 1
14:44:55.194 [main] DEBUG c.e.j.m.B.deleteCategoriesByBookId - ==>  Preparing: DELETE FROM books_categories bc WHERE bc.book_id = ?
14:44:55.195 [main] DEBUG c.e.j.m.B.deleteCategoriesByBookId - ==> Parameters: 19(Long)
14:44:55.195 [main] DEBUG c.e.j.m.B.deleteCategoriesByBookId - <==    Updates: 0
14:44:55.195 [main] DEBUG c.e.j.m.B.insertBookCategories - ==>  Preparing: INSERT INTO books_categories (book_id, category_id) VALUES (?, ?)
14:44:55.195 [main] DEBUG c.e.j.m.B.insertBookCategories - ==> Parameters: 19(Long), 1(Long)
14:44:55.195 [main] DEBUG c.e.j.m.B.insertBookCategories - <==    Updates: 1
14:44:55.196 [main] DEBUG c.e.j.mapper.BookMapper.insert - ==>  Preparing: INSERT INTO books (title, isbn, author_id, published_year) VALUES (?, ?, ?, ?)
14:44:55.196 [main] DEBUG c.e.j.mapper.BookMapper.insert - ==> Parameters: Java Concurrency in Practice(String), 9780321349606(String), 1(Long), 2006(Integer)
14:44:55.196 [main] DEBUG c.e.j.mapper.BookMapper.insert - <==    Updates: 1
14:44:55.197 [main] DEBUG c.e.j.m.B.deleteCategoriesByBookId - ==>  Preparing: DELETE FROM books_categories bc WHERE bc.book_id = ?
14:44:55.197 [main] DEBUG c.e.j.m.B.deleteCategoriesByBookId - ==> Parameters: 20(Long)
14:44:55.197 [main] DEBUG c.e.j.m.B.deleteCategoriesByBookId - <==    Updates: 0
14:44:55.197 [main] DEBUG c.e.j.m.B.insertBookCategories - ==>  Preparing: INSERT INTO books_categories (book_id, category_id) VALUES (?, ?)
14:44:55.197 [main] DEBUG c.e.j.m.B.insertBookCategories - ==> Parameters: 20(Long), 1(Long)
14:44:55.198 [main] DEBUG c.e.j.m.B.insertBookCategories - <==    Updates: 1
14:44:55.198 [main] DEBUG c.e.j.mapper.BookMapper.insert - ==>  Preparing: INSERT INTO books (title, isbn, author_id, published_year) VALUES (?, ?, ?, ?)
14:44:55.199 [main] DEBUG c.e.j.mapper.BookMapper.insert - ==> Parameters: Java Concurrency in Practice(String), 9780321349606(String), 1(Long), 2006(Integer)
14:44:55.199 [main] DEBUG c.e.j.mapper.BookMapper.insert - <==    Updates: 1
14:44:55.199 [main] DEBUG c.e.j.m.B.deleteCategoriesByBookId - ==>  Preparing: DELETE FROM books_categories bc WHERE bc.book_id = ?
14:44:55.200 [main] DEBUG c.e.j.m.B.deleteCategoriesByBookId - ==> Parameters: 21(Long)
14:44:55.200 [main] DEBUG c.e.j.m.B.deleteCategoriesByBookId - <==    Updates: 0
14:44:55.200 [main] DEBUG c.e.j.m.B.insertBookCategories - ==>  Preparing: INSERT INTO books_categories (book_id, category_id) VALUES (?, ?)
14:44:55.200 [main] DEBUG c.e.j.m.B.insertBookCategories - ==> Parameters: 21(Long), 1(Long)
14:44:55.200 [main] DEBUG c.e.j.m.B.insertBookCategories - <==    Updates: 1
14:44:55.201 [main] DEBUG c.e.j.mapper.BookMapper.insert - ==>  Preparing: INSERT INTO books (title, isbn, author_id, published_year) VALUES (?, ?, ?, ?)
14:44:55.201 [main] DEBUG c.e.j.mapper.BookMapper.insert - ==> Parameters: Java Concurrency in Practice(String), 9780321349606(String), 1(Long), 2006(Integer)
14:44:55.202 [main] DEBUG c.e.j.mapper.BookMapper.insert - <==    Updates: 1
14:44:55.202 [main] DEBUG c.e.j.m.B.deleteCategoriesByBookId - ==>  Preparing: DELETE FROM books_categories bc WHERE bc.book_id = ?
14:44:55.203 [main] DEBUG c.e.j.m.B.deleteCategoriesByBookId - ==> Parameters: 22(Long)
14:44:55.203 [main] DEBUG c.e.j.m.B.deleteCategoriesByBookId - <==    Updates: 0
14:44:55.203 [main] DEBUG c.e.j.m.B.insertBookCategories - ==>  Preparing: INSERT INTO books_categories (book_id, category_id) VALUES (?, ?)
14:44:55.203 [main] DEBUG c.e.j.m.B.insertBookCategories - ==> Parameters: 22(Long), 1(Long)
14:44:55.204 [main] DEBUG c.e.j.m.B.insertBookCategories - <==    Updates: 1
14:44:55.204 [main] DEBUG c.e.j.mapper.BookMapper.insert - ==>  Preparing: INSERT INTO books (title, isbn, author_id, published_year) VALUES (?, ?, ?, ?)
14:44:55.204 [main] DEBUG c.e.j.mapper.BookMapper.insert - ==> Parameters: Java Concurrency in Practice(String), 9780321349606(String), 1(Long), 2006(Integer)
14:44:55.205 [main] DEBUG c.e.j.mapper.BookMapper.insert - <==    Updates: 1
14:44:55.205 [main] DEBUG c.e.j.m.B.deleteCategoriesByBookId - ==>  Preparing: DELETE FROM books_categories bc WHERE bc.book_id = ?
14:44:55.205 [main] DEBUG c.e.j.m.B.deleteCategoriesByBookId - ==> Parameters: 23(Long)
14:44:55.205 [main] DEBUG c.e.j.m.B.deleteCategoriesByBookId - <==    Updates: 0
14:44:55.206 [main] DEBUG c.e.j.m.B.insertBookCategories - ==>  Preparing: INSERT INTO books_categories (book_id, category_id) VALUES (?, ?)
14:44:55.206 [main] DEBUG c.e.j.m.B.insertBookCategories - ==> Parameters: 23(Long), 1(Long)
14:44:55.206 [main] DEBUG c.e.j.m.B.insertBookCategories - <==    Updates: 1
14:44:55.206 [main] DEBUG c.e.j.mapper.BookMapper.insert - ==>  Preparing: INSERT INTO books (title, isbn, author_id, published_year) VALUES (?, ?, ?, ?)
14:44:55.206 [main] DEBUG c.e.j.mapper.BookMapper.insert - ==> Parameters: Java Concurrency in Practice(String), 9780321349606(String), 1(Long), 2006(Integer)
14:44:55.207 [main] DEBUG c.e.j.mapper.BookMapper.insert - <==    Updates: 1
14:44:55.207 [main] DEBUG c.e.j.m.B.deleteCategoriesByBookId - ==>  Preparing: DELETE FROM books_categories bc WHERE bc.book_id = ?
14:44:55.207 [main] DEBUG c.e.j.m.B.deleteCategoriesByBookId - ==> Parameters: 24(Long)
14:44:55.207 [main] DEBUG c.e.j.m.B.deleteCategoriesByBookId - <==    Updates: 0
14:44:55.207 [main] DEBUG c.e.j.m.B.insertBookCategories - ==>  Preparing: INSERT INTO books_categories (book_id, category_id) VALUES (?, ?)
14:44:55.208 [main] DEBUG c.e.j.m.B.insertBookCategories - ==> Parameters: 24(Long), 1(Long)
14:44:55.208 [main] DEBUG c.e.j.m.B.insertBookCategories - <==    Updates: 1
14:44:55.210 [main] DEBUG c.e.j.mapper.UserMapper.findByEmail - ==>  Preparing: SELECT * FROM users u WHERE u.email = ?
14:44:55.211 [main] DEBUG c.e.j.mapper.UserMapper.findByEmail - ==> Parameters: user@example.com(String)
14:44:55.219 [main] DEBUG c.e.j.mapper.UserMapper.findByEmail - <==      Total: 0
14:44:55.282 [main] DEBUG c.e.j.mapper.UserMapper.insert - ==>  Preparing: INSERT INTO users (email, name, password_hash, role) VALUES (?, ?, ?, ?)
14:44:55.283 [main] DEBUG c.e.j.mapper.UserMapper.insert - ==> Parameters: user@example.com(String), 測試使用者(String), $2a$10$rzXiu769o5BoBjvzQgWWXeNoL0jTLV5qCGg1hAoiUPyF12hDPC5ke(String), USER(String)
14:44:55.284 [main] DEBUG c.e.j.mapper.UserMapper.insert - <==    Updates: 1
14:44:55.285 [main] INFO  c.e.j.service.AuthServiceImpl - 新使用者註冊：userId=1, email=user@example.com
14:44:55.342 [main] DEBUG c.e.j.mapper.UserMapper.insert - ==>  Preparing: INSERT INTO users (email, name, password_hash, role) VALUES (?, ?, ?, ?)
14:44:55.342 [main] DEBUG c.e.j.mapper.UserMapper.insert - ==> Parameters: admin@example.com(String), 管理員(String), $2a$10$4YoPD4oCT6KBGgJ6nLJ4iO.4vOZQriXF9GFY2zBB3mysVaxTXfA8e(String), ADMIN(String)
14:44:55.343 [main] DEBUG c.e.j.mapper.UserMapper.insert - <==    Updates: 1
14:44:55.400 [main] DEBUG c.e.j.mapper.UserMapper.insert - ==>  Preparing: INSERT INTO users (email, name, password_hash, role) VALUES (?, ?, ?, ?)
14:44:55.401 [main] DEBUG c.e.j.mapper.UserMapper.insert - ==> Parameters: procurement@example.com(String), 採購人員(String), $2a$10$J0CRVMKWWZVeqVGAXxVSLuqXXs1l6/r0mKQpg9kYkMItx1QJCcXLK(String), PROCUREMENT(String)
14:44:55.402 [main] DEBUG c.e.j.mapper.UserMapper.insert - <==    Updates: 1
14:44:55.408 [main] DEBUG c.e.j.m.BookRequestMapper.insert - ==>  Preparing: INSERT INTO book_requests (requester_id, status, requested_at, idempotency_key) VALUES (?, ?, ?, ?)
14:44:55.411 [main] DEBUG c.e.j.m.BookRequestMapper.insert - ==> Parameters: 1(Long), PENDING(String), 2026-09-11 14:44:55.4072641(Timestamp), 1114ca86-99ec-42c1-b95c-acf1c6e71390(String)
14:44:55.412 [main] DEBUG c.e.j.m.BookRequestMapper.insert - <==    Updates: 1
14:44:55.412 [main] DEBUG c.e.j.m.BookRequestItemMapper.insert - ==>  Preparing: INSERT INTO book_request_items (book_request_id, title, isbn, author_id, published_year, estimated_price) VALUES (?, ?, ?, ?, ?, ?)
14:44:55.413 [main] DEBUG c.e.j.m.BookRequestItemMapper.insert - ==> Parameters: 1(Long), Refactoring(String), null, null, null, null
14:44:55.413 [main] DEBUG c.e.j.m.BookRequestItemMapper.insert - <==    Updates: 1
14:44:55.416 [main] DEBUG c.e.j.mapper.AuditLogMapper.insert - ==>  Preparing: INSERT INTO audit_logs (user_id, audited_at, action, entity_type, entity_id, detail) VALUES (?, ?, ?, ?, ?, ?)
14:44:55.445 [main] DEBUG c.e.j.mapper.AuditLogMapper.insert - ==> Parameters: 1(Long), 2026-09-11 14:44:55.4072641(Timestamp), SUBMIT(String), BOOK_REQUEST(String), 1(Long), [B@68b9834c(byte[])
14:44:55.447 [main] DEBUG c.e.j.mapper.AuditLogMapper.insert - <==    Updates: 1
14:44:55.448 [main] INFO  c.e.j.service.BookRequestServiceImpl - 送出申請：requestId=1, requesterId=1, 書籍數=1
14:44:55.449 [main] DEBUG c.e.j.m.BookRequestMapper.insert - ==>  Preparing: INSERT INTO book_requests (requester_id, status, requested_at, idempotency_key) VALUES (?, ?, ?, ?)
14:44:55.450 [main] DEBUG c.e.j.m.BookRequestMapper.insert - ==> Parameters: 1(Long), PENDING(String), 2026-09-11 14:44:55.4493183(Timestamp), 23a482d9-c1e7-495d-84a4-74631a78ca3b(String)
14:44:55.450 [main] DEBUG c.e.j.m.BookRequestMapper.insert - <==    Updates: 1
14:44:55.451 [main] DEBUG c.e.j.m.BookRequestItemMapper.insert - ==>  Preparing: INSERT INTO book_request_items (book_request_id, title, isbn, author_id, published_year, estimated_price) VALUES (?, ?, ?, ?, ?, ?)
14:44:55.451 [main] DEBUG c.e.j.m.BookRequestItemMapper.insert - ==> Parameters: 2(Long), The Pragmatic Programmer(String), 9780135957059(String), null, 2019(Integer), 850(BigDecimal)
14:44:55.452 [main] DEBUG c.e.j.m.BookRequestItemMapper.insert - <==    Updates: 1
14:44:55.452 [main] DEBUG c.e.j.m.BookRequestItemMapper.insert - ==>  Preparing: INSERT INTO book_request_items (book_request_id, title, isbn, author_id, published_year, estimated_price) VALUES (?, ?, ?, ?, ?, ?)
14:44:55.452 [main] DEBUG c.e.j.m.BookRequestItemMapper.insert - ==> Parameters: 2(Long), Head First Design Patterns(String), null, null, null, null
14:44:55.453 [main] DEBUG c.e.j.m.BookRequestItemMapper.insert - <==    Updates: 1
14:44:55.453 [main] DEBUG c.e.j.mapper.AuditLogMapper.insert - ==>  Preparing: INSERT INTO audit_logs (user_id, audited_at, action, entity_type, entity_id, detail) VALUES (?, ?, ?, ?, ?, ?)
14:44:55.454 [main] DEBUG c.e.j.mapper.AuditLogMapper.insert - ==> Parameters: 1(Long), 2026-09-11 14:44:55.4493183(Timestamp), SUBMIT(String), BOOK_REQUEST(String), 2(Long), [B@76ad6715(byte[])
14:44:55.454 [main] DEBUG c.e.j.mapper.AuditLogMapper.insert - <==    Updates: 1
14:44:55.454 [main] INFO  c.e.j.service.BookRequestServiceImpl - 送出申請：requestId=2, requesterId=1, 書籍數=2
14:44:55.455 [main] DEBUG c.e.j.m.BookRequestMapper.insert - ==>  Preparing: INSERT INTO book_requests (requester_id, status, requested_at, idempotency_key) VALUES (?, ?, ?, ?)
14:44:55.455 [main] DEBUG c.e.j.m.BookRequestMapper.insert - ==> Parameters: 1(Long), PENDING(String), 2026-09-11 14:44:55.4553163(Timestamp), 7b8f03b3-1528-4977-a280-66281a9ce6c0(String)
14:44:55.455 [main] DEBUG c.e.j.m.BookRequestMapper.insert - <==    Updates: 1
14:44:55.456 [main] DEBUG c.e.j.m.BookRequestItemMapper.insert - ==>  Preparing: INSERT INTO book_request_items (book_request_id, title, isbn, author_id, published_year, estimated_price) VALUES (?, ?, ?, ?, ?, ?)
14:44:55.456 [main] DEBUG c.e.j.m.BookRequestItemMapper.insert - ==> Parameters: 3(Long), Test-Driven Development(String), 9780321146533(String), null, 2002(Integer), null
14:44:55.456 [main] DEBUG c.e.j.m.BookRequestItemMapper.insert - <==    Updates: 1
14:44:55.456 [main] DEBUG c.e.j.mapper.AuditLogMapper.insert - ==>  Preparing: INSERT INTO audit_logs (user_id, audited_at, action, entity_type, entity_id, detail) VALUES (?, ?, ?, ?, ?, ?)
14:44:55.457 [main] DEBUG c.e.j.mapper.AuditLogMapper.insert - ==> Parameters: 1(Long), 2026-09-11 14:44:55.4553163(Timestamp), SUBMIT(String), BOOK_REQUEST(String), 3(Long), [B@127a7272(byte[])
14:44:55.457 [main] DEBUG c.e.j.mapper.AuditLogMapper.insert - <==    Updates: 1
14:44:55.457 [main] INFO  c.e.j.service.BookRequestServiceImpl - 送出申請：requestId=3, requesterId=1, 書籍數=1
14:44:55.459 [main] DEBUG c.e.j.m.BookRequestMapper.insert - ==>  Preparing: INSERT INTO book_requests (requester_id, status, requested_at, idempotency_key) VALUES (?, ?, ?, ?)
14:44:55.459 [main] DEBUG c.e.j.m.BookRequestMapper.insert - ==> Parameters: 1(Long), PENDING(String), 2026-09-11 14:44:55.4595094(Timestamp), 7aba08f4-c856-4b69-b2e9-7c4d2c4d7f30(String)
14:44:55.460 [main] DEBUG c.e.j.m.BookRequestMapper.insert - <==    Updates: 1
14:44:55.460 [main] DEBUG c.e.j.m.BookRequestItemMapper.insert - ==>  Preparing: INSERT INTO book_request_items (book_request_id, title, isbn, author_id, published_year, estimated_price) VALUES (?, ?, ?, ?, ?, ?)
14:44:55.460 [main] DEBUG c.e.j.m.BookRequestItemMapper.insert - ==> Parameters: 4(Long), Working Effectively with Legacy Code(String), null, null, null, null
14:44:55.460 [main] DEBUG c.e.j.m.BookRequestItemMapper.insert - <==    Updates: 1
14:44:55.461 [main] DEBUG c.e.j.mapper.AuditLogMapper.insert - ==>  Preparing: INSERT INTO audit_logs (user_id, audited_at, action, entity_type, entity_id, detail) VALUES (?, ?, ?, ?, ?, ?)
14:44:55.461 [main] DEBUG c.e.j.mapper.AuditLogMapper.insert - ==> Parameters: 1(Long), 2026-09-11 14:44:55.4595094(Timestamp), SUBMIT(String), BOOK_REQUEST(String), 4(Long), [B@2b7962a2(byte[])
14:44:55.461 [main] DEBUG c.e.j.mapper.AuditLogMapper.insert - <==    Updates: 1
14:44:55.461 [main] INFO  c.e.j.service.BookRequestServiceImpl - 送出申請：requestId=4, requesterId=1, 書籍數=1
14:44:55.462 [main] DEBUG c.e.j.m.BookRequestMapper.insert - ==>  Preparing: INSERT INTO book_requests (requester_id, status, requested_at, idempotency_key) VALUES (?, ?, ?, ?)
14:44:55.463 [main] DEBUG c.e.j.m.BookRequestMapper.insert - ==> Parameters: 1(Long), PENDING(String), 2026-09-11 14:44:55.4625094(Timestamp), 9f5f4fb5-f6d6-4916-b3b4-a0ab3c43db74(String)
14:44:55.463 [main] DEBUG c.e.j.m.BookRequestMapper.insert - <==    Updates: 1
14:44:55.463 [main] DEBUG c.e.j.m.BookRequestItemMapper.insert - ==>  Preparing: INSERT INTO book_request_items (book_request_id, title, isbn, author_id, published_year, estimated_price) VALUES (?, ?, ?, ?, ?, ?)
14:44:55.463 [main] DEBUG c.e.j.m.BookRequestItemMapper.insert - ==> Parameters: 5(Long), Continuous Delivery(String), null, null, null, null
14:44:55.463 [main] DEBUG c.e.j.m.BookRequestItemMapper.insert - <==    Updates: 1
14:44:55.463 [main] DEBUG c.e.j.mapper.AuditLogMapper.insert - ==>  Preparing: INSERT INTO audit_logs (user_id, audited_at, action, entity_type, entity_id, detail) VALUES (?, ?, ?, ?, ?, ?)
14:44:55.464 [main] DEBUG c.e.j.mapper.AuditLogMapper.insert - ==> Parameters: 1(Long), 2026-09-11 14:44:55.4625094(Timestamp), SUBMIT(String), BOOK_REQUEST(String), 5(Long), [B@6f911326(byte[])
14:44:55.464 [main] DEBUG c.e.j.mapper.AuditLogMapper.insert - <==    Updates: 1
14:44:55.464 [main] INFO  c.e.j.service.BookRequestServiceImpl - 送出申請：requestId=5, requesterId=1, 書籍數=1
14:44:55.464 [main] DEBUG c.e.j.m.BookRequestMapper.insert - ==>  Preparing: INSERT INTO book_requests (requester_id, status, requested_at, idempotency_key) VALUES (?, ?, ?, ?)
14:44:55.465 [main] DEBUG c.e.j.m.BookRequestMapper.insert - ==> Parameters: 1(Long), PENDING(String), 2026-09-11 14:44:55.4645103(Timestamp), 7aafbb86-edc3-49d4-8953-11743f556d38(String)
14:44:55.465 [main] DEBUG c.e.j.m.BookRequestMapper.insert - <==    Updates: 1
14:44:55.465 [main] DEBUG c.e.j.m.BookRequestItemMapper.insert - ==>  Preparing: INSERT INTO book_request_items (book_request_id, title, isbn, author_id, published_year, estimated_price) VALUES (?, ?, ?, ?, ?, ?)
14:44:55.466 [main] DEBUG c.e.j.m.BookRequestItemMapper.insert - ==> Parameters: 6(Long), Site Reliability Engineering(String), null, null, 2016(Integer), 1200(BigDecimal)
14:44:55.466 [main] DEBUG c.e.j.m.BookRequestItemMapper.insert - <==    Updates: 1
14:44:55.466 [main] DEBUG c.e.j.mapper.AuditLogMapper.insert - ==>  Preparing: INSERT INTO audit_logs (user_id, audited_at, action, entity_type, entity_id, detail) VALUES (?, ?, ?, ?, ?, ?)
14:44:55.466 [main] DEBUG c.e.j.mapper.AuditLogMapper.insert - ==> Parameters: 1(Long), 2026-09-11 14:44:55.4645103(Timestamp), SUBMIT(String), BOOK_REQUEST(String), 6(Long), [B@48b4a043(byte[])
14:44:55.466 [main] DEBUG c.e.j.mapper.AuditLogMapper.insert - <==    Updates: 1
14:44:55.467 [main] INFO  c.e.j.service.BookRequestServiceImpl - 送出申請：requestId=6, requesterId=1, 書籍數=1
14:44:55.468 [main] DEBUG c.e.j.m.BookRequestMapper.approve - ==>  Preparing: UPDATE book_requests SET status = 'APPROVED', approver_id = ?, approved_at = ? WHERE id = ? AND status = 'PENDING' AND requester_id != ?
14:44:55.471 [main] DEBUG c.e.j.m.BookRequestMapper.approve - ==> Parameters: 2(Long), 2026-09-11 14:44:55.4685084(Timestamp), 6(Long), 2(Long)
14:44:55.471 [main] DEBUG c.e.j.m.BookRequestMapper.approve - <==    Updates: 1
14:44:55.472 [main] DEBUG c.e.j.m.BookRequestMapper.findById - ==>  Preparing: SELECT * FROM book_requests WHERE id = ?
14:44:55.472 [main] DEBUG c.e.j.m.BookRequestMapper.findById - ==> Parameters: 6(Long)
14:44:55.476 [main] DEBUG c.e.j.m.BookRequestMapper.findById - <==      Total: 1
14:44:55.477 [main] DEBUG c.e.j.m.B.findByBookRequestId - ==>  Preparing: SELECT * FROM book_request_items WHERE book_request_id = ?
14:44:55.477 [main] DEBUG c.e.j.m.B.findByBookRequestId - ==> Parameters: 6(Long)
14:44:55.478 [main] DEBUG c.e.j.m.B.findByBookRequestId - <==      Total: 1
14:44:55.479 [main] DEBUG c.e.j.m.ProcurementItemMapper.insert - ==>  Preparing: INSERT INTO procurement_items (book_request_item_id, status) VALUES (?, ?)
14:44:55.480 [main] DEBUG c.e.j.m.ProcurementItemMapper.insert - ==> Parameters: 7(Long), PENDING(String)
14:44:55.480 [main] DEBUG c.e.j.m.ProcurementItemMapper.insert - <==    Updates: 1
14:44:55.480 [main] DEBUG c.e.j.mapper.AuditLogMapper.insert - ==>  Preparing: INSERT INTO audit_logs (user_id, audited_at, action, entity_type, entity_id, detail) VALUES (?, ?, ?, ?, ?, ?)
14:44:55.481 [main] DEBUG c.e.j.mapper.AuditLogMapper.insert - ==> Parameters: 2(Long), 2026-09-11 14:44:55.4685084(Timestamp), CREATE(String), PROCUREMENT_ITEM(String), 1(Long), [B@7a583586(byte[])
14:44:55.481 [main] DEBUG c.e.j.mapper.AuditLogMapper.insert - <==    Updates: 1
14:44:55.482 [main] DEBUG c.e.j.mapper.AuditLogMapper.insert - ==>  Preparing: INSERT INTO audit_logs (user_id, audited_at, action, entity_type, entity_id, detail) VALUES (?, ?, ?, ?, ?, ?)
14:44:55.482 [main] DEBUG c.e.j.mapper.AuditLogMapper.insert - ==> Parameters: 2(Long), 2026-09-11 14:44:55.4685084(Timestamp), APPROVE(String), BOOK_REQUEST(String), 6(Long), [B@3a26ec8d(byte[])
14:44:55.482 [main] DEBUG c.e.j.mapper.AuditLogMapper.insert - <==    Updates: 1
14:44:55.482 [main] INFO  c.e.j.service.BookRequestServiceImpl - 申請已核准：requestId=6, approverId=2
14:44:55.483 [main] DEBUG c.e.j.m.BookRequestMapper.insert - ==>  Preparing: INSERT INTO book_requests (requester_id, status, requested_at, idempotency_key) VALUES (?, ?, ?, ?)
14:44:55.483 [main] DEBUG c.e.j.m.BookRequestMapper.insert - ==> Parameters: 1(Long), PENDING(String), 2026-09-11 14:44:55.4835101(Timestamp), 381393d6-417a-4c0f-9cc4-47020fbbfd63(String)
14:44:55.483 [main] DEBUG c.e.j.m.BookRequestMapper.insert - <==    Updates: 1
14:44:55.483 [main] DEBUG c.e.j.m.BookRequestItemMapper.insert - ==>  Preparing: INSERT INTO book_request_items (book_request_id, title, isbn, author_id, published_year, estimated_price) VALUES (?, ?, ?, ?, ?, ?)
14:44:55.484 [main] DEBUG c.e.j.m.BookRequestItemMapper.insert - ==> Parameters: 7(Long), Database Internals(String), null, null, null, null
14:44:55.484 [main] DEBUG c.e.j.m.BookRequestItemMapper.insert - <==    Updates: 1
14:44:55.484 [main] DEBUG c.e.j.m.BookRequestItemMapper.insert - ==>  Preparing: INSERT INTO book_request_items (book_request_id, title, isbn, author_id, published_year, estimated_price) VALUES (?, ?, ?, ?, ?, ?)
14:44:55.484 [main] DEBUG c.e.j.m.BookRequestItemMapper.insert - ==> Parameters: 7(Long), Designing Data-Intensive Applications(String), 9781449373320(String), null, 2017(Integer), 1500(BigDecimal)
14:44:55.484 [main] DEBUG c.e.j.m.BookRequestItemMapper.insert - <==    Updates: 1
14:44:55.484 [main] DEBUG c.e.j.mapper.AuditLogMapper.insert - ==>  Preparing: INSERT INTO audit_logs (user_id, audited_at, action, entity_type, entity_id, detail) VALUES (?, ?, ?, ?, ?, ?)
14:44:55.484 [main] DEBUG c.e.j.mapper.AuditLogMapper.insert - ==> Parameters: 1(Long), 2026-09-11 14:44:55.4835101(Timestamp), SUBMIT(String), BOOK_REQUEST(String), 7(Long), [B@2bc378f7(byte[])
14:44:55.485 [main] DEBUG c.e.j.mapper.AuditLogMapper.insert - <==    Updates: 1
14:44:55.485 [main] INFO  c.e.j.service.BookRequestServiceImpl - 送出申請：requestId=7, requesterId=1, 書籍數=2
14:44:55.485 [main] DEBUG c.e.j.m.BookRequestMapper.approve - ==>  Preparing: UPDATE book_requests SET status = 'APPROVED', approver_id = ?, approved_at = ? WHERE id = ? AND status = 'PENDING' AND requester_id != ?
14:44:55.486 [main] DEBUG c.e.j.m.BookRequestMapper.approve - ==> Parameters: 2(Long), 2026-09-11 14:44:55.4855156(Timestamp), 7(Long), 2(Long)
14:44:55.486 [main] DEBUG c.e.j.m.BookRequestMapper.approve - <==    Updates: 1
14:44:55.486 [main] DEBUG c.e.j.m.BookRequestMapper.findById - ==>  Preparing: SELECT * FROM book_requests WHERE id = ?
14:44:55.486 [main] DEBUG c.e.j.m.BookRequestMapper.findById - ==> Parameters: 7(Long)
14:44:55.487 [main] DEBUG c.e.j.m.BookRequestMapper.findById - <==      Total: 1
14:44:55.487 [main] DEBUG c.e.j.m.B.findByBookRequestId - ==>  Preparing: SELECT * FROM book_request_items WHERE book_request_id = ?
14:44:55.487 [main] DEBUG c.e.j.m.B.findByBookRequestId - ==> Parameters: 7(Long)
14:44:55.488 [main] DEBUG c.e.j.m.B.findByBookRequestId - <==      Total: 2
14:44:55.488 [main] DEBUG c.e.j.m.ProcurementItemMapper.insert - ==>  Preparing: INSERT INTO procurement_items (book_request_item_id, status) VALUES (?, ?)
14:44:55.488 [main] DEBUG c.e.j.m.ProcurementItemMapper.insert - ==> Parameters: 8(Long), PENDING(String)
14:44:55.488 [main] DEBUG c.e.j.m.ProcurementItemMapper.insert - <==    Updates: 1
14:44:55.488 [main] DEBUG c.e.j.mapper.AuditLogMapper.insert - ==>  Preparing: INSERT INTO audit_logs (user_id, audited_at, action, entity_type, entity_id, detail) VALUES (?, ?, ?, ?, ?, ?)
14:44:55.489 [main] DEBUG c.e.j.mapper.AuditLogMapper.insert - ==> Parameters: 2(Long), 2026-09-11 14:44:55.4855156(Timestamp), CREATE(String), PROCUREMENT_ITEM(String), 2(Long), [B@64d4f7c7(byte[])
14:44:55.489 [main] DEBUG c.e.j.mapper.AuditLogMapper.insert - <==    Updates: 1
14:44:55.489 [main] DEBUG c.e.j.m.ProcurementItemMapper.insert - ==>  Preparing: INSERT INTO procurement_items (book_request_item_id, status) VALUES (?, ?)
14:44:55.489 [main] DEBUG c.e.j.m.ProcurementItemMapper.insert - ==> Parameters: 9(Long), PENDING(String)
14:44:55.490 [main] DEBUG c.e.j.m.ProcurementItemMapper.insert - <==    Updates: 1
14:44:55.490 [main] DEBUG c.e.j.mapper.AuditLogMapper.insert - ==>  Preparing: INSERT INTO audit_logs (user_id, audited_at, action, entity_type, entity_id, detail) VALUES (?, ?, ?, ?, ?, ?)
14:44:55.490 [main] DEBUG c.e.j.mapper.AuditLogMapper.insert - ==> Parameters: 2(Long), 2026-09-11 14:44:55.4855156(Timestamp), CREATE(String), PROCUREMENT_ITEM(String), 3(Long), [B@54e02f6a(byte[])
14:44:55.490 [main] DEBUG c.e.j.mapper.AuditLogMapper.insert - <==    Updates: 1
14:44:55.490 [main] DEBUG c.e.j.mapper.AuditLogMapper.insert - ==>  Preparing: INSERT INTO audit_logs (user_id, audited_at, action, entity_type, entity_id, detail) VALUES (?, ?, ?, ?, ?, ?)
14:44:55.491 [main] DEBUG c.e.j.mapper.AuditLogMapper.insert - ==> Parameters: 2(Long), 2026-09-11 14:44:55.4855156(Timestamp), APPROVE(String), BOOK_REQUEST(String), 7(Long), [B@17f3eefb(byte[])
14:44:55.491 [main] DEBUG c.e.j.mapper.AuditLogMapper.insert - <==    Updates: 1
14:44:55.491 [main] INFO  c.e.j.service.BookRequestServiceImpl - 申請已核准：requestId=7, approverId=2
14:44:55.492 [main] DEBUG c.e.j.m.BookRequestMapper.insert - ==>  Preparing: INSERT INTO book_requests (requester_id, status, requested_at, idempotency_key) VALUES (?, ?, ?, ?)
14:44:55.492 [main] DEBUG c.e.j.m.BookRequestMapper.insert - ==> Parameters: 1(Long), PENDING(String), 2026-09-11 14:44:55.4925084(Timestamp), a56b3bee-6d41-4bc3-b5df-f0f5239a943f(String)
14:44:55.492 [main] DEBUG c.e.j.m.BookRequestMapper.insert - <==    Updates: 1
14:44:55.492 [main] DEBUG c.e.j.m.BookRequestItemMapper.insert - ==>  Preparing: INSERT INTO book_request_items (book_request_id, title, isbn, author_id, published_year, estimated_price) VALUES (?, ?, ?, ?, ?, ?)
14:44:55.493 [main] DEBUG c.e.j.m.BookRequestItemMapper.insert - ==> Parameters: 8(Long), The Clean Coder(String), null, null, null, null
14:44:55.493 [main] DEBUG c.e.j.m.BookRequestItemMapper.insert - <==    Updates: 1
14:44:55.493 [main] DEBUG c.e.j.mapper.AuditLogMapper.insert - ==>  Preparing: INSERT INTO audit_logs (user_id, audited_at, action, entity_type, entity_id, detail) VALUES (?, ?, ?, ?, ?, ?)
14:44:55.493 [main] DEBUG c.e.j.mapper.AuditLogMapper.insert - ==> Parameters: 1(Long), 2026-09-11 14:44:55.4925084(Timestamp), SUBMIT(String), BOOK_REQUEST(String), 8(Long), [B@2dc3271b(byte[])
14:44:55.494 [main] DEBUG c.e.j.mapper.AuditLogMapper.insert - <==    Updates: 1
14:44:55.494 [main] INFO  c.e.j.service.BookRequestServiceImpl - 送出申請：requestId=8, requesterId=1, 書籍數=1
14:44:55.495 [main] DEBUG c.e.j.m.BookRequestMapper.approve - ==>  Preparing: UPDATE book_requests SET status = 'APPROVED', approver_id = ?, approved_at = ? WHERE id = ? AND status = 'PENDING' AND requester_id != ?
14:44:55.495 [main] DEBUG c.e.j.m.BookRequestMapper.approve - ==> Parameters: 2(Long), 2026-09-11 14:44:55.4955088(Timestamp), 8(Long), 2(Long)
14:44:55.495 [main] DEBUG c.e.j.m.BookRequestMapper.approve - <==    Updates: 1
14:44:55.495 [main] DEBUG c.e.j.m.BookRequestMapper.findById - ==>  Preparing: SELECT * FROM book_requests WHERE id = ?
14:44:55.496 [main] DEBUG c.e.j.m.BookRequestMapper.findById - ==> Parameters: 8(Long)
14:44:55.496 [main] DEBUG c.e.j.m.BookRequestMapper.findById - <==      Total: 1
14:44:55.496 [main] DEBUG c.e.j.m.B.findByBookRequestId - ==>  Preparing: SELECT * FROM book_request_items WHERE book_request_id = ?
14:44:55.497 [main] DEBUG c.e.j.m.B.findByBookRequestId - ==> Parameters: 8(Long)
14:44:55.497 [main] DEBUG c.e.j.m.B.findByBookRequestId - <==      Total: 1
14:44:55.497 [main] DEBUG c.e.j.m.ProcurementItemMapper.insert - ==>  Preparing: INSERT INTO procurement_items (book_request_item_id, status) VALUES (?, ?)
14:44:55.497 [main] DEBUG c.e.j.m.ProcurementItemMapper.insert - ==> Parameters: 10(Long), PENDING(String)
14:44:55.497 [main] DEBUG c.e.j.m.ProcurementItemMapper.insert - <==    Updates: 1
14:44:55.497 [main] DEBUG c.e.j.mapper.AuditLogMapper.insert - ==>  Preparing: INSERT INTO audit_logs (user_id, audited_at, action, entity_type, entity_id, detail) VALUES (?, ?, ?, ?, ?, ?)
14:44:55.498 [main] DEBUG c.e.j.mapper.AuditLogMapper.insert - ==> Parameters: 2(Long), 2026-09-11 14:44:55.4955088(Timestamp), CREATE(String), PROCUREMENT_ITEM(String), 4(Long), [B@2bfb6b49(byte[])
14:44:55.498 [main] DEBUG c.e.j.mapper.AuditLogMapper.insert - <==    Updates: 1
14:44:55.499 [main] DEBUG c.e.j.mapper.AuditLogMapper.insert - ==>  Preparing: INSERT INTO audit_logs (user_id, audited_at, action, entity_type, entity_id, detail) VALUES (?, ?, ?, ?, ?, ?)
14:44:55.499 [main] DEBUG c.e.j.mapper.AuditLogMapper.insert - ==> Parameters: 2(Long), 2026-09-11 14:44:55.4955088(Timestamp), APPROVE(String), BOOK_REQUEST(String), 8(Long), [B@1f346ad2(byte[])
14:44:55.499 [main] DEBUG c.e.j.mapper.AuditLogMapper.insert - <==    Updates: 1
14:44:55.499 [main] INFO  c.e.j.service.BookRequestServiceImpl - 申請已核准：requestId=8, approverId=2
14:44:55.500 [main] DEBUG c.e.j.m.BookRequestMapper.insert - ==>  Preparing: INSERT INTO book_requests (requester_id, status, requested_at, idempotency_key) VALUES (?, ?, ?, ?)
14:44:55.502 [main] DEBUG c.e.j.m.BookRequestMapper.insert - ==> Parameters: 1(Long), PENDING(String), 2026-09-11 14:44:55.50051(Timestamp), 5f99e114-e5ab-4418-b5c0-926f5ac8a2e9(String)
14:44:55.502 [main] DEBUG c.e.j.m.BookRequestMapper.insert - <==    Updates: 1
14:44:55.502 [main] DEBUG c.e.j.m.BookRequestItemMapper.insert - ==>  Preparing: INSERT INTO book_request_items (book_request_id, title, isbn, author_id, published_year, estimated_price) VALUES (?, ?, ?, ?, ?, ?)
14:44:55.502 [main] DEBUG c.e.j.m.BookRequestItemMapper.insert - ==> Parameters: 9(Long), Release It!(String), null, null, null, null
14:44:55.502 [main] DEBUG c.e.j.m.BookRequestItemMapper.insert - <==    Updates: 1
14:44:55.503 [main] DEBUG c.e.j.mapper.AuditLogMapper.insert - ==>  Preparing: INSERT INTO audit_logs (user_id, audited_at, action, entity_type, entity_id, detail) VALUES (?, ?, ?, ?, ?, ?)
14:44:55.504 [main] DEBUG c.e.j.mapper.AuditLogMapper.insert - ==> Parameters: 1(Long), 2026-09-11 14:44:55.50051(Timestamp), SUBMIT(String), BOOK_REQUEST(String), 9(Long), [B@1a1f5f71(byte[])
14:44:55.504 [main] DEBUG c.e.j.mapper.AuditLogMapper.insert - <==    Updates: 1
14:44:55.504 [main] INFO  c.e.j.service.BookRequestServiceImpl - 送出申請：requestId=9, requesterId=1, 書籍數=1
14:44:55.505 [main] DEBUG c.e.j.m.BookRequestMapper.approve - ==>  Preparing: UPDATE book_requests SET status = 'APPROVED', approver_id = ?, approved_at = ? WHERE id = ? AND status = 'PENDING' AND requester_id != ?
14:44:55.506 [main] DEBUG c.e.j.m.BookRequestMapper.approve - ==> Parameters: 2(Long), 2026-09-11 14:44:55.5055195(Timestamp), 9(Long), 2(Long)
14:44:55.506 [main] DEBUG c.e.j.m.BookRequestMapper.approve - <==    Updates: 1
14:44:55.506 [main] DEBUG c.e.j.m.BookRequestMapper.findById - ==>  Preparing: SELECT * FROM book_requests WHERE id = ?
14:44:55.506 [main] DEBUG c.e.j.m.BookRequestMapper.findById - ==> Parameters: 9(Long)
14:44:55.507 [main] DEBUG c.e.j.m.BookRequestMapper.findById - <==      Total: 1
14:44:55.507 [main] DEBUG c.e.j.m.B.findByBookRequestId - ==>  Preparing: SELECT * FROM book_request_items WHERE book_request_id = ?
14:44:55.507 [main] DEBUG c.e.j.m.B.findByBookRequestId - ==> Parameters: 9(Long)
14:44:55.508 [main] DEBUG c.e.j.m.B.findByBookRequestId - <==      Total: 1
14:44:55.508 [main] DEBUG c.e.j.m.ProcurementItemMapper.insert - ==>  Preparing: INSERT INTO procurement_items (book_request_item_id, status) VALUES (?, ?)
14:44:55.508 [main] DEBUG c.e.j.m.ProcurementItemMapper.insert - ==> Parameters: 11(Long), PENDING(String)
14:44:55.508 [main] DEBUG c.e.j.m.ProcurementItemMapper.insert - <==    Updates: 1
14:44:55.508 [main] DEBUG c.e.j.mapper.AuditLogMapper.insert - ==>  Preparing: INSERT INTO audit_logs (user_id, audited_at, action, entity_type, entity_id, detail) VALUES (?, ?, ?, ?, ?, ?)
14:44:55.509 [main] DEBUG c.e.j.mapper.AuditLogMapper.insert - ==> Parameters: 2(Long), 2026-09-11 14:44:55.5055195(Timestamp), CREATE(String), PROCUREMENT_ITEM(String), 5(Long), [B@6812fa3a(byte[])
14:44:55.509 [main] DEBUG c.e.j.mapper.AuditLogMapper.insert - <==    Updates: 1
14:44:55.509 [main] DEBUG c.e.j.mapper.AuditLogMapper.insert - ==>  Preparing: INSERT INTO audit_logs (user_id, audited_at, action, entity_type, entity_id, detail) VALUES (?, ?, ?, ?, ?, ?)
14:44:55.509 [main] DEBUG c.e.j.mapper.AuditLogMapper.insert - ==> Parameters: 2(Long), 2026-09-11 14:44:55.5055195(Timestamp), APPROVE(String), BOOK_REQUEST(String), 9(Long), [B@29149030(byte[])
14:44:55.509 [main] DEBUG c.e.j.mapper.AuditLogMapper.insert - <==    Updates: 1
14:44:55.509 [main] INFO  c.e.j.service.BookRequestServiceImpl - 申請已核准：requestId=9, approverId=2
14:44:55.510 [main] DEBUG c.e.j.m.BookRequestMapper.insert - ==>  Preparing: INSERT INTO book_requests (requester_id, status, requested_at, idempotency_key) VALUES (?, ?, ?, ?)
14:44:55.510 [main] DEBUG c.e.j.m.BookRequestMapper.insert - ==> Parameters: 1(Long), PENDING(String), 2026-09-11 14:44:55.5105258(Timestamp), 5e46ddc4-22a2-4cfe-bba6-535127a83e39(String)
14:44:55.510 [main] DEBUG c.e.j.m.BookRequestMapper.insert - <==    Updates: 1
14:44:55.511 [main] DEBUG c.e.j.m.BookRequestItemMapper.insert - ==>  Preparing: INSERT INTO book_request_items (book_request_id, title, isbn, author_id, published_year, estimated_price) VALUES (?, ?, ?, ?, ?, ?)
14:44:55.511 [main] DEBUG c.e.j.m.BookRequestItemMapper.insert - ==> Parameters: 10(Long), Overpriced Book(String), null, null, null, 99999(BigDecimal)
14:44:55.511 [main] DEBUG c.e.j.m.BookRequestItemMapper.insert - <==    Updates: 1
14:44:55.511 [main] DEBUG c.e.j.mapper.AuditLogMapper.insert - ==>  Preparing: INSERT INTO audit_logs (user_id, audited_at, action, entity_type, entity_id, detail) VALUES (?, ?, ?, ?, ?, ?)
14:44:55.511 [main] DEBUG c.e.j.mapper.AuditLogMapper.insert - ==> Parameters: 1(Long), 2026-09-11 14:44:55.5105258(Timestamp), SUBMIT(String), BOOK_REQUEST(String), 10(Long), [B@173a6728(byte[])
14:44:55.512 [main] DEBUG c.e.j.mapper.AuditLogMapper.insert - <==    Updates: 1
14:44:55.512 [main] INFO  c.e.j.service.BookRequestServiceImpl - 送出申請：requestId=10, requesterId=1, 書籍數=1
14:44:55.513 [main] DEBUG c.e.j.m.BookRequestMapper.reject - ==>  Preparing: UPDATE book_requests SET status = 'REJECTED', approver_id = ?, approved_at = ? WHERE id = ? AND status = 'PENDING' AND requester_id != ?
14:44:55.513 [main] DEBUG c.e.j.m.BookRequestMapper.reject - ==> Parameters: 2(Long), 2026-09-11 14:44:55.5135341(Timestamp), 10(Long), 2(Long)
14:44:55.514 [main] DEBUG c.e.j.m.BookRequestMapper.reject - <==    Updates: 1
14:44:55.514 [main] DEBUG c.e.j.m.BookRequestMapper.findById - ==>  Preparing: SELECT * FROM book_requests WHERE id = ?
14:44:55.514 [main] DEBUG c.e.j.m.BookRequestMapper.findById - ==> Parameters: 10(Long)
14:44:55.514 [main] DEBUG c.e.j.m.BookRequestMapper.findById - <==      Total: 1
14:44:55.515 [main] DEBUG c.e.j.mapper.AuditLogMapper.insert - ==>  Preparing: INSERT INTO audit_logs (user_id, audited_at, action, entity_type, entity_id, detail) VALUES (?, ?, ?, ?, ?, ?)
14:44:55.515 [main] DEBUG c.e.j.mapper.AuditLogMapper.insert - ==> Parameters: 2(Long), 2026-09-11 14:44:55.5135341(Timestamp), REJECT(String), BOOK_REQUEST(String), 10(Long), [B@72fd8a3c(byte[])
14:44:55.515 [main] DEBUG c.e.j.mapper.AuditLogMapper.insert - <==    Updates: 1
14:44:55.515 [main] INFO  c.e.j.service.BookRequestServiceImpl - 申請已拒絕：requestId=10, approverId=2
14:44:55.516 [main] DEBUG c.e.j.m.BookRequestMapper.insert - ==>  Preparing: INSERT INTO book_requests (requester_id, status, requested_at, idempotency_key) VALUES (?, ?, ?, ?)
14:44:55.516 [main] DEBUG c.e.j.m.BookRequestMapper.insert - ==> Parameters: 1(Long), PENDING(String), 2026-09-11 14:44:55.5165253(Timestamp), a2e6deff-6c43-4227-ada7-d4ef35edcaef(String)
14:44:55.516 [main] DEBUG c.e.j.m.BookRequestMapper.insert - <==    Updates: 1
14:44:55.516 [main] DEBUG c.e.j.m.BookRequestItemMapper.insert - ==>  Preparing: INSERT INTO book_request_items (book_request_id, title, isbn, author_id, published_year, estimated_price) VALUES (?, ?, ?, ?, ?, ?)
14:44:55.516 [main] DEBUG c.e.j.m.BookRequestItemMapper.insert - ==> Parameters: 11(Long), Duplicate Request Example(String), null, null, null, null
14:44:55.516 [main] DEBUG c.e.j.m.BookRequestItemMapper.insert - <==    Updates: 1
14:44:55.517 [main] DEBUG c.e.j.mapper.AuditLogMapper.insert - ==>  Preparing: INSERT INTO audit_logs (user_id, audited_at, action, entity_type, entity_id, detail) VALUES (?, ?, ?, ?, ?, ?)
14:44:55.517 [main] DEBUG c.e.j.mapper.AuditLogMapper.insert - ==> Parameters: 1(Long), 2026-09-11 14:44:55.5165253(Timestamp), SUBMIT(String), BOOK_REQUEST(String), 11(Long), [B@623ebac7(byte[])
14:44:55.517 [main] DEBUG c.e.j.mapper.AuditLogMapper.insert - <==    Updates: 1
14:44:55.517 [main] INFO  c.e.j.service.BookRequestServiceImpl - 送出申請：requestId=11, requesterId=1, 書籍數=1
14:44:55.518 [main] DEBUG c.e.j.m.BookRequestMapper.reject - ==>  Preparing: UPDATE book_requests SET status = 'REJECTED', approver_id = ?, approved_at = ? WHERE id = ? AND status = 'PENDING' AND requester_id != ?
14:44:55.518 [main] DEBUG c.e.j.m.BookRequestMapper.reject - ==> Parameters: 2(Long), 2026-09-11 14:44:55.5175327(Timestamp), 11(Long), 2(Long)
14:44:55.518 [main] DEBUG c.e.j.m.BookRequestMapper.reject - <==    Updates: 1
14:44:55.518 [main] DEBUG c.e.j.m.BookRequestMapper.findById - ==>  Preparing: SELECT * FROM book_requests WHERE id = ?
14:44:55.518 [main] DEBUG c.e.j.m.BookRequestMapper.findById - ==> Parameters: 11(Long)
14:44:55.518 [main] DEBUG c.e.j.m.BookRequestMapper.findById - <==      Total: 1
14:44:55.519 [main] DEBUG c.e.j.mapper.AuditLogMapper.insert - ==>  Preparing: INSERT INTO audit_logs (user_id, audited_at, action, entity_type, entity_id, detail) VALUES (?, ?, ?, ?, ?, ?)
14:44:55.519 [main] DEBUG c.e.j.mapper.AuditLogMapper.insert - ==> Parameters: 2(Long), 2026-09-11 14:44:55.5175327(Timestamp), REJECT(String), BOOK_REQUEST(String), 11(Long), [B@6edf29c1(byte[])
14:44:55.519 [main] DEBUG c.e.j.mapper.AuditLogMapper.insert - <==    Updates: 1
14:44:55.519 [main] INFO  c.e.j.service.BookRequestServiceImpl - 申請已拒絕：requestId=11, approverId=2
14:44:55.520 [main] DEBUG c.e.j.m.BookRequestMapper.insert - ==>  Preparing: INSERT INTO book_requests (requester_id, status, requested_at, idempotency_key) VALUES (?, ?, ?, ?)
14:44:55.520 [main] DEBUG c.e.j.m.BookRequestMapper.insert - ==> Parameters: 1(Long), PENDING(String), 2026-09-11 14:44:55.5198421(Timestamp), 292993b9-79f9-456e-bc9e-cb89abe50ec3(String)
14:44:55.520 [main] DEBUG c.e.j.m.BookRequestMapper.insert - <==    Updates: 1
14:44:55.520 [main] DEBUG c.e.j.m.BookRequestItemMapper.insert - ==>  Preparing: INSERT INTO book_request_items (book_request_id, title, isbn, author_id, published_year, estimated_price) VALUES (?, ?, ?, ?, ?, ?)
14:44:55.520 [main] DEBUG c.e.j.m.BookRequestItemMapper.insert - ==> Parameters: 12(Long), Out of Scope Book(String), null, null, null, null
14:44:55.520 [main] DEBUG c.e.j.m.BookRequestItemMapper.insert - <==    Updates: 1
14:44:55.520 [main] DEBUG c.e.j.mapper.AuditLogMapper.insert - ==>  Preparing: INSERT INTO audit_logs (user_id, audited_at, action, entity_type, entity_id, detail) VALUES (?, ?, ?, ?, ?, ?)
14:44:55.521 [main] DEBUG c.e.j.mapper.AuditLogMapper.insert - ==> Parameters: 1(Long), 2026-09-11 14:44:55.5198421(Timestamp), SUBMIT(String), BOOK_REQUEST(String), 12(Long), [B@53311681(byte[])
14:44:55.521 [main] DEBUG c.e.j.mapper.AuditLogMapper.insert - <==    Updates: 1
14:44:55.521 [main] INFO  c.e.j.service.BookRequestServiceImpl - 送出申請：requestId=12, requesterId=1, 書籍數=1
14:44:55.522 [main] DEBUG c.e.j.m.BookRequestMapper.reject - ==>  Preparing: UPDATE book_requests SET status = 'REJECTED', approver_id = ?, approved_at = ? WHERE id = ? AND status = 'PENDING' AND requester_id != ?
14:44:55.522 [main] DEBUG c.e.j.m.BookRequestMapper.reject - ==> Parameters: 2(Long), 2026-09-11 14:44:55.522848(Timestamp), 12(Long), 2(Long)
14:44:55.522 [main] DEBUG c.e.j.m.BookRequestMapper.reject - <==    Updates: 1
14:44:55.522 [main] DEBUG c.e.j.m.BookRequestMapper.findById - ==>  Preparing: SELECT * FROM book_requests WHERE id = ?
14:44:55.522 [main] DEBUG c.e.j.m.BookRequestMapper.findById - ==> Parameters: 12(Long)
14:44:55.523 [main] DEBUG c.e.j.m.BookRequestMapper.findById - <==      Total: 1
14:44:55.523 [main] DEBUG c.e.j.mapper.AuditLogMapper.insert - ==>  Preparing: INSERT INTO audit_logs (user_id, audited_at, action, entity_type, entity_id, detail) VALUES (?, ?, ?, ?, ?, ?)
14:44:55.523 [main] DEBUG c.e.j.mapper.AuditLogMapper.insert - ==> Parameters: 2(Long), 2026-09-11 14:44:55.522848(Timestamp), REJECT(String), BOOK_REQUEST(String), 12(Long), [B@753aca85(byte[])
14:44:55.523 [main] DEBUG c.e.j.mapper.AuditLogMapper.insert - <==    Updates: 1
14:44:55.523 [main] INFO  c.e.j.service.BookRequestServiceImpl - 申請已拒絕：requestId=12, approverId=2
14:44:55.525 [main] DEBUG c.e.j.m.B.findByStatus - ==>  Preparing: SELECT * FROM book_requests WHERE status = ? ORDER BY requested_at
14:44:55.526 [main] DEBUG c.e.j.m.B.findByStatus - ==> Parameters: PENDING(String)
14:44:55.527 [main] DEBUG c.e.j.m.B.findByStatus - <==      Total: 5
14:44:55.527 [main] DEBUG c.e.j.m.B.findByStatus - ==>  Preparing: SELECT * FROM book_requests WHERE status = ? ORDER BY requested_at
14:44:55.527 [main] DEBUG c.e.j.m.B.findByStatus - ==> Parameters: APPROVED(String)
14:44:55.528 [main] DEBUG c.e.j.m.B.findByStatus - <==      Total: 4
14:44:55.529 [main] DEBUG c.e.j.m.B.findByStatus - ==>  Preparing: SELECT * FROM book_requests WHERE status = ? ORDER BY requested_at
14:44:55.529 [main] DEBUG c.e.j.m.B.findByStatus - ==> Parameters: REJECTED(String)
14:44:55.530 [main] DEBUG c.e.j.m.B.findByStatus - <==      Total: 3
14:44:55.530 [main] DEBUG c.e.j.m.BookRequestMapper.findAll - ==>  Preparing: SELECT * FROM book_requests
14:44:55.530 [main] DEBUG c.e.j.m.BookRequestMapper.findAll - ==> Parameters: 
14:44:55.533 [main] DEBUG c.e.j.m.BookRequestMapper.findAll - <==      Total: 12
14:44:57.199 [main] ERROR c.e.j.controller.HealthController - 健康檢查失敗：資料庫連線異常
org.springframework.dao.DataAccessResourceFailureException: connection refused
	at org.springframework.jdbc.core.JdbcTemplate.queryForObject(JdbcTemplate.java:516)
	at com.example.jsppractice.controller.HealthController.isDbUp(HealthController.java:45)
	at com.example.jsppractice.controller.HealthController.health(HealthController.java:27)
	at java.base/jdk.internal.reflect.DirectMethodHandleAccessor.invoke(DirectMethodHandleAccessor.java:104)
	at java.base/java.lang.reflect.Method.invoke(Method.java:565)
	at org.springframework.web.method.support.InvocableHandlerMethod.doInvoke(InvocableHandlerMethod.java:205)
	at org.springframework.web.method.support.InvocableHandlerMethod.invokeForRequest(InvocableHandlerMethod.java:150)
	at org.springframework.web.servlet.mvc.method.annotation.ServletInvocableHandlerMethod.invokeAndHandle(ServletInvocableHandlerMethod.java:117)
	at org.springframework.web.servlet.mvc.method.annotation.RequestMappingHandlerAdapter.invokeHandlerMethod(RequestMappingHandlerAdapter.java:903)
	at org.springframework.web.servlet.mvc.method.annotation.RequestMappingHandlerAdapter.handleInternal(RequestMappingHandlerAdapter.java:809)
	at org.springframework.web.servlet.mvc.method.AbstractHandlerMethodAdapter.handle(AbstractHandlerMethodAdapter.java:87)
	at org.springframework.web.servlet.DispatcherServlet.doDispatch(DispatcherServlet.java:1072)
	at org.springframework.web.servlet.DispatcherServlet.doService(DispatcherServlet.java:965)
	at org.springframework.web.servlet.FrameworkServlet.processRequest(FrameworkServlet.java:1006)
	at org.springframework.web.servlet.FrameworkServlet.doGet(FrameworkServlet.java:898)
	at javax.servlet.http.HttpServlet.service(HttpServlet.java:645)
	at org.springframework.web.servlet.FrameworkServlet.service(FrameworkServlet.java:883)
	at org.springframework.test.web.servlet.TestDispatcherServlet.service(TestDispatcherServlet.java:72)
	at javax.servlet.http.HttpServlet.service(HttpServlet.java:750)
	at org.springframework.mock.web.MockFilterChain$ServletFilterProxy.doFilter(MockFilterChain.java:167)
	at org.springframework.mock.web.MockFilterChain.doFilter(MockFilterChain.java:134)
	at org.springframework.test.web.servlet.MockMvc.perform(MockMvc.java:201)
	at com.example.jsppractice.controller.HealthControllerTest.returnsDownWithServiceUnavailableWhenDbQueryFails(HealthControllerTest.java:68)
	at java.base/jdk.internal.reflect.DirectMethodHandleAccessor.invoke(DirectMethodHandleAccessor.java:104)
	at java.base/java.lang.reflect.Method.invoke(Method.java:565)
	at org.junit.runners.model.FrameworkMethod$1.runReflectiveCall(FrameworkMethod.java:59)
	at org.junit.internal.runners.model.ReflectiveCallable.run(ReflectiveCallable.java:12)
	at org.junit.runners.model.FrameworkMethod.invokeExplosively(FrameworkMethod.java:56)
	at org.junit.internal.runners.statements.InvokeMethod.evaluate(InvokeMethod.java:17)
	at org.junit.internal.runners.statements.RunBefores.evaluate(RunBefores.java:26)
	at org.mockito.internal.runners.DefaultInternalRunner$1$1.evaluate(DefaultInternalRunner.java:55)
	at org.junit.runners.ParentRunner$3.evaluate(ParentRunner.java:306)
	at org.junit.runners.BlockJUnit4ClassRunner$1.evaluate(BlockJUnit4ClassRunner.java:100)
	at org.junit.runners.ParentRunner.runLeaf(ParentRunner.java:366)
	at org.junit.runners.BlockJUnit4ClassRunner.runChild(BlockJUnit4ClassRunner.java:103)
	at org.junit.runners.BlockJUnit4ClassRunner.runChild(BlockJUnit4ClassRunner.java:63)
	at org.junit.runners.ParentRunner$4.run(ParentRunner.java:331)
	at org.junit.runners.ParentRunner$1.schedule(ParentRunner.java:79)
	at org.junit.runners.ParentRunner.runChildren(ParentRunner.java:329)
	at org.junit.runners.ParentRunner.access$100(ParentRunner.java:66)
	at org.junit.runners.ParentRunner$2.evaluate(ParentRunner.java:293)
	at org.junit.runners.ParentRunner$3.evaluate(ParentRunner.java:306)
	at org.junit.runners.ParentRunner.run(ParentRunner.java:413)
	at org.mockito.internal.runners.DefaultInternalRunner$1.run(DefaultInternalRunner.java:100)
	at org.mockito.internal.runners.DefaultInternalRunner.run(DefaultInternalRunner.java:107)
	at org.mockito.internal.runners.StrictRunner.run(StrictRunner.java:42)
	at org.mockito.junit.MockitoJUnitRunner.run(MockitoJUnitRunner.java:163)
	at org.apache.maven.surefire.junit4.JUnit4Provider.execute(JUnit4Provider.java:316)
	at org.apache.maven.surefire.junit4.JUnit4Provider.executeWithRerun(JUnit4Provider.java:240)
	at org.apache.maven.surefire.junit4.JUnit4Provider.executeTestSet(JUnit4Provider.java:214)
	at org.apache.maven.surefire.junit4.JUnit4Provider.invoke(JUnit4Provider.java:155)
	at org.apache.maven.surefire.booter.ForkedBooter.runSuitesInProcess(ForkedBooter.java:385)
	at org.apache.maven.surefire.booter.ForkedBooter.execute(ForkedBooter.java:162)
	at org.apache.maven.surefire.booter.ForkedBooter.run(ForkedBooter.java:507)
	at org.apache.maven.surefire.booter.ForkedBooter.main(ForkedBooter.java:495)
14:44:57.625 [main] WARN  c.e.j.i.RoleAccessInterceptor - 權限不足被擋下：userId=1, role=ADMIN, POST /procurement/1/complete
14:44:57.627 [main] WARN  c.e.j.i.RoleAccessInterceptor - 權限不足被擋下：userId=1, role=USER, POST /procurement/1/complete
14:44:57.632 [main] WARN  c.e.j.i.RoleAccessInterceptor - 權限不足被擋下：userId=1, role=PROCUREMENT, POST /requests/1/approve
14:44:57.633 [main] WARN  c.e.j.i.RoleAccessInterceptor - 權限不足被擋下：userId=1, role=USER, POST /requests/1/reject
14:44:57.634 [main] WARN  c.e.j.i.RoleAccessInterceptor - 權限不足被擋下：userId=1, role=USER, GET /books/new
14:44:57.647 [main] DEBUG c.e.j.mapper.AuditLogMapper.insert - ==>  Preparing: INSERT INTO audit_logs (user_id, audited_at, action, entity_type, entity_id, detail) VALUES (?, ?, ?, ?, ?, ?)
14:44:57.648 [main] DEBUG c.e.j.mapper.AuditLogMapper.insert - ==> Parameters: 4(Long), 2026-09-11 14:44:57.646127(Timestamp), APPROVE(String), BOOK_REQUEST(String), 42(Long), [B@245b0bd7(byte[])
14:44:57.649 [main] DEBUG c.e.j.mapper.AuditLogMapper.insert - <==    Updates: 1
14:44:57.650 [main] DEBUG c.e.j.m.AuditLogMapper.findByEntity - ==>  Preparing: SELECT * FROM audit_logs WHERE entity_type = ? AND entity_id = ? ORDER BY audited_at DESC
14:44:57.651 [main] DEBUG c.e.j.m.AuditLogMapper.findByEntity - ==> Parameters: BOOK_REQUEST(String), 42(Long)
14:44:57.652 [main] DEBUG c.e.j.m.AuditLogMapper.findByEntity - <==      Total: 1
14:44:57.663 [main] DEBUG c.e.j.mapper.AuditLogMapper.insert - ==>  Preparing: INSERT INTO audit_logs (user_id, audited_at, action, entity_type, entity_id, detail) VALUES (?, ?, ?, ?, ?, ?)
14:44:57.663 [main] DEBUG c.e.j.mapper.AuditLogMapper.insert - ==> Parameters: 5(Long), 2026-09-11 14:44:57.6618479(Timestamp), APPROVE(String), BOOK_REQUEST(String), 0(Long), [B@7fdf7359(byte[])
14:44:57.663 [main] DEBUG c.e.j.mapper.AuditLogMapper.insert - <==    Updates: 1
14:44:57.663 [main] DEBUG c.e.j.mapper.AuditLogMapper.insert - ==>  Preparing: INSERT INTO audit_logs (user_id, audited_at, action, entity_type, entity_id, detail) VALUES (?, ?, ?, ?, ?, ?)
14:44:57.665 [main] DEBUG c.e.j.mapper.AuditLogMapper.insert - ==> Parameters: 5(Long), 2026-09-11 14:44:57.6636115(Timestamp), APPROVE(String), BOOK_REQUEST(String), 1(Long), [B@558ed473(byte[])
14:44:57.665 [main] DEBUG c.e.j.mapper.AuditLogMapper.insert - <==    Updates: 1
14:44:57.666 [main] DEBUG c.e.j.mapper.AuditLogMapper.insert - ==>  Preparing: INSERT INTO audit_logs (user_id, audited_at, action, entity_type, entity_id, detail) VALUES (?, ?, ?, ?, ?, ?)
14:44:57.667 [main] DEBUG c.e.j.mapper.AuditLogMapper.insert - ==> Parameters: 5(Long), 2026-09-11 14:44:57.6653499(Timestamp), APPROVE(String), BOOK_REQUEST(String), 2(Long), [B@2d2afc39(byte[])
14:44:57.668 [main] DEBUG c.e.j.mapper.AuditLogMapper.insert - <==    Updates: 1
14:44:57.671 [main] DEBUG c.e.j.mapper.AuditLogMapper.findNext - ==>  Preparing: SELECT * FROM audit_logs ORDER BY id DESC LIMIT ?
14:44:57.671 [main] DEBUG c.e.j.mapper.AuditLogMapper.findNext - ==> Parameters: 2(Integer)
14:44:57.672 [main] DEBUG c.e.j.mapper.AuditLogMapper.findNext - <==      Total: 2
14:44:57.674 [main] DEBUG c.e.j.mapper.AuditLogMapper.findNext - ==>  Preparing: SELECT * FROM audit_logs WHERE id < ? ORDER BY id DESC LIMIT ?
14:44:57.674 [main] DEBUG c.e.j.mapper.AuditLogMapper.findNext - ==> Parameters: 27(Long), 2(Integer)
14:44:57.675 [main] DEBUG c.e.j.mapper.AuditLogMapper.findNext - <==      Total: 1
14:44:57.684 [main] DEBUG c.e.j.mapper.AuditLogMapper.insert - ==>  Preparing: INSERT INTO audit_logs (user_id, audited_at, action, entity_type, entity_id, detail) VALUES (?, ?, ?, ?, ?, ?)
14:44:57.684 [main] DEBUG c.e.j.mapper.AuditLogMapper.insert - ==> Parameters: 6(Long), 2026-09-11 14:44:57.6843569(Timestamp), APPROVE(String), BOOK_REQUEST(String), 0(Long), [B@6c537267(byte[])
14:44:57.685 [main] DEBUG c.e.j.mapper.AuditLogMapper.insert - <==    Updates: 1
14:44:57.685 [main] DEBUG c.e.j.mapper.AuditLogMapper.insert - ==>  Preparing: INSERT INTO audit_logs (user_id, audited_at, action, entity_type, entity_id, detail) VALUES (?, ?, ?, ?, ?, ?)
14:44:57.685 [main] DEBUG c.e.j.mapper.AuditLogMapper.insert - ==> Parameters: 6(Long), 2026-09-11 14:44:57.6853619(Timestamp), APPROVE(String), BOOK_REQUEST(String), 1(Long), [B@14b4d90b(byte[])
14:44:57.686 [main] DEBUG c.e.j.mapper.AuditLogMapper.insert - <==    Updates: 1
14:44:57.686 [main] DEBUG c.e.j.mapper.AuditLogMapper.insert - ==>  Preparing: INSERT INTO audit_logs (user_id, audited_at, action, entity_type, entity_id, detail) VALUES (?, ?, ?, ?, ?, ?)
14:44:57.687 [main] DEBUG c.e.j.mapper.AuditLogMapper.insert - ==> Parameters: 6(Long), 2026-09-11 14:44:57.6863585(Timestamp), APPROVE(String), BOOK_REQUEST(String), 2(Long), [B@56226064(byte[])
14:44:57.687 [main] DEBUG c.e.j.mapper.AuditLogMapper.insert - <==    Updates: 1
14:44:57.687 [main] DEBUG c.e.j.m.AuditLogMapper.findPrevious - ==>  Preparing: SELECT * FROM audit_logs WHERE id > ? ORDER BY id ASC LIMIT ?
14:44:57.688 [main] DEBUG c.e.j.m.AuditLogMapper.findPrevious - ==> Parameters: 29(Long), 2(Integer)
14:44:57.689 [main] DEBUG c.e.j.m.AuditLogMapper.findPrevious - <==      Total: 2
14:44:57.700 [main] DEBUG c.e.j.mapper.BookMapper.insert - ==>  Preparing: INSERT INTO books (title, isbn, author_id, published_year) VALUES (?, ?, ?, ?)
14:44:57.700 [main] DEBUG c.e.j.mapper.BookMapper.insert - ==> Parameters: Effective Java(String), 978-0134685991(String), 4(Long), 2018(Integer)
14:44:57.701 [main] DEBUG c.e.j.mapper.BookMapper.insert - <==    Updates: 1
14:44:57.701 [main] DEBUG c.e.j.mapper.BookMapper.insert - ==>  Preparing: INSERT INTO books (title, isbn, author_id, published_year) VALUES (?, ?, ?, ?)
14:44:57.701 [main] DEBUG c.e.j.mapper.BookMapper.insert - ==> Parameters: Unrelated Book(String), 9999999999999(String), 4(Long), 2000(Integer)
14:44:57.702 [main] DEBUG c.e.j.mapper.BookMapper.insert - <==    Updates: 1
14:44:57.703 [main] DEBUG c.e.j.mapper.BookMapper.search - ==>  Preparing: SELECT b.id, b.title, b.isbn, b.published_year, a.name AS author_name, c.id AS category_id, c.name AS category_name FROM books b LEFT JOIN authors a ON b.author_id = a.id LEFT JOIN books_categories bc ON bc.book_id = b.id LEFT JOIN categories c ON bc.category_id = c.id WHERE (b.title ILIKE CONCAT('%', ?, '%') OR a.name ILIKE CONCAT('%', ?, '%') OR c.name ILIKE CONCAT('%', ?, '%')) ORDER BY b.id
14:44:57.704 [main] DEBUG c.e.j.mapper.BookMapper.search - ==> Parameters: Effective(String), Effective(String), Effective(String)
14:44:57.707 [main] DEBUG c.e.j.mapper.BookMapper.search - <==      Total: 1
14:44:57.714 [main] DEBUG c.e.j.mapper.BookMapper.insert - ==>  Preparing: INSERT INTO books (title, isbn, author_id, published_year) VALUES (?, ?, ?, ?)
14:44:57.714 [main] DEBUG c.e.j.mapper.BookMapper.insert - ==> Parameters: Effective Java(String), 978-0134685991(String), 5(Long), 2018(Integer)
14:44:57.715 [main] DEBUG c.e.j.mapper.BookMapper.insert - <==    Updates: 1
14:44:57.715 [main] DEBUG c.e.j.m.B.insertBookCategories - ==>  Preparing: INSERT INTO books_categories (book_id, category_id) VALUES (?, ?)
14:44:57.715 [main] DEBUG c.e.j.m.B.insertBookCategories - ==> Parameters: 27(Long), 4(Long)
14:44:57.716 [main] DEBUG c.e.j.m.B.insertBookCategories - <==    Updates: 1
14:44:57.716 [main] DEBUG c.e.j.m.B.findCategoriesById - ==>  Preparing: SELECT c.* FROM categories c JOIN books_categories bc ON bc.category_id = c.id WHERE bc.book_id = ?
14:44:57.717 [main] DEBUG c.e.j.m.B.findCategoriesById - ==> Parameters: 27(Long)
14:44:57.717 [main] DEBUG c.e.j.m.B.findCategoriesById - <==      Total: 1
14:44:57.724 [main] DEBUG c.e.j.mapper.BookMapper.insert - ==>  Preparing: INSERT INTO books (title, isbn, author_id, published_year) VALUES (?, ?, ?, ?)
14:44:57.724 [main] DEBUG c.e.j.mapper.BookMapper.insert - ==> Parameters: Effective Java(String), 978-0134685991(String), 6(Long), 2018(Integer)
14:44:57.725 [main] DEBUG c.e.j.mapper.BookMapper.insert - <==    Updates: 1
14:44:57.726 [main] DEBUG c.e.j.mapper.BookMapper.update - ==>  Preparing: UPDATE books SET title = ?, isbn = ?, author_id = ?, published_year = ? WHERE id = ?
14:44:57.726 [main] DEBUG c.e.j.mapper.BookMapper.update - ==> Parameters: My New Title(String), 978-0134685991(String), 6(Long), 2018(Integer), 28(Long)
14:44:57.726 [main] DEBUG c.e.j.mapper.BookMapper.update - <==    Updates: 1
14:44:57.727 [main] DEBUG c.e.j.mapper.BookMapper.findById - ==>  Preparing: SELECT id, title, isbn, author_id, published_year FROM books WHERE id = ?
14:44:57.727 [main] DEBUG c.e.j.mapper.BookMapper.findById - ==> Parameters: 28(Long)
14:44:57.728 [main] DEBUG c.e.j.mapper.BookMapper.findById - <==      Total: 1
14:44:57.728 [main] DEBUG c.e.j.mapper.BookMapper.findAll - ==>  Preparing: SELECT b.id, b.title, b.isbn, b.published_year, a.name AS author_name, c.id AS category_id, c.name AS category_name FROM books b LEFT JOIN authors a ON b.author_id = a.id LEFT JOIN books_categories bc ON bc.book_id = b.id LEFT JOIN categories c ON bc.category_id = c.id ORDER BY b.id
14:44:57.729 [main] DEBUG c.e.j.mapper.BookMapper.findAll - ==> Parameters: 
14:44:57.730 [main] DEBUG c.e.j.mapper.BookMapper.findAll - <==      Total: 1
14:44:57.736 [main] DEBUG c.e.j.mapper.BookMapper.insert - ==>  Preparing: INSERT INTO books (title, isbn, author_id, published_year) VALUES (?, ?, ?, ?)
14:44:57.736 [main] DEBUG c.e.j.mapper.BookMapper.insert - ==> Parameters: Effective Java(String), 978-0134685991(String), 7(Long), 2018(Integer)
14:44:57.736 [main] DEBUG c.e.j.mapper.BookMapper.insert - <==    Updates: 1
14:44:57.737 [main] DEBUG c.e.j.m.B.insertBookCategories - ==>  Preparing: INSERT INTO books_categories (book_id, category_id) VALUES (?, ?) , (?, ?)
14:44:57.737 [main] DEBUG c.e.j.m.B.insertBookCategories - ==> Parameters: 29(Long), 5(Long), 29(Long), 6(Long)
14:44:57.738 [main] DEBUG c.e.j.m.B.insertBookCategories - <==    Updates: 2
14:44:57.738 [main] DEBUG c.e.j.mapper.BookMapper.insert - ==>  Preparing: INSERT INTO books (title, isbn, author_id, published_year) VALUES (?, ?, ?, ?)
14:44:57.738 [main] DEBUG c.e.j.mapper.BookMapper.insert - ==> Parameters: Effective Java(String), 978-0134685991(String), 7(Long), 2018(Integer)
14:44:57.738 [main] DEBUG c.e.j.mapper.BookMapper.insert - <==    Updates: 1
14:44:57.738 [main] DEBUG c.e.j.mapper.BookMapper.findAll - ==>  Preparing: SELECT b.id, b.title, b.isbn, b.published_year, a.name AS author_name, c.id AS category_id, c.name AS category_name FROM books b LEFT JOIN authors a ON b.author_id = a.id LEFT JOIN books_categories bc ON bc.book_id = b.id LEFT JOIN categories c ON bc.category_id = c.id ORDER BY b.id
14:44:57.739 [main] DEBUG c.e.j.mapper.BookMapper.findAll - ==> Parameters: 
14:44:57.740 [main] DEBUG c.e.j.mapper.BookMapper.findAll - <==      Total: 3
14:44:57.746 [main] DEBUG c.e.j.mapper.BookMapper.insert - ==>  Preparing: INSERT INTO books (title, isbn, author_id, published_year) VALUES (?, ?, ?, ?)
14:44:57.747 [main] DEBUG c.e.j.mapper.BookMapper.insert - ==> Parameters: Effective Java(String), 978-0134685991(String), 8(Long), 2018(Integer)
14:44:57.747 [main] DEBUG c.e.j.mapper.BookMapper.insert - <==    Updates: 1
14:44:57.748 [main] DEBUG c.e.j.m.B.insertBookCategories - ==>  Preparing: INSERT INTO books_categories (book_id, category_id) VALUES (?, ?)
14:44:57.748 [main] DEBUG c.e.j.m.B.insertBookCategories - ==> Parameters: 31(Long), 7(Long)
14:44:57.748 [main] DEBUG c.e.j.m.B.insertBookCategories - <==    Updates: 1
14:44:57.748 [main] DEBUG c.e.j.m.B.deleteCategoriesByBookId - ==>  Preparing: DELETE FROM books_categories bc WHERE bc.book_id = ?
14:44:57.748 [main] DEBUG c.e.j.m.B.deleteCategoriesByBookId - ==> Parameters: 31(Long)
14:44:57.749 [main] DEBUG c.e.j.m.B.deleteCategoriesByBookId - <==    Updates: 1
14:44:57.749 [main] DEBUG c.e.j.m.B.findCategoriesById - ==>  Preparing: SELECT c.* FROM categories c JOIN books_categories bc ON bc.category_id = c.id WHERE bc.book_id = ?
14:44:57.749 [main] DEBUG c.e.j.m.B.findCategoriesById - ==> Parameters: 31(Long)
14:44:57.749 [main] DEBUG c.e.j.m.B.findCategoriesById - <==      Total: 0
14:44:57.759 [main] DEBUG c.e.j.mapper.BookMapper.insert - ==>  Preparing: INSERT INTO books (title, isbn, author_id, published_year) VALUES (?, ?, ?, ?)
14:44:57.759 [main] DEBUG c.e.j.mapper.BookMapper.insert - ==> Parameters: Book With Many Categories(String), null, 9(Long), 2020(Integer)
14:44:57.759 [main] DEBUG c.e.j.mapper.BookMapper.insert - <==    Updates: 1
14:44:57.761 [main] DEBUG c.e.j.m.B.insertBookCategories - ==>  Preparing: INSERT INTO books_categories (book_id, category_id) VALUES (?, ?) , (?, ?) , (?, ?)
14:44:57.761 [main] DEBUG c.e.j.m.B.insertBookCategories - ==> Parameters: 32(Long), 8(Long), 32(Long), 9(Long), 32(Long), 10(Long)
14:44:57.762 [main] DEBUG c.e.j.m.B.insertBookCategories - <==    Updates: 3
14:44:57.762 [main] DEBUG c.e.j.mapper.BookMapper.insert - ==>  Preparing: INSERT INTO books (title, isbn, author_id, published_year) VALUES (?, ?, ?, ?)
14:44:57.762 [main] DEBUG c.e.j.mapper.BookMapper.insert - ==> Parameters: Book Without Categories(String), null, 9(Long), 2021(Integer)
14:44:57.762 [main] DEBUG c.e.j.mapper.BookMapper.insert - <==    Updates: 1
14:44:57.763 [main] DEBUG c.e.j.m.BookMapper.countBySearch - ==>  Preparing: SELECT COUNT(DISTINCT b.id) FROM books b LEFT JOIN authors a ON b.author_id = a.id LEFT JOIN books_categories bc ON bc.book_id = b.id LEFT JOIN categories c ON bc.category_id = c.id
14:44:57.763 [main] DEBUG c.e.j.m.BookMapper.countBySearch - ==> Parameters: 
14:44:57.769 [main] DEBUG c.e.j.m.BookMapper.countBySearch - <==      Total: 1
14:44:57.771 [main] DEBUG c.e.j.m.BookMapper.findIdsBySearch - ==>  Preparing: SELECT DISTINCT b.id FROM books b LEFT JOIN authors a ON b.author_id = a.id LEFT JOIN books_categories bc ON bc.book_id = b.id LEFT JOIN categories c ON bc.category_id = c.id ORDER BY b.id LIMIT ? OFFSET ?
14:44:57.772 [main] DEBUG c.e.j.m.BookMapper.findIdsBySearch - ==> Parameters: 1(Integer), 0(Long)
14:44:57.772 [main] DEBUG c.e.j.m.BookMapper.findIdsBySearch - <==      Total: 1
14:44:57.773 [main] DEBUG c.e.j.mapper.BookMapper.findByIds - ==>  Preparing: SELECT b.id, b.title, b.isbn, b.published_year, a.name AS author_name, c.id AS category_id, c.name AS category_name FROM books b LEFT JOIN authors a ON b.author_id = a.id LEFT JOIN books_categories bc ON bc.book_id = b.id LEFT JOIN categories c ON bc.category_id = c.id WHERE b.id IN ( ? ) ORDER BY b.id
14:44:57.773 [main] DEBUG c.e.j.mapper.BookMapper.findByIds - ==> Parameters: 32(Long)
14:44:57.774 [main] DEBUG c.e.j.mapper.BookMapper.findByIds - <==      Total: 3
14:44:57.775 [main] DEBUG c.e.j.m.BookMapper.findIdsBySearch - ==>  Preparing: SELECT DISTINCT b.id FROM books b LEFT JOIN authors a ON b.author_id = a.id LEFT JOIN books_categories bc ON bc.book_id = b.id LEFT JOIN categories c ON bc.category_id = c.id ORDER BY b.id LIMIT ? OFFSET ?
14:44:57.775 [main] DEBUG c.e.j.m.BookMapper.findIdsBySearch - ==> Parameters: 1(Integer), 1(Long)
14:44:57.776 [main] DEBUG c.e.j.m.BookMapper.findIdsBySearch - <==      Total: 1
14:44:57.782 [main] DEBUG c.e.j.mapper.BookMapper.insert - ==>  Preparing: INSERT INTO books (title, isbn, author_id, published_year) VALUES (?, ?, ?, ?)
14:44:57.782 [main] DEBUG c.e.j.mapper.BookMapper.insert - ==> Parameters: Effective Java(String), 978-0134685991(String), 10(Long), 2018(Integer)
14:44:57.782 [main] DEBUG c.e.j.mapper.BookMapper.insert - <==    Updates: 1
14:44:57.782 [main] DEBUG c.e.j.mapper.BookMapper.insert - ==>  Preparing: INSERT INTO books (title, isbn, author_id, published_year) VALUES (?, ?, ?, ?)
14:44:57.782 [main] DEBUG c.e.j.mapper.BookMapper.insert - ==> Parameters: Clean Code(String), 9780132350884(String), 11(Long), 2008(Integer)
14:44:57.783 [main] DEBUG c.e.j.mapper.BookMapper.insert - <==    Updates: 1
14:44:57.783 [main] DEBUG c.e.j.mapper.BookMapper.search - ==>  Preparing: SELECT b.id, b.title, b.isbn, b.published_year, a.name AS author_name, c.id AS category_id, c.name AS category_name FROM books b LEFT JOIN authors a ON b.author_id = a.id LEFT JOIN books_categories bc ON bc.book_id = b.id LEFT JOIN categories c ON bc.category_id = c.id WHERE (b.title ILIKE CONCAT('%', ?, '%') OR a.name ILIKE CONCAT('%', ?, '%') OR c.name ILIKE CONCAT('%', ?, '%')) ORDER BY b.id
14:44:57.785 [main] DEBUG c.e.j.mapper.BookMapper.search - ==> Parameters: Bloch(String), Bloch(String), Bloch(String)
14:44:57.785 [main] DEBUG c.e.j.mapper.BookMapper.search - <==      Total: 1
14:44:57.790 [main] DEBUG c.e.j.mapper.BookMapper.insert - ==>  Preparing: INSERT INTO books (title, isbn, author_id, published_year) VALUES (?, ?, ?, ?)
14:44:57.790 [main] DEBUG c.e.j.mapper.BookMapper.insert - ==> Parameters: Effective Java(String), 978-0134685991(String), 12(Long), 2018(Integer)
14:44:57.790 [main] DEBUG c.e.j.mapper.BookMapper.insert - <==    Updates: 1
14:44:57.790 [main] DEBUG c.e.j.mapper.BookMapper.insert - ==>  Preparing: INSERT INTO books (title, isbn, author_id, published_year) VALUES (?, ?, ?, ?)
14:44:57.791 [main] DEBUG c.e.j.mapper.BookMapper.insert - ==> Parameters: Unrelated Book(String), 9999999999999(String), 12(Long), 2000(Integer)
14:44:57.791 [main] DEBUG c.e.j.mapper.BookMapper.insert - <==    Updates: 1
14:44:57.791 [main] DEBUG c.e.j.mapper.BookMapper.search - ==>  Preparing: SELECT b.id, b.title, b.isbn, b.published_year, a.name AS author_name, c.id AS category_id, c.name AS category_name FROM books b LEFT JOIN authors a ON b.author_id = a.id LEFT JOIN books_categories bc ON bc.book_id = b.id LEFT JOIN categories c ON bc.category_id = c.id ORDER BY b.id
14:44:57.792 [main] DEBUG c.e.j.mapper.BookMapper.search - ==> Parameters: 
14:44:57.793 [main] DEBUG c.e.j.mapper.BookMapper.search - <==      Total: 2
14:44:57.797 [main] DEBUG c.e.j.mapper.BookMapper.insert - ==>  Preparing: INSERT INTO books (title, isbn, author_id, published_year) VALUES (?, ?, ?, ?)
14:44:57.798 [main] DEBUG c.e.j.mapper.BookMapper.insert - ==> Parameters: Effective Java(String), 978-0134685991(String), 13(Long), 2018(Integer)
14:44:57.798 [main] DEBUG c.e.j.mapper.BookMapper.insert - <==    Updates: 1
14:44:57.798 [main] DEBUG c.e.j.m.B.insertBookCategories - ==>  Preparing: INSERT INTO books_categories (book_id, category_id) VALUES (?, ?)
14:44:57.798 [main] DEBUG c.e.j.m.B.insertBookCategories - ==> Parameters: 38(Long), 11(Long)
14:44:57.798 [main] DEBUG c.e.j.m.B.insertBookCategories - <==    Updates: 1
14:44:57.799 [main] DEBUG c.e.j.m.B.findCategoriesById - ==>  Preparing: SELECT c.* FROM categories c JOIN books_categories bc ON bc.category_id = c.id WHERE bc.book_id = ?
14:44:57.799 [main] DEBUG c.e.j.m.B.findCategoriesById - ==> Parameters: 38(Long)
14:44:57.799 [main] DEBUG c.e.j.m.B.findCategoriesById - <==      Total: 1
14:44:57.803 [main] DEBUG c.e.j.mapper.BookMapper.insert - ==>  Preparing: INSERT INTO books (title, isbn, author_id, published_year) VALUES (?, ?, ?, ?)
14:44:57.803 [main] DEBUG c.e.j.mapper.BookMapper.insert - ==> Parameters: Effective Java(String), 978-0134685991(String), 14(Long), 2018(Integer)
14:44:57.803 [main] DEBUG c.e.j.mapper.BookMapper.insert - <==    Updates: 1
14:44:57.803 [main] DEBUG c.e.j.mapper.BookMapper.insert - ==>  Preparing: INSERT INTO books (title, isbn, author_id, published_year) VALUES (?, ?, ?, ?)
14:44:57.804 [main] DEBUG c.e.j.mapper.BookMapper.insert - ==> Parameters: Effective Java(String), 978-0134685991(String), 14(Long), 2018(Integer)
14:44:57.804 [main] DEBUG c.e.j.mapper.BookMapper.insert - <==    Updates: 1
14:44:57.804 [main] DEBUG c.e.j.m.BookMapper.findByAuthorId - ==>  Preparing: SELECT * FROM books b WHERE b.author_id = ?
14:44:57.804 [main] DEBUG c.e.j.m.BookMapper.findByAuthorId - ==> Parameters: 14(Long)
14:44:57.805 [main] DEBUG c.e.j.m.BookMapper.findByAuthorId - <==      Total: 2
14:44:57.812 [main] DEBUG c.e.j.m.BookRequestMapper.insert - ==>  Preparing: INSERT INTO book_requests (requester_id, status, requested_at, idempotency_key) VALUES (?, ?, ?, ?)
14:44:57.812 [main] DEBUG c.e.j.m.BookRequestMapper.insert - ==> Parameters: 7(Long), PENDING(String), 2026-09-11 14:44:57.8113122(Timestamp), 54b04d16-2c91-4add-88a6-54fe3bc61fb6(String)
14:44:57.812 [main] DEBUG c.e.j.m.BookRequestMapper.insert - <==    Updates: 1
14:44:57.813 [main] DEBUG c.e.j.m.BookRequestItemMapper.insert - ==>  Preparing: INSERT INTO book_request_items (book_request_id, title, isbn, author_id, published_year, estimated_price) VALUES (?, ?, ?, ?, ?, ?)
14:44:57.813 [main] DEBUG c.e.j.m.BookRequestItemMapper.insert - ==> Parameters: 13(Long), Effective Java(String), 9780134685991(String), null, 2018(Integer), 1200.00(BigDecimal)
14:44:57.813 [main] DEBUG c.e.j.m.BookRequestItemMapper.insert - <==    Updates: 1
14:44:57.814 [main] DEBUG c.e.j.m.B.findByBookRequestId - ==>  Preparing: SELECT * FROM book_request_items WHERE book_request_id = ?
14:44:57.814 [main] DEBUG c.e.j.m.B.findByBookRequestId - ==> Parameters: 13(Long)
14:44:57.814 [main] DEBUG c.e.j.m.B.findByBookRequestId - <==      Total: 1
14:44:57.820 [main] DEBUG c.e.j.m.BookRequestMapper.insert - ==>  Preparing: INSERT INTO book_requests (requester_id, status, requested_at, idempotency_key) VALUES (?, ?, ?, ?)
14:44:57.821 [main] DEBUG c.e.j.m.BookRequestMapper.insert - ==> Parameters: 8(Long), APPROVED(String), 2026-09-11 14:44:57.8203181(Timestamp), a7fb4acb-12f1-47a9-8488-073d0698977a(String)
14:44:57.821 [main] DEBUG c.e.j.m.BookRequestMapper.insert - <==    Updates: 1
14:44:57.821 [main] DEBUG c.e.j.m.BookRequestItemMapper.insert - ==>  Preparing: INSERT INTO book_request_items (book_request_id, title, isbn, author_id, published_year, estimated_price) VALUES (?, ?, ?, ?, ?, ?)
14:44:57.821 [main] DEBUG c.e.j.m.BookRequestItemMapper.insert - ==> Parameters: 14(Long), Clean Code(String), null, null, null, null
14:44:57.821 [main] DEBUG c.e.j.m.BookRequestItemMapper.insert - <==    Updates: 1
14:44:57.822 [main] DEBUG c.e.j.m.ProcurementItemMapper.insert - ==>  Preparing: INSERT INTO procurement_items (book_request_item_id, status) VALUES (?, ?)
14:44:57.822 [main] DEBUG c.e.j.m.ProcurementItemMapper.insert - ==> Parameters: 16(Long), PENDING(String)
14:44:57.822 [main] DEBUG c.e.j.m.ProcurementItemMapper.insert - <==    Updates: 1
14:44:57.822 [main] DEBUG c.e.j.m.P.findByStatus - ==>  Preparing: SELECT * FROM procurement_items WHERE status = ?
14:44:57.822 [main] DEBUG c.e.j.m.P.findByStatus - ==> Parameters: PENDING(String)
14:44:57.823 [main] DEBUG c.e.j.m.P.findByStatus - <==      Total: 1
14:44:57.824 [main] DEBUG c.e.j.m.ProcurementItemMapper.update - ==>  Preparing: UPDATE procurement_items SET status = ?, procured_by = ?, procured_at = ?, book_id = ? WHERE id = ?
14:44:57.824 [main] DEBUG c.e.j.m.ProcurementItemMapper.update - ==> Parameters: COMPLETED(String), 9(Long), 2026-09-11 14:44:57.8243176(Timestamp), null, 6(Long)
14:44:57.825 [main] DEBUG c.e.j.m.ProcurementItemMapper.update - <==    Updates: 1
14:44:57.825 [main] DEBUG c.e.j.m.P.findById - ==>  Preparing: SELECT * FROM procurement_items WHERE id = ?
14:44:57.825 [main] DEBUG c.e.j.m.P.findById - ==> Parameters: 6(Long)
14:44:57.826 [main] DEBUG c.e.j.m.P.findById - <==      Total: 1
14:44:57.829 [main] DEBUG c.e.j.m.BookRequestMapper.insert - ==>  Preparing: INSERT INTO book_requests (requester_id, status, requested_at, idempotency_key) VALUES (?, ?, ?, ?)
14:44:57.829 [main] DEBUG c.e.j.m.BookRequestMapper.insert - ==> Parameters: 10(Long), PENDING(String), 2026-09-11 14:44:57.8293186(Timestamp), e3a3fafb-c872-48ba-a04d-d45b13aac64f(String)
14:44:57.829 [main] DEBUG c.e.j.m.BookRequestMapper.insert - <==    Updates: 1
14:44:57.829 [main] DEBUG c.e.j.m.BookRequestMapper.findById - ==>  Preparing: SELECT * FROM book_requests WHERE id = ?
14:44:57.830 [main] DEBUG c.e.j.m.BookRequestMapper.findById - ==> Parameters: 15(Long)
14:44:57.830 [main] DEBUG c.e.j.m.BookRequestMapper.findById - <==      Total: 1
14:44:57.830 [main] DEBUG c.e.j.m.B.findByStatus - ==>  Preparing: SELECT * FROM book_requests WHERE status = ? ORDER BY requested_at
14:44:57.831 [main] DEBUG c.e.j.m.B.findByStatus - ==> Parameters: PENDING(String)
14:44:57.831 [main] DEBUG c.e.j.m.B.findByStatus - <==      Total: 1
14:44:57.834 [main] DEBUG c.e.j.m.BookRequestMapper.insert - ==>  Preparing: INSERT INTO book_requests (requester_id, status, requested_at, idempotency_key) VALUES (?, ?, ?, ?)
14:44:57.834 [main] DEBUG c.e.j.m.BookRequestMapper.insert - ==> Parameters: 11(Long), APPROVED(String), 2026-09-11 14:44:57.8340476(Timestamp), 7338632a-7b38-425e-9a0b-e52357130566(String)
14:44:57.834 [main] DEBUG c.e.j.m.BookRequestMapper.insert - <==    Updates: 1
14:44:57.835 [main] DEBUG c.e.j.m.BookRequestItemMapper.insert - ==>  Preparing: INSERT INTO book_request_items (book_request_id, title, isbn, author_id, published_year, estimated_price) VALUES (?, ?, ?, ?, ?, ?)
14:44:57.835 [main] DEBUG c.e.j.m.BookRequestItemMapper.insert - ==> Parameters: 16(Long), Effective Java(String), 9780134685991(String), null, 2018(Integer), 1200.00(BigDecimal)
14:44:57.835 [main] DEBUG c.e.j.m.BookRequestItemMapper.insert - <==    Updates: 1
14:44:57.835 [main] DEBUG c.e.j.m.ProcurementItemMapper.insert - ==>  Preparing: INSERT INTO procurement_items (book_request_item_id, status) VALUES (?, ?)
14:44:57.835 [main] DEBUG c.e.j.m.ProcurementItemMapper.insert - ==> Parameters: 17(Long), PENDING(String)
14:44:57.835 [main] DEBUG c.e.j.m.ProcurementItemMapper.insert - <==    Updates: 1
14:44:57.836 [main] DEBUG c.e.j.m.BookRequestItemMapper.insert - ==>  Preparing: INSERT INTO book_request_items (book_request_id, title, isbn, author_id, published_year, estimated_price) VALUES (?, ?, ?, ?, ?, ?)
14:44:57.836 [main] DEBUG c.e.j.m.BookRequestItemMapper.insert - ==> Parameters: 16(Long), Clean Code(String), null, null, null, null
14:44:57.836 [main] DEBUG c.e.j.m.BookRequestItemMapper.insert - <==    Updates: 1
14:44:57.836 [main] DEBUG c.e.j.m.ProcurementItemMapper.insert - ==>  Preparing: INSERT INTO procurement_items (book_request_item_id, status) VALUES (?, ?)
14:44:57.836 [main] DEBUG c.e.j.m.ProcurementItemMapper.insert - ==> Parameters: 18(Long), COMPLETED(String)
14:44:57.836 [main] DEBUG c.e.j.m.ProcurementItemMapper.insert - <==    Updates: 1
14:44:57.836 [main] DEBUG c.e.j.m.P.findSummary - ==>  Preparing: SELECT p.*, b.title,b.isbn,b.author_id,b.published_year,b.estimated_price FROM procurement_items p JOIN book_request_items b ON p.book_request_item_id = b.id WHERE p.status = ?
14:44:57.837 [main] DEBUG c.e.j.m.P.findSummary - ==> Parameters: PENDING(String)
14:44:57.837 [main] DEBUG c.e.j.m.P.findSummary - <==      Total: 1
14:44:57.840 [main] DEBUG c.e.j.m.BookRequestMapper.insert - ==>  Preparing: INSERT INTO book_requests (requester_id, status, requested_at, idempotency_key) VALUES (?, ?, ?, ?)
14:44:57.841 [main] DEBUG c.e.j.m.BookRequestMapper.insert - ==> Parameters: 12(Long), PENDING(String), 2026-09-11 14:44:57.8400476(Timestamp), 39086f5b-499d-469d-9591-677965ca7f3b(String)
14:44:57.841 [main] DEBUG c.e.j.m.BookRequestMapper.insert - <==    Updates: 1
14:44:57.841 [main] DEBUG c.e.j.m.BookRequestMapper.insert - ==>  Preparing: INSERT INTO book_requests (requester_id, status, requested_at, idempotency_key) VALUES (?, ?, ?, ?)
14:44:57.841 [main] DEBUG c.e.j.m.BookRequestMapper.insert - ==> Parameters: 12(Long), APPROVED(String), 2026-09-11 14:44:57.8410491(Timestamp), 59f758e9-65e7-4b05-a340-2677ac99e9f9(String)
14:44:57.842 [main] DEBUG c.e.j.m.BookRequestMapper.insert - <==    Updates: 1
14:44:57.842 [main] DEBUG c.e.j.m.B.findSummary - ==>  Preparing: SELECT br.id, br.requester_id, br.approver_id, br.status, br.requested_at, br.approved_at, bri.id AS item_id, bri.book_request_id, bri.title AS item_title, bri.isbn AS item_isbn, bri.author_id AS item_author_id, bri.published_year AS item_published_year, bri.estimated_price AS item_estimated_price FROM book_requests br LEFT JOIN book_request_items bri ON bri.book_request_id = br.id WHERE br.status = ? ORDER BY br.requested_at
14:44:57.843 [main] DEBUG c.e.j.m.B.findSummary - ==> Parameters: PENDING(String)
14:44:57.844 [main] DEBUG c.e.j.m.B.findSummary - <==      Total: 1
14:44:57.847 [main] DEBUG c.e.j.m.BookRequestMapper.insert - ==>  Preparing: INSERT INTO book_requests (requester_id, status, requested_at, idempotency_key) VALUES (?, ?, ?, ?)
14:44:57.847 [main] DEBUG c.e.j.m.BookRequestMapper.insert - ==> Parameters: 13(Long), PENDING(String), 2026-09-11 14:44:57.8475669(Timestamp), ede96636-b5ac-4be5-b059-a9047c328f23(String)
14:44:57.847 [main] DEBUG c.e.j.m.BookRequestMapper.insert - <==    Updates: 1
14:44:57.848 [main] DEBUG c.e.j.m.BookRequestMapper.approve - ==>  Preparing: UPDATE book_requests SET status = 'APPROVED', approver_id = ?, approved_at = ? WHERE id = ? AND status = 'PENDING' AND requester_id != ?
14:44:57.848 [main] DEBUG c.e.j.m.BookRequestMapper.approve - ==> Parameters: 14(Long), 2026-09-11 14:44:57.8475669(Timestamp), 19(Long), 14(Long)
14:44:57.848 [main] DEBUG c.e.j.m.BookRequestMapper.approve - <==    Updates: 1
14:44:57.852 [main] DEBUG c.e.j.m.BookRequestMapper.insert - ==>  Preparing: INSERT INTO book_requests (requester_id, status, requested_at, idempotency_key) VALUES (?, ?, ?, ?)
14:44:57.852 [main] DEBUG c.e.j.m.BookRequestMapper.insert - ==> Parameters: 15(Long), PENDING(String), 2026-09-11 14:44:57.8525624(Timestamp), 2f5b3bc7-ddb0-4ee6-9910-e2cfce63444a(String)
14:44:57.853 [main] DEBUG c.e.j.m.BookRequestMapper.insert - <==    Updates: 1
14:44:57.853 [main] DEBUG c.e.j.m.BookRequestItemMapper.insert - ==>  Preparing: INSERT INTO book_request_items (book_request_id, title, isbn, author_id, published_year, estimated_price) VALUES (?, ?, ?, ?, ?, ?)
14:44:57.853 [main] DEBUG c.e.j.m.BookRequestItemMapper.insert - ==> Parameters: 20(Long), Effective Java(String), null, null, null, null
14:44:57.853 [main] DEBUG c.e.j.m.BookRequestItemMapper.insert - <==    Updates: 1
14:44:57.853 [main] DEBUG c.e.j.m.BookRequestItemMapper.insert - ==>  Preparing: INSERT INTO book_request_items (book_request_id, title, isbn, author_id, published_year, estimated_price) VALUES (?, ?, ?, ?, ?, ?)
14:44:57.853 [main] DEBUG c.e.j.m.BookRequestItemMapper.insert - ==> Parameters: 20(Long), Clean Code(String), null, null, null, null
14:44:57.853 [main] DEBUG c.e.j.m.BookRequestItemMapper.insert - <==    Updates: 1
14:44:57.854 [main] DEBUG c.e.j.m.B.findSummary - ==>  Preparing: SELECT br.id, br.requester_id, br.approver_id, br.status, br.requested_at, br.approved_at, bri.id AS item_id, bri.book_request_id, bri.title AS item_title, bri.isbn AS item_isbn, bri.author_id AS item_author_id, bri.published_year AS item_published_year, bri.estimated_price AS item_estimated_price FROM book_requests br LEFT JOIN book_request_items bri ON bri.book_request_id = br.id ORDER BY br.requested_at
14:44:57.854 [main] DEBUG c.e.j.m.B.findSummary - ==> Parameters: 
14:44:57.854 [main] DEBUG c.e.j.m.B.findSummary - <==      Total: 2
14:44:57.863 [main] DEBUG c.e.j.mapper.CategoryMapper.update - ==>  Preparing: UPDATE categories SET name = ? WHERE id = ?
14:44:57.863 [main] DEBUG c.e.j.mapper.CategoryMapper.update - ==> Parameters: Updated Name(String), 12(Long)
14:44:57.864 [main] DEBUG c.e.j.mapper.CategoryMapper.update - <==    Updates: 1
14:44:57.864 [main] DEBUG c.e.j.mapper.CategoryMapper.findById - ==>  Preparing: SELECT * FROM categories c WHERE c.id = ?
14:44:57.865 [main] DEBUG c.e.j.mapper.CategoryMapper.findById - ==> Parameters: 12(Long)
14:44:57.865 [main] DEBUG c.e.j.mapper.CategoryMapper.findById - <==      Total: 1
14:44:57.868 [main] DEBUG c.e.j.mapper.CategoryMapper.insert - ==>  Preparing: INSERT INTO categories (name) VALUES (?)
14:44:57.868 [main] DEBUG c.e.j.mapper.CategoryMapper.insert - ==> Parameters: Fiction(String)
14:44:57.868 [main] DEBUG c.e.j.mapper.CategoryMapper.insert - <==    Updates: 1
14:44:57.869 [main] DEBUG c.e.j.mapper.CategoryMapper.findById - ==>  Preparing: SELECT * FROM categories c WHERE c.id = ?
14:44:57.869 [main] DEBUG c.e.j.mapper.CategoryMapper.findById - ==> Parameters: 13(Long)
14:44:57.869 [main] DEBUG c.e.j.mapper.CategoryMapper.findById - <==      Total: 1
14:44:57.874 [main] DEBUG c.e.j.mapper.CategoryMapper.count - ==>  Preparing: SELECT COUNT(*) FROM categories
14:44:57.874 [main] DEBUG c.e.j.mapper.CategoryMapper.count - ==> Parameters: 
14:44:57.874 [main] DEBUG c.e.j.mapper.CategoryMapper.count - <==      Total: 1
14:44:57.875 [main] DEBUG c.e.j.m.CategoryMapper.findAllPaged - ==>  Preparing: SELECT * FROM categories c ORDER BY c.id LIMIT ? OFFSET ?
14:44:57.875 [main] DEBUG c.e.j.m.CategoryMapper.findAllPaged - ==> Parameters: 2(Integer), 0(Long)
14:44:57.876 [main] DEBUG c.e.j.m.CategoryMapper.findAllPaged - <==      Total: 2
14:44:57.876 [main] DEBUG c.e.j.m.CategoryMapper.findAllPaged - ==>  Preparing: SELECT * FROM categories c ORDER BY c.id LIMIT ? OFFSET ?
14:44:57.876 [main] DEBUG c.e.j.m.CategoryMapper.findAllPaged - ==> Parameters: 2(Integer), 2(Long)
14:44:57.876 [main] DEBUG c.e.j.m.CategoryMapper.findAllPaged - <==      Total: 1
14:44:57.881 [main] DEBUG c.e.j.mapper.CategoryMapper.findAll - ==>  Preparing: SELECT * FROM categories c ORDER BY c.id
14:44:57.881 [main] DEBUG c.e.j.mapper.CategoryMapper.findAll - ==> Parameters: 
14:44:57.881 [main] DEBUG c.e.j.mapper.CategoryMapper.findAll - <==      Total: 2
14:44:57.884 [main] DEBUG c.e.j.m.CategoryMapper.deleteById - ==>  Preparing: DELETE FROM categories WHERE id = ?
14:44:57.884 [main] DEBUG c.e.j.m.CategoryMapper.deleteById - ==> Parameters: 19(Long)
14:44:57.885 [main] DEBUG c.e.j.m.CategoryMapper.deleteById - <==    Updates: 1
14:44:57.885 [main] DEBUG c.e.j.mapper.CategoryMapper.findAll - ==>  Preparing: SELECT * FROM categories c ORDER BY c.id
14:44:57.885 [main] DEBUG c.e.j.mapper.CategoryMapper.findAll - ==> Parameters: 
14:44:57.885 [main] DEBUG c.e.j.mapper.CategoryMapper.findAll - <==      Total: 0
14:44:57.891 [main] DEBUG c.e.j.m.C.findBooksByCategoryId - ==>  Preparing: SELECT b.* FROM books b JOIN books_categories bc ON b.id = bc.book_id WHERE bc.category_id = ?
14:44:57.892 [main] DEBUG c.e.j.m.C.findBooksByCategoryId - ==> Parameters: 20(Long)
14:44:57.893 [main] DEBUG c.e.j.m.C.findBooksByCategoryId - <==      Total: 1
14:44:57.895 [main] DEBUG c.e.j.mapper.CategoryMapper.findById - ==>  Preparing: SELECT * FROM categories c WHERE c.id = ?
14:44:57.896 [main] DEBUG c.e.j.mapper.CategoryMapper.findById - ==> Parameters: 22(Long)
14:44:57.896 [main] DEBUG c.e.j.mapper.CategoryMapper.findById - <==      Total: 1
14:44:57.904 [main] DEBUG c.e.j.m.ReconciliationMapper.insert - ==>  Preparing: INSERT INTO reconciliations (reconciled_at, reconciliation_type, status) VALUES (?, ?, ?)
14:44:57.905 [main] DEBUG c.e.j.m.ReconciliationMapper.insert - ==> Parameters: 2026-09-11 14:44:57.9037206(Timestamp), PROCUREMENT_BOOK(String), COMPLETED_WITH_DISCREPANCY(String)
14:44:57.905 [main] DEBUG c.e.j.m.ReconciliationMapper.insert - <==    Updates: 1
14:44:57.906 [main] DEBUG c.e.j.m.R.insert - ==>  Preparing: INSERT INTO reconciliation_items (reconciliation_id, entity_type, entity_id, discrepancy_type, detail) VALUES (?, ?, ?, ?, ?)
14:44:57.909 [main] DEBUG c.e.j.m.R.insert - ==> Parameters: 1(Long), BOOK_REQUEST_ITEM(String), 99(Long), ONLY_IN_SOURCE(String), [B@6258f9d1(byte[])
14:44:57.909 [main] DEBUG c.e.j.m.R.insert - <==    Updates: 1
14:44:57.915 [main] DEBUG c.e.j.m.ReconciliationMapper.insert - ==>  Preparing: INSERT INTO reconciliations (reconciled_at, reconciliation_type, status) VALUES (?, ?, ?)
14:44:57.916 [main] DEBUG c.e.j.m.ReconciliationMapper.insert - ==> Parameters: 2026-09-11 14:44:57.9157185(Timestamp), BOOK_REQUEST_PROCUREMENT(String), COMPLETED_WITH_DISCREPANCY(String)
14:44:57.916 [main] DEBUG c.e.j.m.ReconciliationMapper.insert - <==    Updates: 1
14:44:57.926 [main] DEBUG c.e.j.mapper.UserMapper.update - ==>  Preparing: UPDATE users SET name = ?, password_hash = ?, role = ? WHERE id = ?
14:44:57.926 [main] DEBUG c.e.j.mapper.UserMapper.update - ==> Parameters: New Name(String), new-hash(String), ADMIN(String), 16(Long)
14:44:57.927 [main] DEBUG c.e.j.mapper.UserMapper.update - <==    Updates: 1
14:44:57.927 [main] DEBUG c.e.j.mapper.UserMapper.findByEmail - ==>  Preparing: SELECT * FROM users u WHERE u.email = ?
14:44:57.928 [main] DEBUG c.e.j.mapper.UserMapper.findByEmail - ==> Parameters: update@example.com(String)
14:44:57.929 [main] DEBUG c.e.j.mapper.UserMapper.findByEmail - <==      Total: 1
14:44:57.932 [main] DEBUG c.e.j.mapper.UserMapper.insert - ==>  Preparing: INSERT INTO users (email, name, password_hash, role) VALUES (?, ?, ?, ?)
14:44:57.933 [main] DEBUG c.e.j.mapper.UserMapper.insert - ==> Parameters: new@example.com(String), New User(String), hashed-password(String), ADMIN(String)
14:44:57.933 [main] DEBUG c.e.j.mapper.UserMapper.insert - <==    Updates: 1
14:44:57.933 [main] DEBUG c.e.j.mapper.UserMapper.findByEmail - ==>  Preparing: SELECT * FROM users u WHERE u.email = ?
14:44:57.934 [main] DEBUG c.e.j.mapper.UserMapper.findByEmail - ==> Parameters: new@example.com(String)
14:44:57.934 [main] DEBUG c.e.j.mapper.UserMapper.findByEmail - <==      Total: 1
14:44:57.937 [main] DEBUG c.e.j.mapper.UserMapper.findByEmail - ==>  Preparing: SELECT * FROM users u WHERE u.email = ?
14:44:57.937 [main] DEBUG c.e.j.mapper.UserMapper.findByEmail - ==> Parameters: nobody@example.com(String)
14:44:57.938 [main] DEBUG c.e.j.mapper.UserMapper.findByEmail - <==      Total: 0
14:44:57.943 [main] DEBUG c.e.j.mapper.UserMapper.findByEmail - ==>  Preparing: SELECT * FROM users u WHERE u.email = ?
14:44:57.944 [main] DEBUG c.e.j.mapper.UserMapper.findByEmail - ==> Parameters: alex@example.com(String)
14:44:57.945 [main] DEBUG c.e.j.mapper.UserMapper.findByEmail - <==      Total: 1
14:44:58.084 [main] INFO  c.e.j.service.AuthServiceImpl - 登入成功：userId=1, email=alex@example.com
14:44:58.086 [main] WARN  c.e.j.service.AuthServiceImpl - 登入失敗，帳號不存在：email=nobody@example.com
14:44:58.087 [main] WARN  c.e.j.service.AuthServiceImpl - 登入失敗，密碼錯誤：email=alex@example.com
14:44:58.090 [main] INFO  c.e.j.service.AuthServiceImpl - 新使用者註冊：userId=null, email=new@example.com
14:44:58.100 [pool-2-thread-1] DEBUG c.e.j.m.BookRequestMapper.insert - ==>  Preparing: INSERT INTO book_requests (requester_id, status, requested_at, idempotency_key) VALUES (?, ?, ?, ?)
14:44:58.100 [pool-2-thread-2] DEBUG c.e.j.m.BookRequestMapper.insert - ==>  Preparing: INSERT INTO book_requests (requester_id, status, requested_at, idempotency_key) VALUES (?, ?, ?, ?)
14:44:58.100 [pool-2-thread-1] DEBUG c.e.j.m.BookRequestMapper.insert - ==> Parameters: 19(Long), PENDING(String), 2026-09-11 14:44:58.099448(Timestamp), 0679d792-fe4d-4a5f-986f-b88832717036(String)
14:44:58.100 [pool-2-thread-2] DEBUG c.e.j.m.BookRequestMapper.insert - ==> Parameters: 19(Long), PENDING(String), 2026-09-11 14:44:58.099448(Timestamp), 0679d792-fe4d-4a5f-986f-b88832717036(String)
14:44:58.100 [pool-2-thread-1] DEBUG c.e.j.m.BookRequestMapper.insert - <==    Updates: 1
14:44:58.101 [pool-2-thread-1] DEBUG c.e.j.m.BookRequestItemMapper.insert - ==>  Preparing: INSERT INTO book_request_items (book_request_id, title, isbn, author_id, published_year, estimated_price) VALUES (?, ?, ?, ?, ?, ?)
14:44:58.101 [pool-2-thread-1] DEBUG c.e.j.m.BookRequestItemMapper.insert - ==> Parameters: 21(Long), Effective Java(String), null, null, null, null
14:44:58.101 [pool-2-thread-1] DEBUG c.e.j.m.BookRequestItemMapper.insert - <==    Updates: 1
14:44:58.102 [pool-2-thread-1] DEBUG c.e.j.mapper.AuditLogMapper.insert - ==>  Preparing: INSERT INTO audit_logs (user_id, audited_at, action, entity_type, entity_id, detail) VALUES (?, ?, ?, ?, ?, ?)
14:44:58.103 [pool-2-thread-1] DEBUG c.e.j.mapper.AuditLogMapper.insert - ==> Parameters: 19(Long), 2026-09-11 14:44:58.099448(Timestamp), SUBMIT(String), BOOK_REQUEST(String), 21(Long), [B@4133f8fa(byte[])
14:44:58.103 [pool-2-thread-1] DEBUG c.e.j.mapper.AuditLogMapper.insert - <==    Updates: 1
14:44:58.103 [pool-2-thread-1] INFO  c.e.j.service.BookRequestServiceImpl - 送出申請：requestId=21, requesterId=19, 書籍數=1
14:44:58.162 [pool-2-thread-2] WARN  c.e.j.service.BookRequestServiceImpl - 偵測到重複送出，直接回傳原始請求：idempotencyKey=0679d792-fe4d-4a5f-986f-b88832717036
14:44:58.163 [pool-2-thread-2] DEBUG c.e.j.m.B.findByIdempotencyKey - ==>  Preparing: SELECT * FROM book_requests WHERE idempotency_key = ?
14:44:58.164 [pool-2-thread-2] DEBUG c.e.j.m.B.findByIdempotencyKey - ==> Parameters: 0679d792-fe4d-4a5f-986f-b88832717036(String)
14:44:58.164 [pool-2-thread-2] DEBUG c.e.j.m.B.findByIdempotencyKey - <==      Total: 1
14:44:58.166 [main] DEBUG c.e.j.m.BookRequestMapper.findAll - ==>  Preparing: SELECT * FROM book_requests
14:44:58.166 [main] DEBUG c.e.j.m.BookRequestMapper.findAll - ==> Parameters: 
14:44:58.166 [main] DEBUG c.e.j.m.BookRequestMapper.findAll - <==      Total: 1
14:44:58.170 [main] DEBUG c.e.j.m.BookRequestMapper.insert - ==>  Preparing: INSERT INTO book_requests (requester_id, status, requested_at, idempotency_key) VALUES (?, ?, ?, ?)
14:44:58.171 [main] DEBUG c.e.j.m.BookRequestMapper.insert - ==> Parameters: 20(Long), PENDING(String), 2026-09-11 14:44:58.1702412(Timestamp), 5b689a9f-3692-4433-84fb-b7f110e0b6ad(String)
14:44:58.171 [main] DEBUG c.e.j.m.BookRequestMapper.insert - <==    Updates: 1
14:44:58.171 [main] DEBUG c.e.j.m.BookRequestItemMapper.insert - ==>  Preparing: INSERT INTO book_request_items (book_request_id, title, isbn, author_id, published_year, estimated_price) VALUES (?, ?, ?, ?, ?, ?)
14:44:58.172 [main] DEBUG c.e.j.m.BookRequestItemMapper.insert - ==> Parameters: 32(Long), Effective Java(String), null, null, null, null
14:44:58.172 [main] DEBUG c.e.j.m.BookRequestItemMapper.insert - <==    Updates: 1
14:44:58.172 [main] DEBUG c.e.j.mapper.AuditLogMapper.insert - ==>  Preparing: INSERT INTO audit_logs (user_id, audited_at, action, entity_type, entity_id, detail) VALUES (?, ?, ?, ?, ?, ?)
14:44:58.173 [main] DEBUG c.e.j.mapper.AuditLogMapper.insert - ==> Parameters: 20(Long), 2026-09-11 14:44:58.1702412(Timestamp), SUBMIT(String), BOOK_REQUEST(String), 32(Long), [B@59700156(byte[])
14:44:58.173 [main] DEBUG c.e.j.mapper.AuditLogMapper.insert - <==    Updates: 1
14:44:58.173 [main] INFO  c.e.j.service.BookRequestServiceImpl - 送出申請：requestId=32, requesterId=20, 書籍數=1
14:44:58.174 [main] DEBUG c.e.j.m.BookRequestMapper.insert - ==>  Preparing: INSERT INTO book_requests (requester_id, status, requested_at, idempotency_key) VALUES (?, ?, ?, ?)
14:44:58.174 [main] DEBUG c.e.j.m.BookRequestMapper.insert - ==> Parameters: 20(Long), PENDING(String), 2026-09-11 14:44:58.1742426(Timestamp), 5b689a9f-3692-4433-84fb-b7f110e0b6ad(String)
14:44:58.175 [main] WARN  c.e.j.service.BookRequestServiceImpl - 偵測到重複送出，直接回傳原始請求：idempotencyKey=5b689a9f-3692-4433-84fb-b7f110e0b6ad
14:44:58.175 [main] DEBUG c.e.j.m.B.findByIdempotencyKey - ==>  Preparing: SELECT * FROM book_requests WHERE idempotency_key = ?
14:44:58.175 [main] DEBUG c.e.j.m.B.findByIdempotencyKey - ==> Parameters: 5b689a9f-3692-4433-84fb-b7f110e0b6ad(String)
14:44:58.176 [main] DEBUG c.e.j.m.B.findByIdempotencyKey - <==      Total: 1
14:44:58.176 [main] DEBUG c.e.j.m.BookRequestMapper.findAll - ==>  Preparing: SELECT * FROM book_requests
14:44:58.176 [main] DEBUG c.e.j.m.BookRequestMapper.findAll - ==> Parameters: 
14:44:58.176 [main] DEBUG c.e.j.m.BookRequestMapper.findAll - <==      Total: 1
14:44:58.236 [main] DEBUG c.e.j.m.BookRequestMapper.insert - ==>  Preparing: INSERT INTO book_requests (requester_id, status, requested_at, idempotency_key) VALUES (?, ?, ?, ?)
14:44:58.237 [main] DEBUG c.e.j.m.BookRequestMapper.insert - ==> Parameters: 21(Long), APPROVED(String), 2026-09-11 14:44:58.2362488(Timestamp), 215df1ad-44d3-4bf0-8eba-854f132c7152(String)
14:44:58.237 [main] DEBUG c.e.j.m.BookRequestMapper.insert - <==    Updates: 1
14:44:58.238 [main] DEBUG c.e.j.m.BookRequestItemMapper.insert - ==>  Preparing: INSERT INTO book_request_items (book_request_id, title, isbn, author_id, published_year, estimated_price) VALUES (?, ?, ?, ?, ?, ?)
14:44:58.238 [main] DEBUG c.e.j.m.BookRequestItemMapper.insert - ==> Parameters: 34(Long), Effective Java(String), null, null, null, null
14:44:58.239 [main] DEBUG c.e.j.m.BookRequestItemMapper.insert - <==    Updates: 1
14:44:58.239 [main] DEBUG c.e.j.m.ProcurementItemMapper.insert - ==>  Preparing: INSERT INTO procurement_items (book_request_item_id, status) VALUES (?, ?)
14:44:58.240 [main] DEBUG c.e.j.m.ProcurementItemMapper.insert - ==> Parameters: 23(Long), PENDING(String)
14:44:58.240 [main] DEBUG c.e.j.m.ProcurementItemMapper.insert - <==    Updates: 1
14:44:58.245 [pool-3-thread-1] DEBUG c.e.j.m.P.findByIdForUpdate - ==>  Preparing: SELECT * FROM procurement_items WHERE id = ? FOR UPDATE
14:44:58.245 [pool-3-thread-2] DEBUG c.e.j.m.P.findByIdForUpdate - ==>  Preparing: SELECT * FROM procurement_items WHERE id = ? FOR UPDATE
14:44:58.246 [pool-3-thread-1] DEBUG c.e.j.m.P.findByIdForUpdate - ==> Parameters: 9(Long)
14:44:58.246 [pool-3-thread-2] DEBUG c.e.j.m.P.findByIdForUpdate - ==> Parameters: 9(Long)
14:44:58.248 [pool-3-thread-1] DEBUG c.e.j.m.P.findByIdForUpdate - <==      Total: 1
14:44:58.249 [pool-3-thread-1] DEBUG c.e.j.m.B.findById - ==>  Preparing: SELECT * FROM book_request_items WHERE id = ?
14:44:58.249 [pool-3-thread-1] DEBUG c.e.j.m.B.findById - ==> Parameters: 23(Long)
14:44:58.250 [pool-3-thread-1] DEBUG c.e.j.m.B.findById - <==      Total: 1
14:44:58.250 [pool-3-thread-1] DEBUG c.e.j.mapper.BookMapper.insert - ==>  Preparing: INSERT INTO books (title, isbn, author_id, published_year) VALUES (?, ?, ?, ?)
14:44:58.250 [pool-3-thread-1] DEBUG c.e.j.mapper.BookMapper.insert - ==> Parameters: Effective Java(String), null, null, null
14:44:58.252 [pool-3-thread-1] DEBUG c.e.j.mapper.BookMapper.insert - <==    Updates: 1
14:44:58.252 [pool-3-thread-1] DEBUG c.e.j.m.ProcurementItemMapper.update - ==>  Preparing: UPDATE procurement_items SET status = ?, procured_by = ?, procured_at = ?, book_id = ? WHERE id = ?
14:44:58.253 [pool-3-thread-1] DEBUG c.e.j.m.ProcurementItemMapper.update - ==> Parameters: COMPLETED(String), 22(Long), 2026-09-11 14:44:58.2521859(Timestamp), 43(Long), 9(Long)
14:44:58.253 [pool-3-thread-1] DEBUG c.e.j.m.ProcurementItemMapper.update - <==    Updates: 1
14:44:58.253 [pool-3-thread-1] DEBUG c.e.j.mapper.AuditLogMapper.insert - ==>  Preparing: INSERT INTO audit_logs (user_id, audited_at, action, entity_type, entity_id, detail) VALUES (?, ?, ?, ?, ?, ?)
14:44:58.256 [pool-3-thread-1] DEBUG c.e.j.mapper.AuditLogMapper.insert - ==> Parameters: 22(Long), 2026-09-11 14:44:58.2521859(Timestamp), COMPLETE_PROCUREMENT(String), PROCUREMENT_ITEM(String), 9(Long), [B@45a95287(byte[])
14:44:58.256 [pool-3-thread-1] DEBUG c.e.j.mapper.AuditLogMapper.insert - <==    Updates: 1
14:44:58.256 [pool-3-thread-1] INFO  c.e.j.service.ProcurementServiceImpl - 採購完成，書籍已入庫：procurementItemId=9, bookId=43, procuredBy=22
14:44:58.258 [pool-3-thread-2] DEBUG c.e.j.m.P.findByIdForUpdate - <==      Total: 1
14:44:58.260 [pool-3-thread-2] DEBUG c.e.j.mapper.AuditLogMapper.insert - ==>  Preparing: INSERT INTO audit_logs (user_id, audited_at, action, entity_type, entity_id, detail) VALUES (?, ?, ?, ?, ?, ?)
14:44:58.261 [pool-3-thread-2] DEBUG c.e.j.mapper.AuditLogMapper.insert - ==> Parameters: 23(Long), 2026-09-11 14:44:58.258188(Timestamp), COMPLETE_PROCUREMENT(String), PROCUREMENT_ITEM(String), 9(Long), [B@152c9cfb(byte[])
14:44:58.261 [pool-3-thread-2] DEBUG c.e.j.mapper.AuditLogMapper.insert - <==    Updates: 1
14:44:58.264 [main] DEBUG c.e.j.m.P.findByStatus - ==>  Preparing: SELECT * FROM procurement_items WHERE status = ?
14:44:58.265 [main] DEBUG c.e.j.m.P.findByStatus - ==> Parameters: COMPLETED(String)
14:44:58.265 [main] DEBUG c.e.j.m.P.findByStatus - <==      Total: 1
