16:04:58.455 [main] DEBUG c.e.j.m.BookRequestMapper.insert - ==>  Preparing: INSERT INTO book_requests (requester_id, status, requested_at) VALUES (?, ?, ?)
16:04:58.482 [main] DEBUG c.e.j.m.BookRequestMapper.insert - ==> Parameters: 1(Long), APPROVED(String), 2026-09-09T16:04:58.437923(LocalDateTime)
16:04:58.483 [main] DEBUG c.e.j.m.BookRequestMapper.insert - <==    Updates: 1
16:04:58.487 [main] DEBUG c.e.j.m.BookRequestItemMapper.insert - ==>  Preparing: INSERT INTO book_request_items (book_request_id, title, isbn, author_id, published_year, estimated_price) VALUES (?, ?, ?, ?, ?, ?)
16:04:58.490 [main] DEBUG c.e.j.m.BookRequestItemMapper.insert - ==> Parameters: 1(Long), Effective Java(String), null, null, null, null
16:04:58.507 [main] DEBUG c.e.j.m.BookRequestItemMapper.insert - <==    Updates: 1
16:04:58.508 [main] DEBUG c.e.j.m.ProcurementItemMapper.insert - ==>  Preparing: INSERT INTO procurement_items (book_request_item_id, status) VALUES (?, ?)
16:04:58.509 [main] DEBUG c.e.j.m.ProcurementItemMapper.insert - ==> Parameters: 1(Long), PENDING(String)
16:04:58.510 [main] DEBUG c.e.j.m.ProcurementItemMapper.insert - <==    Updates: 1
16:04:58.524 [pool-2-thread-2] DEBUG c.e.j.m.P.findByIdForUpdate - ==>  Preparing: SELECT * FROM procurement_items WHERE id = ? FOR UPDATE
16:04:58.524 [pool-2-thread-1] DEBUG c.e.j.m.P.findByIdForUpdate - ==>  Preparing: SELECT * FROM procurement_items WHERE id = ? FOR UPDATE
16:04:58.525 [pool-2-thread-1] DEBUG c.e.j.m.P.findByIdForUpdate - ==> Parameters: 1(Long)
16:04:58.525 [pool-2-thread-2] DEBUG c.e.j.m.P.findByIdForUpdate - ==> Parameters: 1(Long)
16:04:58.538 [pool-2-thread-2] DEBUG c.e.j.m.P.findByIdForUpdate - <==      Total: 1
16:04:58.539 [pool-2-thread-2] DEBUG c.e.j.m.B.findById - ==>  Preparing: SELECT * FROM book_request_items WHERE id = ?
16:04:58.540 [pool-2-thread-2] DEBUG c.e.j.m.B.findById - ==> Parameters: 1(Long)
16:04:58.542 [pool-2-thread-2] DEBUG c.e.j.m.B.findById - <==      Total: 1
16:04:58.543 [pool-2-thread-2] DEBUG c.e.j.mapper.BookMapper.insert - ==>  Preparing: INSERT INTO books (title, isbn, author_id, published_year) VALUES (?, ?, ?, ?)
16:04:58.544 [pool-2-thread-2] DEBUG c.e.j.mapper.BookMapper.insert - ==> Parameters: Effective Java(String), null, null, null
16:04:58.545 [pool-2-thread-2] DEBUG c.e.j.mapper.BookMapper.insert - <==    Updates: 1
16:04:58.546 [pool-2-thread-2] DEBUG c.e.j.m.ProcurementItemMapper.update - ==>  Preparing: UPDATE procurement_items SET status = ?, procured_by = ?, procured_at = ?, book_id = ? WHERE id = ?
16:04:58.547 [pool-2-thread-2] DEBUG c.e.j.m.ProcurementItemMapper.update - ==> Parameters: COMPLETED(String), 3(Long), 2026-09-09T16:04:58.545933400(LocalDateTime), 1(Long), 1(Long)
16:04:58.548 [pool-2-thread-2] DEBUG c.e.j.m.ProcurementItemMapper.update - <==    Updates: 1
16:04:58.548 [pool-2-thread-2] INFO  c.e.j.service.ProcurementServiceImpl - 採購完成，書籍已入庫：procurementItemId=1, bookId=1, procuredBy=3
16:04:58.554 [pool-2-thread-1] DEBUG c.e.j.m.P.findByIdForUpdate - <==      Total: 1
16:04:58.557 [main] DEBUG c.e.j.m.P.findByStatus - ==>  Preparing: SELECT * FROM procurement_items WHERE status = ?
16:04:58.558 [main] DEBUG c.e.j.m.P.findByStatus - ==> Parameters: COMPLETED(String)
16:04:58.560 [main] DEBUG c.e.j.m.P.findByStatus - <==      Total: 1
16:05:27.315 [main] DEBUG c.e.j.mapper.CategoryMapper.insert - ==>  Preparing: INSERT INTO categories (name) VALUES (?)
16:05:27.337 [main] DEBUG c.e.j.mapper.CategoryMapper.insert - ==> Parameters: Programming(String)
16:05:27.338 [main] DEBUG c.e.j.mapper.CategoryMapper.insert - <==    Updates: 1
16:05:27.342 [main] DEBUG c.e.j.mapper.CategoryMapper.insert - ==>  Preparing: INSERT INTO categories (name) VALUES (?)
16:05:27.343 [main] DEBUG c.e.j.mapper.CategoryMapper.insert - ==> Parameters: Architecture(String)
16:05:27.343 [main] DEBUG c.e.j.mapper.CategoryMapper.insert - <==    Updates: 1
16:05:27.344 [main] DEBUG c.e.j.mapper.CategoryMapper.insert - ==>  Preparing: INSERT INTO categories (name) VALUES (?)
16:05:27.345 [main] DEBUG c.e.j.mapper.CategoryMapper.insert - ==> Parameters: Best Practice(String)
16:05:27.345 [main] DEBUG c.e.j.mapper.CategoryMapper.insert - <==    Updates: 1
16:05:27.348 [main] DEBUG c.e.j.mapper.BookMapper.insert - ==>  Preparing: INSERT INTO books (title, isbn, author_id, published_year) VALUES (?, ?, ?, ?)
16:05:27.356 [main] DEBUG c.e.j.mapper.BookMapper.insert - ==> Parameters: Effective Java(String), 9780134685991(String), 1(Long), 2018(Integer)
16:05:27.358 [main] DEBUG c.e.j.mapper.BookMapper.insert - <==    Updates: 1
16:05:27.372 [main] DEBUG c.e.j.m.B.deleteCategoriesByBookId - ==>  Preparing: DELETE FROM books_categories bc WHERE bc.book_id = ?
16:05:27.373 [main] DEBUG c.e.j.m.B.deleteCategoriesByBookId - ==> Parameters: 1(Long)
16:05:27.373 [main] DEBUG c.e.j.m.B.deleteCategoriesByBookId - <==    Updates: 0
16:05:27.387 [main] DEBUG c.e.j.m.B.insertBookCategories - ==>  Preparing: INSERT INTO books_categories (book_id, category_id) VALUES (?, ?) , (?, ?)
16:05:27.387 [main] DEBUG c.e.j.m.B.insertBookCategories - ==> Parameters: 1(Long), 1(Long), 1(Long), 3(Long)
16:05:27.388 [main] DEBUG c.e.j.m.B.insertBookCategories - <==    Updates: 2
16:05:27.390 [main] DEBUG c.e.j.mapper.BookMapper.insert - ==>  Preparing: INSERT INTO books (title, isbn, author_id, published_year) VALUES (?, ?, ?, ?)
16:05:27.390 [main] DEBUG c.e.j.mapper.BookMapper.insert - ==> Parameters: Clean Code(String), 9780132350884(String), 2(Long), 2008(Integer)
16:05:27.390 [main] DEBUG c.e.j.mapper.BookMapper.insert - <==    Updates: 1
16:05:27.391 [main] DEBUG c.e.j.m.B.deleteCategoriesByBookId - ==>  Preparing: DELETE FROM books_categories bc WHERE bc.book_id = ?
16:05:27.391 [main] DEBUG c.e.j.m.B.deleteCategoriesByBookId - ==> Parameters: 2(Long)
16:05:27.391 [main] DEBUG c.e.j.m.B.deleteCategoriesByBookId - <==    Updates: 0
16:05:27.392 [main] DEBUG c.e.j.m.B.insertBookCategories - ==>  Preparing: INSERT INTO books_categories (book_id, category_id) VALUES (?, ?)
16:05:27.392 [main] DEBUG c.e.j.m.B.insertBookCategories - ==> Parameters: 2(Long), 3(Long)
16:05:27.392 [main] DEBUG c.e.j.m.B.insertBookCategories - <==    Updates: 1
16:05:27.393 [main] DEBUG c.e.j.mapper.BookMapper.insert - ==>  Preparing: INSERT INTO books (title, isbn, author_id, published_year) VALUES (?, ?, ?, ?)
16:05:27.393 [main] DEBUG c.e.j.mapper.BookMapper.insert - ==> Parameters: Domain-Driven Design(String), 9780321125217(String), 3(Long), 2003(Integer)
16:05:27.394 [main] DEBUG c.e.j.mapper.BookMapper.insert - <==    Updates: 1
16:05:27.394 [main] DEBUG c.e.j.m.B.deleteCategoriesByBookId - ==>  Preparing: DELETE FROM books_categories bc WHERE bc.book_id = ?
16:05:27.395 [main] DEBUG c.e.j.m.B.deleteCategoriesByBookId - ==> Parameters: 3(Long)
16:05:27.395 [main] DEBUG c.e.j.m.B.deleteCategoriesByBookId - <==    Updates: 0
16:05:27.395 [main] DEBUG c.e.j.m.B.insertBookCategories - ==>  Preparing: INSERT INTO books_categories (book_id, category_id) VALUES (?, ?)
16:05:27.395 [main] DEBUG c.e.j.m.B.insertBookCategories - ==> Parameters: 3(Long), 2(Long)
16:05:27.396 [main] DEBUG c.e.j.m.B.insertBookCategories - <==    Updates: 1
16:05:27.396 [main] DEBUG c.e.j.mapper.BookMapper.insert - ==>  Preparing: INSERT INTO books (title, isbn, author_id, published_year) VALUES (?, ?, ?, ?)
16:05:27.396 [main] DEBUG c.e.j.mapper.BookMapper.insert - ==> Parameters: Clean Architecture(String), 9780134494166(String), 2(Long), 2017(Integer)
16:05:27.397 [main] DEBUG c.e.j.mapper.BookMapper.insert - <==    Updates: 1
16:05:27.397 [main] DEBUG c.e.j.m.B.deleteCategoriesByBookId - ==>  Preparing: DELETE FROM books_categories bc WHERE bc.book_id = ?
16:05:27.398 [main] DEBUG c.e.j.m.B.deleteCategoriesByBookId - ==> Parameters: 4(Long)
16:05:27.398 [main] DEBUG c.e.j.m.B.deleteCategoriesByBookId - <==    Updates: 0
16:05:27.399 [main] DEBUG c.e.j.m.B.insertBookCategories - ==>  Preparing: INSERT INTO books_categories (book_id, category_id) VALUES (?, ?) , (?, ?)
16:05:27.399 [main] DEBUG c.e.j.m.B.insertBookCategories - ==> Parameters: 4(Long), 2(Long), 4(Long), 3(Long)
16:05:27.399 [main] DEBUG c.e.j.m.B.insertBookCategories - <==    Updates: 2
16:05:27.400 [main] DEBUG c.e.j.mapper.BookMapper.insert - ==>  Preparing: INSERT INTO books (title, isbn, author_id, published_year) VALUES (?, ?, ?, ?)
16:05:27.401 [main] DEBUG c.e.j.mapper.BookMapper.insert - ==> Parameters: Java Concurrency in Practice(String), 9780321349606(String), 1(Long), 2006(Integer)
16:05:27.401 [main] DEBUG c.e.j.mapper.BookMapper.insert - <==    Updates: 1
16:05:27.402 [main] DEBUG c.e.j.m.B.deleteCategoriesByBookId - ==>  Preparing: DELETE FROM books_categories bc WHERE bc.book_id = ?
16:05:27.403 [main] DEBUG c.e.j.m.B.deleteCategoriesByBookId - ==> Parameters: 5(Long)
16:05:27.403 [main] DEBUG c.e.j.m.B.deleteCategoriesByBookId - <==    Updates: 0
16:05:27.403 [main] DEBUG c.e.j.m.B.insertBookCategories - ==>  Preparing: INSERT INTO books_categories (book_id, category_id) VALUES (?, ?)
16:05:27.404 [main] DEBUG c.e.j.m.B.insertBookCategories - ==> Parameters: 5(Long), 1(Long)
16:05:27.404 [main] DEBUG c.e.j.m.B.insertBookCategories - <==    Updates: 1
16:05:27.407 [main] DEBUG c.e.j.mapper.UserMapper.findByEmail - ==>  Preparing: SELECT * FROM users u WHERE u.email = ?
16:05:27.407 [main] DEBUG c.e.j.mapper.UserMapper.findByEmail - ==> Parameters: user@example.com(String)
16:05:27.416 [main] DEBUG c.e.j.mapper.UserMapper.findByEmail - <==      Total: 0
16:05:27.481 [main] DEBUG c.e.j.mapper.UserMapper.insert - ==>  Preparing: INSERT INTO users (email, name, password_hash, role) VALUES (?, ?, ?, ?)
16:05:27.482 [main] DEBUG c.e.j.mapper.UserMapper.insert - ==> Parameters: user@example.com(String), 測試使用者(String), $2a$10$NTaSXiugh1zAo.9w2B2f0.6eSvX4LDFMbvpXM9uCXo1nm4V3nFEkC(String), USER(String)
16:05:27.483 [main] DEBUG c.e.j.mapper.UserMapper.insert - <==    Updates: 1
16:05:27.485 [main] INFO  c.e.j.service.AuthServiceImpl - 新使用者註冊：userId=1, email=user@example.com
16:05:27.542 [main] DEBUG c.e.j.mapper.UserMapper.insert - ==>  Preparing: INSERT INTO users (email, name, password_hash, role) VALUES (?, ?, ?, ?)
16:05:27.542 [main] DEBUG c.e.j.mapper.UserMapper.insert - ==> Parameters: admin@example.com(String), 管理員(String), $2a$10$RTVj/0YkXIjTZwdSj6ltGO18f9fVKi1Iix1nkB2BVO4Hcihoa6.k2(String), ADMIN(String)
16:05:27.543 [main] DEBUG c.e.j.mapper.UserMapper.insert - <==    Updates: 1
16:05:27.599 [main] DEBUG c.e.j.mapper.UserMapper.insert - ==>  Preparing: INSERT INTO users (email, name, password_hash, role) VALUES (?, ?, ?, ?)
16:05:27.600 [main] DEBUG c.e.j.mapper.UserMapper.insert - ==> Parameters: procurement@example.com(String), 採購人員(String), $2a$10$HPc4wrRZLJvMirO/0hgJXe0kfouGPpwpNhxhvcpJueom7p7deiXgO(String), PROCUREMENT(String)
16:05:27.601 [main] DEBUG c.e.j.mapper.UserMapper.insert - <==    Updates: 1
16:05:27.607 [main] DEBUG c.e.j.m.BookRequestMapper.insert - ==>  Preparing: INSERT INTO book_requests (requester_id, status, requested_at) VALUES (?, ?, ?)
16:05:27.609 [main] DEBUG c.e.j.m.BookRequestMapper.insert - ==> Parameters: 1(Long), PENDING(String), 2026-09-09T16:05:27.606540800(LocalDateTime)
16:05:27.609 [main] DEBUG c.e.j.m.BookRequestMapper.insert - <==    Updates: 1
16:05:27.610 [main] DEBUG c.e.j.m.BookRequestItemMapper.insert - ==>  Preparing: INSERT INTO book_request_items (book_request_id, title, isbn, author_id, published_year, estimated_price) VALUES (?, ?, ?, ?, ?, ?)
16:05:27.612 [main] DEBUG c.e.j.m.BookRequestItemMapper.insert - ==> Parameters: 1(Long), Refactoring(String), null, null, null, null
16:05:27.612 [main] DEBUG c.e.j.m.BookRequestItemMapper.insert - <==    Updates: 1
16:05:27.613 [main] INFO  c.e.j.service.BookRequestServiceImpl - 送出申請：requestId=1, requesterId=1, 書籍數=1
16:05:27.615 [main] DEBUG c.e.j.m.BookRequestMapper.insert - ==>  Preparing: INSERT INTO book_requests (requester_id, status, requested_at) VALUES (?, ?, ?)
16:05:27.615 [main] DEBUG c.e.j.m.BookRequestMapper.insert - ==> Parameters: 1(Long), PENDING(String), 2026-09-09T16:05:27.615538900(LocalDateTime)
16:05:27.616 [main] DEBUG c.e.j.m.BookRequestMapper.insert - <==    Updates: 1
16:05:27.616 [main] DEBUG c.e.j.m.BookRequestItemMapper.insert - ==>  Preparing: INSERT INTO book_request_items (book_request_id, title, isbn, author_id, published_year, estimated_price) VALUES (?, ?, ?, ?, ?, ?)
16:05:27.617 [main] DEBUG c.e.j.m.BookRequestItemMapper.insert - ==> Parameters: 2(Long), The Pragmatic Programmer(String), 9780135957059(String), null, 2019(Integer), 850(BigDecimal)
16:05:27.618 [main] DEBUG c.e.j.m.BookRequestItemMapper.insert - <==    Updates: 1
16:05:27.618 [main] DEBUG c.e.j.m.BookRequestItemMapper.insert - ==>  Preparing: INSERT INTO book_request_items (book_request_id, title, isbn, author_id, published_year, estimated_price) VALUES (?, ?, ?, ?, ?, ?)
16:05:27.618 [main] DEBUG c.e.j.m.BookRequestItemMapper.insert - ==> Parameters: 2(Long), Head First Design Patterns(String), null, null, null, null
16:05:27.619 [main] DEBUG c.e.j.m.BookRequestItemMapper.insert - <==    Updates: 1
16:05:27.619 [main] INFO  c.e.j.service.BookRequestServiceImpl - 送出申請：requestId=2, requesterId=1, 書籍數=2
16:05:27.620 [main] DEBUG c.e.j.m.BookRequestMapper.insert - ==>  Preparing: INSERT INTO book_requests (requester_id, status, requested_at) VALUES (?, ?, ?)
16:05:27.621 [main] DEBUG c.e.j.m.BookRequestMapper.insert - ==> Parameters: 1(Long), PENDING(String), 2026-09-09T16:05:27.620542100(LocalDateTime)
16:05:27.621 [main] DEBUG c.e.j.m.BookRequestMapper.insert - <==    Updates: 1
16:05:27.621 [main] DEBUG c.e.j.m.BookRequestItemMapper.insert - ==>  Preparing: INSERT INTO book_request_items (book_request_id, title, isbn, author_id, published_year, estimated_price) VALUES (?, ?, ?, ?, ?, ?)
16:05:27.621 [main] DEBUG c.e.j.m.BookRequestItemMapper.insert - ==> Parameters: 3(Long), Test-Driven Development(String), 9780321146533(String), null, 2002(Integer), null
16:05:27.622 [main] DEBUG c.e.j.m.BookRequestItemMapper.insert - <==    Updates: 1
16:05:27.622 [main] INFO  c.e.j.service.BookRequestServiceImpl - 送出申請：requestId=3, requesterId=1, 書籍數=1
16:05:27.622 [main] DEBUG c.e.j.m.BookRequestMapper.insert - ==>  Preparing: INSERT INTO book_requests (requester_id, status, requested_at) VALUES (?, ?, ?)
16:05:27.623 [main] DEBUG c.e.j.m.BookRequestMapper.insert - ==> Parameters: 1(Long), PENDING(String), 2026-09-09T16:05:27.622546200(LocalDateTime)
16:05:27.623 [main] DEBUG c.e.j.m.BookRequestMapper.insert - <==    Updates: 1
16:05:27.623 [main] DEBUG c.e.j.m.BookRequestItemMapper.insert - ==>  Preparing: INSERT INTO book_request_items (book_request_id, title, isbn, author_id, published_year, estimated_price) VALUES (?, ?, ?, ?, ?, ?)
16:05:27.624 [main] DEBUG c.e.j.m.BookRequestItemMapper.insert - ==> Parameters: 4(Long), Working Effectively with Legacy Code(String), null, null, null, null
16:05:27.624 [main] DEBUG c.e.j.m.BookRequestItemMapper.insert - <==    Updates: 1
16:05:27.624 [main] INFO  c.e.j.service.BookRequestServiceImpl - 送出申請：requestId=4, requesterId=1, 書籍數=1
16:05:27.625 [main] DEBUG c.e.j.m.BookRequestMapper.insert - ==>  Preparing: INSERT INTO book_requests (requester_id, status, requested_at) VALUES (?, ?, ?)
16:05:27.625 [main] DEBUG c.e.j.m.BookRequestMapper.insert - ==> Parameters: 1(Long), PENDING(String), 2026-09-09T16:05:27.625543200(LocalDateTime)
16:05:27.625 [main] DEBUG c.e.j.m.BookRequestMapper.insert - <==    Updates: 1
16:05:27.625 [main] DEBUG c.e.j.m.BookRequestItemMapper.insert - ==>  Preparing: INSERT INTO book_request_items (book_request_id, title, isbn, author_id, published_year, estimated_price) VALUES (?, ?, ?, ?, ?, ?)
16:05:27.625 [main] DEBUG c.e.j.m.BookRequestItemMapper.insert - ==> Parameters: 5(Long), Continuous Delivery(String), null, null, null, null
16:05:27.626 [main] DEBUG c.e.j.m.BookRequestItemMapper.insert - <==    Updates: 1
16:05:27.626 [main] INFO  c.e.j.service.BookRequestServiceImpl - 送出申請：requestId=5, requesterId=1, 書籍數=1
16:05:27.626 [main] DEBUG c.e.j.m.BookRequestMapper.insert - ==>  Preparing: INSERT INTO book_requests (requester_id, status, requested_at) VALUES (?, ?, ?)
16:05:27.627 [main] DEBUG c.e.j.m.BookRequestMapper.insert - ==> Parameters: 1(Long), PENDING(String), 2026-09-09T16:05:27.626543200(LocalDateTime)
16:05:27.627 [main] DEBUG c.e.j.m.BookRequestMapper.insert - <==    Updates: 1
16:05:27.627 [main] DEBUG c.e.j.m.BookRequestItemMapper.insert - ==>  Preparing: INSERT INTO book_request_items (book_request_id, title, isbn, author_id, published_year, estimated_price) VALUES (?, ?, ?, ?, ?, ?)
16:05:27.628 [main] DEBUG c.e.j.m.BookRequestItemMapper.insert - ==> Parameters: 6(Long), Site Reliability Engineering(String), null, null, 2016(Integer), 1200(BigDecimal)
16:05:27.628 [main] DEBUG c.e.j.m.BookRequestItemMapper.insert - <==    Updates: 1
16:05:27.628 [main] INFO  c.e.j.service.BookRequestServiceImpl - 送出申請：requestId=6, requesterId=1, 書籍數=1
16:05:27.630 [main] DEBUG c.e.j.m.BookRequestMapper.approve - ==>  Preparing: UPDATE book_requests SET status = 'APPROVED', approver_id = ?, approved_at = ? WHERE id = ? AND status = 'PENDING' AND requester_id != ?
16:05:27.632 [main] DEBUG c.e.j.m.BookRequestMapper.approve - ==> Parameters: 2(Long), 2026-09-09T16:05:27.630543800(LocalDateTime), 6(Long), 2(Long)
16:05:27.632 [main] DEBUG c.e.j.m.BookRequestMapper.approve - <==    Updates: 1
16:05:27.633 [main] DEBUG c.e.j.m.BookRequestMapper.findById - ==>  Preparing: SELECT * FROM book_requests WHERE id = ?
16:05:27.633 [main] DEBUG c.e.j.m.BookRequestMapper.findById - ==> Parameters: 6(Long)
16:05:27.637 [main] DEBUG c.e.j.m.BookRequestMapper.findById - <==      Total: 1
16:05:27.637 [main] DEBUG c.e.j.m.B.findByBookRequestId - ==>  Preparing: SELECT * FROM book_request_items WHERE book_request_id = ?
16:05:27.639 [main] DEBUG c.e.j.m.B.findByBookRequestId - ==> Parameters: 6(Long)
16:05:27.640 [main] DEBUG c.e.j.m.B.findByBookRequestId - <==      Total: 1
16:05:27.641 [main] DEBUG c.e.j.m.ProcurementItemMapper.insert - ==>  Preparing: INSERT INTO procurement_items (book_request_item_id, status) VALUES (?, ?)
16:05:27.641 [main] DEBUG c.e.j.m.ProcurementItemMapper.insert - ==> Parameters: 7(Long), PENDING(String)
16:05:27.642 [main] DEBUG c.e.j.m.ProcurementItemMapper.insert - <==    Updates: 1
16:05:27.642 [main] INFO  c.e.j.service.BookRequestServiceImpl - 申請已核准：requestId=6, approverId=2
16:05:27.643 [main] DEBUG c.e.j.m.BookRequestMapper.insert - ==>  Preparing: INSERT INTO book_requests (requester_id, status, requested_at) VALUES (?, ?, ?)
16:05:27.643 [main] DEBUG c.e.j.m.BookRequestMapper.insert - ==> Parameters: 1(Long), PENDING(String), 2026-09-09T16:05:27.643952400(LocalDateTime)
16:05:27.644 [main] DEBUG c.e.j.m.BookRequestMapper.insert - <==    Updates: 1
16:05:27.644 [main] DEBUG c.e.j.m.BookRequestItemMapper.insert - ==>  Preparing: INSERT INTO book_request_items (book_request_id, title, isbn, author_id, published_year, estimated_price) VALUES (?, ?, ?, ?, ?, ?)
16:05:27.645 [main] DEBUG c.e.j.m.BookRequestItemMapper.insert - ==> Parameters: 7(Long), Database Internals(String), null, null, null, null
16:05:27.645 [main] DEBUG c.e.j.m.BookRequestItemMapper.insert - <==    Updates: 1
16:05:27.645 [main] DEBUG c.e.j.m.BookRequestItemMapper.insert - ==>  Preparing: INSERT INTO book_request_items (book_request_id, title, isbn, author_id, published_year, estimated_price) VALUES (?, ?, ?, ?, ?, ?)
16:05:27.645 [main] DEBUG c.e.j.m.BookRequestItemMapper.insert - ==> Parameters: 7(Long), Designing Data-Intensive Applications(String), 9781449373320(String), null, 2017(Integer), 1500(BigDecimal)
16:05:27.645 [main] DEBUG c.e.j.m.BookRequestItemMapper.insert - <==    Updates: 1
16:05:27.646 [main] INFO  c.e.j.service.BookRequestServiceImpl - 送出申請：requestId=7, requesterId=1, 書籍數=2
16:05:27.646 [main] DEBUG c.e.j.m.BookRequestMapper.approve - ==>  Preparing: UPDATE book_requests SET status = 'APPROVED', approver_id = ?, approved_at = ? WHERE id = ? AND status = 'PENDING' AND requester_id != ?
16:05:27.647 [main] DEBUG c.e.j.m.BookRequestMapper.approve - ==> Parameters: 2(Long), 2026-09-09T16:05:27.646953900(LocalDateTime), 7(Long), 2(Long)
16:05:27.647 [main] DEBUG c.e.j.m.BookRequestMapper.approve - <==    Updates: 1
16:05:27.647 [main] DEBUG c.e.j.m.BookRequestMapper.findById - ==>  Preparing: SELECT * FROM book_requests WHERE id = ?
16:05:27.648 [main] DEBUG c.e.j.m.BookRequestMapper.findById - ==> Parameters: 7(Long)
16:05:27.648 [main] DEBUG c.e.j.m.BookRequestMapper.findById - <==      Total: 1
16:05:27.648 [main] DEBUG c.e.j.m.B.findByBookRequestId - ==>  Preparing: SELECT * FROM book_request_items WHERE book_request_id = ?
16:05:27.648 [main] DEBUG c.e.j.m.B.findByBookRequestId - ==> Parameters: 7(Long)
16:05:27.649 [main] DEBUG c.e.j.m.B.findByBookRequestId - <==      Total: 2
16:05:27.649 [main] DEBUG c.e.j.m.ProcurementItemMapper.insert - ==>  Preparing: INSERT INTO procurement_items (book_request_item_id, status) VALUES (?, ?)
16:05:27.650 [main] DEBUG c.e.j.m.ProcurementItemMapper.insert - ==> Parameters: 8(Long), PENDING(String)
16:05:27.650 [main] DEBUG c.e.j.m.ProcurementItemMapper.insert - <==    Updates: 1
16:05:27.651 [main] DEBUG c.e.j.m.ProcurementItemMapper.insert - ==>  Preparing: INSERT INTO procurement_items (book_request_item_id, status) VALUES (?, ?)
16:05:27.651 [main] DEBUG c.e.j.m.ProcurementItemMapper.insert - ==> Parameters: 9(Long), PENDING(String)
16:05:27.651 [main] DEBUG c.e.j.m.ProcurementItemMapper.insert - <==    Updates: 1
16:05:27.652 [main] INFO  c.e.j.service.BookRequestServiceImpl - 申請已核准：requestId=7, approverId=2
16:05:27.653 [main] DEBUG c.e.j.m.BookRequestMapper.insert - ==>  Preparing: INSERT INTO book_requests (requester_id, status, requested_at) VALUES (?, ?, ?)
16:05:27.653 [main] DEBUG c.e.j.m.BookRequestMapper.insert - ==> Parameters: 1(Long), PENDING(String), 2026-09-09T16:05:27.652952800(LocalDateTime)
16:05:27.653 [main] DEBUG c.e.j.m.BookRequestMapper.insert - <==    Updates: 1
16:05:27.653 [main] DEBUG c.e.j.m.BookRequestItemMapper.insert - ==>  Preparing: INSERT INTO book_request_items (book_request_id, title, isbn, author_id, published_year, estimated_price) VALUES (?, ?, ?, ?, ?, ?)
16:05:27.654 [main] DEBUG c.e.j.m.BookRequestItemMapper.insert - ==> Parameters: 8(Long), The Clean Coder(String), null, null, null, null
16:05:27.654 [main] DEBUG c.e.j.m.BookRequestItemMapper.insert - <==    Updates: 1
16:05:27.654 [main] INFO  c.e.j.service.BookRequestServiceImpl - 送出申請：requestId=8, requesterId=1, 書籍數=1
16:05:27.655 [main] DEBUG c.e.j.m.BookRequestMapper.approve - ==>  Preparing: UPDATE book_requests SET status = 'APPROVED', approver_id = ?, approved_at = ? WHERE id = ? AND status = 'PENDING' AND requester_id != ?
16:05:27.655 [main] DEBUG c.e.j.m.BookRequestMapper.approve - ==> Parameters: 2(Long), 2026-09-09T16:05:27.655952600(LocalDateTime), 8(Long), 2(Long)
16:05:27.656 [main] DEBUG c.e.j.m.BookRequestMapper.approve - <==    Updates: 1
16:05:27.656 [main] DEBUG c.e.j.m.BookRequestMapper.findById - ==>  Preparing: SELECT * FROM book_requests WHERE id = ?
16:05:27.656 [main] DEBUG c.e.j.m.BookRequestMapper.findById - ==> Parameters: 8(Long)
16:05:27.657 [main] DEBUG c.e.j.m.BookRequestMapper.findById - <==      Total: 1
16:05:27.657 [main] DEBUG c.e.j.m.B.findByBookRequestId - ==>  Preparing: SELECT * FROM book_request_items WHERE book_request_id = ?
16:05:27.657 [main] DEBUG c.e.j.m.B.findByBookRequestId - ==> Parameters: 8(Long)
16:05:27.657 [main] DEBUG c.e.j.m.B.findByBookRequestId - <==      Total: 1
16:05:27.657 [main] DEBUG c.e.j.m.ProcurementItemMapper.insert - ==>  Preparing: INSERT INTO procurement_items (book_request_item_id, status) VALUES (?, ?)
16:05:27.658 [main] DEBUG c.e.j.m.ProcurementItemMapper.insert - ==> Parameters: 10(Long), PENDING(String)
16:05:27.658 [main] DEBUG c.e.j.m.ProcurementItemMapper.insert - <==    Updates: 1
16:05:27.658 [main] INFO  c.e.j.service.BookRequestServiceImpl - 申請已核准：requestId=8, approverId=2
16:05:27.659 [main] DEBUG c.e.j.m.BookRequestMapper.insert - ==>  Preparing: INSERT INTO book_requests (requester_id, status, requested_at) VALUES (?, ?, ?)
16:05:27.659 [main] DEBUG c.e.j.m.BookRequestMapper.insert - ==> Parameters: 1(Long), PENDING(String), 2026-09-09T16:05:27.658960700(LocalDateTime)
16:05:27.659 [main] DEBUG c.e.j.m.BookRequestMapper.insert - <==    Updates: 1
16:05:27.660 [main] DEBUG c.e.j.m.BookRequestItemMapper.insert - ==>  Preparing: INSERT INTO book_request_items (book_request_id, title, isbn, author_id, published_year, estimated_price) VALUES (?, ?, ?, ?, ?, ?)
16:05:27.660 [main] DEBUG c.e.j.m.BookRequestItemMapper.insert - ==> Parameters: 9(Long), Release It!(String), null, null, null, null
16:05:27.660 [main] DEBUG c.e.j.m.BookRequestItemMapper.insert - <==    Updates: 1
16:05:27.660 [main] INFO  c.e.j.service.BookRequestServiceImpl - 送出申請：requestId=9, requesterId=1, 書籍數=1
16:05:27.661 [main] DEBUG c.e.j.m.BookRequestMapper.approve - ==>  Preparing: UPDATE book_requests SET status = 'APPROVED', approver_id = ?, approved_at = ? WHERE id = ? AND status = 'PENDING' AND requester_id != ?
16:05:27.662 [main] DEBUG c.e.j.m.BookRequestMapper.approve - ==> Parameters: 2(Long), 2026-09-09T16:05:27.661967700(LocalDateTime), 9(Long), 2(Long)
16:05:27.662 [main] DEBUG c.e.j.m.BookRequestMapper.approve - <==    Updates: 1
16:05:27.662 [main] DEBUG c.e.j.m.BookRequestMapper.findById - ==>  Preparing: SELECT * FROM book_requests WHERE id = ?
16:05:27.663 [main] DEBUG c.e.j.m.BookRequestMapper.findById - ==> Parameters: 9(Long)
16:05:27.663 [main] DEBUG c.e.j.m.BookRequestMapper.findById - <==      Total: 1
16:05:27.664 [main] DEBUG c.e.j.m.B.findByBookRequestId - ==>  Preparing: SELECT * FROM book_request_items WHERE book_request_id = ?
16:05:27.664 [main] DEBUG c.e.j.m.B.findByBookRequestId - ==> Parameters: 9(Long)
16:05:27.664 [main] DEBUG c.e.j.m.B.findByBookRequestId - <==      Total: 1
16:05:27.664 [main] DEBUG c.e.j.m.ProcurementItemMapper.insert - ==>  Preparing: INSERT INTO procurement_items (book_request_item_id, status) VALUES (?, ?)
16:05:27.665 [main] DEBUG c.e.j.m.ProcurementItemMapper.insert - ==> Parameters: 11(Long), PENDING(String)
16:05:27.665 [main] DEBUG c.e.j.m.ProcurementItemMapper.insert - <==    Updates: 1
16:05:27.665 [main] INFO  c.e.j.service.BookRequestServiceImpl - 申請已核准：requestId=9, approverId=2
16:05:27.665 [main] DEBUG c.e.j.m.BookRequestMapper.insert - ==>  Preparing: INSERT INTO book_requests (requester_id, status, requested_at) VALUES (?, ?, ?)
16:05:27.667 [main] DEBUG c.e.j.m.BookRequestMapper.insert - ==> Parameters: 1(Long), PENDING(String), 2026-09-09T16:05:27.665968600(LocalDateTime)
16:05:27.668 [main] DEBUG c.e.j.m.BookRequestMapper.insert - <==    Updates: 1
16:05:27.668 [main] DEBUG c.e.j.m.BookRequestItemMapper.insert - ==>  Preparing: INSERT INTO book_request_items (book_request_id, title, isbn, author_id, published_year, estimated_price) VALUES (?, ?, ?, ?, ?, ?)
16:05:27.669 [main] DEBUG c.e.j.m.BookRequestItemMapper.insert - ==> Parameters: 10(Long), Overpriced Book(String), null, null, null, 99999(BigDecimal)
16:05:27.669 [main] DEBUG c.e.j.m.BookRequestItemMapper.insert - <==    Updates: 1
16:05:27.669 [main] INFO  c.e.j.service.BookRequestServiceImpl - 送出申請：requestId=10, requesterId=1, 書籍數=1
16:05:27.671 [main] DEBUG c.e.j.m.BookRequestMapper.reject - ==>  Preparing: UPDATE book_requests SET status = 'REJECTED', approver_id = ?, approved_at = ? WHERE id = ? AND status = 'PENDING' AND requester_id != ?
16:05:27.671 [main] DEBUG c.e.j.m.BookRequestMapper.reject - ==> Parameters: 2(Long), 2026-09-09T16:05:27.670966300(LocalDateTime), 10(Long), 2(Long)
16:05:27.672 [main] DEBUG c.e.j.m.BookRequestMapper.reject - <==    Updates: 1
16:05:27.672 [main] DEBUG c.e.j.m.BookRequestMapper.findById - ==>  Preparing: SELECT * FROM book_requests WHERE id = ?
16:05:27.672 [main] DEBUG c.e.j.m.BookRequestMapper.findById - ==> Parameters: 10(Long)
16:05:27.672 [main] DEBUG c.e.j.m.BookRequestMapper.findById - <==      Total: 1
16:05:27.673 [main] INFO  c.e.j.service.BookRequestServiceImpl - 申請已拒絕：requestId=10, approverId=2
16:05:27.674 [main] DEBUG c.e.j.m.BookRequestMapper.insert - ==>  Preparing: INSERT INTO book_requests (requester_id, status, requested_at) VALUES (?, ?, ?)
16:05:27.674 [main] DEBUG c.e.j.m.BookRequestMapper.insert - ==> Parameters: 1(Long), PENDING(String), 2026-09-09T16:05:27.674966600(LocalDateTime)
16:05:27.674 [main] DEBUG c.e.j.m.BookRequestMapper.insert - <==    Updates: 1
16:05:27.674 [main] DEBUG c.e.j.m.BookRequestItemMapper.insert - ==>  Preparing: INSERT INTO book_request_items (book_request_id, title, isbn, author_id, published_year, estimated_price) VALUES (?, ?, ?, ?, ?, ?)
16:05:27.674 [main] DEBUG c.e.j.m.BookRequestItemMapper.insert - ==> Parameters: 11(Long), Duplicate Request Example(String), null, null, null, null
16:05:27.674 [main] DEBUG c.e.j.m.BookRequestItemMapper.insert - <==    Updates: 1
16:05:27.674 [main] INFO  c.e.j.service.BookRequestServiceImpl - 送出申請：requestId=11, requesterId=1, 書籍數=1
16:05:27.676 [main] DEBUG c.e.j.m.BookRequestMapper.reject - ==>  Preparing: UPDATE book_requests SET status = 'REJECTED', approver_id = ?, approved_at = ? WHERE id = ? AND status = 'PENDING' AND requester_id != ?
16:05:27.676 [main] DEBUG c.e.j.m.BookRequestMapper.reject - ==> Parameters: 2(Long), 2026-09-09T16:05:27.676886700(LocalDateTime), 11(Long), 2(Long)
16:05:27.677 [main] DEBUG c.e.j.m.BookRequestMapper.reject - <==    Updates: 1
16:05:27.677 [main] DEBUG c.e.j.m.BookRequestMapper.findById - ==>  Preparing: SELECT * FROM book_requests WHERE id = ?
16:05:27.677 [main] DEBUG c.e.j.m.BookRequestMapper.findById - ==> Parameters: 11(Long)
16:05:27.678 [main] DEBUG c.e.j.m.BookRequestMapper.findById - <==      Total: 1
16:05:27.678 [main] INFO  c.e.j.service.BookRequestServiceImpl - 申請已拒絕：requestId=11, approverId=2
16:05:27.679 [main] DEBUG c.e.j.m.BookRequestMapper.insert - ==>  Preparing: INSERT INTO book_requests (requester_id, status, requested_at) VALUES (?, ?, ?)
16:05:27.679 [main] DEBUG c.e.j.m.BookRequestMapper.insert - ==> Parameters: 1(Long), PENDING(String), 2026-09-09T16:05:27.679894500(LocalDateTime)
16:05:27.679 [main] DEBUG c.e.j.m.BookRequestMapper.insert - <==    Updates: 1
16:05:27.679 [main] DEBUG c.e.j.m.BookRequestItemMapper.insert - ==>  Preparing: INSERT INTO book_request_items (book_request_id, title, isbn, author_id, published_year, estimated_price) VALUES (?, ?, ?, ?, ?, ?)
16:05:27.679 [main] DEBUG c.e.j.m.BookRequestItemMapper.insert - ==> Parameters: 12(Long), Out of Scope Book(String), null, null, null, null
16:05:27.680 [main] DEBUG c.e.j.m.BookRequestItemMapper.insert - <==    Updates: 1
16:05:27.680 [main] INFO  c.e.j.service.BookRequestServiceImpl - 送出申請：requestId=12, requesterId=1, 書籍數=1
16:05:27.680 [main] DEBUG c.e.j.m.BookRequestMapper.reject - ==>  Preparing: UPDATE book_requests SET status = 'REJECTED', approver_id = ?, approved_at = ? WHERE id = ? AND status = 'PENDING' AND requester_id != ?
16:05:27.681 [main] DEBUG c.e.j.m.BookRequestMapper.reject - ==> Parameters: 2(Long), 2026-09-09T16:05:27.680899900(LocalDateTime), 12(Long), 2(Long)
16:05:27.681 [main] DEBUG c.e.j.m.BookRequestMapper.reject - <==    Updates: 1
16:05:27.681 [main] DEBUG c.e.j.m.BookRequestMapper.findById - ==>  Preparing: SELECT * FROM book_requests WHERE id = ?
16:05:27.681 [main] DEBUG c.e.j.m.BookRequestMapper.findById - ==> Parameters: 12(Long)
16:05:27.682 [main] DEBUG c.e.j.m.BookRequestMapper.findById - <==      Total: 1
16:05:27.682 [main] INFO  c.e.j.service.BookRequestServiceImpl - 申請已拒絕：requestId=12, approverId=2
16:05:27.684 [main] DEBUG c.e.j.m.B.findByStatus - ==>  Preparing: SELECT * FROM book_requests WHERE status = ? ORDER BY requested_at
16:05:27.685 [main] DEBUG c.e.j.m.B.findByStatus - ==> Parameters: PENDING(String)
16:05:27.687 [main] DEBUG c.e.j.m.B.findByStatus - <==      Total: 5
16:05:27.688 [main] DEBUG c.e.j.m.B.findByStatus - ==>  Preparing: SELECT * FROM book_requests WHERE status = ? ORDER BY requested_at
16:05:27.689 [main] DEBUG c.e.j.m.B.findByStatus - ==> Parameters: APPROVED(String)
16:05:27.690 [main] DEBUG c.e.j.m.B.findByStatus - <==      Total: 4
16:05:27.690 [main] DEBUG c.e.j.m.B.findByStatus - ==>  Preparing: SELECT * FROM book_requests WHERE status = ? ORDER BY requested_at
16:05:27.690 [main] DEBUG c.e.j.m.B.findByStatus - ==> Parameters: REJECTED(String)
16:05:27.691 [main] DEBUG c.e.j.m.B.findByStatus - <==      Total: 3
16:05:27.692 [main] DEBUG c.e.j.m.BookRequestMapper.findAll - ==>  Preparing: SELECT * FROM book_requests
16:05:27.692 [main] DEBUG c.e.j.m.BookRequestMapper.findAll - ==> Parameters: 
16:05:27.693 [main] DEBUG c.e.j.m.BookRequestMapper.findAll - <==      Total: 12
16:05:29.491 [main] WARN  c.e.j.i.RoleAccessInterceptor - 權限不足被擋下：userId=1, role=ADMIN, POST /procurement/1/complete
16:05:29.492 [main] WARN  c.e.j.i.RoleAccessInterceptor - 權限不足被擋下：userId=1, role=USER, POST /procurement/1/complete
16:05:29.500 [main] WARN  c.e.j.i.RoleAccessInterceptor - 權限不足被擋下：userId=1, role=PROCUREMENT, POST /requests/1/approve
16:05:29.501 [main] WARN  c.e.j.i.RoleAccessInterceptor - 權限不足被擋下：userId=1, role=USER, POST /requests/1/reject
16:05:29.504 [main] WARN  c.e.j.i.RoleAccessInterceptor - 權限不足被擋下：userId=1, role=USER, GET /books/new
16:05:29.512 [main] DEBUG c.e.j.mapper.BookMapper.insert - ==>  Preparing: INSERT INTO books (title, isbn, author_id, published_year) VALUES (?, ?, ?, ?)
16:05:29.513 [main] DEBUG c.e.j.mapper.BookMapper.insert - ==> Parameters: Effective Java(String), 978-0134685991(String), 4(Long), 2018(Integer)
16:05:29.513 [main] DEBUG c.e.j.mapper.BookMapper.insert - <==    Updates: 1
16:05:29.514 [main] DEBUG c.e.j.mapper.BookMapper.insert - ==>  Preparing: INSERT INTO books (title, isbn, author_id, published_year) VALUES (?, ?, ?, ?)
16:05:29.515 [main] DEBUG c.e.j.mapper.BookMapper.insert - ==> Parameters: Unrelated Book(String), 9999999999999(String), 4(Long), 2000(Integer)
16:05:29.515 [main] DEBUG c.e.j.mapper.BookMapper.insert - <==    Updates: 1
16:05:29.519 [main] DEBUG c.e.j.mapper.BookMapper.search - ==>  Preparing: SELECT b.id, b.title, b.isbn, b.published_year, a.name AS author_name, c.id AS category_id, c.name AS category_name FROM books b LEFT JOIN authors a ON b.author_id = a.id LEFT JOIN books_categories bc ON bc.book_id = b.id LEFT JOIN categories c ON bc.category_id = c.id WHERE (b.title ILIKE CONCAT('%', ?, '%') OR a.name ILIKE CONCAT('%', ?, '%') OR c.name ILIKE CONCAT('%', ?, '%')) ORDER BY b.id
16:05:29.521 [main] DEBUG c.e.j.mapper.BookMapper.search - ==> Parameters: Effective(String), Effective(String), Effective(String)
16:05:29.522 [main] DEBUG c.e.j.mapper.BookMapper.search - <==      Total: 1
16:05:29.529 [main] DEBUG c.e.j.mapper.BookMapper.insert - ==>  Preparing: INSERT INTO books (title, isbn, author_id, published_year) VALUES (?, ?, ?, ?)
16:05:29.531 [main] DEBUG c.e.j.mapper.BookMapper.insert - ==> Parameters: Effective Java(String), 978-0134685991(String), 5(Long), 2018(Integer)
16:05:29.531 [main] DEBUG c.e.j.mapper.BookMapper.insert - <==    Updates: 1
16:05:29.532 [main] DEBUG c.e.j.m.B.insertBookCategories - ==>  Preparing: INSERT INTO books_categories (book_id, category_id) VALUES (?, ?)
16:05:29.532 [main] DEBUG c.e.j.m.B.insertBookCategories - ==> Parameters: 8(Long), 4(Long)
16:05:29.532 [main] DEBUG c.e.j.m.B.insertBookCategories - <==    Updates: 1
16:05:29.533 [main] DEBUG c.e.j.m.B.findCategoriesById - ==>  Preparing: SELECT c.* FROM categories c JOIN books_categories bc ON bc.category_id = c.id WHERE bc.book_id = ?
16:05:29.534 [main] DEBUG c.e.j.m.B.findCategoriesById - ==> Parameters: 8(Long)
16:05:29.534 [main] DEBUG c.e.j.m.B.findCategoriesById - <==      Total: 1
16:05:29.540 [main] DEBUG c.e.j.mapper.BookMapper.insert - ==>  Preparing: INSERT INTO books (title, isbn, author_id, published_year) VALUES (?, ?, ?, ?)
16:05:29.541 [main] DEBUG c.e.j.mapper.BookMapper.insert - ==> Parameters: Effective Java(String), 978-0134685991(String), 6(Long), 2018(Integer)
16:05:29.541 [main] DEBUG c.e.j.mapper.BookMapper.insert - <==    Updates: 1
16:05:29.541 [main] DEBUG c.e.j.mapper.BookMapper.update - ==>  Preparing: UPDATE books SET title = ?, isbn = ?, author_id = ?, published_year = ? WHERE id = ?
16:05:29.542 [main] DEBUG c.e.j.mapper.BookMapper.update - ==> Parameters: My New Title(String), 978-0134685991(String), 6(Long), 2018(Integer), 9(Long)
16:05:29.542 [main] DEBUG c.e.j.mapper.BookMapper.update - <==    Updates: 1
16:05:29.542 [main] DEBUG c.e.j.mapper.BookMapper.findById - ==>  Preparing: SELECT id, title, isbn, author_id, published_year FROM books WHERE id = ?
16:05:29.542 [main] DEBUG c.e.j.mapper.BookMapper.findById - ==> Parameters: 9(Long)
16:05:29.543 [main] DEBUG c.e.j.mapper.BookMapper.findById - <==      Total: 1
16:05:29.543 [main] DEBUG c.e.j.mapper.BookMapper.findAll - ==>  Preparing: SELECT b.id, b.title, b.isbn, b.published_year, a.name AS author_name, c.id AS category_id, c.name AS category_name FROM books b LEFT JOIN authors a ON b.author_id = a.id LEFT JOIN books_categories bc ON bc.book_id = b.id LEFT JOIN categories c ON bc.category_id = c.id ORDER BY b.id
16:05:29.544 [main] DEBUG c.e.j.mapper.BookMapper.findAll - ==> Parameters: 
16:05:29.544 [main] DEBUG c.e.j.mapper.BookMapper.findAll - <==      Total: 1
16:05:29.551 [main] DEBUG c.e.j.mapper.BookMapper.insert - ==>  Preparing: INSERT INTO books (title, isbn, author_id, published_year) VALUES (?, ?, ?, ?)
16:05:29.551 [main] DEBUG c.e.j.mapper.BookMapper.insert - ==> Parameters: Effective Java(String), 978-0134685991(String), 7(Long), 2018(Integer)
16:05:29.552 [main] DEBUG c.e.j.mapper.BookMapper.insert - <==    Updates: 1
16:05:29.552 [main] DEBUG c.e.j.m.B.insertBookCategories - ==>  Preparing: INSERT INTO books_categories (book_id, category_id) VALUES (?, ?) , (?, ?)
16:05:29.552 [main] DEBUG c.e.j.m.B.insertBookCategories - ==> Parameters: 10(Long), 5(Long), 10(Long), 6(Long)
16:05:29.553 [main] DEBUG c.e.j.m.B.insertBookCategories - <==    Updates: 2
16:05:29.553 [main] DEBUG c.e.j.mapper.BookMapper.insert - ==>  Preparing: INSERT INTO books (title, isbn, author_id, published_year) VALUES (?, ?, ?, ?)
16:05:29.553 [main] DEBUG c.e.j.mapper.BookMapper.insert - ==> Parameters: Effective Java(String), 978-0134685991(String), 7(Long), 2018(Integer)
16:05:29.553 [main] DEBUG c.e.j.mapper.BookMapper.insert - <==    Updates: 1
16:05:29.554 [main] DEBUG c.e.j.mapper.BookMapper.findAll - ==>  Preparing: SELECT b.id, b.title, b.isbn, b.published_year, a.name AS author_name, c.id AS category_id, c.name AS category_name FROM books b LEFT JOIN authors a ON b.author_id = a.id LEFT JOIN books_categories bc ON bc.book_id = b.id LEFT JOIN categories c ON bc.category_id = c.id ORDER BY b.id
16:05:29.554 [main] DEBUG c.e.j.mapper.BookMapper.findAll - ==> Parameters: 
16:05:29.556 [main] DEBUG c.e.j.mapper.BookMapper.findAll - <==      Total: 3
16:05:29.563 [main] DEBUG c.e.j.mapper.BookMapper.insert - ==>  Preparing: INSERT INTO books (title, isbn, author_id, published_year) VALUES (?, ?, ?, ?)
16:05:29.563 [main] DEBUG c.e.j.mapper.BookMapper.insert - ==> Parameters: Effective Java(String), 978-0134685991(String), 8(Long), 2018(Integer)
16:05:29.564 [main] DEBUG c.e.j.mapper.BookMapper.insert - <==    Updates: 1
16:05:29.564 [main] DEBUG c.e.j.m.B.insertBookCategories - ==>  Preparing: INSERT INTO books_categories (book_id, category_id) VALUES (?, ?)
16:05:29.564 [main] DEBUG c.e.j.m.B.insertBookCategories - ==> Parameters: 12(Long), 7(Long)
16:05:29.564 [main] DEBUG c.e.j.m.B.insertBookCategories - <==    Updates: 1
16:05:29.565 [main] DEBUG c.e.j.m.B.deleteCategoriesByBookId - ==>  Preparing: DELETE FROM books_categories bc WHERE bc.book_id = ?
16:05:29.565 [main] DEBUG c.e.j.m.B.deleteCategoriesByBookId - ==> Parameters: 12(Long)
16:05:29.565 [main] DEBUG c.e.j.m.B.deleteCategoriesByBookId - <==    Updates: 1
16:05:29.565 [main] DEBUG c.e.j.m.B.findCategoriesById - ==>  Preparing: SELECT c.* FROM categories c JOIN books_categories bc ON bc.category_id = c.id WHERE bc.book_id = ?
16:05:29.566 [main] DEBUG c.e.j.m.B.findCategoriesById - ==> Parameters: 12(Long)
16:05:29.566 [main] DEBUG c.e.j.m.B.findCategoriesById - <==      Total: 0
16:05:29.572 [main] DEBUG c.e.j.mapper.BookMapper.insert - ==>  Preparing: INSERT INTO books (title, isbn, author_id, published_year) VALUES (?, ?, ?, ?)
16:05:29.572 [main] DEBUG c.e.j.mapper.BookMapper.insert - ==> Parameters: Effective Java(String), 978-0134685991(String), 9(Long), 2018(Integer)
16:05:29.572 [main] DEBUG c.e.j.mapper.BookMapper.insert - <==    Updates: 1
16:05:29.573 [main] DEBUG c.e.j.mapper.BookMapper.insert - ==>  Preparing: INSERT INTO books (title, isbn, author_id, published_year) VALUES (?, ?, ?, ?)
16:05:29.573 [main] DEBUG c.e.j.mapper.BookMapper.insert - ==> Parameters: Clean Code(String), 9780132350884(String), 10(Long), 2008(Integer)
16:05:29.573 [main] DEBUG c.e.j.mapper.BookMapper.insert - <==    Updates: 1
16:05:29.573 [main] DEBUG c.e.j.mapper.BookMapper.search - ==>  Preparing: SELECT b.id, b.title, b.isbn, b.published_year, a.name AS author_name, c.id AS category_id, c.name AS category_name FROM books b LEFT JOIN authors a ON b.author_id = a.id LEFT JOIN books_categories bc ON bc.book_id = b.id LEFT JOIN categories c ON bc.category_id = c.id WHERE (b.title ILIKE CONCAT('%', ?, '%') OR a.name ILIKE CONCAT('%', ?, '%') OR c.name ILIKE CONCAT('%', ?, '%')) ORDER BY b.id
16:05:29.574 [main] DEBUG c.e.j.mapper.BookMapper.search - ==> Parameters: Bloch(String), Bloch(String), Bloch(String)
16:05:29.575 [main] DEBUG c.e.j.mapper.BookMapper.search - <==      Total: 1
16:05:29.580 [main] DEBUG c.e.j.mapper.BookMapper.insert - ==>  Preparing: INSERT INTO books (title, isbn, author_id, published_year) VALUES (?, ?, ?, ?)
16:05:29.580 [main] DEBUG c.e.j.mapper.BookMapper.insert - ==> Parameters: Effective Java(String), 978-0134685991(String), 11(Long), 2018(Integer)
16:05:29.580 [main] DEBUG c.e.j.mapper.BookMapper.insert - <==    Updates: 1
16:05:29.581 [main] DEBUG c.e.j.mapper.BookMapper.insert - ==>  Preparing: INSERT INTO books (title, isbn, author_id, published_year) VALUES (?, ?, ?, ?)
16:05:29.581 [main] DEBUG c.e.j.mapper.BookMapper.insert - ==> Parameters: Unrelated Book(String), 9999999999999(String), 11(Long), 2000(Integer)
16:05:29.581 [main] DEBUG c.e.j.mapper.BookMapper.insert - <==    Updates: 1
16:05:29.582 [main] DEBUG c.e.j.mapper.BookMapper.search - ==>  Preparing: SELECT b.id, b.title, b.isbn, b.published_year, a.name AS author_name, c.id AS category_id, c.name AS category_name FROM books b LEFT JOIN authors a ON b.author_id = a.id LEFT JOIN books_categories bc ON bc.book_id = b.id LEFT JOIN categories c ON bc.category_id = c.id ORDER BY b.id
16:05:29.582 [main] DEBUG c.e.j.mapper.BookMapper.search - ==> Parameters: 
16:05:29.583 [main] DEBUG c.e.j.mapper.BookMapper.search - <==      Total: 2
16:05:29.590 [main] DEBUG c.e.j.mapper.BookMapper.insert - ==>  Preparing: INSERT INTO books (title, isbn, author_id, published_year) VALUES (?, ?, ?, ?)
16:05:29.591 [main] DEBUG c.e.j.mapper.BookMapper.insert - ==> Parameters: Effective Java(String), 978-0134685991(String), 12(Long), 2018(Integer)
16:05:29.591 [main] DEBUG c.e.j.mapper.BookMapper.insert - <==    Updates: 1
16:05:29.591 [main] DEBUG c.e.j.m.B.insertBookCategories - ==>  Preparing: INSERT INTO books_categories (book_id, category_id) VALUES (?, ?)
16:05:29.591 [main] DEBUG c.e.j.m.B.insertBookCategories - ==> Parameters: 17(Long), 8(Long)
16:05:29.592 [main] DEBUG c.e.j.m.B.insertBookCategories - <==    Updates: 1
16:05:29.592 [main] DEBUG c.e.j.m.B.findCategoriesById - ==>  Preparing: SELECT c.* FROM categories c JOIN books_categories bc ON bc.category_id = c.id WHERE bc.book_id = ?
16:05:29.592 [main] DEBUG c.e.j.m.B.findCategoriesById - ==> Parameters: 17(Long)
16:05:29.593 [main] DEBUG c.e.j.m.B.findCategoriesById - <==      Total: 1
16:05:29.597 [main] DEBUG c.e.j.mapper.BookMapper.insert - ==>  Preparing: INSERT INTO books (title, isbn, author_id, published_year) VALUES (?, ?, ?, ?)
16:05:29.597 [main] DEBUG c.e.j.mapper.BookMapper.insert - ==> Parameters: Effective Java(String), 978-0134685991(String), 13(Long), 2018(Integer)
16:05:29.598 [main] DEBUG c.e.j.mapper.BookMapper.insert - <==    Updates: 1
16:05:29.598 [main] DEBUG c.e.j.mapper.BookMapper.insert - ==>  Preparing: INSERT INTO books (title, isbn, author_id, published_year) VALUES (?, ?, ?, ?)
16:05:29.598 [main] DEBUG c.e.j.mapper.BookMapper.insert - ==> Parameters: Effective Java(String), 978-0134685991(String), 13(Long), 2018(Integer)
16:05:29.598 [main] DEBUG c.e.j.mapper.BookMapper.insert - <==    Updates: 1
16:05:29.598 [main] DEBUG c.e.j.m.BookMapper.findByAuthorId - ==>  Preparing: SELECT * FROM books b WHERE b.author_id = ?
16:05:29.600 [main] DEBUG c.e.j.m.BookMapper.findByAuthorId - ==> Parameters: 13(Long)
16:05:29.600 [main] DEBUG c.e.j.m.BookMapper.findByAuthorId - <==      Total: 2
16:05:29.609 [main] DEBUG c.e.j.m.BookRequestMapper.insert - ==>  Preparing: INSERT INTO book_requests (requester_id, status, requested_at) VALUES (?, ?, ?)
16:05:29.609 [main] DEBUG c.e.j.m.BookRequestMapper.insert - ==> Parameters: 4(Long), PENDING(String), 2026-09-09T16:05:29.608466700(LocalDateTime)
16:05:29.609 [main] DEBUG c.e.j.m.BookRequestMapper.insert - <==    Updates: 1
16:05:29.610 [main] DEBUG c.e.j.m.BookRequestItemMapper.insert - ==>  Preparing: INSERT INTO book_request_items (book_request_id, title, isbn, author_id, published_year, estimated_price) VALUES (?, ?, ?, ?, ?, ?)
16:05:29.610 [main] DEBUG c.e.j.m.BookRequestItemMapper.insert - ==> Parameters: 13(Long), Effective Java(String), 9780134685991(String), null, 2018(Integer), 1200.00(BigDecimal)
16:05:29.610 [main] DEBUG c.e.j.m.BookRequestItemMapper.insert - <==    Updates: 1
16:05:29.611 [main] DEBUG c.e.j.m.B.findByBookRequestId - ==>  Preparing: SELECT * FROM book_request_items WHERE book_request_id = ?
16:05:29.611 [main] DEBUG c.e.j.m.B.findByBookRequestId - ==> Parameters: 13(Long)
16:05:29.611 [main] DEBUG c.e.j.m.B.findByBookRequestId - <==      Total: 1
16:05:29.616 [main] DEBUG c.e.j.m.BookRequestMapper.insert - ==>  Preparing: INSERT INTO book_requests (requester_id, status, requested_at) VALUES (?, ?, ?)
16:05:29.616 [main] DEBUG c.e.j.m.BookRequestMapper.insert - ==> Parameters: 5(Long), APPROVED(String), 2026-09-09T16:05:29.615464500(LocalDateTime)
16:05:29.617 [main] DEBUG c.e.j.m.BookRequestMapper.insert - <==    Updates: 1
16:05:29.618 [main] DEBUG c.e.j.m.BookRequestItemMapper.insert - ==>  Preparing: INSERT INTO book_request_items (book_request_id, title, isbn, author_id, published_year, estimated_price) VALUES (?, ?, ?, ?, ?, ?)
16:05:29.618 [main] DEBUG c.e.j.m.BookRequestItemMapper.insert - ==> Parameters: 14(Long), Clean Code(String), null, null, null, null
16:05:29.618 [main] DEBUG c.e.j.m.BookRequestItemMapper.insert - <==    Updates: 1
16:05:29.619 [main] DEBUG c.e.j.m.ProcurementItemMapper.insert - ==>  Preparing: INSERT INTO procurement_items (book_request_item_id, status) VALUES (?, ?)
16:05:29.619 [main] DEBUG c.e.j.m.ProcurementItemMapper.insert - ==> Parameters: 16(Long), PENDING(String)
16:05:29.619 [main] DEBUG c.e.j.m.ProcurementItemMapper.insert - <==    Updates: 1
16:05:29.620 [main] DEBUG c.e.j.m.P.findByStatus - ==>  Preparing: SELECT * FROM procurement_items WHERE status = ?
16:05:29.620 [main] DEBUG c.e.j.m.P.findByStatus - ==> Parameters: PENDING(String)
16:05:29.620 [main] DEBUG c.e.j.m.P.findByStatus - <==      Total: 1
16:05:29.621 [main] DEBUG c.e.j.m.ProcurementItemMapper.update - ==>  Preparing: UPDATE procurement_items SET status = ?, procured_by = ?, procured_at = ?, book_id = ? WHERE id = ?
16:05:29.622 [main] DEBUG c.e.j.m.ProcurementItemMapper.update - ==> Parameters: COMPLETED(String), 6(Long), 2026-09-09T16:05:29.621871900(LocalDateTime), null, 6(Long)
16:05:29.622 [main] DEBUG c.e.j.m.ProcurementItemMapper.update - <==    Updates: 1
16:05:29.623 [main] DEBUG c.e.j.m.P.findById - ==>  Preparing: SELECT * FROM procurement_items WHERE id = ?
16:05:29.624 [main] DEBUG c.e.j.m.P.findById - ==> Parameters: 6(Long)
16:05:29.625 [main] DEBUG c.e.j.m.P.findById - <==      Total: 1
16:05:29.634 [main] DEBUG c.e.j.m.BookRequestMapper.insert - ==>  Preparing: INSERT INTO book_requests (requester_id, status, requested_at) VALUES (?, ?, ?)
16:05:29.634 [main] DEBUG c.e.j.m.BookRequestMapper.insert - ==> Parameters: 7(Long), PENDING(String), 2026-09-09T16:05:29.633180(LocalDateTime)
16:05:29.635 [main] DEBUG c.e.j.m.BookRequestMapper.insert - <==    Updates: 1
16:05:29.636 [main] DEBUG c.e.j.m.BookRequestMapper.findById - ==>  Preparing: SELECT * FROM book_requests WHERE id = ?
16:05:29.636 [main] DEBUG c.e.j.m.BookRequestMapper.findById - ==> Parameters: 15(Long)
16:05:29.637 [main] DEBUG c.e.j.m.BookRequestMapper.findById - <==      Total: 1
16:05:29.637 [main] DEBUG c.e.j.m.B.findByStatus - ==>  Preparing: SELECT * FROM book_requests WHERE status = ? ORDER BY requested_at
16:05:29.638 [main] DEBUG c.e.j.m.B.findByStatus - ==> Parameters: PENDING(String)
16:05:29.639 [main] DEBUG c.e.j.m.B.findByStatus - <==      Total: 1
16:05:29.643 [main] DEBUG c.e.j.m.BookRequestMapper.insert - ==>  Preparing: INSERT INTO book_requests (requester_id, status, requested_at) VALUES (?, ?, ?)
16:05:29.643 [main] DEBUG c.e.j.m.BookRequestMapper.insert - ==> Parameters: 8(Long), APPROVED(String), 2026-09-09T16:05:29.643373(LocalDateTime)
16:05:29.643 [main] DEBUG c.e.j.m.BookRequestMapper.insert - <==    Updates: 1
16:05:29.644 [main] DEBUG c.e.j.m.BookRequestItemMapper.insert - ==>  Preparing: INSERT INTO book_request_items (book_request_id, title, isbn, author_id, published_year, estimated_price) VALUES (?, ?, ?, ?, ?, ?)
16:05:29.644 [main] DEBUG c.e.j.m.BookRequestItemMapper.insert - ==> Parameters: 16(Long), Effective Java(String), 9780134685991(String), null, 2018(Integer), 1200.00(BigDecimal)
16:05:29.644 [main] DEBUG c.e.j.m.BookRequestItemMapper.insert - <==    Updates: 1
16:05:29.644 [main] DEBUG c.e.j.m.ProcurementItemMapper.insert - ==>  Preparing: INSERT INTO procurement_items (book_request_item_id, status) VALUES (?, ?)
16:05:29.644 [main] DEBUG c.e.j.m.ProcurementItemMapper.insert - ==> Parameters: 17(Long), PENDING(String)
16:05:29.645 [main] DEBUG c.e.j.m.ProcurementItemMapper.insert - <==    Updates: 1
16:05:29.645 [main] DEBUG c.e.j.m.BookRequestItemMapper.insert - ==>  Preparing: INSERT INTO book_request_items (book_request_id, title, isbn, author_id, published_year, estimated_price) VALUES (?, ?, ?, ?, ?, ?)
16:05:29.645 [main] DEBUG c.e.j.m.BookRequestItemMapper.insert - ==> Parameters: 16(Long), Clean Code(String), null, null, null, null
16:05:29.645 [main] DEBUG c.e.j.m.BookRequestItemMapper.insert - <==    Updates: 1
16:05:29.646 [main] DEBUG c.e.j.m.ProcurementItemMapper.insert - ==>  Preparing: INSERT INTO procurement_items (book_request_item_id, status) VALUES (?, ?)
16:05:29.646 [main] DEBUG c.e.j.m.ProcurementItemMapper.insert - ==> Parameters: 18(Long), COMPLETED(String)
16:05:29.646 [main] DEBUG c.e.j.m.ProcurementItemMapper.insert - <==    Updates: 1
16:05:29.647 [main] DEBUG c.e.j.m.P.findSummary - ==>  Preparing: SELECT p.*, b.title,b.isbn,b.author_id,b.published_year,b.estimated_price FROM procurement_items p JOIN book_request_items b ON p.book_request_item_id = b.id WHERE p.status = ?
16:05:29.647 [main] DEBUG c.e.j.m.P.findSummary - ==> Parameters: PENDING(String)
16:05:29.649 [main] DEBUG c.e.j.m.P.findSummary - <==      Total: 1
16:05:29.655 [main] DEBUG c.e.j.m.BookRequestMapper.insert - ==>  Preparing: INSERT INTO book_requests (requester_id, status, requested_at) VALUES (?, ?, ?)
16:05:29.656 [main] DEBUG c.e.j.m.BookRequestMapper.insert - ==> Parameters: 9(Long), PENDING(String), 2026-09-09T16:05:29.655257(LocalDateTime)
16:05:29.656 [main] DEBUG c.e.j.m.BookRequestMapper.insert - <==    Updates: 1
16:05:29.657 [main] DEBUG c.e.j.m.BookRequestMapper.insert - ==>  Preparing: INSERT INTO book_requests (requester_id, status, requested_at) VALUES (?, ?, ?)
16:05:29.657 [main] DEBUG c.e.j.m.BookRequestMapper.insert - ==> Parameters: 9(Long), APPROVED(String), 2026-09-09T16:05:29.656258300(LocalDateTime)
16:05:29.657 [main] DEBUG c.e.j.m.BookRequestMapper.insert - <==    Updates: 1
16:05:29.658 [main] DEBUG c.e.j.m.B.findSummary - ==>  Preparing: SELECT br.id, br.requester_id, br.approver_id, br.status, br.requested_at, br.approved_at, bri.id AS item_id, bri.book_request_id, bri.title AS item_title, bri.isbn AS item_isbn, bri.author_id AS item_author_id, bri.published_year AS item_published_year, bri.estimated_price AS item_estimated_price FROM book_requests br LEFT JOIN book_request_items bri ON bri.book_request_id = br.id WHERE br.status = ? ORDER BY br.requested_at
16:05:29.659 [main] DEBUG c.e.j.m.B.findSummary - ==> Parameters: PENDING(String)
16:05:29.660 [main] DEBUG c.e.j.m.B.findSummary - <==      Total: 1
16:05:29.665 [main] DEBUG c.e.j.m.BookRequestMapper.insert - ==>  Preparing: INSERT INTO book_requests (requester_id, status, requested_at) VALUES (?, ?, ?)
16:05:29.665 [main] DEBUG c.e.j.m.BookRequestMapper.insert - ==> Parameters: 10(Long), PENDING(String), 2026-09-09T16:05:29.665258700(LocalDateTime)
16:05:29.666 [main] DEBUG c.e.j.m.BookRequestMapper.insert - <==    Updates: 1
16:05:29.667 [main] DEBUG c.e.j.m.BookRequestMapper.approve - ==>  Preparing: UPDATE book_requests SET status = 'APPROVED', approver_id = ?, approved_at = ? WHERE id = ? AND status = 'PENDING' AND requester_id != ?
16:05:29.668 [main] DEBUG c.e.j.m.BookRequestMapper.approve - ==> Parameters: 11(Long), 2026-09-09T16:05:29.666260500(LocalDateTime), 19(Long), 11(Long)
16:05:29.669 [main] DEBUG c.e.j.m.BookRequestMapper.approve - <==    Updates: 1
16:05:29.677 [main] DEBUG c.e.j.m.BookRequestMapper.insert - ==>  Preparing: INSERT INTO book_requests (requester_id, status, requested_at) VALUES (?, ?, ?)
16:05:29.678 [main] DEBUG c.e.j.m.BookRequestMapper.insert - ==> Parameters: 12(Long), PENDING(String), 2026-09-09T16:05:29.677255600(LocalDateTime)
16:05:29.678 [main] DEBUG c.e.j.m.BookRequestMapper.insert - <==    Updates: 1
16:05:29.679 [main] DEBUG c.e.j.m.BookRequestItemMapper.insert - ==>  Preparing: INSERT INTO book_request_items (book_request_id, title, isbn, author_id, published_year, estimated_price) VALUES (?, ?, ?, ?, ?, ?)
16:05:29.679 [main] DEBUG c.e.j.m.BookRequestItemMapper.insert - ==> Parameters: 20(Long), Effective Java(String), null, null, null, null
16:05:29.679 [main] DEBUG c.e.j.m.BookRequestItemMapper.insert - <==    Updates: 1
16:05:29.680 [main] DEBUG c.e.j.m.BookRequestItemMapper.insert - ==>  Preparing: INSERT INTO book_request_items (book_request_id, title, isbn, author_id, published_year, estimated_price) VALUES (?, ?, ?, ?, ?, ?)
16:05:29.680 [main] DEBUG c.e.j.m.BookRequestItemMapper.insert - ==> Parameters: 20(Long), Clean Code(String), null, null, null, null
16:05:29.681 [main] DEBUG c.e.j.m.BookRequestItemMapper.insert - <==    Updates: 1
16:05:29.681 [main] DEBUG c.e.j.m.B.findSummary - ==>  Preparing: SELECT br.id, br.requester_id, br.approver_id, br.status, br.requested_at, br.approved_at, bri.id AS item_id, bri.book_request_id, bri.title AS item_title, bri.isbn AS item_isbn, bri.author_id AS item_author_id, bri.published_year AS item_published_year, bri.estimated_price AS item_estimated_price FROM book_requests br LEFT JOIN book_request_items bri ON bri.book_request_id = br.id ORDER BY br.requested_at
16:05:29.682 [main] DEBUG c.e.j.m.B.findSummary - ==> Parameters: 
16:05:29.684 [main] DEBUG c.e.j.m.B.findSummary - <==      Total: 2
16:05:29.693 [main] DEBUG c.e.j.mapper.CategoryMapper.update - ==>  Preparing: UPDATE categories SET name = ? WHERE id = ?
16:05:29.694 [main] DEBUG c.e.j.mapper.CategoryMapper.update - ==> Parameters: Updated Name(String), 9(Long)
16:05:29.694 [main] DEBUG c.e.j.mapper.CategoryMapper.update - <==    Updates: 1
16:05:29.694 [main] DEBUG c.e.j.mapper.CategoryMapper.findById - ==>  Preparing: SELECT * FROM categories c WHERE c.id = ?
16:05:29.694 [main] DEBUG c.e.j.mapper.CategoryMapper.findById - ==> Parameters: 9(Long)
16:05:29.695 [main] DEBUG c.e.j.mapper.CategoryMapper.findById - <==      Total: 1
16:05:29.698 [main] DEBUG c.e.j.mapper.CategoryMapper.insert - ==>  Preparing: INSERT INTO categories (name) VALUES (?)
16:05:29.698 [main] DEBUG c.e.j.mapper.CategoryMapper.insert - ==> Parameters: Fiction(String)
16:05:29.698 [main] DEBUG c.e.j.mapper.CategoryMapper.insert - <==    Updates: 1
16:05:29.699 [main] DEBUG c.e.j.mapper.CategoryMapper.findById - ==>  Preparing: SELECT * FROM categories c WHERE c.id = ?
16:05:29.699 [main] DEBUG c.e.j.mapper.CategoryMapper.findById - ==> Parameters: 10(Long)
16:05:29.700 [main] DEBUG c.e.j.mapper.CategoryMapper.findById - <==      Total: 1
16:05:29.705 [main] DEBUG c.e.j.mapper.CategoryMapper.findAll - ==>  Preparing: SELECT * FROM categories c ORDER BY c.id
16:05:29.705 [main] DEBUG c.e.j.mapper.CategoryMapper.findAll - ==> Parameters: 
16:05:29.706 [main] DEBUG c.e.j.mapper.CategoryMapper.findAll - <==      Total: 2
16:05:29.709 [main] DEBUG c.e.j.m.CategoryMapper.deleteById - ==>  Preparing: DELETE FROM categories WHERE id = ?
16:05:29.709 [main] DEBUG c.e.j.m.CategoryMapper.deleteById - ==> Parameters: 13(Long)
16:05:29.709 [main] DEBUG c.e.j.m.CategoryMapper.deleteById - <==    Updates: 1
16:05:29.710 [main] DEBUG c.e.j.mapper.CategoryMapper.findAll - ==>  Preparing: SELECT * FROM categories c ORDER BY c.id
16:05:29.710 [main] DEBUG c.e.j.mapper.CategoryMapper.findAll - ==> Parameters: 
16:05:29.710 [main] DEBUG c.e.j.mapper.CategoryMapper.findAll - <==      Total: 0
16:05:29.720 [main] DEBUG c.e.j.m.C.findBooksByCategoryId - ==>  Preparing: SELECT b.* FROM books b JOIN books_categories bc ON b.id = bc.book_id WHERE bc.category_id = ?
16:05:29.721 [main] DEBUG c.e.j.m.C.findBooksByCategoryId - ==> Parameters: 14(Long)
16:05:29.721 [main] DEBUG c.e.j.m.C.findBooksByCategoryId - <==      Total: 1
16:05:29.725 [main] DEBUG c.e.j.mapper.CategoryMapper.findById - ==>  Preparing: SELECT * FROM categories c WHERE c.id = ?
16:05:29.725 [main] DEBUG c.e.j.mapper.CategoryMapper.findById - ==> Parameters: 16(Long)
16:05:29.725 [main] DEBUG c.e.j.mapper.CategoryMapper.findById - <==      Total: 1
16:05:29.733 [main] DEBUG c.e.j.mapper.UserMapper.update - ==>  Preparing: UPDATE users SET name = ?, password_hash = ?, role = ? WHERE id = ?
16:05:29.733 [main] DEBUG c.e.j.mapper.UserMapper.update - ==> Parameters: New Name(String), new-hash(String), ADMIN(String), 13(Long)
16:05:29.734 [main] DEBUG c.e.j.mapper.UserMapper.update - <==    Updates: 1
16:05:29.734 [main] DEBUG c.e.j.mapper.UserMapper.findByEmail - ==>  Preparing: SELECT * FROM users u WHERE u.email = ?
16:05:29.734 [main] DEBUG c.e.j.mapper.UserMapper.findByEmail - ==> Parameters: update@example.com(String)
16:05:29.736 [main] DEBUG c.e.j.mapper.UserMapper.findByEmail - <==      Total: 1
16:05:29.738 [main] DEBUG c.e.j.mapper.UserMapper.insert - ==>  Preparing: INSERT INTO users (email, name, password_hash, role) VALUES (?, ?, ?, ?)
16:05:29.738 [main] DEBUG c.e.j.mapper.UserMapper.insert - ==> Parameters: new@example.com(String), New User(String), hashed-password(String), ADMIN(String)
16:05:29.739 [main] DEBUG c.e.j.mapper.UserMapper.insert - <==    Updates: 1
16:05:29.739 [main] DEBUG c.e.j.mapper.UserMapper.findByEmail - ==>  Preparing: SELECT * FROM users u WHERE u.email = ?
16:05:29.739 [main] DEBUG c.e.j.mapper.UserMapper.findByEmail - ==> Parameters: new@example.com(String)
16:05:29.739 [main] DEBUG c.e.j.mapper.UserMapper.findByEmail - <==      Total: 1
16:05:29.742 [main] DEBUG c.e.j.mapper.UserMapper.findByEmail - ==>  Preparing: SELECT * FROM users u WHERE u.email = ?
16:05:29.742 [main] DEBUG c.e.j.mapper.UserMapper.findByEmail - ==> Parameters: nobody@example.com(String)
16:05:29.742 [main] DEBUG c.e.j.mapper.UserMapper.findByEmail - <==      Total: 0
16:05:29.744 [main] DEBUG c.e.j.mapper.UserMapper.findByEmail - ==>  Preparing: SELECT * FROM users u WHERE u.email = ?
16:05:29.744 [main] DEBUG c.e.j.mapper.UserMapper.findByEmail - ==> Parameters: alex@example.com(String)
16:05:29.744 [main] DEBUG c.e.j.mapper.UserMapper.findByEmail - <==      Total: 1
16:05:29.841 [main] INFO  c.e.j.service.AuthServiceImpl - 登入成功：userId=1, email=alex@example.com
16:05:29.842 [main] WARN  c.e.j.service.AuthServiceImpl - 登入失敗，帳號不存在：email=nobody@example.com
16:05:29.844 [main] WARN  c.e.j.service.AuthServiceImpl - 登入失敗，密碼錯誤：email=alex@example.com
16:05:29.846 [main] INFO  c.e.j.service.AuthServiceImpl - 新使用者註冊：userId=null, email=new@example.com
16:05:29.885 [main] DEBUG c.e.j.m.BookRequestMapper.insert - ==>  Preparing: INSERT INTO book_requests (requester_id, status, requested_at) VALUES (?, ?, ?)
16:05:29.885 [main] DEBUG c.e.j.m.BookRequestMapper.insert - ==> Parameters: 16(Long), APPROVED(String), 2026-09-09T16:05:29.885600(LocalDateTime)
16:05:29.885 [main] DEBUG c.e.j.m.BookRequestMapper.insert - <==    Updates: 1
16:05:29.886 [main] DEBUG c.e.j.m.BookRequestItemMapper.insert - ==>  Preparing: INSERT INTO book_request_items (book_request_id, title, isbn, author_id, published_year, estimated_price) VALUES (?, ?, ?, ?, ?, ?)
16:05:29.886 [main] DEBUG c.e.j.m.BookRequestItemMapper.insert - ==> Parameters: 21(Long), Effective Java(String), null, null, null, null
16:05:29.886 [main] DEBUG c.e.j.m.BookRequestItemMapper.insert - <==    Updates: 1
16:05:29.886 [main] DEBUG c.e.j.m.ProcurementItemMapper.insert - ==>  Preparing: INSERT INTO procurement_items (book_request_item_id, status) VALUES (?, ?)
16:05:29.886 [main] DEBUG c.e.j.m.ProcurementItemMapper.insert - ==> Parameters: 21(Long), PENDING(String)
16:05:29.886 [main] DEBUG c.e.j.m.ProcurementItemMapper.insert - <==    Updates: 1
16:05:29.891 [pool-2-thread-1] DEBUG c.e.j.m.P.findByIdForUpdate - ==>  Preparing: SELECT * FROM procurement_items WHERE id = ? FOR UPDATE
16:05:29.891 [pool-2-thread-2] DEBUG c.e.j.m.P.findByIdForUpdate - ==>  Preparing: SELECT * FROM procurement_items WHERE id = ? FOR UPDATE
16:05:29.892 [pool-2-thread-1] DEBUG c.e.j.m.P.findByIdForUpdate - ==> Parameters: 9(Long)
16:05:29.892 [pool-2-thread-2] DEBUG c.e.j.m.P.findByIdForUpdate - ==> Parameters: 9(Long)
16:05:29.892 [pool-2-thread-1] DEBUG c.e.j.m.P.findByIdForUpdate - <==      Total: 1
16:05:29.893 [pool-2-thread-1] DEBUG c.e.j.m.B.findById - ==>  Preparing: SELECT * FROM book_request_items WHERE id = ?
16:05:29.893 [pool-2-thread-1] DEBUG c.e.j.m.B.findById - ==> Parameters: 21(Long)
16:05:29.893 [pool-2-thread-1] DEBUG c.e.j.m.B.findById - <==      Total: 1
16:05:29.893 [pool-2-thread-1] DEBUG c.e.j.mapper.BookMapper.insert - ==>  Preparing: INSERT INTO books (title, isbn, author_id, published_year) VALUES (?, ?, ?, ?)
16:05:29.893 [pool-2-thread-1] DEBUG c.e.j.mapper.BookMapper.insert - ==> Parameters: Effective Java(String), null, null, null
16:05:29.893 [pool-2-thread-1] DEBUG c.e.j.mapper.BookMapper.insert - <==    Updates: 1
16:05:29.894 [pool-2-thread-1] DEBUG c.e.j.m.ProcurementItemMapper.update - ==>  Preparing: UPDATE procurement_items SET status = ?, procured_by = ?, procured_at = ?, book_id = ? WHERE id = ?
16:05:29.894 [pool-2-thread-1] DEBUG c.e.j.m.ProcurementItemMapper.update - ==> Parameters: COMPLETED(String), 17(Long), 2026-09-09T16:05:29.894421(LocalDateTime), 22(Long), 9(Long)
16:05:29.894 [pool-2-thread-1] DEBUG c.e.j.m.ProcurementItemMapper.update - <==    Updates: 1
16:05:29.894 [pool-2-thread-1] INFO  c.e.j.service.ProcurementServiceImpl - 採購完成，書籍已入庫：procurementItemId=9, bookId=22, procuredBy=17
16:05:29.894 [pool-2-thread-2] DEBUG c.e.j.m.P.findByIdForUpdate - <==      Total: 1
16:05:29.896 [main] DEBUG c.e.j.m.P.findByStatus - ==>  Preparing: SELECT * FROM procurement_items WHERE status = ?
16:05:29.896 [main] DEBUG c.e.j.m.P.findByStatus - ==> Parameters: COMPLETED(String)
16:05:29.896 [main] DEBUG c.e.j.m.P.findByStatus - <==      Total: 1
16:47:17.868 [main] DEBUG c.e.j.mapper.CategoryMapper.insert - ==>  Preparing: INSERT INTO categories (name) VALUES (?)
16:47:17.889 [main] DEBUG c.e.j.mapper.CategoryMapper.insert - ==> Parameters: Programming(String)
16:47:17.890 [main] DEBUG c.e.j.mapper.CategoryMapper.insert - <==    Updates: 1
16:47:17.893 [main] DEBUG c.e.j.mapper.CategoryMapper.insert - ==>  Preparing: INSERT INTO categories (name) VALUES (?)
16:47:17.893 [main] DEBUG c.e.j.mapper.CategoryMapper.insert - ==> Parameters: Architecture(String)
16:47:17.893 [main] DEBUG c.e.j.mapper.CategoryMapper.insert - <==    Updates: 1
16:47:17.894 [main] DEBUG c.e.j.mapper.CategoryMapper.insert - ==>  Preparing: INSERT INTO categories (name) VALUES (?)
16:47:17.894 [main] DEBUG c.e.j.mapper.CategoryMapper.insert - ==> Parameters: Best Practice(String)
16:47:17.894 [main] DEBUG c.e.j.mapper.CategoryMapper.insert - <==    Updates: 1
16:47:17.895 [main] DEBUG c.e.j.mapper.BookMapper.insert - ==>  Preparing: INSERT INTO books (title, isbn, author_id, published_year) VALUES (?, ?, ?, ?)
16:47:17.900 [main] DEBUG c.e.j.mapper.BookMapper.insert - ==> Parameters: Effective Java(String), 9780134685991(String), 1(Long), 2018(Integer)
16:47:17.900 [main] DEBUG c.e.j.mapper.BookMapper.insert - <==    Updates: 1
16:47:17.911 [main] DEBUG c.e.j.m.B.deleteCategoriesByBookId - ==>  Preparing: DELETE FROM books_categories bc WHERE bc.book_id = ?
16:47:17.911 [main] DEBUG c.e.j.m.B.deleteCategoriesByBookId - ==> Parameters: 1(Long)
16:47:17.912 [main] DEBUG c.e.j.m.B.deleteCategoriesByBookId - <==    Updates: 0
16:47:17.923 [main] DEBUG c.e.j.m.B.insertBookCategories - ==>  Preparing: INSERT INTO books_categories (book_id, category_id) VALUES (?, ?) , (?, ?)
16:47:17.924 [main] DEBUG c.e.j.m.B.insertBookCategories - ==> Parameters: 1(Long), 1(Long), 1(Long), 3(Long)
16:47:17.924 [main] DEBUG c.e.j.m.B.insertBookCategories - <==    Updates: 2
16:47:17.926 [main] DEBUG c.e.j.mapper.BookMapper.insert - ==>  Preparing: INSERT INTO books (title, isbn, author_id, published_year) VALUES (?, ?, ?, ?)
16:47:17.926 [main] DEBUG c.e.j.mapper.BookMapper.insert - ==> Parameters: Clean Code(String), 9780132350884(String), 2(Long), 2008(Integer)
16:47:17.926 [main] DEBUG c.e.j.mapper.BookMapper.insert - <==    Updates: 1
16:47:17.927 [main] DEBUG c.e.j.m.B.deleteCategoriesByBookId - ==>  Preparing: DELETE FROM books_categories bc WHERE bc.book_id = ?
16:47:17.927 [main] DEBUG c.e.j.m.B.deleteCategoriesByBookId - ==> Parameters: 2(Long)
16:47:17.928 [main] DEBUG c.e.j.m.B.deleteCategoriesByBookId - <==    Updates: 0
16:47:17.928 [main] DEBUG c.e.j.m.B.insertBookCategories - ==>  Preparing: INSERT INTO books_categories (book_id, category_id) VALUES (?, ?)
16:47:17.928 [main] DEBUG c.e.j.m.B.insertBookCategories - ==> Parameters: 2(Long), 3(Long)
16:47:17.928 [main] DEBUG c.e.j.m.B.insertBookCategories - <==    Updates: 1
16:47:17.929 [main] DEBUG c.e.j.mapper.BookMapper.insert - ==>  Preparing: INSERT INTO books (title, isbn, author_id, published_year) VALUES (?, ?, ?, ?)
16:47:17.929 [main] DEBUG c.e.j.mapper.BookMapper.insert - ==> Parameters: Domain-Driven Design(String), 9780321125217(String), 3(Long), 2003(Integer)
16:47:17.930 [main] DEBUG c.e.j.mapper.BookMapper.insert - <==    Updates: 1
16:47:17.930 [main] DEBUG c.e.j.m.B.deleteCategoriesByBookId - ==>  Preparing: DELETE FROM books_categories bc WHERE bc.book_id = ?
16:47:17.930 [main] DEBUG c.e.j.m.B.deleteCategoriesByBookId - ==> Parameters: 3(Long)
16:47:17.931 [main] DEBUG c.e.j.m.B.deleteCategoriesByBookId - <==    Updates: 0
16:47:17.931 [main] DEBUG c.e.j.m.B.insertBookCategories - ==>  Preparing: INSERT INTO books_categories (book_id, category_id) VALUES (?, ?)
16:47:17.931 [main] DEBUG c.e.j.m.B.insertBookCategories - ==> Parameters: 3(Long), 2(Long)
16:47:17.932 [main] DEBUG c.e.j.m.B.insertBookCategories - <==    Updates: 1
16:47:17.932 [main] DEBUG c.e.j.mapper.BookMapper.insert - ==>  Preparing: INSERT INTO books (title, isbn, author_id, published_year) VALUES (?, ?, ?, ?)
16:47:17.933 [main] DEBUG c.e.j.mapper.BookMapper.insert - ==> Parameters: Clean Architecture(String), 9780134494166(String), 2(Long), 2017(Integer)
16:47:17.933 [main] DEBUG c.e.j.mapper.BookMapper.insert - <==    Updates: 1
16:47:17.933 [main] DEBUG c.e.j.m.B.deleteCategoriesByBookId - ==>  Preparing: DELETE FROM books_categories bc WHERE bc.book_id = ?
16:47:17.934 [main] DEBUG c.e.j.m.B.deleteCategoriesByBookId - ==> Parameters: 4(Long)
16:47:17.934 [main] DEBUG c.e.j.m.B.deleteCategoriesByBookId - <==    Updates: 0
16:47:17.935 [main] DEBUG c.e.j.m.B.insertBookCategories - ==>  Preparing: INSERT INTO books_categories (book_id, category_id) VALUES (?, ?) , (?, ?)
16:47:17.935 [main] DEBUG c.e.j.m.B.insertBookCategories - ==> Parameters: 4(Long), 2(Long), 4(Long), 3(Long)
16:47:17.935 [main] DEBUG c.e.j.m.B.insertBookCategories - <==    Updates: 2
16:47:17.936 [main] DEBUG c.e.j.mapper.BookMapper.insert - ==>  Preparing: INSERT INTO books (title, isbn, author_id, published_year) VALUES (?, ?, ?, ?)
16:47:17.936 [main] DEBUG c.e.j.mapper.BookMapper.insert - ==> Parameters: Java Concurrency in Practice(String), 9780321349606(String), 1(Long), 2006(Integer)
16:47:17.937 [main] DEBUG c.e.j.mapper.BookMapper.insert - <==    Updates: 1
16:47:17.938 [main] DEBUG c.e.j.m.B.deleteCategoriesByBookId - ==>  Preparing: DELETE FROM books_categories bc WHERE bc.book_id = ?
16:47:17.938 [main] DEBUG c.e.j.m.B.deleteCategoriesByBookId - ==> Parameters: 5(Long)
16:47:17.938 [main] DEBUG c.e.j.m.B.deleteCategoriesByBookId - <==    Updates: 0
16:47:17.938 [main] DEBUG c.e.j.m.B.insertBookCategories - ==>  Preparing: INSERT INTO books_categories (book_id, category_id) VALUES (?, ?)
16:47:17.938 [main] DEBUG c.e.j.m.B.insertBookCategories - ==> Parameters: 5(Long), 1(Long)
16:47:17.939 [main] DEBUG c.e.j.m.B.insertBookCategories - <==    Updates: 1
16:47:17.941 [main] DEBUG c.e.j.mapper.UserMapper.findByEmail - ==>  Preparing: SELECT * FROM users u WHERE u.email = ?
16:47:17.942 [main] DEBUG c.e.j.mapper.UserMapper.findByEmail - ==> Parameters: user@example.com(String)
16:47:17.951 [main] DEBUG c.e.j.mapper.UserMapper.findByEmail - <==      Total: 0
16:47:18.014 [main] DEBUG c.e.j.mapper.UserMapper.insert - ==>  Preparing: INSERT INTO users (email, name, password_hash, role) VALUES (?, ?, ?, ?)
16:47:18.015 [main] DEBUG c.e.j.mapper.UserMapper.insert - ==> Parameters: user@example.com(String), 測試使用者(String), $2a$10$Lyo7sO.hJEwtm2hRs2OiN.5xmVJFW7GBlXyk048knW6d/XERCtN8q(String), USER(String)
16:47:18.016 [main] DEBUG c.e.j.mapper.UserMapper.insert - <==    Updates: 1
16:47:18.017 [main] INFO  c.e.j.service.AuthServiceImpl - 新使用者註冊：userId=1, email=user@example.com
16:47:18.074 [main] DEBUG c.e.j.mapper.UserMapper.insert - ==>  Preparing: INSERT INTO users (email, name, password_hash, role) VALUES (?, ?, ?, ?)
16:47:18.076 [main] DEBUG c.e.j.mapper.UserMapper.insert - ==> Parameters: admin@example.com(String), 管理員(String), $2a$10$MmYWPMJ0cv8NLMbIiij2.OlizKIXPKrDItMKPzEO5utI6eThSU9te(String), ADMIN(String)
16:47:18.077 [main] DEBUG c.e.j.mapper.UserMapper.insert - <==    Updates: 1
16:47:18.132 [main] DEBUG c.e.j.mapper.UserMapper.insert - ==>  Preparing: INSERT INTO users (email, name, password_hash, role) VALUES (?, ?, ?, ?)
16:47:18.133 [main] DEBUG c.e.j.mapper.UserMapper.insert - ==> Parameters: procurement@example.com(String), 採購人員(String), $2a$10$cqNcbAX/M6r4.f2M/Ysz0.6a4MN2JzYuFpaCBDrNa5XQYxlJNdCfi(String), PROCUREMENT(String)
16:47:18.133 [main] DEBUG c.e.j.mapper.UserMapper.insert - <==    Updates: 1
16:47:18.137 [main] DEBUG c.e.j.m.BookRequestMapper.insert - ==>  Preparing: INSERT INTO book_requests (requester_id, status, requested_at) VALUES (?, ?, ?)
16:47:18.140 [main] DEBUG c.e.j.m.BookRequestMapper.insert - ==> Parameters: 1(Long), PENDING(String), 2026-09-09T16:47:18.137908100(LocalDateTime)
16:47:18.141 [main] DEBUG c.e.j.m.BookRequestMapper.insert - <==    Updates: 1
16:47:18.142 [main] DEBUG c.e.j.m.BookRequestItemMapper.insert - ==>  Preparing: INSERT INTO book_request_items (book_request_id, title, isbn, author_id, published_year, estimated_price) VALUES (?, ?, ?, ?, ?, ?)
16:47:18.144 [main] DEBUG c.e.j.m.BookRequestItemMapper.insert - ==> Parameters: 1(Long), Refactoring(String), null, null, null, null
16:47:18.144 [main] DEBUG c.e.j.m.BookRequestItemMapper.insert - <==    Updates: 1
16:47:18.146 [main] INFO  c.e.j.service.BookRequestServiceImpl - 送出申請：requestId=1, requesterId=1, 書籍數=1
16:47:18.166 [main] DEBUG c.e.j.m.BookRequestMapper.insert - ==>  Preparing: INSERT INTO book_requests (requester_id, status, requested_at) VALUES (?, ?, ?)
16:47:18.166 [main] DEBUG c.e.j.m.BookRequestMapper.insert - ==> Parameters: 1(Long), PENDING(String), 2026-09-09T16:47:18.165152500(LocalDateTime)
16:47:18.167 [main] DEBUG c.e.j.m.BookRequestMapper.insert - <==    Updates: 1
16:47:18.167 [main] DEBUG c.e.j.m.BookRequestItemMapper.insert - ==>  Preparing: INSERT INTO book_request_items (book_request_id, title, isbn, author_id, published_year, estimated_price) VALUES (?, ?, ?, ?, ?, ?)
16:47:18.169 [main] DEBUG c.e.j.m.BookRequestItemMapper.insert - ==> Parameters: 2(Long), The Pragmatic Programmer(String), 9780135957059(String), null, 2019(Integer), 850(BigDecimal)
16:47:18.169 [main] DEBUG c.e.j.m.BookRequestItemMapper.insert - <==    Updates: 1
16:47:18.169 [main] DEBUG c.e.j.m.BookRequestItemMapper.insert - ==>  Preparing: INSERT INTO book_request_items (book_request_id, title, isbn, author_id, published_year, estimated_price) VALUES (?, ?, ?, ?, ?, ?)
16:47:18.169 [main] DEBUG c.e.j.m.BookRequestItemMapper.insert - ==> Parameters: 2(Long), Head First Design Patterns(String), null, null, null, null
16:47:18.170 [main] DEBUG c.e.j.m.BookRequestItemMapper.insert - <==    Updates: 1
16:47:18.170 [main] INFO  c.e.j.service.BookRequestServiceImpl - 送出申請：requestId=2, requesterId=1, 書籍數=2
16:47:18.171 [main] DEBUG c.e.j.m.BookRequestMapper.insert - ==>  Preparing: INSERT INTO book_requests (requester_id, status, requested_at) VALUES (?, ?, ?)
16:47:18.172 [main] DEBUG c.e.j.m.BookRequestMapper.insert - ==> Parameters: 1(Long), PENDING(String), 2026-09-09T16:47:18.171136800(LocalDateTime)
16:47:18.172 [main] DEBUG c.e.j.m.BookRequestMapper.insert - <==    Updates: 1
16:47:18.172 [main] DEBUG c.e.j.m.BookRequestItemMapper.insert - ==>  Preparing: INSERT INTO book_request_items (book_request_id, title, isbn, author_id, published_year, estimated_price) VALUES (?, ?, ?, ?, ?, ?)
16:47:18.172 [main] DEBUG c.e.j.m.BookRequestItemMapper.insert - ==> Parameters: 3(Long), Test-Driven Development(String), 9780321146533(String), null, 2002(Integer), null
16:47:18.173 [main] DEBUG c.e.j.m.BookRequestItemMapper.insert - <==    Updates: 1
16:47:18.173 [main] INFO  c.e.j.service.BookRequestServiceImpl - 送出申請：requestId=3, requesterId=1, 書籍數=1
16:47:18.174 [main] DEBUG c.e.j.m.BookRequestMapper.insert - ==>  Preparing: INSERT INTO book_requests (requester_id, status, requested_at) VALUES (?, ?, ?)
16:47:18.174 [main] DEBUG c.e.j.m.BookRequestMapper.insert - ==> Parameters: 1(Long), PENDING(String), 2026-09-09T16:47:18.174136(LocalDateTime)
16:47:18.174 [main] DEBUG c.e.j.m.BookRequestMapper.insert - <==    Updates: 1
16:47:18.175 [main] DEBUG c.e.j.m.BookRequestItemMapper.insert - ==>  Preparing: INSERT INTO book_request_items (book_request_id, title, isbn, author_id, published_year, estimated_price) VALUES (?, ?, ?, ?, ?, ?)
16:47:18.175 [main] DEBUG c.e.j.m.BookRequestItemMapper.insert - ==> Parameters: 4(Long), Working Effectively with Legacy Code(String), null, null, null, null
16:47:18.175 [main] DEBUG c.e.j.m.BookRequestItemMapper.insert - <==    Updates: 1
16:47:18.175 [main] INFO  c.e.j.service.BookRequestServiceImpl - 送出申請：requestId=4, requesterId=1, 書籍數=1
16:47:18.176 [main] DEBUG c.e.j.m.BookRequestMapper.insert - ==>  Preparing: INSERT INTO book_requests (requester_id, status, requested_at) VALUES (?, ?, ?)
16:47:18.176 [main] DEBUG c.e.j.m.BookRequestMapper.insert - ==> Parameters: 1(Long), PENDING(String), 2026-09-09T16:47:18.176135900(LocalDateTime)
16:47:18.177 [main] DEBUG c.e.j.m.BookRequestMapper.insert - <==    Updates: 1
16:47:18.177 [main] DEBUG c.e.j.m.BookRequestItemMapper.insert - ==>  Preparing: INSERT INTO book_request_items (book_request_id, title, isbn, author_id, published_year, estimated_price) VALUES (?, ?, ?, ?, ?, ?)
16:47:18.177 [main] DEBUG c.e.j.m.BookRequestItemMapper.insert - ==> Parameters: 5(Long), Continuous Delivery(String), null, null, null, null
16:47:18.177 [main] DEBUG c.e.j.m.BookRequestItemMapper.insert - <==    Updates: 1
16:47:18.177 [main] INFO  c.e.j.service.BookRequestServiceImpl - 送出申請：requestId=5, requesterId=1, 書籍數=1
16:47:18.178 [main] DEBUG c.e.j.m.BookRequestMapper.insert - ==>  Preparing: INSERT INTO book_requests (requester_id, status, requested_at) VALUES (?, ?, ?)
16:47:18.179 [main] DEBUG c.e.j.m.BookRequestMapper.insert - ==> Parameters: 1(Long), PENDING(String), 2026-09-09T16:47:18.178136900(LocalDateTime)
16:47:18.179 [main] DEBUG c.e.j.m.BookRequestMapper.insert - <==    Updates: 1
16:47:18.179 [main] DEBUG c.e.j.m.BookRequestItemMapper.insert - ==>  Preparing: INSERT INTO book_request_items (book_request_id, title, isbn, author_id, published_year, estimated_price) VALUES (?, ?, ?, ?, ?, ?)
16:47:18.179 [main] DEBUG c.e.j.m.BookRequestItemMapper.insert - ==> Parameters: 6(Long), Site Reliability Engineering(String), null, null, 2016(Integer), 1200(BigDecimal)
16:47:18.180 [main] DEBUG c.e.j.m.BookRequestItemMapper.insert - <==    Updates: 1
16:47:18.180 [main] INFO  c.e.j.service.BookRequestServiceImpl - 送出申請：requestId=6, requesterId=1, 書籍數=1
16:47:18.182 [main] DEBUG c.e.j.m.BookRequestMapper.approve - ==>  Preparing: UPDATE book_requests SET status = 'APPROVED', approver_id = ?, approved_at = ? WHERE id = ? AND status = 'PENDING' AND requester_id != ?
16:47:18.184 [main] DEBUG c.e.j.m.BookRequestMapper.approve - ==> Parameters: 2(Long), 2026-09-09T16:47:18.181137600(LocalDateTime), 6(Long), 2(Long)
16:47:18.185 [main] DEBUG c.e.j.m.BookRequestMapper.approve - <==    Updates: 1
16:47:18.185 [main] DEBUG c.e.j.m.BookRequestMapper.findById - ==>  Preparing: SELECT * FROM book_requests WHERE id = ?
16:47:18.185 [main] DEBUG c.e.j.m.BookRequestMapper.findById - ==> Parameters: 6(Long)
16:47:18.189 [main] DEBUG c.e.j.m.BookRequestMapper.findById - <==      Total: 1
16:47:18.190 [main] DEBUG c.e.j.m.B.findByBookRequestId - ==>  Preparing: SELECT * FROM book_request_items WHERE book_request_id = ?
16:47:18.190 [main] DEBUG c.e.j.m.B.findByBookRequestId - ==> Parameters: 6(Long)
16:47:18.191 [main] DEBUG c.e.j.m.B.findByBookRequestId - <==      Total: 1
16:47:18.192 [main] DEBUG c.e.j.m.ProcurementItemMapper.insert - ==>  Preparing: INSERT INTO procurement_items (book_request_item_id, status) VALUES (?, ?)
16:47:18.193 [main] DEBUG c.e.j.m.ProcurementItemMapper.insert - ==> Parameters: 7(Long), PENDING(String)
16:47:18.194 [main] DEBUG c.e.j.m.ProcurementItemMapper.insert - <==    Updates: 1
16:47:18.194 [main] INFO  c.e.j.service.BookRequestServiceImpl - 申請已核准：requestId=6, approverId=2
16:47:18.196 [main] DEBUG c.e.j.m.BookRequestMapper.insert - ==>  Preparing: INSERT INTO book_requests (requester_id, status, requested_at) VALUES (?, ?, ?)
16:47:18.196 [main] DEBUG c.e.j.m.BookRequestMapper.insert - ==> Parameters: 1(Long), PENDING(String), 2026-09-09T16:47:18.196143900(LocalDateTime)
16:47:18.197 [main] DEBUG c.e.j.m.BookRequestMapper.insert - <==    Updates: 1
16:47:18.197 [main] DEBUG c.e.j.m.BookRequestItemMapper.insert - ==>  Preparing: INSERT INTO book_request_items (book_request_id, title, isbn, author_id, published_year, estimated_price) VALUES (?, ?, ?, ?, ?, ?)
16:47:18.197 [main] DEBUG c.e.j.m.BookRequestItemMapper.insert - ==> Parameters: 7(Long), Database Internals(String), null, null, null, null
16:47:18.197 [main] DEBUG c.e.j.m.BookRequestItemMapper.insert - <==    Updates: 1
16:47:18.198 [main] DEBUG c.e.j.m.BookRequestItemMapper.insert - ==>  Preparing: INSERT INTO book_request_items (book_request_id, title, isbn, author_id, published_year, estimated_price) VALUES (?, ?, ?, ?, ?, ?)
16:47:18.198 [main] DEBUG c.e.j.m.BookRequestItemMapper.insert - ==> Parameters: 7(Long), Designing Data-Intensive Applications(String), 9781449373320(String), null, 2017(Integer), 1500(BigDecimal)
16:47:18.198 [main] DEBUG c.e.j.m.BookRequestItemMapper.insert - <==    Updates: 1
16:47:18.198 [main] INFO  c.e.j.service.BookRequestServiceImpl - 送出申請：requestId=7, requesterId=1, 書籍數=2
16:47:18.199 [main] DEBUG c.e.j.m.BookRequestMapper.approve - ==>  Preparing: UPDATE book_requests SET status = 'APPROVED', approver_id = ?, approved_at = ? WHERE id = ? AND status = 'PENDING' AND requester_id != ?
16:47:18.199 [main] DEBUG c.e.j.m.BookRequestMapper.approve - ==> Parameters: 2(Long), 2026-09-09T16:47:18.199142400(LocalDateTime), 7(Long), 2(Long)
16:47:18.200 [main] DEBUG c.e.j.m.BookRequestMapper.approve - <==    Updates: 1
16:47:18.200 [main] DEBUG c.e.j.m.BookRequestMapper.findById - ==>  Preparing: SELECT * FROM book_requests WHERE id = ?
16:47:18.200 [main] DEBUG c.e.j.m.BookRequestMapper.findById - ==> Parameters: 7(Long)
16:47:18.201 [main] DEBUG c.e.j.m.BookRequestMapper.findById - <==      Total: 1
16:47:18.201 [main] DEBUG c.e.j.m.B.findByBookRequestId - ==>  Preparing: SELECT * FROM book_request_items WHERE book_request_id = ?
16:47:18.201 [main] DEBUG c.e.j.m.B.findByBookRequestId - ==> Parameters: 7(Long)
16:47:18.201 [main] DEBUG c.e.j.m.B.findByBookRequestId - <==      Total: 2
16:47:18.202 [main] DEBUG c.e.j.m.ProcurementItemMapper.insert - ==>  Preparing: INSERT INTO procurement_items (book_request_item_id, status) VALUES (?, ?)
16:47:18.202 [main] DEBUG c.e.j.m.ProcurementItemMapper.insert - ==> Parameters: 8(Long), PENDING(String)
16:47:18.202 [main] DEBUG c.e.j.m.ProcurementItemMapper.insert - <==    Updates: 1
16:47:18.202 [main] DEBUG c.e.j.m.ProcurementItemMapper.insert - ==>  Preparing: INSERT INTO procurement_items (book_request_item_id, status) VALUES (?, ?)
16:47:18.203 [main] DEBUG c.e.j.m.ProcurementItemMapper.insert - ==> Parameters: 9(Long), PENDING(String)
16:47:18.203 [main] DEBUG c.e.j.m.ProcurementItemMapper.insert - <==    Updates: 1
16:47:18.203 [main] INFO  c.e.j.service.BookRequestServiceImpl - 申請已核准：requestId=7, approverId=2
16:47:18.204 [main] DEBUG c.e.j.m.BookRequestMapper.insert - ==>  Preparing: INSERT INTO book_requests (requester_id, status, requested_at) VALUES (?, ?, ?)
16:47:18.205 [main] DEBUG c.e.j.m.BookRequestMapper.insert - ==> Parameters: 1(Long), PENDING(String), 2026-09-09T16:47:18.204656500(LocalDateTime)
16:47:18.205 [main] DEBUG c.e.j.m.BookRequestMapper.insert - <==    Updates: 1
16:47:18.205 [main] DEBUG c.e.j.m.BookRequestItemMapper.insert - ==>  Preparing: INSERT INTO book_request_items (book_request_id, title, isbn, author_id, published_year, estimated_price) VALUES (?, ?, ?, ?, ?, ?)
16:47:18.205 [main] DEBUG c.e.j.m.BookRequestItemMapper.insert - ==> Parameters: 8(Long), The Clean Coder(String), null, null, null, null
16:47:18.206 [main] DEBUG c.e.j.m.BookRequestItemMapper.insert - <==    Updates: 1
16:47:18.206 [main] INFO  c.e.j.service.BookRequestServiceImpl - 送出申請：requestId=8, requesterId=1, 書籍數=1
16:47:18.206 [main] DEBUG c.e.j.m.BookRequestMapper.approve - ==>  Preparing: UPDATE book_requests SET status = 'APPROVED', approver_id = ?, approved_at = ? WHERE id = ? AND status = 'PENDING' AND requester_id != ?
16:47:18.207 [main] DEBUG c.e.j.m.BookRequestMapper.approve - ==> Parameters: 2(Long), 2026-09-09T16:47:18.206655800(LocalDateTime), 8(Long), 2(Long)
16:47:18.207 [main] DEBUG c.e.j.m.BookRequestMapper.approve - <==    Updates: 1
16:47:18.207 [main] DEBUG c.e.j.m.BookRequestMapper.findById - ==>  Preparing: SELECT * FROM book_requests WHERE id = ?
16:47:18.208 [main] DEBUG c.e.j.m.BookRequestMapper.findById - ==> Parameters: 8(Long)
16:47:18.208 [main] DEBUG c.e.j.m.BookRequestMapper.findById - <==      Total: 1
16:47:18.208 [main] DEBUG c.e.j.m.B.findByBookRequestId - ==>  Preparing: SELECT * FROM book_request_items WHERE book_request_id = ?
16:47:18.208 [main] DEBUG c.e.j.m.B.findByBookRequestId - ==> Parameters: 8(Long)
16:47:18.209 [main] DEBUG c.e.j.m.B.findByBookRequestId - <==      Total: 1
16:47:18.209 [main] DEBUG c.e.j.m.ProcurementItemMapper.insert - ==>  Preparing: INSERT INTO procurement_items (book_request_item_id, status) VALUES (?, ?)
16:47:18.209 [main] DEBUG c.e.j.m.ProcurementItemMapper.insert - ==> Parameters: 10(Long), PENDING(String)
16:47:18.209 [main] DEBUG c.e.j.m.ProcurementItemMapper.insert - <==    Updates: 1
16:47:18.209 [main] INFO  c.e.j.service.BookRequestServiceImpl - 申請已核准：requestId=8, approverId=2
16:47:18.210 [main] DEBUG c.e.j.m.BookRequestMapper.insert - ==>  Preparing: INSERT INTO book_requests (requester_id, status, requested_at) VALUES (?, ?, ?)
16:47:18.210 [main] DEBUG c.e.j.m.BookRequestMapper.insert - ==> Parameters: 1(Long), PENDING(String), 2026-09-09T16:47:18.210656600(LocalDateTime)
16:47:18.211 [main] DEBUG c.e.j.m.BookRequestMapper.insert - <==    Updates: 1
16:47:18.211 [main] DEBUG c.e.j.m.BookRequestItemMapper.insert - ==>  Preparing: INSERT INTO book_request_items (book_request_id, title, isbn, author_id, published_year, estimated_price) VALUES (?, ?, ?, ?, ?, ?)
16:47:18.211 [main] DEBUG c.e.j.m.BookRequestItemMapper.insert - ==> Parameters: 9(Long), Release It!(String), null, null, null, null
16:47:18.211 [main] DEBUG c.e.j.m.BookRequestItemMapper.insert - <==    Updates: 1
16:47:18.212 [main] INFO  c.e.j.service.BookRequestServiceImpl - 送出申請：requestId=9, requesterId=1, 書籍數=1
16:47:18.212 [main] DEBUG c.e.j.m.BookRequestMapper.approve - ==>  Preparing: UPDATE book_requests SET status = 'APPROVED', approver_id = ?, approved_at = ? WHERE id = ? AND status = 'PENDING' AND requester_id != ?
16:47:18.213 [main] DEBUG c.e.j.m.BookRequestMapper.approve - ==> Parameters: 2(Long), 2026-09-09T16:47:18.212655800(LocalDateTime), 9(Long), 2(Long)
16:47:18.214 [main] DEBUG c.e.j.m.BookRequestMapper.approve - <==    Updates: 1
16:47:18.214 [main] DEBUG c.e.j.m.BookRequestMapper.findById - ==>  Preparing: SELECT * FROM book_requests WHERE id = ?
16:47:18.214 [main] DEBUG c.e.j.m.BookRequestMapper.findById - ==> Parameters: 9(Long)
16:47:18.215 [main] DEBUG c.e.j.m.BookRequestMapper.findById - <==      Total: 1
16:47:18.215 [main] DEBUG c.e.j.m.B.findByBookRequestId - ==>  Preparing: SELECT * FROM book_request_items WHERE book_request_id = ?
16:47:18.215 [main] DEBUG c.e.j.m.B.findByBookRequestId - ==> Parameters: 9(Long)
16:47:18.216 [main] DEBUG c.e.j.m.B.findByBookRequestId - <==      Total: 1
16:47:18.216 [main] DEBUG c.e.j.m.ProcurementItemMapper.insert - ==>  Preparing: INSERT INTO procurement_items (book_request_item_id, status) VALUES (?, ?)
16:47:18.216 [main] DEBUG c.e.j.m.ProcurementItemMapper.insert - ==> Parameters: 11(Long), PENDING(String)
16:47:18.216 [main] DEBUG c.e.j.m.ProcurementItemMapper.insert - <==    Updates: 1
16:47:18.216 [main] INFO  c.e.j.service.BookRequestServiceImpl - 申請已核准：requestId=9, approverId=2
16:47:18.217 [main] DEBUG c.e.j.m.BookRequestMapper.insert - ==>  Preparing: INSERT INTO book_requests (requester_id, status, requested_at) VALUES (?, ?, ?)
16:47:18.218 [main] DEBUG c.e.j.m.BookRequestMapper.insert - ==> Parameters: 1(Long), PENDING(String), 2026-09-09T16:47:18.217655800(LocalDateTime)
16:47:18.218 [main] DEBUG c.e.j.m.BookRequestMapper.insert - <==    Updates: 1
16:47:18.219 [main] DEBUG c.e.j.m.BookRequestItemMapper.insert - ==>  Preparing: INSERT INTO book_request_items (book_request_id, title, isbn, author_id, published_year, estimated_price) VALUES (?, ?, ?, ?, ?, ?)
16:47:18.219 [main] DEBUG c.e.j.m.BookRequestItemMapper.insert - ==> Parameters: 10(Long), Overpriced Book(String), null, null, null, 99999(BigDecimal)
16:47:18.220 [main] DEBUG c.e.j.m.BookRequestItemMapper.insert - <==    Updates: 1
16:47:18.220 [main] INFO  c.e.j.service.BookRequestServiceImpl - 送出申請：requestId=10, requesterId=1, 書籍數=1
16:47:18.221 [main] DEBUG c.e.j.m.BookRequestMapper.reject - ==>  Preparing: UPDATE book_requests SET status = 'REJECTED', approver_id = ?, approved_at = ? WHERE id = ? AND status = 'PENDING' AND requester_id != ?
16:47:18.222 [main] DEBUG c.e.j.m.BookRequestMapper.reject - ==> Parameters: 2(Long), 2026-09-09T16:47:18.221656900(LocalDateTime), 10(Long), 2(Long)
16:47:18.222 [main] DEBUG c.e.j.m.BookRequestMapper.reject - <==    Updates: 1
16:47:18.222 [main] DEBUG c.e.j.m.BookRequestMapper.findById - ==>  Preparing: SELECT * FROM book_requests WHERE id = ?
16:47:18.223 [main] DEBUG c.e.j.m.BookRequestMapper.findById - ==> Parameters: 10(Long)
16:47:18.223 [main] DEBUG c.e.j.m.BookRequestMapper.findById - <==      Total: 1
16:47:18.223 [main] INFO  c.e.j.service.BookRequestServiceImpl - 申請已拒絕：requestId=10, approverId=2
16:47:18.224 [main] DEBUG c.e.j.m.BookRequestMapper.insert - ==>  Preparing: INSERT INTO book_requests (requester_id, status, requested_at) VALUES (?, ?, ?)
16:47:18.224 [main] DEBUG c.e.j.m.BookRequestMapper.insert - ==> Parameters: 1(Long), PENDING(String), 2026-09-09T16:47:18.224656100(LocalDateTime)
16:47:18.225 [main] DEBUG c.e.j.m.BookRequestMapper.insert - <==    Updates: 1
16:47:18.225 [main] DEBUG c.e.j.m.BookRequestItemMapper.insert - ==>  Preparing: INSERT INTO book_request_items (book_request_id, title, isbn, author_id, published_year, estimated_price) VALUES (?, ?, ?, ?, ?, ?)
16:47:18.226 [main] DEBUG c.e.j.m.BookRequestItemMapper.insert - ==> Parameters: 11(Long), Duplicate Request Example(String), null, null, null, null
16:47:18.226 [main] DEBUG c.e.j.m.BookRequestItemMapper.insert - <==    Updates: 1
16:47:18.226 [main] INFO  c.e.j.service.BookRequestServiceImpl - 送出申請：requestId=11, requesterId=1, 書籍數=1
16:47:18.226 [main] DEBUG c.e.j.m.BookRequestMapper.reject - ==>  Preparing: UPDATE book_requests SET status = 'REJECTED', approver_id = ?, approved_at = ? WHERE id = ? AND status = 'PENDING' AND requester_id != ?
16:47:18.227 [main] DEBUG c.e.j.m.BookRequestMapper.reject - ==> Parameters: 2(Long), 2026-09-09T16:47:18.226658500(LocalDateTime), 11(Long), 2(Long)
16:47:18.227 [main] DEBUG c.e.j.m.BookRequestMapper.reject - <==    Updates: 1
16:47:18.227 [main] DEBUG c.e.j.m.BookRequestMapper.findById - ==>  Preparing: SELECT * FROM book_requests WHERE id = ?
16:47:18.227 [main] DEBUG c.e.j.m.BookRequestMapper.findById - ==> Parameters: 11(Long)
16:47:18.228 [main] DEBUG c.e.j.m.BookRequestMapper.findById - <==      Total: 1
16:47:18.228 [main] INFO  c.e.j.service.BookRequestServiceImpl - 申請已拒絕：requestId=11, approverId=2
16:47:18.229 [main] DEBUG c.e.j.m.BookRequestMapper.insert - ==>  Preparing: INSERT INTO book_requests (requester_id, status, requested_at) VALUES (?, ?, ?)
16:47:18.229 [main] DEBUG c.e.j.m.BookRequestMapper.insert - ==> Parameters: 1(Long), PENDING(String), 2026-09-09T16:47:18.228654800(LocalDateTime)
16:47:18.229 [main] DEBUG c.e.j.m.BookRequestMapper.insert - <==    Updates: 1
16:47:18.229 [main] DEBUG c.e.j.m.BookRequestItemMapper.insert - ==>  Preparing: INSERT INTO book_request_items (book_request_id, title, isbn, author_id, published_year, estimated_price) VALUES (?, ?, ?, ?, ?, ?)
16:47:18.229 [main] DEBUG c.e.j.m.BookRequestItemMapper.insert - ==> Parameters: 12(Long), Out of Scope Book(String), null, null, null, null
16:47:18.229 [main] DEBUG c.e.j.m.BookRequestItemMapper.insert - <==    Updates: 1
16:47:18.230 [main] INFO  c.e.j.service.BookRequestServiceImpl - 送出申請：requestId=12, requesterId=1, 書籍數=1
16:47:18.230 [main] DEBUG c.e.j.m.BookRequestMapper.reject - ==>  Preparing: UPDATE book_requests SET status = 'REJECTED', approver_id = ?, approved_at = ? WHERE id = ? AND status = 'PENDING' AND requester_id != ?
16:47:18.230 [main] DEBUG c.e.j.m.BookRequestMapper.reject - ==> Parameters: 2(Long), 2026-09-09T16:47:18.230655400(LocalDateTime), 12(Long), 2(Long)
16:47:18.231 [main] DEBUG c.e.j.m.BookRequestMapper.reject - <==    Updates: 1
16:47:18.231 [main] DEBUG c.e.j.m.BookRequestMapper.findById - ==>  Preparing: SELECT * FROM book_requests WHERE id = ?
16:47:18.231 [main] DEBUG c.e.j.m.BookRequestMapper.findById - ==> Parameters: 12(Long)
16:47:18.232 [main] DEBUG c.e.j.m.BookRequestMapper.findById - <==      Total: 1
16:47:18.232 [main] INFO  c.e.j.service.BookRequestServiceImpl - 申請已拒絕：requestId=12, approverId=2
16:47:18.234 [main] DEBUG c.e.j.m.B.findByStatus - ==>  Preparing: SELECT * FROM book_requests WHERE status = ? ORDER BY requested_at
16:47:18.234 [main] DEBUG c.e.j.m.B.findByStatus - ==> Parameters: PENDING(String)
16:47:18.235 [main] DEBUG c.e.j.m.B.findByStatus - <==      Total: 5
16:47:18.235 [main] DEBUG c.e.j.m.B.findByStatus - ==>  Preparing: SELECT * FROM book_requests WHERE status = ? ORDER BY requested_at
16:47:18.236 [main] DEBUG c.e.j.m.B.findByStatus - ==> Parameters: APPROVED(String)
16:47:18.237 [main] DEBUG c.e.j.m.B.findByStatus - <==      Total: 4
16:47:18.237 [main] DEBUG c.e.j.m.B.findByStatus - ==>  Preparing: SELECT * FROM book_requests WHERE status = ? ORDER BY requested_at
16:47:18.238 [main] DEBUG c.e.j.m.B.findByStatus - ==> Parameters: REJECTED(String)
16:47:18.238 [main] DEBUG c.e.j.m.B.findByStatus - <==      Total: 3
16:47:18.239 [main] DEBUG c.e.j.m.BookRequestMapper.findAll - ==>  Preparing: SELECT * FROM book_requests
16:47:18.239 [main] DEBUG c.e.j.m.BookRequestMapper.findAll - ==> Parameters: 
16:47:18.240 [main] DEBUG c.e.j.m.BookRequestMapper.findAll - <==      Total: 12
16:47:20.552 [main] WARN  c.e.j.i.RoleAccessInterceptor - 權限不足被擋下：userId=1, role=ADMIN, POST /procurement/1/complete
16:47:20.552 [main] WARN  c.e.j.i.RoleAccessInterceptor - 權限不足被擋下：userId=1, role=USER, POST /procurement/1/complete
16:47:20.564 [main] WARN  c.e.j.i.RoleAccessInterceptor - 權限不足被擋下：userId=1, role=PROCUREMENT, POST /requests/1/approve
16:47:20.564 [main] WARN  c.e.j.i.RoleAccessInterceptor - 權限不足被擋下：userId=1, role=USER, POST /requests/1/reject
16:47:20.571 [main] WARN  c.e.j.i.RoleAccessInterceptor - 權限不足被擋下：userId=1, role=USER, GET /books/new
16:47:20.577 [main] DEBUG c.e.j.mapper.BookMapper.insert - ==>  Preparing: INSERT INTO books (title, isbn, author_id, published_year) VALUES (?, ?, ?, ?)
16:47:20.577 [main] DEBUG c.e.j.mapper.BookMapper.insert - ==> Parameters: Effective Java(String), 978-0134685991(String), 4(Long), 2018(Integer)
16:47:20.577 [main] DEBUG c.e.j.mapper.BookMapper.insert - <==    Updates: 1
16:47:20.577 [main] DEBUG c.e.j.mapper.BookMapper.insert - ==>  Preparing: INSERT INTO books (title, isbn, author_id, published_year) VALUES (?, ?, ?, ?)
16:47:20.587 [main] DEBUG c.e.j.mapper.BookMapper.insert - ==> Parameters: Unrelated Book(String), 9999999999999(String), 4(Long), 2000(Integer)
16:47:20.587 [main] DEBUG c.e.j.mapper.BookMapper.insert - <==    Updates: 1
16:47:20.587 [main] DEBUG c.e.j.mapper.BookMapper.search - ==>  Preparing: SELECT b.id, b.title, b.isbn, b.published_year, a.name AS author_name, c.id AS category_id, c.name AS category_name FROM books b LEFT JOIN authors a ON b.author_id = a.id LEFT JOIN books_categories bc ON bc.book_id = b.id LEFT JOIN categories c ON bc.category_id = c.id WHERE (b.title ILIKE CONCAT('%', ?, '%') OR a.name ILIKE CONCAT('%', ?, '%') OR c.name ILIKE CONCAT('%', ?, '%')) ORDER BY b.id
16:47:20.587 [main] DEBUG c.e.j.mapper.BookMapper.search - ==> Parameters: Effective(String), Effective(String), Effective(String)
16:47:20.587 [main] DEBUG c.e.j.mapper.BookMapper.search - <==      Total: 1
16:47:20.611 [main] DEBUG c.e.j.mapper.BookMapper.insert - ==>  Preparing: INSERT INTO books (title, isbn, author_id, published_year) VALUES (?, ?, ?, ?)
16:47:20.613 [main] DEBUG c.e.j.mapper.BookMapper.insert - ==> Parameters: Effective Java(String), 978-0134685991(String), 5(Long), 2018(Integer)
16:47:20.613 [main] DEBUG c.e.j.mapper.BookMapper.insert - <==    Updates: 1
16:47:20.613 [main] DEBUG c.e.j.m.B.insertBookCategories - ==>  Preparing: INSERT INTO books_categories (book_id, category_id) VALUES (?, ?)
16:47:20.613 [main] DEBUG c.e.j.m.B.insertBookCategories - ==> Parameters: 8(Long), 4(Long)
16:47:20.613 [main] DEBUG c.e.j.m.B.insertBookCategories - <==    Updates: 1
16:47:20.613 [main] DEBUG c.e.j.m.B.findCategoriesById - ==>  Preparing: SELECT c.* FROM categories c JOIN books_categories bc ON bc.category_id = c.id WHERE bc.book_id = ?
16:47:20.613 [main] DEBUG c.e.j.m.B.findCategoriesById - ==> Parameters: 8(Long)
16:47:20.619 [main] DEBUG c.e.j.m.B.findCategoriesById - <==      Total: 1
16:47:20.619 [main] DEBUG c.e.j.mapper.BookMapper.insert - ==>  Preparing: INSERT INTO books (title, isbn, author_id, published_year) VALUES (?, ?, ?, ?)
16:47:20.619 [main] DEBUG c.e.j.mapper.BookMapper.insert - ==> Parameters: Effective Java(String), 978-0134685991(String), 6(Long), 2018(Integer)
16:47:20.619 [main] DEBUG c.e.j.mapper.BookMapper.insert - <==    Updates: 1
16:47:20.619 [main] DEBUG c.e.j.mapper.BookMapper.update - ==>  Preparing: UPDATE books SET title = ?, isbn = ?, author_id = ?, published_year = ? WHERE id = ?
16:47:20.619 [main] DEBUG c.e.j.mapper.BookMapper.update - ==> Parameters: My New Title(String), 978-0134685991(String), 6(Long), 2018(Integer), 9(Long)
16:47:20.619 [main] DEBUG c.e.j.mapper.BookMapper.update - <==    Updates: 1
16:47:20.619 [main] DEBUG c.e.j.mapper.BookMapper.findById - ==>  Preparing: SELECT id, title, isbn, author_id, published_year FROM books WHERE id = ?
16:47:20.619 [main] DEBUG c.e.j.mapper.BookMapper.findById - ==> Parameters: 9(Long)
16:47:20.619 [main] DEBUG c.e.j.mapper.BookMapper.findById - <==      Total: 1
16:47:20.619 [main] DEBUG c.e.j.mapper.BookMapper.findAll - ==>  Preparing: SELECT b.id, b.title, b.isbn, b.published_year, a.name AS author_name, c.id AS category_id, c.name AS category_name FROM books b LEFT JOIN authors a ON b.author_id = a.id LEFT JOIN books_categories bc ON bc.book_id = b.id LEFT JOIN categories c ON bc.category_id = c.id ORDER BY b.id
16:47:20.635 [main] DEBUG c.e.j.mapper.BookMapper.findAll - ==> Parameters: 
16:47:20.635 [main] DEBUG c.e.j.mapper.BookMapper.findAll - <==      Total: 1
16:47:20.635 [main] DEBUG c.e.j.mapper.BookMapper.insert - ==>  Preparing: INSERT INTO books (title, isbn, author_id, published_year) VALUES (?, ?, ?, ?)
16:47:20.650 [main] DEBUG c.e.j.mapper.BookMapper.insert - ==> Parameters: Effective Java(String), 978-0134685991(String), 7(Long), 2018(Integer)
16:47:20.650 [main] DEBUG c.e.j.mapper.BookMapper.insert - <==    Updates: 1
16:47:20.650 [main] DEBUG c.e.j.m.B.insertBookCategories - ==>  Preparing: INSERT INTO books_categories (book_id, category_id) VALUES (?, ?) , (?, ?)
16:47:20.650 [main] DEBUG c.e.j.m.B.insertBookCategories - ==> Parameters: 10(Long), 5(Long), 10(Long), 6(Long)
16:47:20.650 [main] DEBUG c.e.j.m.B.insertBookCategories - <==    Updates: 2
16:47:20.650 [main] DEBUG c.e.j.mapper.BookMapper.insert - ==>  Preparing: INSERT INTO books (title, isbn, author_id, published_year) VALUES (?, ?, ?, ?)
16:47:20.650 [main] DEBUG c.e.j.mapper.BookMapper.insert - ==> Parameters: Effective Java(String), 978-0134685991(String), 7(Long), 2018(Integer)
16:47:20.650 [main] DEBUG c.e.j.mapper.BookMapper.insert - <==    Updates: 1
16:47:20.650 [main] DEBUG c.e.j.mapper.BookMapper.findAll - ==>  Preparing: SELECT b.id, b.title, b.isbn, b.published_year, a.name AS author_name, c.id AS category_id, c.name AS category_name FROM books b LEFT JOIN authors a ON b.author_id = a.id LEFT JOIN books_categories bc ON bc.book_id = b.id LEFT JOIN categories c ON bc.category_id = c.id ORDER BY b.id
16:47:20.650 [main] DEBUG c.e.j.mapper.BookMapper.findAll - ==> Parameters: 
16:47:20.658 [main] DEBUG c.e.j.mapper.BookMapper.findAll - <==      Total: 3
16:47:20.669 [main] DEBUG c.e.j.mapper.BookMapper.insert - ==>  Preparing: INSERT INTO books (title, isbn, author_id, published_year) VALUES (?, ?, ?, ?)
16:47:20.669 [main] DEBUG c.e.j.mapper.BookMapper.insert - ==> Parameters: Effective Java(String), 978-0134685991(String), 8(Long), 2018(Integer)
16:47:20.669 [main] DEBUG c.e.j.mapper.BookMapper.insert - <==    Updates: 1
16:47:20.669 [main] DEBUG c.e.j.m.B.insertBookCategories - ==>  Preparing: INSERT INTO books_categories (book_id, category_id) VALUES (?, ?)
16:47:20.669 [main] DEBUG c.e.j.m.B.insertBookCategories - ==> Parameters: 12(Long), 7(Long)
16:47:20.669 [main] DEBUG c.e.j.m.B.insertBookCategories - <==    Updates: 1
16:47:20.669 [main] DEBUG c.e.j.m.B.deleteCategoriesByBookId - ==>  Preparing: DELETE FROM books_categories bc WHERE bc.book_id = ?
16:47:20.669 [main] DEBUG c.e.j.m.B.deleteCategoriesByBookId - ==> Parameters: 12(Long)
16:47:20.669 [main] DEBUG c.e.j.m.B.deleteCategoriesByBookId - <==    Updates: 1
16:47:20.669 [main] DEBUG c.e.j.m.B.findCategoriesById - ==>  Preparing: SELECT c.* FROM categories c JOIN books_categories bc ON bc.category_id = c.id WHERE bc.book_id = ?
16:47:20.669 [main] DEBUG c.e.j.m.B.findCategoriesById - ==> Parameters: 12(Long)
16:47:20.669 [main] DEBUG c.e.j.m.B.findCategoriesById - <==      Total: 0
16:47:20.684 [main] DEBUG c.e.j.mapper.BookMapper.insert - ==>  Preparing: INSERT INTO books (title, isbn, author_id, published_year) VALUES (?, ?, ?, ?)
16:47:20.686 [main] DEBUG c.e.j.mapper.BookMapper.insert - ==> Parameters: Effective Java(String), 978-0134685991(String), 9(Long), 2018(Integer)
16:47:20.686 [main] DEBUG c.e.j.mapper.BookMapper.insert - <==    Updates: 1
16:47:20.686 [main] DEBUG c.e.j.mapper.BookMapper.insert - ==>  Preparing: INSERT INTO books (title, isbn, author_id, published_year) VALUES (?, ?, ?, ?)
16:47:20.686 [main] DEBUG c.e.j.mapper.BookMapper.insert - ==> Parameters: Clean Code(String), 9780132350884(String), 10(Long), 2008(Integer)
16:47:20.686 [main] DEBUG c.e.j.mapper.BookMapper.insert - <==    Updates: 1
16:47:20.686 [main] DEBUG c.e.j.mapper.BookMapper.search - ==>  Preparing: SELECT b.id, b.title, b.isbn, b.published_year, a.name AS author_name, c.id AS category_id, c.name AS category_name FROM books b LEFT JOIN authors a ON b.author_id = a.id LEFT JOIN books_categories bc ON bc.book_id = b.id LEFT JOIN categories c ON bc.category_id = c.id WHERE (b.title ILIKE CONCAT('%', ?, '%') OR a.name ILIKE CONCAT('%', ?, '%') OR c.name ILIKE CONCAT('%', ?, '%')) ORDER BY b.id
16:47:20.690 [main] DEBUG c.e.j.mapper.BookMapper.search - ==> Parameters: Bloch(String), Bloch(String), Bloch(String)
16:47:20.690 [main] DEBUG c.e.j.mapper.BookMapper.search - <==      Total: 1
16:47:20.699 [main] DEBUG c.e.j.mapper.BookMapper.insert - ==>  Preparing: INSERT INTO books (title, isbn, author_id, published_year) VALUES (?, ?, ?, ?)
16:47:20.699 [main] DEBUG c.e.j.mapper.BookMapper.insert - ==> Parameters: Effective Java(String), 978-0134685991(String), 11(Long), 2018(Integer)
16:47:20.699 [main] DEBUG c.e.j.mapper.BookMapper.insert - <==    Updates: 1
16:47:20.699 [main] DEBUG c.e.j.mapper.BookMapper.insert - ==>  Preparing: INSERT INTO books (title, isbn, author_id, published_year) VALUES (?, ?, ?, ?)
16:47:20.699 [main] DEBUG c.e.j.mapper.BookMapper.insert - ==> Parameters: Unrelated Book(String), 9999999999999(String), 11(Long), 2000(Integer)
16:47:20.699 [main] DEBUG c.e.j.mapper.BookMapper.insert - <==    Updates: 1
16:47:20.699 [main] DEBUG c.e.j.mapper.BookMapper.search - ==>  Preparing: SELECT b.id, b.title, b.isbn, b.published_year, a.name AS author_name, c.id AS category_id, c.name AS category_name FROM books b LEFT JOIN authors a ON b.author_id = a.id LEFT JOIN books_categories bc ON bc.book_id = b.id LEFT JOIN categories c ON bc.category_id = c.id ORDER BY b.id
16:47:20.704 [main] DEBUG c.e.j.mapper.BookMapper.search - ==> Parameters: 
16:47:20.704 [main] DEBUG c.e.j.mapper.BookMapper.search - <==      Total: 2
16:47:20.713 [main] DEBUG c.e.j.mapper.BookMapper.insert - ==>  Preparing: INSERT INTO books (title, isbn, author_id, published_year) VALUES (?, ?, ?, ?)
16:47:20.713 [main] DEBUG c.e.j.mapper.BookMapper.insert - ==> Parameters: Effective Java(String), 978-0134685991(String), 12(Long), 2018(Integer)
16:47:20.713 [main] DEBUG c.e.j.mapper.BookMapper.insert - <==    Updates: 1
16:47:20.713 [main] DEBUG c.e.j.m.B.insertBookCategories - ==>  Preparing: INSERT INTO books_categories (book_id, category_id) VALUES (?, ?)
16:47:20.713 [main] DEBUG c.e.j.m.B.insertBookCategories - ==> Parameters: 17(Long), 8(Long)
16:47:20.713 [main] DEBUG c.e.j.m.B.insertBookCategories - <==    Updates: 1
16:47:20.713 [main] DEBUG c.e.j.m.B.findCategoriesById - ==>  Preparing: SELECT c.* FROM categories c JOIN books_categories bc ON bc.category_id = c.id WHERE bc.book_id = ?
16:47:20.713 [main] DEBUG c.e.j.m.B.findCategoriesById - ==> Parameters: 17(Long)
16:47:20.718 [main] DEBUG c.e.j.m.B.findCategoriesById - <==      Total: 1
16:47:20.720 [main] DEBUG c.e.j.mapper.BookMapper.insert - ==>  Preparing: INSERT INTO books (title, isbn, author_id, published_year) VALUES (?, ?, ?, ?)
16:47:20.720 [main] DEBUG c.e.j.mapper.BookMapper.insert - ==> Parameters: Effective Java(String), 978-0134685991(String), 13(Long), 2018(Integer)
16:47:20.720 [main] DEBUG c.e.j.mapper.BookMapper.insert - <==    Updates: 1
16:47:20.720 [main] DEBUG c.e.j.mapper.BookMapper.insert - ==>  Preparing: INSERT INTO books (title, isbn, author_id, published_year) VALUES (?, ?, ?, ?)
16:47:20.720 [main] DEBUG c.e.j.mapper.BookMapper.insert - ==> Parameters: Effective Java(String), 978-0134685991(String), 13(Long), 2018(Integer)
16:47:20.720 [main] DEBUG c.e.j.mapper.BookMapper.insert - <==    Updates: 1
16:47:20.720 [main] DEBUG c.e.j.m.BookMapper.findByAuthorId - ==>  Preparing: SELECT * FROM books b WHERE b.author_id = ?
16:47:20.720 [main] DEBUG c.e.j.m.BookMapper.findByAuthorId - ==> Parameters: 13(Long)
16:47:20.720 [main] DEBUG c.e.j.m.BookMapper.findByAuthorId - <==      Total: 2
16:47:20.730 [main] DEBUG c.e.j.m.BookRequestMapper.insert - ==>  Preparing: INSERT INTO book_requests (requester_id, status, requested_at) VALUES (?, ?, ?)
16:47:20.743 [main] DEBUG c.e.j.m.BookRequestMapper.insert - ==> Parameters: 4(Long), PENDING(String), 2026-09-09T16:47:20.730028500(LocalDateTime)
16:47:20.743 [main] DEBUG c.e.j.m.BookRequestMapper.insert - <==    Updates: 1
16:47:20.743 [main] DEBUG c.e.j.m.BookRequestItemMapper.insert - ==>  Preparing: INSERT INTO book_request_items (book_request_id, title, isbn, author_id, published_year, estimated_price) VALUES (?, ?, ?, ?, ?, ?)
16:47:20.743 [main] DEBUG c.e.j.m.BookRequestItemMapper.insert - ==> Parameters: 13(Long), Effective Java(String), 9780134685991(String), null, 2018(Integer), 1200.00(BigDecimal)
16:47:20.745 [main] DEBUG c.e.j.m.BookRequestItemMapper.insert - <==    Updates: 1
16:47:20.745 [main] DEBUG c.e.j.m.B.findByBookRequestId - ==>  Preparing: SELECT * FROM book_request_items WHERE book_request_id = ?
16:47:20.745 [main] DEBUG c.e.j.m.B.findByBookRequestId - ==> Parameters: 13(Long)
16:47:20.745 [main] DEBUG c.e.j.m.B.findByBookRequestId - <==      Total: 1
16:47:20.753 [main] DEBUG c.e.j.m.BookRequestMapper.insert - ==>  Preparing: INSERT INTO book_requests (requester_id, status, requested_at) VALUES (?, ?, ?)
16:47:20.753 [main] DEBUG c.e.j.m.BookRequestMapper.insert - ==> Parameters: 5(Long), APPROVED(String), 2026-09-09T16:47:20.753348600(LocalDateTime)
16:47:20.753 [main] DEBUG c.e.j.m.BookRequestMapper.insert - <==    Updates: 1
16:47:20.753 [main] DEBUG c.e.j.m.BookRequestItemMapper.insert - ==>  Preparing: INSERT INTO book_request_items (book_request_id, title, isbn, author_id, published_year, estimated_price) VALUES (?, ?, ?, ?, ?, ?)
16:47:20.753 [main] DEBUG c.e.j.m.BookRequestItemMapper.insert - ==> Parameters: 14(Long), Clean Code(String), null, null, null, null
16:47:20.753 [main] DEBUG c.e.j.m.BookRequestItemMapper.insert - <==    Updates: 1
16:47:20.753 [main] DEBUG c.e.j.m.ProcurementItemMapper.insert - ==>  Preparing: INSERT INTO procurement_items (book_request_item_id, status) VALUES (?, ?)
16:47:20.753 [main] DEBUG c.e.j.m.ProcurementItemMapper.insert - ==> Parameters: 16(Long), PENDING(String)
16:47:20.753 [main] DEBUG c.e.j.m.ProcurementItemMapper.insert - <==    Updates: 1
16:47:20.758 [main] DEBUG c.e.j.m.P.findByStatus - ==>  Preparing: SELECT * FROM procurement_items WHERE status = ?
16:47:20.758 [main] DEBUG c.e.j.m.P.findByStatus - ==> Parameters: PENDING(String)
16:47:20.758 [main] DEBUG c.e.j.m.P.findByStatus - <==      Total: 1
16:47:20.760 [main] DEBUG c.e.j.m.ProcurementItemMapper.update - ==>  Preparing: UPDATE procurement_items SET status = ?, procured_by = ?, procured_at = ?, book_id = ? WHERE id = ?
16:47:20.760 [main] DEBUG c.e.j.m.ProcurementItemMapper.update - ==> Parameters: COMPLETED(String), 6(Long), 2026-09-09T16:47:20.758042300(LocalDateTime), null, 6(Long)
16:47:20.760 [main] DEBUG c.e.j.m.ProcurementItemMapper.update - <==    Updates: 1
16:47:20.760 [main] DEBUG c.e.j.m.P.findById - ==>  Preparing: SELECT * FROM procurement_items WHERE id = ?
16:47:20.760 [main] DEBUG c.e.j.m.P.findById - ==> Parameters: 6(Long)
16:47:20.760 [main] DEBUG c.e.j.m.P.findById - <==      Total: 1
16:47:20.760 [main] DEBUG c.e.j.m.BookRequestMapper.insert - ==>  Preparing: INSERT INTO book_requests (requester_id, status, requested_at) VALUES (?, ?, ?)
16:47:20.760 [main] DEBUG c.e.j.m.BookRequestMapper.insert - ==> Parameters: 7(Long), PENDING(String), 2026-09-09T16:47:20.760959200(LocalDateTime)
16:47:20.760 [main] DEBUG c.e.j.m.BookRequestMapper.insert - <==    Updates: 1
16:47:20.760 [main] DEBUG c.e.j.m.BookRequestMapper.findById - ==>  Preparing: SELECT * FROM book_requests WHERE id = ?
16:47:20.760 [main] DEBUG c.e.j.m.BookRequestMapper.findById - ==> Parameters: 15(Long)
16:47:20.760 [main] DEBUG c.e.j.m.BookRequestMapper.findById - <==      Total: 1
16:47:20.760 [main] DEBUG c.e.j.m.B.findByStatus - ==>  Preparing: SELECT * FROM book_requests WHERE status = ? ORDER BY requested_at
16:47:20.760 [main] DEBUG c.e.j.m.B.findByStatus - ==> Parameters: PENDING(String)
16:47:20.760 [main] DEBUG c.e.j.m.B.findByStatus - <==      Total: 1
16:47:20.777 [main] DEBUG c.e.j.m.BookRequestMapper.insert - ==>  Preparing: INSERT INTO book_requests (requester_id, status, requested_at) VALUES (?, ?, ?)
16:47:20.777 [main] DEBUG c.e.j.m.BookRequestMapper.insert - ==> Parameters: 8(Long), APPROVED(String), 2026-09-09T16:47:20.777385(LocalDateTime)
16:47:20.777 [main] DEBUG c.e.j.m.BookRequestMapper.insert - <==    Updates: 1
16:47:20.777 [main] DEBUG c.e.j.m.BookRequestItemMapper.insert - ==>  Preparing: INSERT INTO book_request_items (book_request_id, title, isbn, author_id, published_year, estimated_price) VALUES (?, ?, ?, ?, ?, ?)
16:47:20.777 [main] DEBUG c.e.j.m.BookRequestItemMapper.insert - ==> Parameters: 16(Long), Effective Java(String), 9780134685991(String), null, 2018(Integer), 1200.00(BigDecimal)
16:47:20.777 [main] DEBUG c.e.j.m.BookRequestItemMapper.insert - <==    Updates: 1
16:47:20.777 [main] DEBUG c.e.j.m.ProcurementItemMapper.insert - ==>  Preparing: INSERT INTO procurement_items (book_request_item_id, status) VALUES (?, ?)
16:47:20.777 [main] DEBUG c.e.j.m.ProcurementItemMapper.insert - ==> Parameters: 17(Long), PENDING(String)
16:47:20.777 [main] DEBUG c.e.j.m.ProcurementItemMapper.insert - <==    Updates: 1
16:47:20.777 [main] DEBUG c.e.j.m.BookRequestItemMapper.insert - ==>  Preparing: INSERT INTO book_request_items (book_request_id, title, isbn, author_id, published_year, estimated_price) VALUES (?, ?, ?, ?, ?, ?)
16:47:20.777 [main] DEBUG c.e.j.m.BookRequestItemMapper.insert - ==> Parameters: 16(Long), Clean Code(String), null, null, null, null
16:47:20.777 [main] DEBUG c.e.j.m.BookRequestItemMapper.insert - <==    Updates: 1
16:47:20.777 [main] DEBUG c.e.j.m.ProcurementItemMapper.insert - ==>  Preparing: INSERT INTO procurement_items (book_request_item_id, status) VALUES (?, ?)
16:47:20.777 [main] DEBUG c.e.j.m.ProcurementItemMapper.insert - ==> Parameters: 18(Long), COMPLETED(String)
16:47:20.777 [main] DEBUG c.e.j.m.ProcurementItemMapper.insert - <==    Updates: 1
16:47:20.777 [main] DEBUG c.e.j.m.P.findSummary - ==>  Preparing: SELECT p.*, b.title,b.isbn,b.author_id,b.published_year,b.estimated_price FROM procurement_items p JOIN book_request_items b ON p.book_request_item_id = b.id WHERE p.status = ?
16:47:20.777 [main] DEBUG c.e.j.m.P.findSummary - ==> Parameters: PENDING(String)
16:47:20.792 [main] DEBUG c.e.j.m.P.findSummary - <==      Total: 1
16:47:20.798 [main] DEBUG c.e.j.m.BookRequestMapper.insert - ==>  Preparing: INSERT INTO book_requests (requester_id, status, requested_at) VALUES (?, ?, ?)
16:47:20.798 [main] DEBUG c.e.j.m.BookRequestMapper.insert - ==> Parameters: 9(Long), PENDING(String), 2026-09-09T16:47:20.798611600(LocalDateTime)
16:47:20.798 [main] DEBUG c.e.j.m.BookRequestMapper.insert - <==    Updates: 1
16:47:20.798 [main] DEBUG c.e.j.m.BookRequestMapper.insert - ==>  Preparing: INSERT INTO book_requests (requester_id, status, requested_at) VALUES (?, ?, ?)
16:47:20.798 [main] DEBUG c.e.j.m.BookRequestMapper.insert - ==> Parameters: 9(Long), APPROVED(String), 2026-09-09T16:47:20.798611600(LocalDateTime)
16:47:20.798 [main] DEBUG c.e.j.m.BookRequestMapper.insert - <==    Updates: 1
16:47:20.798 [main] DEBUG c.e.j.m.B.findSummary - ==>  Preparing: SELECT br.id, br.requester_id, br.approver_id, br.status, br.requested_at, br.approved_at, bri.id AS item_id, bri.book_request_id, bri.title AS item_title, bri.isbn AS item_isbn, bri.author_id AS item_author_id, bri.published_year AS item_published_year, bri.estimated_price AS item_estimated_price FROM book_requests br LEFT JOIN book_request_items bri ON bri.book_request_id = br.id WHERE br.status = ? ORDER BY br.requested_at
16:47:20.798 [main] DEBUG c.e.j.m.B.findSummary - ==> Parameters: PENDING(String)
16:47:20.798 [main] DEBUG c.e.j.m.B.findSummary - <==      Total: 1
16:47:20.811 [main] DEBUG c.e.j.m.BookRequestMapper.insert - ==>  Preparing: INSERT INTO book_requests (requester_id, status, requested_at) VALUES (?, ?, ?)
16:47:20.811 [main] DEBUG c.e.j.m.BookRequestMapper.insert - ==> Parameters: 10(Long), PENDING(String), 2026-09-09T16:47:20.811235600(LocalDateTime)
16:47:20.811 [main] DEBUG c.e.j.m.BookRequestMapper.insert - <==    Updates: 1
16:47:20.811 [main] DEBUG c.e.j.m.BookRequestMapper.approve - ==>  Preparing: UPDATE book_requests SET status = 'APPROVED', approver_id = ?, approved_at = ? WHERE id = ? AND status = 'PENDING' AND requester_id != ?
16:47:20.814 [main] DEBUG c.e.j.m.BookRequestMapper.approve - ==> Parameters: 11(Long), 2026-09-09T16:47:20.811235600(LocalDateTime), 19(Long), 11(Long)
16:47:20.814 [main] DEBUG c.e.j.m.BookRequestMapper.approve - <==    Updates: 1
16:47:20.814 [main] DEBUG c.e.j.m.BookRequestMapper.insert - ==>  Preparing: INSERT INTO book_requests (requester_id, status, requested_at) VALUES (?, ?, ?)
16:47:20.814 [main] DEBUG c.e.j.m.BookRequestMapper.insert - ==> Parameters: 12(Long), PENDING(String), 2026-09-09T16:47:20.814254(LocalDateTime)
16:47:20.814 [main] DEBUG c.e.j.m.BookRequestMapper.insert - <==    Updates: 1
16:47:20.814 [main] DEBUG c.e.j.m.BookRequestItemMapper.insert - ==>  Preparing: INSERT INTO book_request_items (book_request_id, title, isbn, author_id, published_year, estimated_price) VALUES (?, ?, ?, ?, ?, ?)
16:47:20.814 [main] DEBUG c.e.j.m.BookRequestItemMapper.insert - ==> Parameters: 20(Long), Effective Java(String), null, null, null, null
16:47:20.814 [main] DEBUG c.e.j.m.BookRequestItemMapper.insert - <==    Updates: 1
16:47:20.814 [main] DEBUG c.e.j.m.BookRequestItemMapper.insert - ==>  Preparing: INSERT INTO book_request_items (book_request_id, title, isbn, author_id, published_year, estimated_price) VALUES (?, ?, ?, ?, ?, ?)
16:47:20.814 [main] DEBUG c.e.j.m.BookRequestItemMapper.insert - ==> Parameters: 20(Long), Clean Code(String), null, null, null, null
16:47:20.814 [main] DEBUG c.e.j.m.BookRequestItemMapper.insert - <==    Updates: 1
16:47:20.824 [main] DEBUG c.e.j.m.B.findSummary - ==>  Preparing: SELECT br.id, br.requester_id, br.approver_id, br.status, br.requested_at, br.approved_at, bri.id AS item_id, bri.book_request_id, bri.title AS item_title, bri.isbn AS item_isbn, bri.author_id AS item_author_id, bri.published_year AS item_published_year, bri.estimated_price AS item_estimated_price FROM book_requests br LEFT JOIN book_request_items bri ON bri.book_request_id = br.id ORDER BY br.requested_at
16:47:20.824 [main] DEBUG c.e.j.m.B.findSummary - ==> Parameters: 
16:47:20.824 [main] DEBUG c.e.j.m.B.findSummary - <==      Total: 2
16:47:20.824 [main] DEBUG c.e.j.mapper.CategoryMapper.update - ==>  Preparing: UPDATE categories SET name = ? WHERE id = ?
16:47:20.824 [main] DEBUG c.e.j.mapper.CategoryMapper.update - ==> Parameters: Updated Name(String), 9(Long)
16:47:20.824 [main] DEBUG c.e.j.mapper.CategoryMapper.update - <==    Updates: 1
16:47:20.824 [main] DEBUG c.e.j.mapper.CategoryMapper.findById - ==>  Preparing: SELECT * FROM categories c WHERE c.id = ?
16:47:20.824 [main] DEBUG c.e.j.mapper.CategoryMapper.findById - ==> Parameters: 9(Long)
16:47:20.824 [main] DEBUG c.e.j.mapper.CategoryMapper.findById - <==      Total: 1
16:47:20.840 [main] DEBUG c.e.j.mapper.CategoryMapper.insert - ==>  Preparing: INSERT INTO categories (name) VALUES (?)
16:47:20.840 [main] DEBUG c.e.j.mapper.CategoryMapper.insert - ==> Parameters: Fiction(String)
16:47:20.842 [main] DEBUG c.e.j.mapper.CategoryMapper.insert - <==    Updates: 1
16:47:20.842 [main] DEBUG c.e.j.mapper.CategoryMapper.findById - ==>  Preparing: SELECT * FROM categories c WHERE c.id = ?
16:47:20.842 [main] DEBUG c.e.j.mapper.CategoryMapper.findById - ==> Parameters: 10(Long)
16:47:20.844 [main] DEBUG c.e.j.mapper.CategoryMapper.findById - <==      Total: 1
16:47:20.850 [main] DEBUG c.e.j.mapper.CategoryMapper.findAll - ==>  Preparing: SELECT * FROM categories c ORDER BY c.id
16:47:20.850 [main] DEBUG c.e.j.mapper.CategoryMapper.findAll - ==> Parameters: 
16:47:20.850 [main] DEBUG c.e.j.mapper.CategoryMapper.findAll - <==      Total: 2
16:47:20.858 [main] DEBUG c.e.j.m.CategoryMapper.deleteById - ==>  Preparing: DELETE FROM categories WHERE id = ?
16:47:20.858 [main] DEBUG c.e.j.m.CategoryMapper.deleteById - ==> Parameters: 13(Long)
16:47:20.858 [main] DEBUG c.e.j.m.CategoryMapper.deleteById - <==    Updates: 1
16:47:20.858 [main] DEBUG c.e.j.mapper.CategoryMapper.findAll - ==>  Preparing: SELECT * FROM categories c ORDER BY c.id
16:47:20.858 [main] DEBUG c.e.j.mapper.CategoryMapper.findAll - ==> Parameters: 
16:47:20.858 [main] DEBUG c.e.j.mapper.CategoryMapper.findAll - <==      Total: 0
16:47:20.872 [main] DEBUG c.e.j.m.C.findBooksByCategoryId - ==>  Preparing: SELECT b.* FROM books b JOIN books_categories bc ON b.id = bc.book_id WHERE bc.category_id = ?
16:47:20.875 [main] DEBUG c.e.j.m.C.findBooksByCategoryId - ==> Parameters: 14(Long)
16:47:20.875 [main] DEBUG c.e.j.m.C.findBooksByCategoryId - <==      Total: 1
16:47:20.881 [main] DEBUG c.e.j.mapper.CategoryMapper.findById - ==>  Preparing: SELECT * FROM categories c WHERE c.id = ?
16:47:20.881 [main] DEBUG c.e.j.mapper.CategoryMapper.findById - ==> Parameters: 16(Long)
16:47:20.881 [main] DEBUG c.e.j.mapper.CategoryMapper.findById - <==      Total: 1
16:47:20.891 [main] DEBUG c.e.j.mapper.UserMapper.update - ==>  Preparing: UPDATE users SET name = ?, password_hash = ?, role = ? WHERE id = ?
16:47:20.891 [main] DEBUG c.e.j.mapper.UserMapper.update - ==> Parameters: New Name(String), new-hash(String), ADMIN(String), 13(Long)
16:47:20.893 [main] DEBUG c.e.j.mapper.UserMapper.update - <==    Updates: 1
16:47:20.893 [main] DEBUG c.e.j.mapper.UserMapper.findByEmail - ==>  Preparing: SELECT * FROM users u WHERE u.email = ?
16:47:20.893 [main] DEBUG c.e.j.mapper.UserMapper.findByEmail - ==> Parameters: update@example.com(String)
16:47:20.895 [main] DEBUG c.e.j.mapper.UserMapper.findByEmail - <==      Total: 1
16:47:20.900 [main] DEBUG c.e.j.mapper.UserMapper.insert - ==>  Preparing: INSERT INTO users (email, name, password_hash, role) VALUES (?, ?, ?, ?)
16:47:20.903 [main] DEBUG c.e.j.mapper.UserMapper.insert - ==> Parameters: new@example.com(String), New User(String), hashed-password(String), ADMIN(String)
16:47:20.903 [main] DEBUG c.e.j.mapper.UserMapper.insert - <==    Updates: 1
16:47:20.903 [main] DEBUG c.e.j.mapper.UserMapper.findByEmail - ==>  Preparing: SELECT * FROM users u WHERE u.email = ?
16:47:20.903 [main] DEBUG c.e.j.mapper.UserMapper.findByEmail - ==> Parameters: new@example.com(String)
16:47:20.903 [main] DEBUG c.e.j.mapper.UserMapper.findByEmail - <==      Total: 1
16:47:20.911 [main] DEBUG c.e.j.mapper.UserMapper.findByEmail - ==>  Preparing: SELECT * FROM users u WHERE u.email = ?
16:47:20.911 [main] DEBUG c.e.j.mapper.UserMapper.findByEmail - ==> Parameters: nobody@example.com(String)
16:47:20.911 [main] DEBUG c.e.j.mapper.UserMapper.findByEmail - <==      Total: 0
16:47:20.917 [main] DEBUG c.e.j.mapper.UserMapper.findByEmail - ==>  Preparing: SELECT * FROM users u WHERE u.email = ?
16:47:20.917 [main] DEBUG c.e.j.mapper.UserMapper.findByEmail - ==> Parameters: alex@example.com(String)
16:47:20.919 [main] DEBUG c.e.j.mapper.UserMapper.findByEmail - <==      Total: 1
16:47:21.095 [main] INFO  c.e.j.service.AuthServiceImpl - 登入成功：userId=1, email=alex@example.com
16:47:21.095 [main] WARN  c.e.j.service.AuthServiceImpl - 登入失敗，帳號不存在：email=nobody@example.com
16:47:21.095 [main] WARN  c.e.j.service.AuthServiceImpl - 登入失敗，密碼錯誤：email=alex@example.com
16:47:21.103 [main] INFO  c.e.j.service.AuthServiceImpl - 新使用者註冊：userId=null, email=new@example.com
16:47:21.174 [main] DEBUG c.e.j.m.BookRequestMapper.insert - ==>  Preparing: INSERT INTO book_requests (requester_id, status, requested_at) VALUES (?, ?, ?)
16:47:21.174 [main] DEBUG c.e.j.m.BookRequestMapper.insert - ==> Parameters: 16(Long), APPROVED(String), 2026-09-09T16:47:21.174429700(LocalDateTime)
16:47:21.174 [main] DEBUG c.e.j.m.BookRequestMapper.insert - <==    Updates: 1
16:47:21.174 [main] DEBUG c.e.j.m.BookRequestItemMapper.insert - ==>  Preparing: INSERT INTO book_request_items (book_request_id, title, isbn, author_id, published_year, estimated_price) VALUES (?, ?, ?, ?, ?, ?)
16:47:21.174 [main] DEBUG c.e.j.m.BookRequestItemMapper.insert - ==> Parameters: 21(Long), Effective Java(String), null, null, null, null
16:47:21.174 [main] DEBUG c.e.j.m.BookRequestItemMapper.insert - <==    Updates: 1
16:47:21.174 [main] DEBUG c.e.j.m.ProcurementItemMapper.insert - ==>  Preparing: INSERT INTO procurement_items (book_request_item_id, status) VALUES (?, ?)
16:47:21.174 [main] DEBUG c.e.j.m.ProcurementItemMapper.insert - ==> Parameters: 21(Long), PENDING(String)
16:47:21.174 [main] DEBUG c.e.j.m.ProcurementItemMapper.insert - <==    Updates: 1
16:47:21.185 [pool-2-thread-1] DEBUG c.e.j.m.P.findByIdForUpdate - ==>  Preparing: SELECT * FROM procurement_items WHERE id = ? FOR UPDATE
16:47:21.185 [pool-2-thread-2] DEBUG c.e.j.m.P.findByIdForUpdate - ==>  Preparing: SELECT * FROM procurement_items WHERE id = ? FOR UPDATE
16:47:21.185 [pool-2-thread-1] DEBUG c.e.j.m.P.findByIdForUpdate - ==> Parameters: 9(Long)
16:47:21.185 [pool-2-thread-2] DEBUG c.e.j.m.P.findByIdForUpdate - ==> Parameters: 9(Long)
16:47:21.185 [pool-2-thread-1] DEBUG c.e.j.m.P.findByIdForUpdate - <==      Total: 1
16:47:21.185 [pool-2-thread-1] DEBUG c.e.j.m.B.findById - ==>  Preparing: SELECT * FROM book_request_items WHERE id = ?
16:47:21.185 [pool-2-thread-1] DEBUG c.e.j.m.B.findById - ==> Parameters: 21(Long)
16:47:21.185 [pool-2-thread-1] DEBUG c.e.j.m.B.findById - <==      Total: 1
16:47:21.185 [pool-2-thread-1] DEBUG c.e.j.mapper.BookMapper.insert - ==>  Preparing: INSERT INTO books (title, isbn, author_id, published_year) VALUES (?, ?, ?, ?)
16:47:21.185 [pool-2-thread-1] DEBUG c.e.j.mapper.BookMapper.insert - ==> Parameters: Effective Java(String), null, null, null
16:47:21.185 [pool-2-thread-1] DEBUG c.e.j.mapper.BookMapper.insert - <==    Updates: 1
16:47:21.190 [pool-2-thread-1] DEBUG c.e.j.m.ProcurementItemMapper.update - ==>  Preparing: UPDATE procurement_items SET status = ?, procured_by = ?, procured_at = ?, book_id = ? WHERE id = ?
16:47:21.190 [pool-2-thread-1] DEBUG c.e.j.m.ProcurementItemMapper.update - ==> Parameters: COMPLETED(String), 17(Long), 2026-09-09T16:47:21.185084900(LocalDateTime), 22(Long), 9(Long)
16:47:21.190 [pool-2-thread-1] DEBUG c.e.j.m.ProcurementItemMapper.update - <==    Updates: 1
16:47:21.190 [pool-2-thread-1] INFO  c.e.j.service.ProcurementServiceImpl - 採購完成，書籍已入庫：procurementItemId=9, bookId=22, procuredBy=17
16:47:21.190 [pool-2-thread-2] DEBUG c.e.j.m.P.findByIdForUpdate - <==      Total: 1
16:47:21.190 [main] DEBUG c.e.j.m.P.findByStatus - ==>  Preparing: SELECT * FROM procurement_items WHERE status = ?
16:47:21.190 [main] DEBUG c.e.j.m.P.findByStatus - ==> Parameters: COMPLETED(String)
16:47:21.190 [main] DEBUG c.e.j.m.P.findByStatus - <==      Total: 1
16:54:37.520 [main] DEBUG c.e.j.mapper.BookMapper.findAll - ==>  Preparing: SELECT b.id, b.title, b.isbn, b.published_year, a.name AS author_name, c.id AS category_id, c.name AS category_name FROM books b LEFT JOIN authors a ON b.author_id = a.id LEFT JOIN books_categories bc ON bc.book_id = b.id LEFT JOIN categories c ON bc.category_id = c.id ORDER BY b.id LIMIT ? OFFSET ?
16:54:37.542 [main] DEBUG c.e.j.mapper.BookMapper.findAll - ==> Parameters: 5(Integer), 0(Long)
16:54:37.559 [main] DEBUG c.e.j.mapper.BookMapper.findAll - <==      Total: 0
16:56:20.214 [main] DEBUG c.e.j.mapper.CategoryMapper.insert - ==>  Preparing: INSERT INTO categories (name) VALUES (?)
16:56:20.227 [main] DEBUG c.e.j.mapper.CategoryMapper.insert - ==> Parameters: Programming(String)
16:56:20.229 [main] DEBUG c.e.j.mapper.CategoryMapper.insert - <==    Updates: 1
16:56:20.232 [main] DEBUG c.e.j.mapper.CategoryMapper.insert - ==>  Preparing: INSERT INTO categories (name) VALUES (?)
16:56:20.233 [main] DEBUG c.e.j.mapper.CategoryMapper.insert - ==> Parameters: Architecture(String)
16:56:20.233 [main] DEBUG c.e.j.mapper.CategoryMapper.insert - <==    Updates: 1
16:56:20.234 [main] DEBUG c.e.j.mapper.CategoryMapper.insert - ==>  Preparing: INSERT INTO categories (name) VALUES (?)
16:56:20.234 [main] DEBUG c.e.j.mapper.CategoryMapper.insert - ==> Parameters: Best Practice(String)
16:56:20.234 [main] DEBUG c.e.j.mapper.CategoryMapper.insert - <==    Updates: 1
16:56:20.236 [main] DEBUG c.e.j.mapper.BookMapper.insert - ==>  Preparing: INSERT INTO books (title, isbn, author_id, published_year) VALUES (?, ?, ?, ?)
16:56:20.242 [main] DEBUG c.e.j.mapper.BookMapper.insert - ==> Parameters: Effective Java(String), 9780134685991(String), 1(Long), 2018(Integer)
16:56:20.243 [main] DEBUG c.e.j.mapper.BookMapper.insert - <==    Updates: 1
16:56:20.253 [main] DEBUG c.e.j.m.B.deleteCategoriesByBookId - ==>  Preparing: DELETE FROM books_categories bc WHERE bc.book_id = ?
16:56:20.254 [main] DEBUG c.e.j.m.B.deleteCategoriesByBookId - ==> Parameters: 1(Long)
16:56:20.254 [main] DEBUG c.e.j.m.B.deleteCategoriesByBookId - <==    Updates: 0
16:56:20.266 [main] DEBUG c.e.j.m.B.insertBookCategories - ==>  Preparing: INSERT INTO books_categories (book_id, category_id) VALUES (?, ?) , (?, ?)
16:56:20.267 [main] DEBUG c.e.j.m.B.insertBookCategories - ==> Parameters: 1(Long), 1(Long), 1(Long), 3(Long)
16:56:20.268 [main] DEBUG c.e.j.m.B.insertBookCategories - <==    Updates: 2
16:56:20.269 [main] DEBUG c.e.j.mapper.BookMapper.insert - ==>  Preparing: INSERT INTO books (title, isbn, author_id, published_year) VALUES (?, ?, ?, ?)
16:56:20.269 [main] DEBUG c.e.j.mapper.BookMapper.insert - ==> Parameters: Clean Code(String), 9780132350884(String), 2(Long), 2008(Integer)
16:56:20.270 [main] DEBUG c.e.j.mapper.BookMapper.insert - <==    Updates: 1
16:56:20.270 [main] DEBUG c.e.j.m.B.deleteCategoriesByBookId - ==>  Preparing: DELETE FROM books_categories bc WHERE bc.book_id = ?
16:56:20.271 [main] DEBUG c.e.j.m.B.deleteCategoriesByBookId - ==> Parameters: 2(Long)
16:56:20.271 [main] DEBUG c.e.j.m.B.deleteCategoriesByBookId - <==    Updates: 0
16:56:20.271 [main] DEBUG c.e.j.m.B.insertBookCategories - ==>  Preparing: INSERT INTO books_categories (book_id, category_id) VALUES (?, ?)
16:56:20.271 [main] DEBUG c.e.j.m.B.insertBookCategories - ==> Parameters: 2(Long), 3(Long)
16:56:20.272 [main] DEBUG c.e.j.m.B.insertBookCategories - <==    Updates: 1
16:56:20.272 [main] DEBUG c.e.j.mapper.BookMapper.insert - ==>  Preparing: INSERT INTO books (title, isbn, author_id, published_year) VALUES (?, ?, ?, ?)
16:56:20.272 [main] DEBUG c.e.j.mapper.BookMapper.insert - ==> Parameters: Domain-Driven Design(String), 9780321125217(String), 3(Long), 2003(Integer)
16:56:20.273 [main] DEBUG c.e.j.mapper.BookMapper.insert - <==    Updates: 1
16:56:20.273 [main] DEBUG c.e.j.m.B.deleteCategoriesByBookId - ==>  Preparing: DELETE FROM books_categories bc WHERE bc.book_id = ?
16:56:20.273 [main] DEBUG c.e.j.m.B.deleteCategoriesByBookId - ==> Parameters: 3(Long)
16:56:20.274 [main] DEBUG c.e.j.m.B.deleteCategoriesByBookId - <==    Updates: 0
16:56:20.274 [main] DEBUG c.e.j.m.B.insertBookCategories - ==>  Preparing: INSERT INTO books_categories (book_id, category_id) VALUES (?, ?)
16:56:20.274 [main] DEBUG c.e.j.m.B.insertBookCategories - ==> Parameters: 3(Long), 2(Long)
16:56:20.274 [main] DEBUG c.e.j.m.B.insertBookCategories - <==    Updates: 1
16:56:20.275 [main] DEBUG c.e.j.mapper.BookMapper.insert - ==>  Preparing: INSERT INTO books (title, isbn, author_id, published_year) VALUES (?, ?, ?, ?)
16:56:20.275 [main] DEBUG c.e.j.mapper.BookMapper.insert - ==> Parameters: Clean Architecture(String), 9780134494166(String), 2(Long), 2017(Integer)
16:56:20.275 [main] DEBUG c.e.j.mapper.BookMapper.insert - <==    Updates: 1
16:56:20.276 [main] DEBUG c.e.j.m.B.deleteCategoriesByBookId - ==>  Preparing: DELETE FROM books_categories bc WHERE bc.book_id = ?
16:56:20.276 [main] DEBUG c.e.j.m.B.deleteCategoriesByBookId - ==> Parameters: 4(Long)
16:56:20.276 [main] DEBUG c.e.j.m.B.deleteCategoriesByBookId - <==    Updates: 0
16:56:20.277 [main] DEBUG c.e.j.m.B.insertBookCategories - ==>  Preparing: INSERT INTO books_categories (book_id, category_id) VALUES (?, ?) , (?, ?)
16:56:20.277 [main] DEBUG c.e.j.m.B.insertBookCategories - ==> Parameters: 4(Long), 2(Long), 4(Long), 3(Long)
16:56:20.277 [main] DEBUG c.e.j.m.B.insertBookCategories - <==    Updates: 2
16:56:20.278 [main] DEBUG c.e.j.mapper.BookMapper.insert - ==>  Preparing: INSERT INTO books (title, isbn, author_id, published_year) VALUES (?, ?, ?, ?)
16:56:20.279 [main] DEBUG c.e.j.mapper.BookMapper.insert - ==> Parameters: Java Concurrency in Practice(String), 9780321349606(String), 1(Long), 2006(Integer)
16:56:20.279 [main] DEBUG c.e.j.mapper.BookMapper.insert - <==    Updates: 1
16:56:20.280 [main] DEBUG c.e.j.m.B.deleteCategoriesByBookId - ==>  Preparing: DELETE FROM books_categories bc WHERE bc.book_id = ?
16:56:20.280 [main] DEBUG c.e.j.m.B.deleteCategoriesByBookId - ==> Parameters: 5(Long)
16:56:20.280 [main] DEBUG c.e.j.m.B.deleteCategoriesByBookId - <==    Updates: 0
16:56:20.281 [main] DEBUG c.e.j.m.B.insertBookCategories - ==>  Preparing: INSERT INTO books_categories (book_id, category_id) VALUES (?, ?)
16:56:20.281 [main] DEBUG c.e.j.m.B.insertBookCategories - ==> Parameters: 5(Long), 1(Long)
16:56:20.281 [main] DEBUG c.e.j.m.B.insertBookCategories - <==    Updates: 1
16:56:20.284 [main] DEBUG c.e.j.mapper.UserMapper.findByEmail - ==>  Preparing: SELECT * FROM users u WHERE u.email = ?
16:56:20.284 [main] DEBUG c.e.j.mapper.UserMapper.findByEmail - ==> Parameters: user@example.com(String)
16:56:20.292 [main] DEBUG c.e.j.mapper.UserMapper.findByEmail - <==      Total: 0
16:56:20.356 [main] DEBUG c.e.j.mapper.UserMapper.insert - ==>  Preparing: INSERT INTO users (email, name, password_hash, role) VALUES (?, ?, ?, ?)
16:56:20.357 [main] DEBUG c.e.j.mapper.UserMapper.insert - ==> Parameters: user@example.com(String), 測試使用者(String), $2a$10$m0DcC3LrgXQXSPQ6SLDmwuBJ8YD8qD8GhdHCgraKQ6bt4UllN8eEy(String), USER(String)
16:56:20.358 [main] DEBUG c.e.j.mapper.UserMapper.insert - <==    Updates: 1
16:56:20.359 [main] INFO  c.e.j.service.AuthServiceImpl - 新使用者註冊：userId=1, email=user@example.com
16:56:20.416 [main] DEBUG c.e.j.mapper.UserMapper.insert - ==>  Preparing: INSERT INTO users (email, name, password_hash, role) VALUES (?, ?, ?, ?)
16:56:20.417 [main] DEBUG c.e.j.mapper.UserMapper.insert - ==> Parameters: admin@example.com(String), 管理員(String), $2a$10$PVeKUUmErAX1PZzOor3ZF.npHyQIk6o8qXjavfHL5vcP9CgsvL7Ce(String), ADMIN(String)
16:56:20.417 [main] DEBUG c.e.j.mapper.UserMapper.insert - <==    Updates: 1
16:56:20.476 [main] DEBUG c.e.j.mapper.UserMapper.insert - ==>  Preparing: INSERT INTO users (email, name, password_hash, role) VALUES (?, ?, ?, ?)
16:56:20.477 [main] DEBUG c.e.j.mapper.UserMapper.insert - ==> Parameters: procurement@example.com(String), 採購人員(String), $2a$10$ElgxcmcIIEt8CAJp.s6.cOL2fwlHnZX7c2a8FvbiUIhXnC4Fn8zdi(String), PROCUREMENT(String)
16:56:20.478 [main] DEBUG c.e.j.mapper.UserMapper.insert - <==    Updates: 1
16:56:20.482 [main] DEBUG c.e.j.m.BookRequestMapper.insert - ==>  Preparing: INSERT INTO book_requests (requester_id, status, requested_at) VALUES (?, ?, ?)
16:56:20.483 [main] DEBUG c.e.j.m.BookRequestMapper.insert - ==> Parameters: 1(Long), PENDING(String), 2026-09-09T16:56:20.481627400(LocalDateTime)
16:56:20.484 [main] DEBUG c.e.j.m.BookRequestMapper.insert - <==    Updates: 1
16:56:20.484 [main] DEBUG c.e.j.m.BookRequestItemMapper.insert - ==>  Preparing: INSERT INTO book_request_items (book_request_id, title, isbn, author_id, published_year, estimated_price) VALUES (?, ?, ?, ?, ?, ?)
16:56:20.485 [main] DEBUG c.e.j.m.BookRequestItemMapper.insert - ==> Parameters: 1(Long), Refactoring(String), null, null, null, null
16:56:20.485 [main] DEBUG c.e.j.m.BookRequestItemMapper.insert - <==    Updates: 1
16:56:20.486 [main] INFO  c.e.j.service.BookRequestServiceImpl - 送出申請：requestId=1, requesterId=1, 書籍數=1
16:56:20.487 [main] DEBUG c.e.j.m.BookRequestMapper.insert - ==>  Preparing: INSERT INTO book_requests (requester_id, status, requested_at) VALUES (?, ?, ?)
16:56:20.487 [main] DEBUG c.e.j.m.BookRequestMapper.insert - ==> Parameters: 1(Long), PENDING(String), 2026-09-09T16:56:20.486624200(LocalDateTime)
16:56:20.487 [main] DEBUG c.e.j.m.BookRequestMapper.insert - <==    Updates: 1
16:56:20.487 [main] DEBUG c.e.j.m.BookRequestItemMapper.insert - ==>  Preparing: INSERT INTO book_request_items (book_request_id, title, isbn, author_id, published_year, estimated_price) VALUES (?, ?, ?, ?, ?, ?)
16:56:20.488 [main] DEBUG c.e.j.m.BookRequestItemMapper.insert - ==> Parameters: 2(Long), The Pragmatic Programmer(String), 9780135957059(String), null, 2019(Integer), 850(BigDecimal)
16:56:20.488 [main] DEBUG c.e.j.m.BookRequestItemMapper.insert - <==    Updates: 1
16:56:20.488 [main] DEBUG c.e.j.m.BookRequestItemMapper.insert - ==>  Preparing: INSERT INTO book_request_items (book_request_id, title, isbn, author_id, published_year, estimated_price) VALUES (?, ?, ?, ?, ?, ?)
16:56:20.488 [main] DEBUG c.e.j.m.BookRequestItemMapper.insert - ==> Parameters: 2(Long), Head First Design Patterns(String), null, null, null, null
16:56:20.489 [main] DEBUG c.e.j.m.BookRequestItemMapper.insert - <==    Updates: 1
16:56:20.489 [main] INFO  c.e.j.service.BookRequestServiceImpl - 送出申請：requestId=2, requesterId=1, 書籍數=2
16:56:20.489 [main] DEBUG c.e.j.m.BookRequestMapper.insert - ==>  Preparing: INSERT INTO book_requests (requester_id, status, requested_at) VALUES (?, ?, ?)
16:56:20.490 [main] DEBUG c.e.j.m.BookRequestMapper.insert - ==> Parameters: 1(Long), PENDING(String), 2026-09-09T16:56:20.489623800(LocalDateTime)
16:56:20.490 [main] DEBUG c.e.j.m.BookRequestMapper.insert - <==    Updates: 1
16:56:20.490 [main] DEBUG c.e.j.m.BookRequestItemMapper.insert - ==>  Preparing: INSERT INTO book_request_items (book_request_id, title, isbn, author_id, published_year, estimated_price) VALUES (?, ?, ?, ?, ?, ?)
16:56:20.490 [main] DEBUG c.e.j.m.BookRequestItemMapper.insert - ==> Parameters: 3(Long), Test-Driven Development(String), 9780321146533(String), null, 2002(Integer), null
16:56:20.490 [main] DEBUG c.e.j.m.BookRequestItemMapper.insert - <==    Updates: 1
16:56:20.491 [main] INFO  c.e.j.service.BookRequestServiceImpl - 送出申請：requestId=3, requesterId=1, 書籍數=1
16:56:20.491 [main] DEBUG c.e.j.m.BookRequestMapper.insert - ==>  Preparing: INSERT INTO book_requests (requester_id, status, requested_at) VALUES (?, ?, ?)
16:56:20.491 [main] DEBUG c.e.j.m.BookRequestMapper.insert - ==> Parameters: 1(Long), PENDING(String), 2026-09-09T16:56:20.491624300(LocalDateTime)
16:56:20.492 [main] DEBUG c.e.j.m.BookRequestMapper.insert - <==    Updates: 1
16:56:20.492 [main] DEBUG c.e.j.m.BookRequestItemMapper.insert - ==>  Preparing: INSERT INTO book_request_items (book_request_id, title, isbn, author_id, published_year, estimated_price) VALUES (?, ?, ?, ?, ?, ?)
16:56:20.492 [main] DEBUG c.e.j.m.BookRequestItemMapper.insert - ==> Parameters: 4(Long), Working Effectively with Legacy Code(String), null, null, null, null
16:56:20.492 [main] DEBUG c.e.j.m.BookRequestItemMapper.insert - <==    Updates: 1
16:56:20.492 [main] INFO  c.e.j.service.BookRequestServiceImpl - 送出申請：requestId=4, requesterId=1, 書籍數=1
16:56:20.493 [main] DEBUG c.e.j.m.BookRequestMapper.insert - ==>  Preparing: INSERT INTO book_requests (requester_id, status, requested_at) VALUES (?, ?, ?)
16:56:20.493 [main] DEBUG c.e.j.m.BookRequestMapper.insert - ==> Parameters: 1(Long), PENDING(String), 2026-09-09T16:56:20.493623400(LocalDateTime)
16:56:20.494 [main] DEBUG c.e.j.m.BookRequestMapper.insert - <==    Updates: 1
16:56:20.494 [main] DEBUG c.e.j.m.BookRequestItemMapper.insert - ==>  Preparing: INSERT INTO book_request_items (book_request_id, title, isbn, author_id, published_year, estimated_price) VALUES (?, ?, ?, ?, ?, ?)
16:56:20.494 [main] DEBUG c.e.j.m.BookRequestItemMapper.insert - ==> Parameters: 5(Long), Continuous Delivery(String), null, null, null, null
16:56:20.494 [main] DEBUG c.e.j.m.BookRequestItemMapper.insert - <==    Updates: 1
16:56:20.494 [main] INFO  c.e.j.service.BookRequestServiceImpl - 送出申請：requestId=5, requesterId=1, 書籍數=1
16:56:20.495 [main] DEBUG c.e.j.m.BookRequestMapper.insert - ==>  Preparing: INSERT INTO book_requests (requester_id, status, requested_at) VALUES (?, ?, ?)
16:56:20.495 [main] DEBUG c.e.j.m.BookRequestMapper.insert - ==> Parameters: 1(Long), PENDING(String), 2026-09-09T16:56:20.495624800(LocalDateTime)
16:56:20.496 [main] DEBUG c.e.j.m.BookRequestMapper.insert - <==    Updates: 1
16:56:20.496 [main] DEBUG c.e.j.m.BookRequestItemMapper.insert - ==>  Preparing: INSERT INTO book_request_items (book_request_id, title, isbn, author_id, published_year, estimated_price) VALUES (?, ?, ?, ?, ?, ?)
16:56:20.496 [main] DEBUG c.e.j.m.BookRequestItemMapper.insert - ==> Parameters: 6(Long), Site Reliability Engineering(String), null, null, 2016(Integer), 1200(BigDecimal)
16:56:20.496 [main] DEBUG c.e.j.m.BookRequestItemMapper.insert - <==    Updates: 1
16:56:20.496 [main] INFO  c.e.j.service.BookRequestServiceImpl - 送出申請：requestId=6, requesterId=1, 書籍數=1
16:56:20.497 [main] DEBUG c.e.j.m.BookRequestMapper.approve - ==>  Preparing: UPDATE book_requests SET status = 'APPROVED', approver_id = ?, approved_at = ? WHERE id = ? AND status = 'PENDING' AND requester_id != ?
16:56:20.500 [main] DEBUG c.e.j.m.BookRequestMapper.approve - ==> Parameters: 2(Long), 2026-09-09T16:56:20.497623100(LocalDateTime), 6(Long), 2(Long)
16:56:20.500 [main] DEBUG c.e.j.m.BookRequestMapper.approve - <==    Updates: 1
16:56:20.501 [main] DEBUG c.e.j.m.BookRequestMapper.findById - ==>  Preparing: SELECT * FROM book_requests WHERE id = ?
16:56:20.501 [main] DEBUG c.e.j.m.BookRequestMapper.findById - ==> Parameters: 6(Long)
16:56:20.505 [main] DEBUG c.e.j.m.BookRequestMapper.findById - <==      Total: 1
16:56:20.505 [main] DEBUG c.e.j.m.B.findByBookRequestId - ==>  Preparing: SELECT * FROM book_request_items WHERE book_request_id = ?
16:56:20.506 [main] DEBUG c.e.j.m.B.findByBookRequestId - ==> Parameters: 6(Long)
16:56:20.507 [main] DEBUG c.e.j.m.B.findByBookRequestId - <==      Total: 1
16:56:20.508 [main] DEBUG c.e.j.m.ProcurementItemMapper.insert - ==>  Preparing: INSERT INTO procurement_items (book_request_item_id, status) VALUES (?, ?)
16:56:20.508 [main] DEBUG c.e.j.m.ProcurementItemMapper.insert - ==> Parameters: 7(Long), PENDING(String)
16:56:20.509 [main] DEBUG c.e.j.m.ProcurementItemMapper.insert - <==    Updates: 1
16:56:20.509 [main] INFO  c.e.j.service.BookRequestServiceImpl - 申請已核准：requestId=6, approverId=2
16:56:20.510 [main] DEBUG c.e.j.m.BookRequestMapper.insert - ==>  Preparing: INSERT INTO book_requests (requester_id, status, requested_at) VALUES (?, ?, ?)
16:56:20.510 [main] DEBUG c.e.j.m.BookRequestMapper.insert - ==> Parameters: 1(Long), PENDING(String), 2026-09-09T16:56:20.510624800(LocalDateTime)
16:56:20.510 [main] DEBUG c.e.j.m.BookRequestMapper.insert - <==    Updates: 1
16:56:20.510 [main] DEBUG c.e.j.m.BookRequestItemMapper.insert - ==>  Preparing: INSERT INTO book_request_items (book_request_id, title, isbn, author_id, published_year, estimated_price) VALUES (?, ?, ?, ?, ?, ?)
16:56:20.511 [main] DEBUG c.e.j.m.BookRequestItemMapper.insert - ==> Parameters: 7(Long), Database Internals(String), null, null, null, null
16:56:20.512 [main] DEBUG c.e.j.m.BookRequestItemMapper.insert - <==    Updates: 1
16:56:20.512 [main] DEBUG c.e.j.m.BookRequestItemMapper.insert - ==>  Preparing: INSERT INTO book_request_items (book_request_id, title, isbn, author_id, published_year, estimated_price) VALUES (?, ?, ?, ?, ?, ?)
16:56:20.512 [main] DEBUG c.e.j.m.BookRequestItemMapper.insert - ==> Parameters: 7(Long), Designing Data-Intensive Applications(String), 9781449373320(String), null, 2017(Integer), 1500(BigDecimal)
16:56:20.512 [main] DEBUG c.e.j.m.BookRequestItemMapper.insert - <==    Updates: 1
16:56:20.513 [main] INFO  c.e.j.service.BookRequestServiceImpl - 送出申請：requestId=7, requesterId=1, 書籍數=2
16:56:20.513 [main] DEBUG c.e.j.m.BookRequestMapper.approve - ==>  Preparing: UPDATE book_requests SET status = 'APPROVED', approver_id = ?, approved_at = ? WHERE id = ? AND status = 'PENDING' AND requester_id != ?
16:56:20.514 [main] DEBUG c.e.j.m.BookRequestMapper.approve - ==> Parameters: 2(Long), 2026-09-09T16:56:20.513624200(LocalDateTime), 7(Long), 2(Long)
16:56:20.514 [main] DEBUG c.e.j.m.BookRequestMapper.approve - <==    Updates: 1
16:56:20.514 [main] DEBUG c.e.j.m.BookRequestMapper.findById - ==>  Preparing: SELECT * FROM book_requests WHERE id = ?
16:56:20.514 [main] DEBUG c.e.j.m.BookRequestMapper.findById - ==> Parameters: 7(Long)
16:56:20.515 [main] DEBUG c.e.j.m.BookRequestMapper.findById - <==      Total: 1
16:56:20.515 [main] DEBUG c.e.j.m.B.findByBookRequestId - ==>  Preparing: SELECT * FROM book_request_items WHERE book_request_id = ?
16:56:20.516 [main] DEBUG c.e.j.m.B.findByBookRequestId - ==> Parameters: 7(Long)
16:56:20.516 [main] DEBUG c.e.j.m.B.findByBookRequestId - <==      Total: 2
16:56:20.516 [main] DEBUG c.e.j.m.ProcurementItemMapper.insert - ==>  Preparing: INSERT INTO procurement_items (book_request_item_id, status) VALUES (?, ?)
16:56:20.516 [main] DEBUG c.e.j.m.ProcurementItemMapper.insert - ==> Parameters: 8(Long), PENDING(String)
16:56:20.517 [main] DEBUG c.e.j.m.ProcurementItemMapper.insert - <==    Updates: 1
16:56:20.517 [main] DEBUG c.e.j.m.ProcurementItemMapper.insert - ==>  Preparing: INSERT INTO procurement_items (book_request_item_id, status) VALUES (?, ?)
16:56:20.517 [main] DEBUG c.e.j.m.ProcurementItemMapper.insert - ==> Parameters: 9(Long), PENDING(String)
16:56:20.517 [main] DEBUG c.e.j.m.ProcurementItemMapper.insert - <==    Updates: 1
16:56:20.517 [main] INFO  c.e.j.service.BookRequestServiceImpl - 申請已核准：requestId=7, approverId=2
16:56:20.518 [main] DEBUG c.e.j.m.BookRequestMapper.insert - ==>  Preparing: INSERT INTO book_requests (requester_id, status, requested_at) VALUES (?, ?, ?)
16:56:20.518 [main] DEBUG c.e.j.m.BookRequestMapper.insert - ==> Parameters: 1(Long), PENDING(String), 2026-09-09T16:56:20.518625300(LocalDateTime)
16:56:20.519 [main] DEBUG c.e.j.m.BookRequestMapper.insert - <==    Updates: 1
16:56:20.519 [main] DEBUG c.e.j.m.BookRequestItemMapper.insert - ==>  Preparing: INSERT INTO book_request_items (book_request_id, title, isbn, author_id, published_year, estimated_price) VALUES (?, ?, ?, ?, ?, ?)
16:56:20.519 [main] DEBUG c.e.j.m.BookRequestItemMapper.insert - ==> Parameters: 8(Long), The Clean Coder(String), null, null, null, null
16:56:20.519 [main] DEBUG c.e.j.m.BookRequestItemMapper.insert - <==    Updates: 1
16:56:20.519 [main] INFO  c.e.j.service.BookRequestServiceImpl - 送出申請：requestId=8, requesterId=1, 書籍數=1
16:56:20.520 [main] DEBUG c.e.j.m.BookRequestMapper.approve - ==>  Preparing: UPDATE book_requests SET status = 'APPROVED', approver_id = ?, approved_at = ? WHERE id = ? AND status = 'PENDING' AND requester_id != ?
16:56:20.520 [main] DEBUG c.e.j.m.BookRequestMapper.approve - ==> Parameters: 2(Long), 2026-09-09T16:56:20.520624800(LocalDateTime), 8(Long), 2(Long)
16:56:20.521 [main] DEBUG c.e.j.m.BookRequestMapper.approve - <==    Updates: 1
16:56:20.521 [main] DEBUG c.e.j.m.BookRequestMapper.findById - ==>  Preparing: SELECT * FROM book_requests WHERE id = ?
16:56:20.521 [main] DEBUG c.e.j.m.BookRequestMapper.findById - ==> Parameters: 8(Long)
16:56:20.521 [main] DEBUG c.e.j.m.BookRequestMapper.findById - <==      Total: 1
16:56:20.521 [main] DEBUG c.e.j.m.B.findByBookRequestId - ==>  Preparing: SELECT * FROM book_request_items WHERE book_request_id = ?
16:56:20.522 [main] DEBUG c.e.j.m.B.findByBookRequestId - ==> Parameters: 8(Long)
16:56:20.522 [main] DEBUG c.e.j.m.B.findByBookRequestId - <==      Total: 1
16:56:20.522 [main] DEBUG c.e.j.m.ProcurementItemMapper.insert - ==>  Preparing: INSERT INTO procurement_items (book_request_item_id, status) VALUES (?, ?)
16:56:20.522 [main] DEBUG c.e.j.m.ProcurementItemMapper.insert - ==> Parameters: 10(Long), PENDING(String)
16:56:20.522 [main] DEBUG c.e.j.m.ProcurementItemMapper.insert - <==    Updates: 1
16:56:20.522 [main] INFO  c.e.j.service.BookRequestServiceImpl - 申請已核准：requestId=8, approverId=2
16:56:20.523 [main] DEBUG c.e.j.m.BookRequestMapper.insert - ==>  Preparing: INSERT INTO book_requests (requester_id, status, requested_at) VALUES (?, ?, ?)
16:56:20.523 [main] DEBUG c.e.j.m.BookRequestMapper.insert - ==> Parameters: 1(Long), PENDING(String), 2026-09-09T16:56:20.523625400(LocalDateTime)
16:56:20.523 [main] DEBUG c.e.j.m.BookRequestMapper.insert - <==    Updates: 1
16:56:20.524 [main] DEBUG c.e.j.m.BookRequestItemMapper.insert - ==>  Preparing: INSERT INTO book_request_items (book_request_id, title, isbn, author_id, published_year, estimated_price) VALUES (?, ?, ?, ?, ?, ?)
16:56:20.525 [main] DEBUG c.e.j.m.BookRequestItemMapper.insert - ==> Parameters: 9(Long), Release It!(String), null, null, null, null
16:56:20.525 [main] DEBUG c.e.j.m.BookRequestItemMapper.insert - <==    Updates: 1
16:56:20.525 [main] INFO  c.e.j.service.BookRequestServiceImpl - 送出申請：requestId=9, requesterId=1, 書籍數=1
16:56:20.526 [main] DEBUG c.e.j.m.BookRequestMapper.approve - ==>  Preparing: UPDATE book_requests SET status = 'APPROVED', approver_id = ?, approved_at = ? WHERE id = ? AND status = 'PENDING' AND requester_id != ?
16:56:20.526 [main] DEBUG c.e.j.m.BookRequestMapper.approve - ==> Parameters: 2(Long), 2026-09-09T16:56:20.526624700(LocalDateTime), 9(Long), 2(Long)
16:56:20.527 [main] DEBUG c.e.j.m.BookRequestMapper.approve - <==    Updates: 1
16:56:20.527 [main] DEBUG c.e.j.m.BookRequestMapper.findById - ==>  Preparing: SELECT * FROM book_requests WHERE id = ?
16:56:20.527 [main] DEBUG c.e.j.m.BookRequestMapper.findById - ==> Parameters: 9(Long)
16:56:20.528 [main] DEBUG c.e.j.m.BookRequestMapper.findById - <==      Total: 1
16:56:20.528 [main] DEBUG c.e.j.m.B.findByBookRequestId - ==>  Preparing: SELECT * FROM book_request_items WHERE book_request_id = ?
16:56:20.529 [main] DEBUG c.e.j.m.B.findByBookRequestId - ==> Parameters: 9(Long)
16:56:20.529 [main] DEBUG c.e.j.m.B.findByBookRequestId - <==      Total: 1
16:56:20.530 [main] DEBUG c.e.j.m.ProcurementItemMapper.insert - ==>  Preparing: INSERT INTO procurement_items (book_request_item_id, status) VALUES (?, ?)
16:56:20.530 [main] DEBUG c.e.j.m.ProcurementItemMapper.insert - ==> Parameters: 11(Long), PENDING(String)
16:56:20.530 [main] DEBUG c.e.j.m.ProcurementItemMapper.insert - <==    Updates: 1
16:56:20.530 [main] INFO  c.e.j.service.BookRequestServiceImpl - 申請已核准：requestId=9, approverId=2
16:56:20.531 [main] DEBUG c.e.j.m.BookRequestMapper.insert - ==>  Preparing: INSERT INTO book_requests (requester_id, status, requested_at) VALUES (?, ?, ?)
16:56:20.533 [main] DEBUG c.e.j.m.BookRequestMapper.insert - ==> Parameters: 1(Long), PENDING(String), 2026-09-09T16:56:20.531638(LocalDateTime)
16:56:20.534 [main] DEBUG c.e.j.m.BookRequestMapper.insert - <==    Updates: 1
16:56:20.534 [main] DEBUG c.e.j.m.BookRequestItemMapper.insert - ==>  Preparing: INSERT INTO book_request_items (book_request_id, title, isbn, author_id, published_year, estimated_price) VALUES (?, ?, ?, ?, ?, ?)
16:56:20.536 [main] DEBUG c.e.j.m.BookRequestItemMapper.insert - ==> Parameters: 10(Long), Overpriced Book(String), null, null, null, 99999(BigDecimal)
16:56:20.536 [main] DEBUG c.e.j.m.BookRequestItemMapper.insert - <==    Updates: 1
16:56:20.536 [main] INFO  c.e.j.service.BookRequestServiceImpl - 送出申請：requestId=10, requesterId=1, 書籍數=1
16:56:20.538 [main] DEBUG c.e.j.m.BookRequestMapper.reject - ==>  Preparing: UPDATE book_requests SET status = 'REJECTED', approver_id = ?, approved_at = ? WHERE id = ? AND status = 'PENDING' AND requester_id != ?
16:56:20.538 [main] DEBUG c.e.j.m.BookRequestMapper.reject - ==> Parameters: 2(Long), 2026-09-09T16:56:20.538629800(LocalDateTime), 10(Long), 2(Long)
16:56:20.539 [main] DEBUG c.e.j.m.BookRequestMapper.reject - <==    Updates: 1
16:56:20.539 [main] DEBUG c.e.j.m.BookRequestMapper.findById - ==>  Preparing: SELECT * FROM book_requests WHERE id = ?
16:56:20.540 [main] DEBUG c.e.j.m.BookRequestMapper.findById - ==> Parameters: 10(Long)
16:56:20.540 [main] DEBUG c.e.j.m.BookRequestMapper.findById - <==      Total: 1
16:56:20.540 [main] INFO  c.e.j.service.BookRequestServiceImpl - 申請已拒絕：requestId=10, approverId=2
16:56:20.542 [main] DEBUG c.e.j.m.BookRequestMapper.insert - ==>  Preparing: INSERT INTO book_requests (requester_id, status, requested_at) VALUES (?, ?, ?)
16:56:20.542 [main] DEBUG c.e.j.m.BookRequestMapper.insert - ==> Parameters: 1(Long), PENDING(String), 2026-09-09T16:56:20.542145600(LocalDateTime)
16:56:20.542 [main] DEBUG c.e.j.m.BookRequestMapper.insert - <==    Updates: 1
16:56:20.542 [main] DEBUG c.e.j.m.BookRequestItemMapper.insert - ==>  Preparing: INSERT INTO book_request_items (book_request_id, title, isbn, author_id, published_year, estimated_price) VALUES (?, ?, ?, ?, ?, ?)
16:56:20.542 [main] DEBUG c.e.j.m.BookRequestItemMapper.insert - ==> Parameters: 11(Long), Duplicate Request Example(String), null, null, null, null
16:56:20.543 [main] DEBUG c.e.j.m.BookRequestItemMapper.insert - <==    Updates: 1
16:56:20.543 [main] INFO  c.e.j.service.BookRequestServiceImpl - 送出申請：requestId=11, requesterId=1, 書籍數=1
16:56:20.543 [main] DEBUG c.e.j.m.BookRequestMapper.reject - ==>  Preparing: UPDATE book_requests SET status = 'REJECTED', approver_id = ?, approved_at = ? WHERE id = ? AND status = 'PENDING' AND requester_id != ?
16:56:20.544 [main] DEBUG c.e.j.m.BookRequestMapper.reject - ==> Parameters: 2(Long), 2026-09-09T16:56:20.543901(LocalDateTime), 11(Long), 2(Long)
16:56:20.545 [main] DEBUG c.e.j.m.BookRequestMapper.reject - <==    Updates: 1
16:56:20.547 [main] DEBUG c.e.j.m.BookRequestMapper.findById - ==>  Preparing: SELECT * FROM book_requests WHERE id = ?
16:56:20.548 [main] DEBUG c.e.j.m.BookRequestMapper.findById - ==> Parameters: 11(Long)
16:56:20.549 [main] DEBUG c.e.j.m.BookRequestMapper.findById - <==      Total: 1
16:56:20.549 [main] INFO  c.e.j.service.BookRequestServiceImpl - 申請已拒絕：requestId=11, approverId=2
16:56:20.550 [main] DEBUG c.e.j.m.BookRequestMapper.insert - ==>  Preparing: INSERT INTO book_requests (requester_id, status, requested_at) VALUES (?, ?, ?)
16:56:20.551 [main] DEBUG c.e.j.m.BookRequestMapper.insert - ==> Parameters: 1(Long), PENDING(String), 2026-09-09T16:56:20.550910500(LocalDateTime)
16:56:20.551 [main] DEBUG c.e.j.m.BookRequestMapper.insert - <==    Updates: 1
16:56:20.551 [main] DEBUG c.e.j.m.BookRequestItemMapper.insert - ==>  Preparing: INSERT INTO book_request_items (book_request_id, title, isbn, author_id, published_year, estimated_price) VALUES (?, ?, ?, ?, ?, ?)
16:56:20.551 [main] DEBUG c.e.j.m.BookRequestItemMapper.insert - ==> Parameters: 12(Long), Out of Scope Book(String), null, null, null, null
16:56:20.552 [main] DEBUG c.e.j.m.BookRequestItemMapper.insert - <==    Updates: 1
16:56:20.552 [main] INFO  c.e.j.service.BookRequestServiceImpl - 送出申請：requestId=12, requesterId=1, 書籍數=1
16:56:20.554 [main] DEBUG c.e.j.m.BookRequestMapper.reject - ==>  Preparing: UPDATE book_requests SET status = 'REJECTED', approver_id = ?, approved_at = ? WHERE id = ? AND status = 'PENDING' AND requester_id != ?
16:56:20.554 [main] DEBUG c.e.j.m.BookRequestMapper.reject - ==> Parameters: 2(Long), 2026-09-09T16:56:20.553909700(LocalDateTime), 12(Long), 2(Long)
16:56:20.554 [main] DEBUG c.e.j.m.BookRequestMapper.reject - <==    Updates: 1
16:56:20.554 [main] DEBUG c.e.j.m.BookRequestMapper.findById - ==>  Preparing: SELECT * FROM book_requests WHERE id = ?
16:56:20.555 [main] DEBUG c.e.j.m.BookRequestMapper.findById - ==> Parameters: 12(Long)
16:56:20.555 [main] DEBUG c.e.j.m.BookRequestMapper.findById - <==      Total: 1
16:56:20.555 [main] INFO  c.e.j.service.BookRequestServiceImpl - 申請已拒絕：requestId=12, approverId=2
16:56:20.556 [main] DEBUG c.e.j.m.B.findByStatus - ==>  Preparing: SELECT * FROM book_requests WHERE status = ? ORDER BY requested_at
16:56:20.557 [main] DEBUG c.e.j.m.B.findByStatus - ==> Parameters: PENDING(String)
16:56:20.558 [main] DEBUG c.e.j.m.B.findByStatus - <==      Total: 5
16:56:20.558 [main] DEBUG c.e.j.m.B.findByStatus - ==>  Preparing: SELECT * FROM book_requests WHERE status = ? ORDER BY requested_at
16:56:20.559 [main] DEBUG c.e.j.m.B.findByStatus - ==> Parameters: APPROVED(String)
16:56:20.560 [main] DEBUG c.e.j.m.B.findByStatus - <==      Total: 4
16:56:20.561 [main] DEBUG c.e.j.m.B.findByStatus - ==>  Preparing: SELECT * FROM book_requests WHERE status = ? ORDER BY requested_at
16:56:20.561 [main] DEBUG c.e.j.m.B.findByStatus - ==> Parameters: REJECTED(String)
16:56:20.562 [main] DEBUG c.e.j.m.B.findByStatus - <==      Total: 3
16:56:20.563 [main] DEBUG c.e.j.m.BookRequestMapper.findAll - ==>  Preparing: SELECT * FROM book_requests
16:56:20.564 [main] DEBUG c.e.j.m.BookRequestMapper.findAll - ==> Parameters: 
16:56:20.565 [main] DEBUG c.e.j.m.BookRequestMapper.findAll - <==      Total: 12
16:56:22.327 [main] WARN  c.e.j.i.RoleAccessInterceptor - 權限不足被擋下：userId=1, role=ADMIN, POST /procurement/1/complete
16:56:22.328 [main] WARN  c.e.j.i.RoleAccessInterceptor - 權限不足被擋下：userId=1, role=USER, POST /procurement/1/complete
16:56:22.341 [main] WARN  c.e.j.i.RoleAccessInterceptor - 權限不足被擋下：userId=1, role=PROCUREMENT, POST /requests/1/approve
16:56:22.342 [main] WARN  c.e.j.i.RoleAccessInterceptor - 權限不足被擋下：userId=1, role=USER, POST /requests/1/reject
16:56:22.343 [main] WARN  c.e.j.i.RoleAccessInterceptor - 權限不足被擋下：userId=1, role=USER, GET /books/new
16:56:22.352 [main] DEBUG c.e.j.mapper.BookMapper.insert - ==>  Preparing: INSERT INTO books (title, isbn, author_id, published_year) VALUES (?, ?, ?, ?)
16:56:22.352 [main] DEBUG c.e.j.mapper.BookMapper.insert - ==> Parameters: Effective Java(String), 978-0134685991(String), 4(Long), 2018(Integer)
16:56:22.352 [main] DEBUG c.e.j.mapper.BookMapper.insert - <==    Updates: 1
16:56:22.353 [main] DEBUG c.e.j.mapper.BookMapper.insert - ==>  Preparing: INSERT INTO books (title, isbn, author_id, published_year) VALUES (?, ?, ?, ?)
16:56:22.353 [main] DEBUG c.e.j.mapper.BookMapper.insert - ==> Parameters: Unrelated Book(String), 9999999999999(String), 4(Long), 2000(Integer)
16:56:22.354 [main] DEBUG c.e.j.mapper.BookMapper.insert - <==    Updates: 1
16:56:22.357 [main] DEBUG c.e.j.mapper.BookMapper.search - ==>  Preparing: SELECT b.id, b.title, b.isbn, b.published_year, a.name AS author_name, c.id AS category_id, c.name AS category_name FROM books b LEFT JOIN authors a ON b.author_id = a.id LEFT JOIN books_categories bc ON bc.book_id = b.id LEFT JOIN categories c ON bc.category_id = c.id WHERE (b.title ILIKE CONCAT('%', ?, '%') OR a.name ILIKE CONCAT('%', ?, '%') OR c.name ILIKE CONCAT('%', ?, '%')) ORDER BY b.id
16:56:22.358 [main] DEBUG c.e.j.mapper.BookMapper.search - ==> Parameters: Effective(String), Effective(String), Effective(String)
16:56:22.359 [main] DEBUG c.e.j.mapper.BookMapper.search - <==      Total: 1
16:56:22.367 [main] DEBUG c.e.j.mapper.BookMapper.insert - ==>  Preparing: INSERT INTO books (title, isbn, author_id, published_year) VALUES (?, ?, ?, ?)
16:56:22.367 [main] DEBUG c.e.j.mapper.BookMapper.insert - ==> Parameters: Effective Java(String), 978-0134685991(String), 5(Long), 2018(Integer)
16:56:22.367 [main] DEBUG c.e.j.mapper.BookMapper.insert - <==    Updates: 1
16:56:22.368 [main] DEBUG c.e.j.m.B.insertBookCategories - ==>  Preparing: INSERT INTO books_categories (book_id, category_id) VALUES (?, ?)
16:56:22.368 [main] DEBUG c.e.j.m.B.insertBookCategories - ==> Parameters: 8(Long), 4(Long)
16:56:22.368 [main] DEBUG c.e.j.m.B.insertBookCategories - <==    Updates: 1
16:56:22.368 [main] DEBUG c.e.j.m.B.findCategoriesById - ==>  Preparing: SELECT c.* FROM categories c JOIN books_categories bc ON bc.category_id = c.id WHERE bc.book_id = ?
16:56:22.369 [main] DEBUG c.e.j.m.B.findCategoriesById - ==> Parameters: 8(Long)
16:56:22.370 [main] DEBUG c.e.j.m.B.findCategoriesById - <==      Total: 1
16:56:22.375 [main] DEBUG c.e.j.mapper.BookMapper.insert - ==>  Preparing: INSERT INTO books (title, isbn, author_id, published_year) VALUES (?, ?, ?, ?)
16:56:22.376 [main] DEBUG c.e.j.mapper.BookMapper.insert - ==> Parameters: Effective Java(String), 978-0134685991(String), 6(Long), 2018(Integer)
16:56:22.376 [main] DEBUG c.e.j.mapper.BookMapper.insert - <==    Updates: 1
16:56:22.377 [main] DEBUG c.e.j.mapper.BookMapper.update - ==>  Preparing: UPDATE books SET title = ?, isbn = ?, author_id = ?, published_year = ? WHERE id = ?
16:56:22.377 [main] DEBUG c.e.j.mapper.BookMapper.update - ==> Parameters: My New Title(String), 978-0134685991(String), 6(Long), 2018(Integer), 9(Long)
16:56:22.377 [main] DEBUG c.e.j.mapper.BookMapper.update - <==    Updates: 1
16:56:22.377 [main] DEBUG c.e.j.mapper.BookMapper.findById - ==>  Preparing: SELECT id, title, isbn, author_id, published_year FROM books WHERE id = ?
16:56:22.378 [main] DEBUG c.e.j.mapper.BookMapper.findById - ==> Parameters: 9(Long)
16:56:22.379 [main] DEBUG c.e.j.mapper.BookMapper.findById - <==      Total: 1
16:56:22.380 [main] DEBUG c.e.j.mapper.BookMapper.findAll - ==>  Preparing: SELECT b.id, b.title, b.isbn, b.published_year, a.name AS author_name, c.id AS category_id, c.name AS category_name FROM books b LEFT JOIN authors a ON b.author_id = a.id LEFT JOIN books_categories bc ON bc.book_id = b.id LEFT JOIN categories c ON bc.category_id = c.id ORDER BY b.id
16:56:22.380 [main] DEBUG c.e.j.mapper.BookMapper.findAll - ==> Parameters: 
16:56:22.381 [main] DEBUG c.e.j.mapper.BookMapper.findAll - <==      Total: 1
16:56:22.388 [main] DEBUG c.e.j.mapper.BookMapper.insert - ==>  Preparing: INSERT INTO books (title, isbn, author_id, published_year) VALUES (?, ?, ?, ?)
16:56:22.389 [main] DEBUG c.e.j.mapper.BookMapper.insert - ==> Parameters: Effective Java(String), 978-0134685991(String), 7(Long), 2018(Integer)
16:56:22.389 [main] DEBUG c.e.j.mapper.BookMapper.insert - <==    Updates: 1
16:56:22.389 [main] DEBUG c.e.j.m.B.insertBookCategories - ==>  Preparing: INSERT INTO books_categories (book_id, category_id) VALUES (?, ?) , (?, ?)
16:56:22.389 [main] DEBUG c.e.j.m.B.insertBookCategories - ==> Parameters: 10(Long), 5(Long), 10(Long), 6(Long)
16:56:22.390 [main] DEBUG c.e.j.m.B.insertBookCategories - <==    Updates: 2
16:56:22.390 [main] DEBUG c.e.j.mapper.BookMapper.insert - ==>  Preparing: INSERT INTO books (title, isbn, author_id, published_year) VALUES (?, ?, ?, ?)
16:56:22.390 [main] DEBUG c.e.j.mapper.BookMapper.insert - ==> Parameters: Effective Java(String), 978-0134685991(String), 7(Long), 2018(Integer)
16:56:22.390 [main] DEBUG c.e.j.mapper.BookMapper.insert - <==    Updates: 1
16:56:22.391 [main] DEBUG c.e.j.mapper.BookMapper.findAll - ==>  Preparing: SELECT b.id, b.title, b.isbn, b.published_year, a.name AS author_name, c.id AS category_id, c.name AS category_name FROM books b LEFT JOIN authors a ON b.author_id = a.id LEFT JOIN books_categories bc ON bc.book_id = b.id LEFT JOIN categories c ON bc.category_id = c.id ORDER BY b.id
16:56:22.391 [main] DEBUG c.e.j.mapper.BookMapper.findAll - ==> Parameters: 
16:56:22.392 [main] DEBUG c.e.j.mapper.BookMapper.findAll - <==      Total: 3
16:56:22.400 [main] DEBUG c.e.j.mapper.BookMapper.insert - ==>  Preparing: INSERT INTO books (title, isbn, author_id, published_year) VALUES (?, ?, ?, ?)
16:56:22.400 [main] DEBUG c.e.j.mapper.BookMapper.insert - ==> Parameters: Effective Java(String), 978-0134685991(String), 8(Long), 2018(Integer)
16:56:22.401 [main] DEBUG c.e.j.mapper.BookMapper.insert - <==    Updates: 1
16:56:22.401 [main] DEBUG c.e.j.m.B.insertBookCategories - ==>  Preparing: INSERT INTO books_categories (book_id, category_id) VALUES (?, ?)
16:56:22.401 [main] DEBUG c.e.j.m.B.insertBookCategories - ==> Parameters: 12(Long), 7(Long)
16:56:22.401 [main] DEBUG c.e.j.m.B.insertBookCategories - <==    Updates: 1
16:56:22.402 [main] DEBUG c.e.j.m.B.deleteCategoriesByBookId - ==>  Preparing: DELETE FROM books_categories bc WHERE bc.book_id = ?
16:56:22.402 [main] DEBUG c.e.j.m.B.deleteCategoriesByBookId - ==> Parameters: 12(Long)
16:56:22.402 [main] DEBUG c.e.j.m.B.deleteCategoriesByBookId - <==    Updates: 1
16:56:22.402 [main] DEBUG c.e.j.m.B.findCategoriesById - ==>  Preparing: SELECT c.* FROM categories c JOIN books_categories bc ON bc.category_id = c.id WHERE bc.book_id = ?
16:56:22.403 [main] DEBUG c.e.j.m.B.findCategoriesById - ==> Parameters: 12(Long)
16:56:22.403 [main] DEBUG c.e.j.m.B.findCategoriesById - <==      Total: 0
16:56:22.408 [main] DEBUG c.e.j.mapper.BookMapper.insert - ==>  Preparing: INSERT INTO books (title, isbn, author_id, published_year) VALUES (?, ?, ?, ?)
16:56:22.408 [main] DEBUG c.e.j.mapper.BookMapper.insert - ==> Parameters: Effective Java(String), 978-0134685991(String), 9(Long), 2018(Integer)
16:56:22.409 [main] DEBUG c.e.j.mapper.BookMapper.insert - <==    Updates: 1
16:56:22.409 [main] DEBUG c.e.j.mapper.BookMapper.insert - ==>  Preparing: INSERT INTO books (title, isbn, author_id, published_year) VALUES (?, ?, ?, ?)
16:56:22.409 [main] DEBUG c.e.j.mapper.BookMapper.insert - ==> Parameters: Clean Code(String), 9780132350884(String), 10(Long), 2008(Integer)
16:56:22.409 [main] DEBUG c.e.j.mapper.BookMapper.insert - <==    Updates: 1
16:56:22.410 [main] DEBUG c.e.j.mapper.BookMapper.search - ==>  Preparing: SELECT b.id, b.title, b.isbn, b.published_year, a.name AS author_name, c.id AS category_id, c.name AS category_name FROM books b LEFT JOIN authors a ON b.author_id = a.id LEFT JOIN books_categories bc ON bc.book_id = b.id LEFT JOIN categories c ON bc.category_id = c.id WHERE (b.title ILIKE CONCAT('%', ?, '%') OR a.name ILIKE CONCAT('%', ?, '%') OR c.name ILIKE CONCAT('%', ?, '%')) ORDER BY b.id
16:56:22.411 [main] DEBUG c.e.j.mapper.BookMapper.search - ==> Parameters: Bloch(String), Bloch(String), Bloch(String)
16:56:22.412 [main] DEBUG c.e.j.mapper.BookMapper.search - <==      Total: 1
16:56:22.417 [main] DEBUG c.e.j.mapper.BookMapper.insert - ==>  Preparing: INSERT INTO books (title, isbn, author_id, published_year) VALUES (?, ?, ?, ?)
16:56:22.417 [main] DEBUG c.e.j.mapper.BookMapper.insert - ==> Parameters: Effective Java(String), 978-0134685991(String), 11(Long), 2018(Integer)
16:56:22.417 [main] DEBUG c.e.j.mapper.BookMapper.insert - <==    Updates: 1
16:56:22.418 [main] DEBUG c.e.j.mapper.BookMapper.insert - ==>  Preparing: INSERT INTO books (title, isbn, author_id, published_year) VALUES (?, ?, ?, ?)
16:56:22.418 [main] DEBUG c.e.j.mapper.BookMapper.insert - ==> Parameters: Unrelated Book(String), 9999999999999(String), 11(Long), 2000(Integer)
16:56:22.419 [main] DEBUG c.e.j.mapper.BookMapper.insert - <==    Updates: 1
16:56:22.419 [main] DEBUG c.e.j.mapper.BookMapper.search - ==>  Preparing: SELECT b.id, b.title, b.isbn, b.published_year, a.name AS author_name, c.id AS category_id, c.name AS category_name FROM books b LEFT JOIN authors a ON b.author_id = a.id LEFT JOIN books_categories bc ON bc.book_id = b.id LEFT JOIN categories c ON bc.category_id = c.id ORDER BY b.id
16:56:22.420 [main] DEBUG c.e.j.mapper.BookMapper.search - ==> Parameters: 
16:56:22.421 [main] DEBUG c.e.j.mapper.BookMapper.search - <==      Total: 2
16:56:22.427 [main] DEBUG c.e.j.mapper.BookMapper.insert - ==>  Preparing: INSERT INTO books (title, isbn, author_id, published_year) VALUES (?, ?, ?, ?)
16:56:22.427 [main] DEBUG c.e.j.mapper.BookMapper.insert - ==> Parameters: Effective Java(String), 978-0134685991(String), 12(Long), 2018(Integer)
16:56:22.427 [main] DEBUG c.e.j.mapper.BookMapper.insert - <==    Updates: 1
16:56:22.428 [main] DEBUG c.e.j.m.B.insertBookCategories - ==>  Preparing: INSERT INTO books_categories (book_id, category_id) VALUES (?, ?)
16:56:22.428 [main] DEBUG c.e.j.m.B.insertBookCategories - ==> Parameters: 17(Long), 8(Long)
16:56:22.429 [main] DEBUG c.e.j.m.B.insertBookCategories - <==    Updates: 1
16:56:22.430 [main] DEBUG c.e.j.m.B.findCategoriesById - ==>  Preparing: SELECT c.* FROM categories c JOIN books_categories bc ON bc.category_id = c.id WHERE bc.book_id = ?
16:56:22.430 [main] DEBUG c.e.j.m.B.findCategoriesById - ==> Parameters: 17(Long)
16:56:22.431 [main] DEBUG c.e.j.m.B.findCategoriesById - <==      Total: 1
16:56:22.436 [main] DEBUG c.e.j.mapper.BookMapper.insert - ==>  Preparing: INSERT INTO books (title, isbn, author_id, published_year) VALUES (?, ?, ?, ?)
16:56:22.436 [main] DEBUG c.e.j.mapper.BookMapper.insert - ==> Parameters: Effective Java(String), 978-0134685991(String), 13(Long), 2018(Integer)
16:56:22.436 [main] DEBUG c.e.j.mapper.BookMapper.insert - <==    Updates: 1
16:56:22.437 [main] DEBUG c.e.j.mapper.BookMapper.insert - ==>  Preparing: INSERT INTO books (title, isbn, author_id, published_year) VALUES (?, ?, ?, ?)
16:56:22.437 [main] DEBUG c.e.j.mapper.BookMapper.insert - ==> Parameters: Effective Java(String), 978-0134685991(String), 13(Long), 2018(Integer)
16:56:22.437 [main] DEBUG c.e.j.mapper.BookMapper.insert - <==    Updates: 1
16:56:22.437 [main] DEBUG c.e.j.m.BookMapper.findByAuthorId - ==>  Preparing: SELECT * FROM books b WHERE b.author_id = ?
16:56:22.438 [main] DEBUG c.e.j.m.BookMapper.findByAuthorId - ==> Parameters: 13(Long)
16:56:22.438 [main] DEBUG c.e.j.m.BookMapper.findByAuthorId - <==      Total: 2
16:56:22.447 [main] DEBUG c.e.j.m.BookRequestMapper.insert - ==>  Preparing: INSERT INTO book_requests (requester_id, status, requested_at) VALUES (?, ?, ?)
16:56:22.448 [main] DEBUG c.e.j.m.BookRequestMapper.insert - ==> Parameters: 4(Long), PENDING(String), 2026-09-09T16:56:22.447368700(LocalDateTime)
16:56:22.448 [main] DEBUG c.e.j.m.BookRequestMapper.insert - <==    Updates: 1
16:56:22.448 [main] DEBUG c.e.j.m.BookRequestItemMapper.insert - ==>  Preparing: INSERT INTO book_request_items (book_request_id, title, isbn, author_id, published_year, estimated_price) VALUES (?, ?, ?, ?, ?, ?)
16:56:22.449 [main] DEBUG c.e.j.m.BookRequestItemMapper.insert - ==> Parameters: 13(Long), Effective Java(String), 9780134685991(String), null, 2018(Integer), 1200.00(BigDecimal)
16:56:22.449 [main] DEBUG c.e.j.m.BookRequestItemMapper.insert - <==    Updates: 1
16:56:22.449 [main] DEBUG c.e.j.m.B.findByBookRequestId - ==>  Preparing: SELECT * FROM book_request_items WHERE book_request_id = ?
16:56:22.450 [main] DEBUG c.e.j.m.B.findByBookRequestId - ==> Parameters: 13(Long)
16:56:22.450 [main] DEBUG c.e.j.m.B.findByBookRequestId - <==      Total: 1
16:56:22.456 [main] DEBUG c.e.j.m.BookRequestMapper.insert - ==>  Preparing: INSERT INTO book_requests (requester_id, status, requested_at) VALUES (?, ?, ?)
16:56:22.456 [main] DEBUG c.e.j.m.BookRequestMapper.insert - ==> Parameters: 5(Long), APPROVED(String), 2026-09-09T16:56:22.455369(LocalDateTime)
16:56:22.457 [main] DEBUG c.e.j.m.BookRequestMapper.insert - <==    Updates: 1
16:56:22.457 [main] DEBUG c.e.j.m.BookRequestItemMapper.insert - ==>  Preparing: INSERT INTO book_request_items (book_request_id, title, isbn, author_id, published_year, estimated_price) VALUES (?, ?, ?, ?, ?, ?)
16:56:22.457 [main] DEBUG c.e.j.m.BookRequestItemMapper.insert - ==> Parameters: 14(Long), Clean Code(String), null, null, null, null
16:56:22.458 [main] DEBUG c.e.j.m.BookRequestItemMapper.insert - <==    Updates: 1
16:56:22.458 [main] DEBUG c.e.j.m.ProcurementItemMapper.insert - ==>  Preparing: INSERT INTO procurement_items (book_request_item_id, status) VALUES (?, ?)
16:56:22.459 [main] DEBUG c.e.j.m.ProcurementItemMapper.insert - ==> Parameters: 16(Long), PENDING(String)
16:56:22.459 [main] DEBUG c.e.j.m.ProcurementItemMapper.insert - <==    Updates: 1
16:56:22.460 [main] DEBUG c.e.j.m.P.findByStatus - ==>  Preparing: SELECT * FROM procurement_items WHERE status = ?
16:56:22.460 [main] DEBUG c.e.j.m.P.findByStatus - ==> Parameters: PENDING(String)
16:56:22.462 [main] DEBUG c.e.j.m.P.findByStatus - <==      Total: 1
16:56:22.464 [main] DEBUG c.e.j.m.ProcurementItemMapper.update - ==>  Preparing: UPDATE procurement_items SET status = ?, procured_by = ?, procured_at = ?, book_id = ? WHERE id = ?
16:56:22.464 [main] DEBUG c.e.j.m.ProcurementItemMapper.update - ==> Parameters: COMPLETED(String), 6(Long), 2026-09-09T16:56:22.463422300(LocalDateTime), null, 6(Long)
16:56:22.464 [main] DEBUG c.e.j.m.ProcurementItemMapper.update - <==    Updates: 1
16:56:22.465 [main] DEBUG c.e.j.m.P.findById - ==>  Preparing: SELECT * FROM procurement_items WHERE id = ?
16:56:22.466 [main] DEBUG c.e.j.m.P.findById - ==> Parameters: 6(Long)
16:56:22.466 [main] DEBUG c.e.j.m.P.findById - <==      Total: 1
16:56:22.470 [main] DEBUG c.e.j.m.BookRequestMapper.insert - ==>  Preparing: INSERT INTO book_requests (requester_id, status, requested_at) VALUES (?, ?, ?)
16:56:22.470 [main] DEBUG c.e.j.m.BookRequestMapper.insert - ==> Parameters: 7(Long), PENDING(String), 2026-09-09T16:56:22.470423400(LocalDateTime)
16:56:22.471 [main] DEBUG c.e.j.m.BookRequestMapper.insert - <==    Updates: 1
16:56:22.471 [main] DEBUG c.e.j.m.BookRequestMapper.findById - ==>  Preparing: SELECT * FROM book_requests WHERE id = ?
16:56:22.472 [main] DEBUG c.e.j.m.BookRequestMapper.findById - ==> Parameters: 15(Long)
16:56:22.472 [main] DEBUG c.e.j.m.BookRequestMapper.findById - <==      Total: 1
16:56:22.472 [main] DEBUG c.e.j.m.B.findByStatus - ==>  Preparing: SELECT * FROM book_requests WHERE status = ? ORDER BY requested_at
16:56:22.473 [main] DEBUG c.e.j.m.B.findByStatus - ==> Parameters: PENDING(String)
16:56:22.473 [main] DEBUG c.e.j.m.B.findByStatus - <==      Total: 1
16:56:22.479 [main] DEBUG c.e.j.m.BookRequestMapper.insert - ==>  Preparing: INSERT INTO book_requests (requester_id, status, requested_at) VALUES (?, ?, ?)
16:56:22.479 [main] DEBUG c.e.j.m.BookRequestMapper.insert - ==> Parameters: 8(Long), APPROVED(String), 2026-09-09T16:56:22.478423400(LocalDateTime)
16:56:22.480 [main] DEBUG c.e.j.m.BookRequestMapper.insert - <==    Updates: 1
16:56:22.480 [main] DEBUG c.e.j.m.BookRequestItemMapper.insert - ==>  Preparing: INSERT INTO book_request_items (book_request_id, title, isbn, author_id, published_year, estimated_price) VALUES (?, ?, ?, ?, ?, ?)
16:56:22.480 [main] DEBUG c.e.j.m.BookRequestItemMapper.insert - ==> Parameters: 16(Long), Effective Java(String), 9780134685991(String), null, 2018(Integer), 1200.00(BigDecimal)
16:56:22.480 [main] DEBUG c.e.j.m.BookRequestItemMapper.insert - <==    Updates: 1
16:56:22.481 [main] DEBUG c.e.j.m.ProcurementItemMapper.insert - ==>  Preparing: INSERT INTO procurement_items (book_request_item_id, status) VALUES (?, ?)
16:56:22.481 [main] DEBUG c.e.j.m.ProcurementItemMapper.insert - ==> Parameters: 17(Long), PENDING(String)
16:56:22.482 [main] DEBUG c.e.j.m.ProcurementItemMapper.insert - <==    Updates: 1
16:56:22.482 [main] DEBUG c.e.j.m.BookRequestItemMapper.insert - ==>  Preparing: INSERT INTO book_request_items (book_request_id, title, isbn, author_id, published_year, estimated_price) VALUES (?, ?, ?, ?, ?, ?)
16:56:22.482 [main] DEBUG c.e.j.m.BookRequestItemMapper.insert - ==> Parameters: 16(Long), Clean Code(String), null, null, null, null
16:56:22.482 [main] DEBUG c.e.j.m.BookRequestItemMapper.insert - <==    Updates: 1
16:56:22.483 [main] DEBUG c.e.j.m.ProcurementItemMapper.insert - ==>  Preparing: INSERT INTO procurement_items (book_request_item_id, status) VALUES (?, ?)
16:56:22.483 [main] DEBUG c.e.j.m.ProcurementItemMapper.insert - ==> Parameters: 18(Long), COMPLETED(String)
16:56:22.483 [main] DEBUG c.e.j.m.ProcurementItemMapper.insert - <==    Updates: 1
16:56:22.483 [main] DEBUG c.e.j.m.P.findSummary - ==>  Preparing: SELECT p.*, b.title,b.isbn,b.author_id,b.published_year,b.estimated_price FROM procurement_items p JOIN book_request_items b ON p.book_request_item_id = b.id WHERE p.status = ?
16:56:22.484 [main] DEBUG c.e.j.m.P.findSummary - ==> Parameters: PENDING(String)
16:56:22.485 [main] DEBUG c.e.j.m.P.findSummary - <==      Total: 1
16:56:22.489 [main] DEBUG c.e.j.m.BookRequestMapper.insert - ==>  Preparing: INSERT INTO book_requests (requester_id, status, requested_at) VALUES (?, ?, ?)
16:56:22.489 [main] DEBUG c.e.j.m.BookRequestMapper.insert - ==> Parameters: 9(Long), PENDING(String), 2026-09-09T16:56:22.489424300(LocalDateTime)
16:56:22.489 [main] DEBUG c.e.j.m.BookRequestMapper.insert - <==    Updates: 1
16:56:22.490 [main] DEBUG c.e.j.m.BookRequestMapper.insert - ==>  Preparing: INSERT INTO book_requests (requester_id, status, requested_at) VALUES (?, ?, ?)
16:56:22.490 [main] DEBUG c.e.j.m.BookRequestMapper.insert - ==> Parameters: 9(Long), APPROVED(String), 2026-09-09T16:56:22.490424900(LocalDateTime)
16:56:22.490 [main] DEBUG c.e.j.m.BookRequestMapper.insert - <==    Updates: 1
16:56:22.491 [main] DEBUG c.e.j.m.B.findSummary - ==>  Preparing: SELECT br.id, br.requester_id, br.approver_id, br.status, br.requested_at, br.approved_at, bri.id AS item_id, bri.book_request_id, bri.title AS item_title, bri.isbn AS item_isbn, bri.author_id AS item_author_id, bri.published_year AS item_published_year, bri.estimated_price AS item_estimated_price FROM book_requests br LEFT JOIN book_request_items bri ON bri.book_request_id = br.id WHERE br.status = ? ORDER BY br.requested_at
16:56:22.491 [main] DEBUG c.e.j.m.B.findSummary - ==> Parameters: PENDING(String)
16:56:22.492 [main] DEBUG c.e.j.m.B.findSummary - <==      Total: 1
16:56:22.499 [main] DEBUG c.e.j.m.BookRequestMapper.insert - ==>  Preparing: INSERT INTO book_requests (requester_id, status, requested_at) VALUES (?, ?, ?)
16:56:22.499 [main] DEBUG c.e.j.m.BookRequestMapper.insert - ==> Parameters: 10(Long), PENDING(String), 2026-09-09T16:56:22.498423(LocalDateTime)
16:56:22.499 [main] DEBUG c.e.j.m.BookRequestMapper.insert - <==    Updates: 1
16:56:22.501 [main] DEBUG c.e.j.m.BookRequestMapper.approve - ==>  Preparing: UPDATE book_requests SET status = 'APPROVED', approver_id = ?, approved_at = ? WHERE id = ? AND status = 'PENDING' AND requester_id != ?
16:56:22.502 [main] DEBUG c.e.j.m.BookRequestMapper.approve - ==> Parameters: 11(Long), 2026-09-09T16:56:22.500422200(LocalDateTime), 19(Long), 11(Long)
16:56:22.503 [main] DEBUG c.e.j.m.BookRequestMapper.approve - <==    Updates: 1
16:56:22.509 [main] DEBUG c.e.j.m.BookRequestMapper.insert - ==>  Preparing: INSERT INTO book_requests (requester_id, status, requested_at) VALUES (?, ?, ?)
16:56:22.510 [main] DEBUG c.e.j.m.BookRequestMapper.insert - ==> Parameters: 12(Long), PENDING(String), 2026-09-09T16:56:22.509423500(LocalDateTime)
16:56:22.510 [main] DEBUG c.e.j.m.BookRequestMapper.insert - <==    Updates: 1
16:56:22.510 [main] DEBUG c.e.j.m.BookRequestItemMapper.insert - ==>  Preparing: INSERT INTO book_request_items (book_request_id, title, isbn, author_id, published_year, estimated_price) VALUES (?, ?, ?, ?, ?, ?)
16:56:22.510 [main] DEBUG c.e.j.m.BookRequestItemMapper.insert - ==> Parameters: 20(Long), Effective Java(String), null, null, null, null
16:56:22.511 [main] DEBUG c.e.j.m.BookRequestItemMapper.insert - <==    Updates: 1
16:56:22.511 [main] DEBUG c.e.j.m.BookRequestItemMapper.insert - ==>  Preparing: INSERT INTO book_request_items (book_request_id, title, isbn, author_id, published_year, estimated_price) VALUES (?, ?, ?, ?, ?, ?)
16:56:22.511 [main] DEBUG c.e.j.m.BookRequestItemMapper.insert - ==> Parameters: 20(Long), Clean Code(String), null, null, null, null
16:56:22.511 [main] DEBUG c.e.j.m.BookRequestItemMapper.insert - <==    Updates: 1
16:56:22.512 [main] DEBUG c.e.j.m.B.findSummary - ==>  Preparing: SELECT br.id, br.requester_id, br.approver_id, br.status, br.requested_at, br.approved_at, bri.id AS item_id, bri.book_request_id, bri.title AS item_title, bri.isbn AS item_isbn, bri.author_id AS item_author_id, bri.published_year AS item_published_year, bri.estimated_price AS item_estimated_price FROM book_requests br LEFT JOIN book_request_items bri ON bri.book_request_id = br.id ORDER BY br.requested_at
16:56:22.512 [main] DEBUG c.e.j.m.B.findSummary - ==> Parameters: 
16:56:22.514 [main] DEBUG c.e.j.m.B.findSummary - <==      Total: 2
16:56:22.523 [main] DEBUG c.e.j.mapper.CategoryMapper.update - ==>  Preparing: UPDATE categories SET name = ? WHERE id = ?
16:56:22.524 [main] DEBUG c.e.j.mapper.CategoryMapper.update - ==> Parameters: Updated Name(String), 9(Long)
16:56:22.524 [main] DEBUG c.e.j.mapper.CategoryMapper.update - <==    Updates: 1
16:56:22.524 [main] DEBUG c.e.j.mapper.CategoryMapper.findById - ==>  Preparing: SELECT * FROM categories c WHERE c.id = ?
16:56:22.524 [main] DEBUG c.e.j.mapper.CategoryMapper.findById - ==> Parameters: 9(Long)
16:56:22.525 [main] DEBUG c.e.j.mapper.CategoryMapper.findById - <==      Total: 1
16:56:22.528 [main] DEBUG c.e.j.mapper.CategoryMapper.insert - ==>  Preparing: INSERT INTO categories (name) VALUES (?)
16:56:22.528 [main] DEBUG c.e.j.mapper.CategoryMapper.insert - ==> Parameters: Fiction(String)
16:56:22.528 [main] DEBUG c.e.j.mapper.CategoryMapper.insert - <==    Updates: 1
16:56:22.529 [main] DEBUG c.e.j.mapper.CategoryMapper.findById - ==>  Preparing: SELECT * FROM categories c WHERE c.id = ?
16:56:22.530 [main] DEBUG c.e.j.mapper.CategoryMapper.findById - ==> Parameters: 10(Long)
16:56:22.530 [main] DEBUG c.e.j.mapper.CategoryMapper.findById - <==      Total: 1
16:56:22.535 [main] DEBUG c.e.j.mapper.CategoryMapper.findAll - ==>  Preparing: SELECT * FROM categories c ORDER BY c.id
16:56:22.536 [main] DEBUG c.e.j.mapper.CategoryMapper.findAll - ==> Parameters: 
16:56:22.536 [main] DEBUG c.e.j.mapper.CategoryMapper.findAll - <==      Total: 2
16:56:22.541 [main] DEBUG c.e.j.m.CategoryMapper.deleteById - ==>  Preparing: DELETE FROM categories WHERE id = ?
16:56:22.541 [main] DEBUG c.e.j.m.CategoryMapper.deleteById - ==> Parameters: 13(Long)
16:56:22.542 [main] DEBUG c.e.j.m.CategoryMapper.deleteById - <==    Updates: 1
16:56:22.542 [main] DEBUG c.e.j.mapper.CategoryMapper.findAll - ==>  Preparing: SELECT * FROM categories c ORDER BY c.id
16:56:22.542 [main] DEBUG c.e.j.mapper.CategoryMapper.findAll - ==> Parameters: 
16:56:22.542 [main] DEBUG c.e.j.mapper.CategoryMapper.findAll - <==      Total: 0
16:56:22.552 [main] DEBUG c.e.j.m.C.findBooksByCategoryId - ==>  Preparing: SELECT b.* FROM books b JOIN books_categories bc ON b.id = bc.book_id WHERE bc.category_id = ?
16:56:22.552 [main] DEBUG c.e.j.m.C.findBooksByCategoryId - ==> Parameters: 14(Long)
16:56:22.552 [main] DEBUG c.e.j.m.C.findBooksByCategoryId - <==      Total: 1
16:56:22.558 [main] DEBUG c.e.j.mapper.CategoryMapper.findById - ==>  Preparing: SELECT * FROM categories c WHERE c.id = ?
16:56:22.559 [main] DEBUG c.e.j.mapper.CategoryMapper.findById - ==> Parameters: 16(Long)
16:56:22.559 [main] DEBUG c.e.j.mapper.CategoryMapper.findById - <==      Total: 1
16:56:22.565 [main] DEBUG c.e.j.mapper.UserMapper.update - ==>  Preparing: UPDATE users SET name = ?, password_hash = ?, role = ? WHERE id = ?
16:56:22.566 [main] DEBUG c.e.j.mapper.UserMapper.update - ==> Parameters: New Name(String), new-hash(String), ADMIN(String), 13(Long)
16:56:22.566 [main] DEBUG c.e.j.mapper.UserMapper.update - <==    Updates: 1
16:56:22.567 [main] DEBUG c.e.j.mapper.UserMapper.findByEmail - ==>  Preparing: SELECT * FROM users u WHERE u.email = ?
16:56:22.567 [main] DEBUG c.e.j.mapper.UserMapper.findByEmail - ==> Parameters: update@example.com(String)
16:56:22.568 [main] DEBUG c.e.j.mapper.UserMapper.findByEmail - <==      Total: 1
16:56:22.571 [main] DEBUG c.e.j.mapper.UserMapper.insert - ==>  Preparing: INSERT INTO users (email, name, password_hash, role) VALUES (?, ?, ?, ?)
16:56:22.571 [main] DEBUG c.e.j.mapper.UserMapper.insert - ==> Parameters: new@example.com(String), New User(String), hashed-password(String), ADMIN(String)
16:56:22.572 [main] DEBUG c.e.j.mapper.UserMapper.insert - <==    Updates: 1
16:56:22.572 [main] DEBUG c.e.j.mapper.UserMapper.findByEmail - ==>  Preparing: SELECT * FROM users u WHERE u.email = ?
16:56:22.572 [main] DEBUG c.e.j.mapper.UserMapper.findByEmail - ==> Parameters: new@example.com(String)
16:56:22.573 [main] DEBUG c.e.j.mapper.UserMapper.findByEmail - <==      Total: 1
16:56:22.577 [main] DEBUG c.e.j.mapper.UserMapper.findByEmail - ==>  Preparing: SELECT * FROM users u WHERE u.email = ?
16:56:22.578 [main] DEBUG c.e.j.mapper.UserMapper.findByEmail - ==> Parameters: nobody@example.com(String)
16:56:22.578 [main] DEBUG c.e.j.mapper.UserMapper.findByEmail - <==      Total: 0
16:56:22.581 [main] DEBUG c.e.j.mapper.UserMapper.findByEmail - ==>  Preparing: SELECT * FROM users u WHERE u.email = ?
16:56:22.581 [main] DEBUG c.e.j.mapper.UserMapper.findByEmail - ==> Parameters: alex@example.com(String)
16:56:22.582 [main] DEBUG c.e.j.mapper.UserMapper.findByEmail - <==      Total: 1
16:56:22.677 [main] INFO  c.e.j.service.AuthServiceImpl - 登入成功：userId=1, email=alex@example.com
16:56:22.680 [main] WARN  c.e.j.service.AuthServiceImpl - 登入失敗，帳號不存在：email=nobody@example.com
16:56:22.682 [main] WARN  c.e.j.service.AuthServiceImpl - 登入失敗，密碼錯誤：email=alex@example.com
16:56:22.683 [main] INFO  c.e.j.service.AuthServiceImpl - 新使用者註冊：userId=null, email=new@example.com
16:56:22.727 [main] DEBUG c.e.j.m.BookRequestMapper.insert - ==>  Preparing: INSERT INTO book_requests (requester_id, status, requested_at) VALUES (?, ?, ?)
16:56:22.727 [main] DEBUG c.e.j.m.BookRequestMapper.insert - ==> Parameters: 16(Long), APPROVED(String), 2026-09-09T16:56:22.727634800(LocalDateTime)
16:56:22.728 [main] DEBUG c.e.j.m.BookRequestMapper.insert - <==    Updates: 1
16:56:22.728 [main] DEBUG c.e.j.m.BookRequestItemMapper.insert - ==>  Preparing: INSERT INTO book_request_items (book_request_id, title, isbn, author_id, published_year, estimated_price) VALUES (?, ?, ?, ?, ?, ?)
16:56:22.729 [main] DEBUG c.e.j.m.BookRequestItemMapper.insert - ==> Parameters: 21(Long), Effective Java(String), null, null, null, null
16:56:22.729 [main] DEBUG c.e.j.m.BookRequestItemMapper.insert - <==    Updates: 1
16:56:22.729 [main] DEBUG c.e.j.m.ProcurementItemMapper.insert - ==>  Preparing: INSERT INTO procurement_items (book_request_item_id, status) VALUES (?, ?)
16:56:22.729 [main] DEBUG c.e.j.m.ProcurementItemMapper.insert - ==> Parameters: 21(Long), PENDING(String)
16:56:22.729 [main] DEBUG c.e.j.m.ProcurementItemMapper.insert - <==    Updates: 1
16:56:22.733 [pool-2-thread-2] DEBUG c.e.j.m.P.findByIdForUpdate - ==>  Preparing: SELECT * FROM procurement_items WHERE id = ? FOR UPDATE
16:56:22.733 [pool-2-thread-1] DEBUG c.e.j.m.P.findByIdForUpdate - ==>  Preparing: SELECT * FROM procurement_items WHERE id = ? FOR UPDATE
16:56:22.734 [pool-2-thread-2] DEBUG c.e.j.m.P.findByIdForUpdate - ==> Parameters: 9(Long)
16:56:22.734 [pool-2-thread-1] DEBUG c.e.j.m.P.findByIdForUpdate - ==> Parameters: 9(Long)
16:56:22.735 [pool-2-thread-1] DEBUG c.e.j.m.P.findByIdForUpdate - <==      Total: 1
16:56:22.735 [pool-2-thread-1] DEBUG c.e.j.m.B.findById - ==>  Preparing: SELECT * FROM book_request_items WHERE id = ?
16:56:22.735 [pool-2-thread-1] DEBUG c.e.j.m.B.findById - ==> Parameters: 21(Long)
16:56:22.736 [pool-2-thread-1] DEBUG c.e.j.m.B.findById - <==      Total: 1
16:56:22.736 [pool-2-thread-1] DEBUG c.e.j.mapper.BookMapper.insert - ==>  Preparing: INSERT INTO books (title, isbn, author_id, published_year) VALUES (?, ?, ?, ?)
16:56:22.736 [pool-2-thread-1] DEBUG c.e.j.mapper.BookMapper.insert - ==> Parameters: Effective Java(String), null, null, null
16:56:22.736 [pool-2-thread-1] DEBUG c.e.j.mapper.BookMapper.insert - <==    Updates: 1
16:56:22.736 [pool-2-thread-1] DEBUG c.e.j.m.ProcurementItemMapper.update - ==>  Preparing: UPDATE procurement_items SET status = ?, procured_by = ?, procured_at = ?, book_id = ? WHERE id = ?
16:56:22.736 [pool-2-thread-1] DEBUG c.e.j.m.ProcurementItemMapper.update - ==> Parameters: COMPLETED(String), 17(Long), 2026-09-09T16:56:22.736071900(LocalDateTime), 22(Long), 9(Long)
16:56:22.737 [pool-2-thread-1] DEBUG c.e.j.m.ProcurementItemMapper.update - <==    Updates: 1
16:56:22.737 [pool-2-thread-1] INFO  c.e.j.service.ProcurementServiceImpl - 採購完成，書籍已入庫：procurementItemId=9, bookId=22, procuredBy=17
16:56:22.737 [pool-2-thread-2] DEBUG c.e.j.m.P.findByIdForUpdate - <==      Total: 1
16:56:22.738 [main] DEBUG c.e.j.m.P.findByStatus - ==>  Preparing: SELECT * FROM procurement_items WHERE status = ?
16:56:22.738 [main] DEBUG c.e.j.m.P.findByStatus - ==> Parameters: COMPLETED(String)
16:56:22.739 [main] DEBUG c.e.j.m.P.findByStatus - <==      Total: 1
17:10:55.313 [main] DEBUG c.e.j.mapper.CategoryMapper.insert - ==>  Preparing: INSERT INTO categories (name) VALUES (?)
17:10:55.332 [main] DEBUG c.e.j.mapper.CategoryMapper.insert - ==> Parameters: Programming(String)
17:10:55.333 [main] DEBUG c.e.j.mapper.CategoryMapper.insert - <==    Updates: 1
17:10:55.335 [main] DEBUG c.e.j.mapper.CategoryMapper.insert - ==>  Preparing: INSERT INTO categories (name) VALUES (?)
17:10:55.335 [main] DEBUG c.e.j.mapper.CategoryMapper.insert - ==> Parameters: Architecture(String)
17:10:55.335 [main] DEBUG c.e.j.mapper.CategoryMapper.insert - <==    Updates: 1
17:10:55.337 [main] DEBUG c.e.j.mapper.CategoryMapper.insert - ==>  Preparing: INSERT INTO categories (name) VALUES (?)
17:10:55.337 [main] DEBUG c.e.j.mapper.CategoryMapper.insert - ==> Parameters: Best Practice(String)
17:10:55.337 [main] DEBUG c.e.j.mapper.CategoryMapper.insert - <==    Updates: 1
17:10:55.338 [main] DEBUG c.e.j.mapper.BookMapper.insert - ==>  Preparing: INSERT INTO books (title, isbn, author_id, published_year) VALUES (?, ?, ?, ?)
17:10:55.344 [main] DEBUG c.e.j.mapper.BookMapper.insert - ==> Parameters: Effective Java(String), 9780134685991(String), 1(Long), 2018(Integer)
17:10:55.345 [main] DEBUG c.e.j.mapper.BookMapper.insert - <==    Updates: 1
17:10:55.356 [main] DEBUG c.e.j.m.B.deleteCategoriesByBookId - ==>  Preparing: DELETE FROM books_categories bc WHERE bc.book_id = ?
17:10:55.357 [main] DEBUG c.e.j.m.B.deleteCategoriesByBookId - ==> Parameters: 1(Long)
17:10:55.357 [main] DEBUG c.e.j.m.B.deleteCategoriesByBookId - <==    Updates: 0
17:10:55.368 [main] DEBUG c.e.j.m.B.insertBookCategories - ==>  Preparing: INSERT INTO books_categories (book_id, category_id) VALUES (?, ?) , (?, ?)
17:10:55.369 [main] DEBUG c.e.j.m.B.insertBookCategories - ==> Parameters: 1(Long), 1(Long), 1(Long), 3(Long)
17:10:55.369 [main] DEBUG c.e.j.m.B.insertBookCategories - <==    Updates: 2
17:10:55.371 [main] DEBUG c.e.j.mapper.BookMapper.insert - ==>  Preparing: INSERT INTO books (title, isbn, author_id, published_year) VALUES (?, ?, ?, ?)
17:10:55.371 [main] DEBUG c.e.j.mapper.BookMapper.insert - ==> Parameters: Clean Code(String), 9780132350884(String), 2(Long), 2008(Integer)
17:10:55.372 [main] DEBUG c.e.j.mapper.BookMapper.insert - <==    Updates: 1
17:10:55.373 [main] DEBUG c.e.j.m.B.deleteCategoriesByBookId - ==>  Preparing: DELETE FROM books_categories bc WHERE bc.book_id = ?
17:10:55.373 [main] DEBUG c.e.j.m.B.deleteCategoriesByBookId - ==> Parameters: 2(Long)
17:10:55.373 [main] DEBUG c.e.j.m.B.deleteCategoriesByBookId - <==    Updates: 0
17:10:55.373 [main] DEBUG c.e.j.m.B.insertBookCategories - ==>  Preparing: INSERT INTO books_categories (book_id, category_id) VALUES (?, ?)
17:10:55.374 [main] DEBUG c.e.j.m.B.insertBookCategories - ==> Parameters: 2(Long), 3(Long)
17:10:55.374 [main] DEBUG c.e.j.m.B.insertBookCategories - <==    Updates: 1
17:10:55.374 [main] DEBUG c.e.j.mapper.BookMapper.insert - ==>  Preparing: INSERT INTO books (title, isbn, author_id, published_year) VALUES (?, ?, ?, ?)
17:10:55.375 [main] DEBUG c.e.j.mapper.BookMapper.insert - ==> Parameters: Domain-Driven Design(String), 9780321125217(String), 3(Long), 2003(Integer)
17:10:55.375 [main] DEBUG c.e.j.mapper.BookMapper.insert - <==    Updates: 1
17:10:55.375 [main] DEBUG c.e.j.m.B.deleteCategoriesByBookId - ==>  Preparing: DELETE FROM books_categories bc WHERE bc.book_id = ?
17:10:55.376 [main] DEBUG c.e.j.m.B.deleteCategoriesByBookId - ==> Parameters: 3(Long)
17:10:55.376 [main] DEBUG c.e.j.m.B.deleteCategoriesByBookId - <==    Updates: 0
17:10:55.376 [main] DEBUG c.e.j.m.B.insertBookCategories - ==>  Preparing: INSERT INTO books_categories (book_id, category_id) VALUES (?, ?)
17:10:55.376 [main] DEBUG c.e.j.m.B.insertBookCategories - ==> Parameters: 3(Long), 2(Long)
17:10:55.377 [main] DEBUG c.e.j.m.B.insertBookCategories - <==    Updates: 1
17:10:55.377 [main] DEBUG c.e.j.mapper.BookMapper.insert - ==>  Preparing: INSERT INTO books (title, isbn, author_id, published_year) VALUES (?, ?, ?, ?)
17:10:55.378 [main] DEBUG c.e.j.mapper.BookMapper.insert - ==> Parameters: Clean Architecture(String), 9780134494166(String), 2(Long), 2017(Integer)
17:10:55.378 [main] DEBUG c.e.j.mapper.BookMapper.insert - <==    Updates: 1
17:10:55.378 [main] DEBUG c.e.j.m.B.deleteCategoriesByBookId - ==>  Preparing: DELETE FROM books_categories bc WHERE bc.book_id = ?
17:10:55.379 [main] DEBUG c.e.j.m.B.deleteCategoriesByBookId - ==> Parameters: 4(Long)
17:10:55.379 [main] DEBUG c.e.j.m.B.deleteCategoriesByBookId - <==    Updates: 0
17:10:55.379 [main] DEBUG c.e.j.m.B.insertBookCategories - ==>  Preparing: INSERT INTO books_categories (book_id, category_id) VALUES (?, ?) , (?, ?)
17:10:55.379 [main] DEBUG c.e.j.m.B.insertBookCategories - ==> Parameters: 4(Long), 2(Long), 4(Long), 3(Long)
17:10:55.379 [main] DEBUG c.e.j.m.B.insertBookCategories - <==    Updates: 2
17:10:55.380 [main] DEBUG c.e.j.mapper.BookMapper.insert - ==>  Preparing: INSERT INTO books (title, isbn, author_id, published_year) VALUES (?, ?, ?, ?)
17:10:55.381 [main] DEBUG c.e.j.mapper.BookMapper.insert - ==> Parameters: Java Concurrency in Practice(String), 9780321349606(String), 1(Long), 2006(Integer)
17:10:55.381 [main] DEBUG c.e.j.mapper.BookMapper.insert - <==    Updates: 1
17:10:55.381 [main] DEBUG c.e.j.m.B.deleteCategoriesByBookId - ==>  Preparing: DELETE FROM books_categories bc WHERE bc.book_id = ?
17:10:55.382 [main] DEBUG c.e.j.m.B.deleteCategoriesByBookId - ==> Parameters: 5(Long)
17:10:55.382 [main] DEBUG c.e.j.m.B.deleteCategoriesByBookId - <==    Updates: 0
17:10:55.382 [main] DEBUG c.e.j.m.B.insertBookCategories - ==>  Preparing: INSERT INTO books_categories (book_id, category_id) VALUES (?, ?)
17:10:55.382 [main] DEBUG c.e.j.m.B.insertBookCategories - ==> Parameters: 5(Long), 1(Long)
17:10:55.382 [main] DEBUG c.e.j.m.B.insertBookCategories - <==    Updates: 1
17:10:55.385 [main] DEBUG c.e.j.mapper.UserMapper.findByEmail - ==>  Preparing: SELECT * FROM users u WHERE u.email = ?
17:10:55.385 [main] DEBUG c.e.j.mapper.UserMapper.findByEmail - ==> Parameters: user@example.com(String)
17:10:55.393 [main] DEBUG c.e.j.mapper.UserMapper.findByEmail - <==      Total: 0
17:10:55.456 [main] DEBUG c.e.j.mapper.UserMapper.insert - ==>  Preparing: INSERT INTO users (email, name, password_hash, role) VALUES (?, ?, ?, ?)
17:10:55.457 [main] DEBUG c.e.j.mapper.UserMapper.insert - ==> Parameters: user@example.com(String), 測試使用者(String), $2a$10$.ZnDxMvrEKbkJZXwXWrhJeSeGd8Dg8W.1YbeKp8dYOpv8ue9Gd0mC(String), USER(String)
17:10:55.458 [main] DEBUG c.e.j.mapper.UserMapper.insert - <==    Updates: 1
17:10:55.459 [main] INFO  c.e.j.service.AuthServiceImpl - 新使用者註冊：userId=1, email=user@example.com
17:10:55.516 [main] DEBUG c.e.j.mapper.UserMapper.insert - ==>  Preparing: INSERT INTO users (email, name, password_hash, role) VALUES (?, ?, ?, ?)
17:10:55.516 [main] DEBUG c.e.j.mapper.UserMapper.insert - ==> Parameters: admin@example.com(String), 管理員(String), $2a$10$hq3S91UtvPdFA9wOrh9v1upK6iZ5na53zYUeU9skKYzc4DOXZKqoW(String), ADMIN(String)
17:10:55.517 [main] DEBUG c.e.j.mapper.UserMapper.insert - <==    Updates: 1
17:10:55.577 [main] DEBUG c.e.j.mapper.UserMapper.insert - ==>  Preparing: INSERT INTO users (email, name, password_hash, role) VALUES (?, ?, ?, ?)
17:10:55.577 [main] DEBUG c.e.j.mapper.UserMapper.insert - ==> Parameters: procurement@example.com(String), 採購人員(String), $2a$10$cZAuMFAE6qOwl25x6qlHz.cniPfhYH73CUP/8zPsyeKlKKCSo6Pbe(String), PROCUREMENT(String)
17:10:55.578 [main] DEBUG c.e.j.mapper.UserMapper.insert - <==    Updates: 1
17:10:55.582 [main] DEBUG c.e.j.m.BookRequestMapper.insert - ==>  Preparing: INSERT INTO book_requests (requester_id, status, requested_at) VALUES (?, ?, ?)
17:10:55.584 [main] DEBUG c.e.j.m.BookRequestMapper.insert - ==> Parameters: 1(Long), PENDING(String), 2026-09-09T17:10:55.582298400(LocalDateTime)
17:10:55.585 [main] DEBUG c.e.j.m.BookRequestMapper.insert - <==    Updates: 1
17:10:55.585 [main] DEBUG c.e.j.m.BookRequestItemMapper.insert - ==>  Preparing: INSERT INTO book_request_items (book_request_id, title, isbn, author_id, published_year, estimated_price) VALUES (?, ?, ?, ?, ?, ?)
17:10:55.586 [main] DEBUG c.e.j.m.BookRequestItemMapper.insert - ==> Parameters: 1(Long), Refactoring(String), null, null, null, null
17:10:55.586 [main] DEBUG c.e.j.m.BookRequestItemMapper.insert - <==    Updates: 1
17:10:55.587 [main] INFO  c.e.j.service.BookRequestServiceImpl - 送出申請：requestId=1, requesterId=1, 書籍數=1
17:10:55.588 [main] DEBUG c.e.j.m.BookRequestMapper.insert - ==>  Preparing: INSERT INTO book_requests (requester_id, status, requested_at) VALUES (?, ?, ?)
17:10:55.589 [main] DEBUG c.e.j.m.BookRequestMapper.insert - ==> Parameters: 1(Long), PENDING(String), 2026-09-09T17:10:55.588571700(LocalDateTime)
17:10:55.589 [main] DEBUG c.e.j.m.BookRequestMapper.insert - <==    Updates: 1
17:10:55.589 [main] DEBUG c.e.j.m.BookRequestItemMapper.insert - ==>  Preparing: INSERT INTO book_request_items (book_request_id, title, isbn, author_id, published_year, estimated_price) VALUES (?, ?, ?, ?, ?, ?)
17:10:55.591 [main] DEBUG c.e.j.m.BookRequestItemMapper.insert - ==> Parameters: 2(Long), The Pragmatic Programmer(String), 9780135957059(String), null, 2019(Integer), 850(BigDecimal)
17:10:55.591 [main] DEBUG c.e.j.m.BookRequestItemMapper.insert - <==    Updates: 1
17:10:55.591 [main] DEBUG c.e.j.m.BookRequestItemMapper.insert - ==>  Preparing: INSERT INTO book_request_items (book_request_id, title, isbn, author_id, published_year, estimated_price) VALUES (?, ?, ?, ?, ?, ?)
17:10:55.592 [main] DEBUG c.e.j.m.BookRequestItemMapper.insert - ==> Parameters: 2(Long), Head First Design Patterns(String), null, null, null, null
17:10:55.592 [main] DEBUG c.e.j.m.BookRequestItemMapper.insert - <==    Updates: 1
17:10:55.592 [main] INFO  c.e.j.service.BookRequestServiceImpl - 送出申請：requestId=2, requesterId=1, 書籍數=2
17:10:55.592 [main] DEBUG c.e.j.m.BookRequestMapper.insert - ==>  Preparing: INSERT INTO book_requests (requester_id, status, requested_at) VALUES (?, ?, ?)
17:10:55.593 [main] DEBUG c.e.j.m.BookRequestMapper.insert - ==> Parameters: 1(Long), PENDING(String), 2026-09-09T17:10:55.592572300(LocalDateTime)
17:10:55.593 [main] DEBUG c.e.j.m.BookRequestMapper.insert - <==    Updates: 1
17:10:55.593 [main] DEBUG c.e.j.m.BookRequestItemMapper.insert - ==>  Preparing: INSERT INTO book_request_items (book_request_id, title, isbn, author_id, published_year, estimated_price) VALUES (?, ?, ?, ?, ?, ?)
17:10:55.593 [main] DEBUG c.e.j.m.BookRequestItemMapper.insert - ==> Parameters: 3(Long), Test-Driven Development(String), 9780321146533(String), null, 2002(Integer), null
17:10:55.593 [main] DEBUG c.e.j.m.BookRequestItemMapper.insert - <==    Updates: 1
17:10:55.593 [main] INFO  c.e.j.service.BookRequestServiceImpl - 送出申請：requestId=3, requesterId=1, 書籍數=1
17:10:55.595 [main] DEBUG c.e.j.m.BookRequestMapper.insert - ==>  Preparing: INSERT INTO book_requests (requester_id, status, requested_at) VALUES (?, ?, ?)
17:10:55.595 [main] DEBUG c.e.j.m.BookRequestMapper.insert - ==> Parameters: 1(Long), PENDING(String), 2026-09-09T17:10:55.595378300(LocalDateTime)
17:10:55.595 [main] DEBUG c.e.j.m.BookRequestMapper.insert - <==    Updates: 1
17:10:55.596 [main] DEBUG c.e.j.m.BookRequestItemMapper.insert - ==>  Preparing: INSERT INTO book_request_items (book_request_id, title, isbn, author_id, published_year, estimated_price) VALUES (?, ?, ?, ?, ?, ?)
17:10:55.596 [main] DEBUG c.e.j.m.BookRequestItemMapper.insert - ==> Parameters: 4(Long), Working Effectively with Legacy Code(String), null, null, null, null
17:10:55.596 [main] DEBUG c.e.j.m.BookRequestItemMapper.insert - <==    Updates: 1
17:10:55.596 [main] INFO  c.e.j.service.BookRequestServiceImpl - 送出申請：requestId=4, requesterId=1, 書籍數=1
17:10:55.597 [main] DEBUG c.e.j.m.BookRequestMapper.insert - ==>  Preparing: INSERT INTO book_requests (requester_id, status, requested_at) VALUES (?, ?, ?)
17:10:55.597 [main] DEBUG c.e.j.m.BookRequestMapper.insert - ==> Parameters: 1(Long), PENDING(String), 2026-09-09T17:10:55.597385300(LocalDateTime)
17:10:55.597 [main] DEBUG c.e.j.m.BookRequestMapper.insert - <==    Updates: 1
17:10:55.597 [main] DEBUG c.e.j.m.BookRequestItemMapper.insert - ==>  Preparing: INSERT INTO book_request_items (book_request_id, title, isbn, author_id, published_year, estimated_price) VALUES (?, ?, ?, ?, ?, ?)
17:10:55.597 [main] DEBUG c.e.j.m.BookRequestItemMapper.insert - ==> Parameters: 5(Long), Continuous Delivery(String), null, null, null, null
17:10:55.598 [main] DEBUG c.e.j.m.BookRequestItemMapper.insert - <==    Updates: 1
17:10:55.598 [main] INFO  c.e.j.service.BookRequestServiceImpl - 送出申請：requestId=5, requesterId=1, 書籍數=1
17:10:55.598 [main] DEBUG c.e.j.m.BookRequestMapper.insert - ==>  Preparing: INSERT INTO book_requests (requester_id, status, requested_at) VALUES (?, ?, ?)
17:10:55.598 [main] DEBUG c.e.j.m.BookRequestMapper.insert - ==> Parameters: 1(Long), PENDING(String), 2026-09-09T17:10:55.598393500(LocalDateTime)
17:10:55.599 [main] DEBUG c.e.j.m.BookRequestMapper.insert - <==    Updates: 1
17:10:55.599 [main] DEBUG c.e.j.m.BookRequestItemMapper.insert - ==>  Preparing: INSERT INTO book_request_items (book_request_id, title, isbn, author_id, published_year, estimated_price) VALUES (?, ?, ?, ?, ?, ?)
17:10:55.599 [main] DEBUG c.e.j.m.BookRequestItemMapper.insert - ==> Parameters: 6(Long), Site Reliability Engineering(String), null, null, 2016(Integer), 1200(BigDecimal)
17:10:55.599 [main] DEBUG c.e.j.m.BookRequestItemMapper.insert - <==    Updates: 1
17:10:55.599 [main] INFO  c.e.j.service.BookRequestServiceImpl - 送出申請：requestId=6, requesterId=1, 書籍數=1
17:10:55.600 [main] DEBUG c.e.j.m.BookRequestMapper.approve - ==>  Preparing: UPDATE book_requests SET status = 'APPROVED', approver_id = ?, approved_at = ? WHERE id = ? AND status = 'PENDING' AND requester_id != ?
17:10:55.602 [main] DEBUG c.e.j.m.BookRequestMapper.approve - ==> Parameters: 2(Long), 2026-09-09T17:10:55.600385(LocalDateTime), 6(Long), 2(Long)
17:10:55.603 [main] DEBUG c.e.j.m.BookRequestMapper.approve - <==    Updates: 1
17:10:55.603 [main] DEBUG c.e.j.m.BookRequestMapper.findById - ==>  Preparing: SELECT * FROM book_requests WHERE id = ?
17:10:55.603 [main] DEBUG c.e.j.m.BookRequestMapper.findById - ==> Parameters: 6(Long)
17:10:55.607 [main] DEBUG c.e.j.m.BookRequestMapper.findById - <==      Total: 1
17:10:55.608 [main] DEBUG c.e.j.m.B.findByBookRequestId - ==>  Preparing: SELECT * FROM book_request_items WHERE book_request_id = ?
17:10:55.608 [main] DEBUG c.e.j.m.B.findByBookRequestId - ==> Parameters: 6(Long)
17:10:55.610 [main] DEBUG c.e.j.m.B.findByBookRequestId - <==      Total: 1
17:10:55.610 [main] DEBUG c.e.j.m.ProcurementItemMapper.insert - ==>  Preparing: INSERT INTO procurement_items (book_request_item_id, status) VALUES (?, ?)
17:10:55.611 [main] DEBUG c.e.j.m.ProcurementItemMapper.insert - ==> Parameters: 7(Long), PENDING(String)
17:10:55.611 [main] DEBUG c.e.j.m.ProcurementItemMapper.insert - <==    Updates: 1
17:10:55.611 [main] INFO  c.e.j.service.BookRequestServiceImpl - 申請已核准：requestId=6, approverId=2
17:10:55.612 [main] DEBUG c.e.j.m.BookRequestMapper.insert - ==>  Preparing: INSERT INTO book_requests (requester_id, status, requested_at) VALUES (?, ?, ?)
17:10:55.612 [main] DEBUG c.e.j.m.BookRequestMapper.insert - ==> Parameters: 1(Long), PENDING(String), 2026-09-09T17:10:55.612406400(LocalDateTime)
17:10:55.613 [main] DEBUG c.e.j.m.BookRequestMapper.insert - <==    Updates: 1
17:10:55.613 [main] DEBUG c.e.j.m.BookRequestItemMapper.insert - ==>  Preparing: INSERT INTO book_request_items (book_request_id, title, isbn, author_id, published_year, estimated_price) VALUES (?, ?, ?, ?, ?, ?)
17:10:55.613 [main] DEBUG c.e.j.m.BookRequestItemMapper.insert - ==> Parameters: 7(Long), Database Internals(String), null, null, null, null
17:10:55.614 [main] DEBUG c.e.j.m.BookRequestItemMapper.insert - <==    Updates: 1
17:10:55.614 [main] DEBUG c.e.j.m.BookRequestItemMapper.insert - ==>  Preparing: INSERT INTO book_request_items (book_request_id, title, isbn, author_id, published_year, estimated_price) VALUES (?, ?, ?, ?, ?, ?)
17:10:55.614 [main] DEBUG c.e.j.m.BookRequestItemMapper.insert - ==> Parameters: 7(Long), Designing Data-Intensive Applications(String), 9781449373320(String), null, 2017(Integer), 1500(BigDecimal)
17:10:55.614 [main] DEBUG c.e.j.m.BookRequestItemMapper.insert - <==    Updates: 1
17:10:55.614 [main] INFO  c.e.j.service.BookRequestServiceImpl - 送出申請：requestId=7, requesterId=1, 書籍數=2
17:10:55.615 [main] DEBUG c.e.j.m.BookRequestMapper.approve - ==>  Preparing: UPDATE book_requests SET status = 'APPROVED', approver_id = ?, approved_at = ? WHERE id = ? AND status = 'PENDING' AND requester_id != ?
17:10:55.615 [main] DEBUG c.e.j.m.BookRequestMapper.approve - ==> Parameters: 2(Long), 2026-09-09T17:10:55.615399800(LocalDateTime), 7(Long), 2(Long)
17:10:55.615 [main] DEBUG c.e.j.m.BookRequestMapper.approve - <==    Updates: 1
17:10:55.615 [main] DEBUG c.e.j.m.BookRequestMapper.findById - ==>  Preparing: SELECT * FROM book_requests WHERE id = ?
17:10:55.616 [main] DEBUG c.e.j.m.BookRequestMapper.findById - ==> Parameters: 7(Long)
17:10:55.616 [main] DEBUG c.e.j.m.BookRequestMapper.findById - <==      Total: 1
17:10:55.616 [main] DEBUG c.e.j.m.B.findByBookRequestId - ==>  Preparing: SELECT * FROM book_request_items WHERE book_request_id = ?
17:10:55.616 [main] DEBUG c.e.j.m.B.findByBookRequestId - ==> Parameters: 7(Long)
17:10:55.616 [main] DEBUG c.e.j.m.B.findByBookRequestId - <==      Total: 2
17:10:55.616 [main] DEBUG c.e.j.m.ProcurementItemMapper.insert - ==>  Preparing: INSERT INTO procurement_items (book_request_item_id, status) VALUES (?, ?)
17:10:55.616 [main] DEBUG c.e.j.m.ProcurementItemMapper.insert - ==> Parameters: 8(Long), PENDING(String)
17:10:55.617 [main] DEBUG c.e.j.m.ProcurementItemMapper.insert - <==    Updates: 1
17:10:55.617 [main] DEBUG c.e.j.m.ProcurementItemMapper.insert - ==>  Preparing: INSERT INTO procurement_items (book_request_item_id, status) VALUES (?, ?)
17:10:55.617 [main] DEBUG c.e.j.m.ProcurementItemMapper.insert - ==> Parameters: 9(Long), PENDING(String)
17:10:55.618 [main] DEBUG c.e.j.m.ProcurementItemMapper.insert - <==    Updates: 1
17:10:55.618 [main] INFO  c.e.j.service.BookRequestServiceImpl - 申請已核准：requestId=7, approverId=2
17:10:55.618 [main] DEBUG c.e.j.m.BookRequestMapper.insert - ==>  Preparing: INSERT INTO book_requests (requester_id, status, requested_at) VALUES (?, ?, ?)
17:10:55.619 [main] DEBUG c.e.j.m.BookRequestMapper.insert - ==> Parameters: 1(Long), PENDING(String), 2026-09-09T17:10:55.618913800(LocalDateTime)
17:10:55.619 [main] DEBUG c.e.j.m.BookRequestMapper.insert - <==    Updates: 1
17:10:55.619 [main] DEBUG c.e.j.m.BookRequestItemMapper.insert - ==>  Preparing: INSERT INTO book_request_items (book_request_id, title, isbn, author_id, published_year, estimated_price) VALUES (?, ?, ?, ?, ?, ?)
17:10:55.619 [main] DEBUG c.e.j.m.BookRequestItemMapper.insert - ==> Parameters: 8(Long), The Clean Coder(String), null, null, null, null
17:10:55.619 [main] DEBUG c.e.j.m.BookRequestItemMapper.insert - <==    Updates: 1
17:10:55.619 [main] INFO  c.e.j.service.BookRequestServiceImpl - 送出申請：requestId=8, requesterId=1, 書籍數=1
17:10:55.620 [main] DEBUG c.e.j.m.BookRequestMapper.approve - ==>  Preparing: UPDATE book_requests SET status = 'APPROVED', approver_id = ?, approved_at = ? WHERE id = ? AND status = 'PENDING' AND requester_id != ?
17:10:55.620 [main] DEBUG c.e.j.m.BookRequestMapper.approve - ==> Parameters: 2(Long), 2026-09-09T17:10:55.620913800(LocalDateTime), 8(Long), 2(Long)
17:10:55.621 [main] DEBUG c.e.j.m.BookRequestMapper.approve - <==    Updates: 1
17:10:55.621 [main] DEBUG c.e.j.m.BookRequestMapper.findById - ==>  Preparing: SELECT * FROM book_requests WHERE id = ?
17:10:55.621 [main] DEBUG c.e.j.m.BookRequestMapper.findById - ==> Parameters: 8(Long)
17:10:55.622 [main] DEBUG c.e.j.m.BookRequestMapper.findById - <==      Total: 1
17:10:55.622 [main] DEBUG c.e.j.m.B.findByBookRequestId - ==>  Preparing: SELECT * FROM book_request_items WHERE book_request_id = ?
17:10:55.622 [main] DEBUG c.e.j.m.B.findByBookRequestId - ==> Parameters: 8(Long)
17:10:55.622 [main] DEBUG c.e.j.m.B.findByBookRequestId - <==      Total: 1
17:10:55.622 [main] DEBUG c.e.j.m.ProcurementItemMapper.insert - ==>  Preparing: INSERT INTO procurement_items (book_request_item_id, status) VALUES (?, ?)
17:10:55.623 [main] DEBUG c.e.j.m.ProcurementItemMapper.insert - ==> Parameters: 10(Long), PENDING(String)
17:10:55.623 [main] DEBUG c.e.j.m.ProcurementItemMapper.insert - <==    Updates: 1
17:10:55.623 [main] INFO  c.e.j.service.BookRequestServiceImpl - 申請已核准：requestId=8, approverId=2
17:10:55.624 [main] DEBUG c.e.j.m.BookRequestMapper.insert - ==>  Preparing: INSERT INTO book_requests (requester_id, status, requested_at) VALUES (?, ?, ?)
17:10:55.624 [main] DEBUG c.e.j.m.BookRequestMapper.insert - ==> Parameters: 1(Long), PENDING(String), 2026-09-09T17:10:55.624914(LocalDateTime)
17:10:55.624 [main] DEBUG c.e.j.m.BookRequestMapper.insert - <==    Updates: 1
17:10:55.624 [main] DEBUG c.e.j.m.BookRequestItemMapper.insert - ==>  Preparing: INSERT INTO book_request_items (book_request_id, title, isbn, author_id, published_year, estimated_price) VALUES (?, ?, ?, ?, ?, ?)
17:10:55.625 [main] DEBUG c.e.j.m.BookRequestItemMapper.insert - ==> Parameters: 9(Long), Release It!(String), null, null, null, null
17:10:55.625 [main] DEBUG c.e.j.m.BookRequestItemMapper.insert - <==    Updates: 1
17:10:55.625 [main] INFO  c.e.j.service.BookRequestServiceImpl - 送出申請：requestId=9, requesterId=1, 書籍數=1
17:10:55.625 [main] DEBUG c.e.j.m.BookRequestMapper.approve - ==>  Preparing: UPDATE book_requests SET status = 'APPROVED', approver_id = ?, approved_at = ? WHERE id = ? AND status = 'PENDING' AND requester_id != ?
17:10:55.626 [main] DEBUG c.e.j.m.BookRequestMapper.approve - ==> Parameters: 2(Long), 2026-09-09T17:10:55.625913200(LocalDateTime), 9(Long), 2(Long)
17:10:55.626 [main] DEBUG c.e.j.m.BookRequestMapper.approve - <==    Updates: 1
17:10:55.626 [main] DEBUG c.e.j.m.BookRequestMapper.findById - ==>  Preparing: SELECT * FROM book_requests WHERE id = ?
17:10:55.626 [main] DEBUG c.e.j.m.BookRequestMapper.findById - ==> Parameters: 9(Long)
17:10:55.627 [main] DEBUG c.e.j.m.BookRequestMapper.findById - <==      Total: 1
17:10:55.627 [main] DEBUG c.e.j.m.B.findByBookRequestId - ==>  Preparing: SELECT * FROM book_request_items WHERE book_request_id = ?
17:10:55.627 [main] DEBUG c.e.j.m.B.findByBookRequestId - ==> Parameters: 9(Long)
17:10:55.627 [main] DEBUG c.e.j.m.B.findByBookRequestId - <==      Total: 1
17:10:55.627 [main] DEBUG c.e.j.m.ProcurementItemMapper.insert - ==>  Preparing: INSERT INTO procurement_items (book_request_item_id, status) VALUES (?, ?)
17:10:55.628 [main] DEBUG c.e.j.m.ProcurementItemMapper.insert - ==> Parameters: 11(Long), PENDING(String)
17:10:55.628 [main] DEBUG c.e.j.m.ProcurementItemMapper.insert - <==    Updates: 1
17:10:55.628 [main] INFO  c.e.j.service.BookRequestServiceImpl - 申請已核准：requestId=9, approverId=2
17:10:55.629 [main] DEBUG c.e.j.m.BookRequestMapper.insert - ==>  Preparing: INSERT INTO book_requests (requester_id, status, requested_at) VALUES (?, ?, ?)
17:10:55.629 [main] DEBUG c.e.j.m.BookRequestMapper.insert - ==> Parameters: 1(Long), PENDING(String), 2026-09-09T17:10:55.628911700(LocalDateTime)
17:10:55.629 [main] DEBUG c.e.j.m.BookRequestMapper.insert - <==    Updates: 1
17:10:55.630 [main] DEBUG c.e.j.m.BookRequestItemMapper.insert - ==>  Preparing: INSERT INTO book_request_items (book_request_id, title, isbn, author_id, published_year, estimated_price) VALUES (?, ?, ?, ?, ?, ?)
17:10:55.630 [main] DEBUG c.e.j.m.BookRequestItemMapper.insert - ==> Parameters: 10(Long), Overpriced Book(String), null, null, null, 99999(BigDecimal)
17:10:55.630 [main] DEBUG c.e.j.m.BookRequestItemMapper.insert - <==    Updates: 1
17:10:55.630 [main] INFO  c.e.j.service.BookRequestServiceImpl - 送出申請：requestId=10, requesterId=1, 書籍數=1
17:10:55.632 [main] DEBUG c.e.j.m.BookRequestMapper.reject - ==>  Preparing: UPDATE book_requests SET status = 'REJECTED', approver_id = ?, approved_at = ? WHERE id = ? AND status = 'PENDING' AND requester_id != ?
17:10:55.632 [main] DEBUG c.e.j.m.BookRequestMapper.reject - ==> Parameters: 2(Long), 2026-09-09T17:10:55.631913400(LocalDateTime), 10(Long), 2(Long)
17:10:55.632 [main] DEBUG c.e.j.m.BookRequestMapper.reject - <==    Updates: 1
17:10:55.632 [main] DEBUG c.e.j.m.BookRequestMapper.findById - ==>  Preparing: SELECT * FROM book_requests WHERE id = ?
17:10:55.632 [main] DEBUG c.e.j.m.BookRequestMapper.findById - ==> Parameters: 10(Long)
17:10:55.633 [main] DEBUG c.e.j.m.BookRequestMapper.findById - <==      Total: 1
17:10:55.633 [main] INFO  c.e.j.service.BookRequestServiceImpl - 申請已拒絕：requestId=10, approverId=2
17:10:55.634 [main] DEBUG c.e.j.m.BookRequestMapper.insert - ==>  Preparing: INSERT INTO book_requests (requester_id, status, requested_at) VALUES (?, ?, ?)
17:10:55.634 [main] DEBUG c.e.j.m.BookRequestMapper.insert - ==> Parameters: 1(Long), PENDING(String), 2026-09-09T17:10:55.634912500(LocalDateTime)
17:10:55.634 [main] DEBUG c.e.j.m.BookRequestMapper.insert - <==    Updates: 1
17:10:55.634 [main] DEBUG c.e.j.m.BookRequestItemMapper.insert - ==>  Preparing: INSERT INTO book_request_items (book_request_id, title, isbn, author_id, published_year, estimated_price) VALUES (?, ?, ?, ?, ?, ?)
17:10:55.634 [main] DEBUG c.e.j.m.BookRequestItemMapper.insert - ==> Parameters: 11(Long), Duplicate Request Example(String), null, null, null, null
17:10:55.635 [main] DEBUG c.e.j.m.BookRequestItemMapper.insert - <==    Updates: 1
17:10:55.635 [main] INFO  c.e.j.service.BookRequestServiceImpl - 送出申請：requestId=11, requesterId=1, 書籍數=1
17:10:55.635 [main] DEBUG c.e.j.m.BookRequestMapper.reject - ==>  Preparing: UPDATE book_requests SET status = 'REJECTED', approver_id = ?, approved_at = ? WHERE id = ? AND status = 'PENDING' AND requester_id != ?
17:10:55.636 [main] DEBUG c.e.j.m.BookRequestMapper.reject - ==> Parameters: 2(Long), 2026-09-09T17:10:55.635921800(LocalDateTime), 11(Long), 2(Long)
17:10:55.636 [main] DEBUG c.e.j.m.BookRequestMapper.reject - <==    Updates: 1
17:10:55.636 [main] DEBUG c.e.j.m.BookRequestMapper.findById - ==>  Preparing: SELECT * FROM book_requests WHERE id = ?
17:10:55.636 [main] DEBUG c.e.j.m.BookRequestMapper.findById - ==> Parameters: 11(Long)
17:10:55.636 [main] DEBUG c.e.j.m.BookRequestMapper.findById - <==      Total: 1
17:10:55.637 [main] INFO  c.e.j.service.BookRequestServiceImpl - 申請已拒絕：requestId=11, approverId=2
17:10:55.638 [main] DEBUG c.e.j.m.BookRequestMapper.insert - ==>  Preparing: INSERT INTO book_requests (requester_id, status, requested_at) VALUES (?, ?, ?)
17:10:55.638 [main] DEBUG c.e.j.m.BookRequestMapper.insert - ==> Parameters: 1(Long), PENDING(String), 2026-09-09T17:10:55.638912900(LocalDateTime)
17:10:55.638 [main] DEBUG c.e.j.m.BookRequestMapper.insert - <==    Updates: 1
17:10:55.639 [main] DEBUG c.e.j.m.BookRequestItemMapper.insert - ==>  Preparing: INSERT INTO book_request_items (book_request_id, title, isbn, author_id, published_year, estimated_price) VALUES (?, ?, ?, ?, ?, ?)
17:10:55.639 [main] DEBUG c.e.j.m.BookRequestItemMapper.insert - ==> Parameters: 12(Long), Out of Scope Book(String), null, null, null, null
17:10:55.639 [main] DEBUG c.e.j.m.BookRequestItemMapper.insert - <==    Updates: 1
17:10:55.639 [main] INFO  c.e.j.service.BookRequestServiceImpl - 送出申請：requestId=12, requesterId=1, 書籍數=1
17:10:55.640 [main] DEBUG c.e.j.m.BookRequestMapper.reject - ==>  Preparing: UPDATE book_requests SET status = 'REJECTED', approver_id = ?, approved_at = ? WHERE id = ? AND status = 'PENDING' AND requester_id != ?
17:10:55.640 [main] DEBUG c.e.j.m.BookRequestMapper.reject - ==> Parameters: 2(Long), 2026-09-09T17:10:55.640913700(LocalDateTime), 12(Long), 2(Long)
17:10:55.640 [main] DEBUG c.e.j.m.BookRequestMapper.reject - <==    Updates: 1
17:10:55.640 [main] DEBUG c.e.j.m.BookRequestMapper.findById - ==>  Preparing: SELECT * FROM book_requests WHERE id = ?
17:10:55.641 [main] DEBUG c.e.j.m.BookRequestMapper.findById - ==> Parameters: 12(Long)
17:10:55.641 [main] DEBUG c.e.j.m.BookRequestMapper.findById - <==      Total: 1
17:10:55.641 [main] INFO  c.e.j.service.BookRequestServiceImpl - 申請已拒絕：requestId=12, approverId=2
17:10:55.642 [main] DEBUG c.e.j.m.B.findByStatus - ==>  Preparing: SELECT * FROM book_requests WHERE status = ? ORDER BY requested_at
17:10:55.643 [main] DEBUG c.e.j.m.B.findByStatus - ==> Parameters: PENDING(String)
17:10:55.643 [main] DEBUG c.e.j.m.B.findByStatus - <==      Total: 5
17:10:55.644 [main] DEBUG c.e.j.m.B.findByStatus - ==>  Preparing: SELECT * FROM book_requests WHERE status = ? ORDER BY requested_at
17:10:55.644 [main] DEBUG c.e.j.m.B.findByStatus - ==> Parameters: APPROVED(String)
17:10:55.645 [main] DEBUG c.e.j.m.B.findByStatus - <==      Total: 4
17:10:55.645 [main] DEBUG c.e.j.m.B.findByStatus - ==>  Preparing: SELECT * FROM book_requests WHERE status = ? ORDER BY requested_at
17:10:55.645 [main] DEBUG c.e.j.m.B.findByStatus - ==> Parameters: REJECTED(String)
17:10:55.646 [main] DEBUG c.e.j.m.B.findByStatus - <==      Total: 3
17:10:55.647 [main] DEBUG c.e.j.m.BookRequestMapper.findAll - ==>  Preparing: SELECT * FROM book_requests
17:10:55.647 [main] DEBUG c.e.j.m.BookRequestMapper.findAll - ==> Parameters: 
17:10:55.649 [main] DEBUG c.e.j.m.BookRequestMapper.findAll - <==      Total: 12
17:10:57.341 [main] WARN  c.e.j.i.RoleAccessInterceptor - 權限不足被擋下：userId=1, role=ADMIN, POST /procurement/1/complete
17:10:57.342 [main] WARN  c.e.j.i.RoleAccessInterceptor - 權限不足被擋下：userId=1, role=USER, POST /procurement/1/complete
17:10:57.347 [main] WARN  c.e.j.i.RoleAccessInterceptor - 權限不足被擋下：userId=1, role=PROCUREMENT, POST /requests/1/approve
17:10:57.349 [main] WARN  c.e.j.i.RoleAccessInterceptor - 權限不足被擋下：userId=1, role=USER, POST /requests/1/reject
17:10:57.351 [main] WARN  c.e.j.i.RoleAccessInterceptor - 權限不足被擋下：userId=1, role=USER, GET /books/new
17:10:57.359 [main] DEBUG c.e.j.mapper.BookMapper.insert - ==>  Preparing: INSERT INTO books (title, isbn, author_id, published_year) VALUES (?, ?, ?, ?)
17:10:57.359 [main] DEBUG c.e.j.mapper.BookMapper.insert - ==> Parameters: Effective Java(String), 978-0134685991(String), 4(Long), 2018(Integer)
17:10:57.359 [main] DEBUG c.e.j.mapper.BookMapper.insert - <==    Updates: 1
17:10:57.360 [main] DEBUG c.e.j.mapper.BookMapper.insert - ==>  Preparing: INSERT INTO books (title, isbn, author_id, published_year) VALUES (?, ?, ?, ?)
17:10:57.360 [main] DEBUG c.e.j.mapper.BookMapper.insert - ==> Parameters: Unrelated Book(String), 9999999999999(String), 4(Long), 2000(Integer)
17:10:57.361 [main] DEBUG c.e.j.mapper.BookMapper.insert - <==    Updates: 1
17:10:57.364 [main] DEBUG c.e.j.mapper.BookMapper.search - ==>  Preparing: SELECT b.id, b.title, b.isbn, b.published_year, a.name AS author_name, c.id AS category_id, c.name AS category_name FROM books b LEFT JOIN authors a ON b.author_id = a.id LEFT JOIN books_categories bc ON bc.book_id = b.id LEFT JOIN categories c ON bc.category_id = c.id WHERE (b.title ILIKE CONCAT('%', ?, '%') OR a.name ILIKE CONCAT('%', ?, '%') OR c.name ILIKE CONCAT('%', ?, '%')) ORDER BY b.id
17:10:57.366 [main] DEBUG c.e.j.mapper.BookMapper.search - ==> Parameters: Effective(String), Effective(String), Effective(String)
17:10:57.367 [main] DEBUG c.e.j.mapper.BookMapper.search - <==      Total: 1
17:10:57.373 [main] DEBUG c.e.j.mapper.BookMapper.insert - ==>  Preparing: INSERT INTO books (title, isbn, author_id, published_year) VALUES (?, ?, ?, ?)
17:10:57.374 [main] DEBUG c.e.j.mapper.BookMapper.insert - ==> Parameters: Effective Java(String), 978-0134685991(String), 5(Long), 2018(Integer)
17:10:57.374 [main] DEBUG c.e.j.mapper.BookMapper.insert - <==    Updates: 1
17:10:57.375 [main] DEBUG c.e.j.m.B.insertBookCategories - ==>  Preparing: INSERT INTO books_categories (book_id, category_id) VALUES (?, ?)
17:10:57.375 [main] DEBUG c.e.j.m.B.insertBookCategories - ==> Parameters: 8(Long), 4(Long)
17:10:57.375 [main] DEBUG c.e.j.m.B.insertBookCategories - <==    Updates: 1
17:10:57.375 [main] DEBUG c.e.j.m.B.findCategoriesById - ==>  Preparing: SELECT c.* FROM categories c JOIN books_categories bc ON bc.category_id = c.id WHERE bc.book_id = ?
17:10:57.376 [main] DEBUG c.e.j.m.B.findCategoriesById - ==> Parameters: 8(Long)
17:10:57.377 [main] DEBUG c.e.j.m.B.findCategoriesById - <==      Total: 1
17:10:57.381 [main] DEBUG c.e.j.mapper.BookMapper.insert - ==>  Preparing: INSERT INTO books (title, isbn, author_id, published_year) VALUES (?, ?, ?, ?)
17:10:57.382 [main] DEBUG c.e.j.mapper.BookMapper.insert - ==> Parameters: Effective Java(String), 978-0134685991(String), 6(Long), 2018(Integer)
17:10:57.382 [main] DEBUG c.e.j.mapper.BookMapper.insert - <==    Updates: 1
17:10:57.382 [main] DEBUG c.e.j.mapper.BookMapper.update - ==>  Preparing: UPDATE books SET title = ?, isbn = ?, author_id = ?, published_year = ? WHERE id = ?
17:10:57.383 [main] DEBUG c.e.j.mapper.BookMapper.update - ==> Parameters: My New Title(String), 978-0134685991(String), 6(Long), 2018(Integer), 9(Long)
17:10:57.383 [main] DEBUG c.e.j.mapper.BookMapper.update - <==    Updates: 1
17:10:57.383 [main] DEBUG c.e.j.mapper.BookMapper.findById - ==>  Preparing: SELECT id, title, isbn, author_id, published_year FROM books WHERE id = ?
17:10:57.384 [main] DEBUG c.e.j.mapper.BookMapper.findById - ==> Parameters: 9(Long)
17:10:57.384 [main] DEBUG c.e.j.mapper.BookMapper.findById - <==      Total: 1
17:10:57.384 [main] DEBUG c.e.j.mapper.BookMapper.findAll - ==>  Preparing: SELECT b.id, b.title, b.isbn, b.published_year, a.name AS author_name, c.id AS category_id, c.name AS category_name FROM books b LEFT JOIN authors a ON b.author_id = a.id LEFT JOIN books_categories bc ON bc.book_id = b.id LEFT JOIN categories c ON bc.category_id = c.id ORDER BY b.id
17:10:57.385 [main] DEBUG c.e.j.mapper.BookMapper.findAll - ==> Parameters: 
17:10:57.385 [main] DEBUG c.e.j.mapper.BookMapper.findAll - <==      Total: 1
17:10:57.393 [main] DEBUG c.e.j.mapper.BookMapper.insert - ==>  Preparing: INSERT INTO books (title, isbn, author_id, published_year) VALUES (?, ?, ?, ?)
17:10:57.393 [main] DEBUG c.e.j.mapper.BookMapper.insert - ==> Parameters: Effective Java(String), 978-0134685991(String), 7(Long), 2018(Integer)
17:10:57.393 [main] DEBUG c.e.j.mapper.BookMapper.insert - <==    Updates: 1
17:10:57.394 [main] DEBUG c.e.j.m.B.insertBookCategories - ==>  Preparing: INSERT INTO books_categories (book_id, category_id) VALUES (?, ?) , (?, ?)
17:10:57.394 [main] DEBUG c.e.j.m.B.insertBookCategories - ==> Parameters: 10(Long), 5(Long), 10(Long), 6(Long)
17:10:57.394 [main] DEBUG c.e.j.m.B.insertBookCategories - <==    Updates: 2
17:10:57.394 [main] DEBUG c.e.j.mapper.BookMapper.insert - ==>  Preparing: INSERT INTO books (title, isbn, author_id, published_year) VALUES (?, ?, ?, ?)
17:10:57.395 [main] DEBUG c.e.j.mapper.BookMapper.insert - ==> Parameters: Effective Java(String), 978-0134685991(String), 7(Long), 2018(Integer)
17:10:57.395 [main] DEBUG c.e.j.mapper.BookMapper.insert - <==    Updates: 1
17:10:57.395 [main] DEBUG c.e.j.mapper.BookMapper.findAll - ==>  Preparing: SELECT b.id, b.title, b.isbn, b.published_year, a.name AS author_name, c.id AS category_id, c.name AS category_name FROM books b LEFT JOIN authors a ON b.author_id = a.id LEFT JOIN books_categories bc ON bc.book_id = b.id LEFT JOIN categories c ON bc.category_id = c.id ORDER BY b.id
17:10:57.395 [main] DEBUG c.e.j.mapper.BookMapper.findAll - ==> Parameters: 
17:10:57.397 [main] DEBUG c.e.j.mapper.BookMapper.findAll - <==      Total: 3
17:10:57.403 [main] DEBUG c.e.j.mapper.BookMapper.insert - ==>  Preparing: INSERT INTO books (title, isbn, author_id, published_year) VALUES (?, ?, ?, ?)
17:10:57.403 [main] DEBUG c.e.j.mapper.BookMapper.insert - ==> Parameters: Effective Java(String), 978-0134685991(String), 8(Long), 2018(Integer)
17:10:57.404 [main] DEBUG c.e.j.mapper.BookMapper.insert - <==    Updates: 1
17:10:57.404 [main] DEBUG c.e.j.m.B.insertBookCategories - ==>  Preparing: INSERT INTO books_categories (book_id, category_id) VALUES (?, ?)
17:10:57.404 [main] DEBUG c.e.j.m.B.insertBookCategories - ==> Parameters: 12(Long), 7(Long)
17:10:57.405 [main] DEBUG c.e.j.m.B.insertBookCategories - <==    Updates: 1
17:10:57.405 [main] DEBUG c.e.j.m.B.deleteCategoriesByBookId - ==>  Preparing: DELETE FROM books_categories bc WHERE bc.book_id = ?
17:10:57.406 [main] DEBUG c.e.j.m.B.deleteCategoriesByBookId - ==> Parameters: 12(Long)
17:10:57.406 [main] DEBUG c.e.j.m.B.deleteCategoriesByBookId - <==    Updates: 1
17:10:57.406 [main] DEBUG c.e.j.m.B.findCategoriesById - ==>  Preparing: SELECT c.* FROM categories c JOIN books_categories bc ON bc.category_id = c.id WHERE bc.book_id = ?
17:10:57.406 [main] DEBUG c.e.j.m.B.findCategoriesById - ==> Parameters: 12(Long)
17:10:57.407 [main] DEBUG c.e.j.m.B.findCategoriesById - <==      Total: 0
17:10:57.411 [main] DEBUG c.e.j.mapper.BookMapper.insert - ==>  Preparing: INSERT INTO books (title, isbn, author_id, published_year) VALUES (?, ?, ?, ?)
17:10:57.412 [main] DEBUG c.e.j.mapper.BookMapper.insert - ==> Parameters: Effective Java(String), 978-0134685991(String), 9(Long), 2018(Integer)
17:10:57.412 [main] DEBUG c.e.j.mapper.BookMapper.insert - <==    Updates: 1
17:10:57.412 [main] DEBUG c.e.j.mapper.BookMapper.insert - ==>  Preparing: INSERT INTO books (title, isbn, author_id, published_year) VALUES (?, ?, ?, ?)
17:10:57.413 [main] DEBUG c.e.j.mapper.BookMapper.insert - ==> Parameters: Clean Code(String), 9780132350884(String), 10(Long), 2008(Integer)
17:10:57.413 [main] DEBUG c.e.j.mapper.BookMapper.insert - <==    Updates: 1
17:10:57.413 [main] DEBUG c.e.j.mapper.BookMapper.search - ==>  Preparing: SELECT b.id, b.title, b.isbn, b.published_year, a.name AS author_name, c.id AS category_id, c.name AS category_name FROM books b LEFT JOIN authors a ON b.author_id = a.id LEFT JOIN books_categories bc ON bc.book_id = b.id LEFT JOIN categories c ON bc.category_id = c.id WHERE (b.title ILIKE CONCAT('%', ?, '%') OR a.name ILIKE CONCAT('%', ?, '%') OR c.name ILIKE CONCAT('%', ?, '%')) ORDER BY b.id
17:10:57.414 [main] DEBUG c.e.j.mapper.BookMapper.search - ==> Parameters: Bloch(String), Bloch(String), Bloch(String)
17:10:57.415 [main] DEBUG c.e.j.mapper.BookMapper.search - <==      Total: 1
17:10:57.421 [main] DEBUG c.e.j.mapper.BookMapper.insert - ==>  Preparing: INSERT INTO books (title, isbn, author_id, published_year) VALUES (?, ?, ?, ?)
17:10:57.421 [main] DEBUG c.e.j.mapper.BookMapper.insert - ==> Parameters: Effective Java(String), 978-0134685991(String), 11(Long), 2018(Integer)
17:10:57.422 [main] DEBUG c.e.j.mapper.BookMapper.insert - <==    Updates: 1
17:10:57.422 [main] DEBUG c.e.j.mapper.BookMapper.insert - ==>  Preparing: INSERT INTO books (title, isbn, author_id, published_year) VALUES (?, ?, ?, ?)
17:10:57.423 [main] DEBUG c.e.j.mapper.BookMapper.insert - ==> Parameters: Unrelated Book(String), 9999999999999(String), 11(Long), 2000(Integer)
17:10:57.423 [main] DEBUG c.e.j.mapper.BookMapper.insert - <==    Updates: 1
17:10:57.423 [main] DEBUG c.e.j.mapper.BookMapper.search - ==>  Preparing: SELECT b.id, b.title, b.isbn, b.published_year, a.name AS author_name, c.id AS category_id, c.name AS category_name FROM books b LEFT JOIN authors a ON b.author_id = a.id LEFT JOIN books_categories bc ON bc.book_id = b.id LEFT JOIN categories c ON bc.category_id = c.id ORDER BY b.id
17:10:57.424 [main] DEBUG c.e.j.mapper.BookMapper.search - ==> Parameters: 
17:10:57.425 [main] DEBUG c.e.j.mapper.BookMapper.search - <==      Total: 2
17:10:57.430 [main] DEBUG c.e.j.mapper.BookMapper.insert - ==>  Preparing: INSERT INTO books (title, isbn, author_id, published_year) VALUES (?, ?, ?, ?)
17:10:57.431 [main] DEBUG c.e.j.mapper.BookMapper.insert - ==> Parameters: Effective Java(String), 978-0134685991(String), 12(Long), 2018(Integer)
17:10:57.431 [main] DEBUG c.e.j.mapper.BookMapper.insert - <==    Updates: 1
17:10:57.431 [main] DEBUG c.e.j.m.B.insertBookCategories - ==>  Preparing: INSERT INTO books_categories (book_id, category_id) VALUES (?, ?)
17:10:57.431 [main] DEBUG c.e.j.m.B.insertBookCategories - ==> Parameters: 17(Long), 8(Long)
17:10:57.432 [main] DEBUG c.e.j.m.B.insertBookCategories - <==    Updates: 1
17:10:57.432 [main] DEBUG c.e.j.m.B.findCategoriesById - ==>  Preparing: SELECT c.* FROM categories c JOIN books_categories bc ON bc.category_id = c.id WHERE bc.book_id = ?
17:10:57.432 [main] DEBUG c.e.j.m.B.findCategoriesById - ==> Parameters: 17(Long)
17:10:57.432 [main] DEBUG c.e.j.m.B.findCategoriesById - <==      Total: 1
17:10:57.437 [main] DEBUG c.e.j.mapper.BookMapper.insert - ==>  Preparing: INSERT INTO books (title, isbn, author_id, published_year) VALUES (?, ?, ?, ?)
17:10:57.437 [main] DEBUG c.e.j.mapper.BookMapper.insert - ==> Parameters: Effective Java(String), 978-0134685991(String), 13(Long), 2018(Integer)
17:10:57.437 [main] DEBUG c.e.j.mapper.BookMapper.insert - <==    Updates: 1
17:10:57.438 [main] DEBUG c.e.j.mapper.BookMapper.insert - ==>  Preparing: INSERT INTO books (title, isbn, author_id, published_year) VALUES (?, ?, ?, ?)
17:10:57.438 [main] DEBUG c.e.j.mapper.BookMapper.insert - ==> Parameters: Effective Java(String), 978-0134685991(String), 13(Long), 2018(Integer)
17:10:57.438 [main] DEBUG c.e.j.mapper.BookMapper.insert - <==    Updates: 1
17:10:57.439 [main] DEBUG c.e.j.m.BookMapper.findByAuthorId - ==>  Preparing: SELECT * FROM books b WHERE b.author_id = ?
17:10:57.439 [main] DEBUG c.e.j.m.BookMapper.findByAuthorId - ==> Parameters: 13(Long)
17:10:57.439 [main] DEBUG c.e.j.m.BookMapper.findByAuthorId - <==      Total: 2
17:10:57.446 [main] DEBUG c.e.j.m.BookRequestMapper.insert - ==>  Preparing: INSERT INTO book_requests (requester_id, status, requested_at) VALUES (?, ?, ?)
17:10:57.446 [main] DEBUG c.e.j.m.BookRequestMapper.insert - ==> Parameters: 4(Long), PENDING(String), 2026-09-09T17:10:57.446972900(LocalDateTime)
17:10:57.448 [main] DEBUG c.e.j.m.BookRequestMapper.insert - <==    Updates: 1
17:10:57.448 [main] DEBUG c.e.j.m.BookRequestItemMapper.insert - ==>  Preparing: INSERT INTO book_request_items (book_request_id, title, isbn, author_id, published_year, estimated_price) VALUES (?, ?, ?, ?, ?, ?)
17:10:57.448 [main] DEBUG c.e.j.m.BookRequestItemMapper.insert - ==> Parameters: 13(Long), Effective Java(String), 9780134685991(String), null, 2018(Integer), 1200.00(BigDecimal)
17:10:57.448 [main] DEBUG c.e.j.m.BookRequestItemMapper.insert - <==    Updates: 1
17:10:57.449 [main] DEBUG c.e.j.m.B.findByBookRequestId - ==>  Preparing: SELECT * FROM book_request_items WHERE book_request_id = ?
17:10:57.449 [main] DEBUG c.e.j.m.B.findByBookRequestId - ==> Parameters: 13(Long)
17:10:57.450 [main] DEBUG c.e.j.m.B.findByBookRequestId - <==      Total: 1
17:10:57.455 [main] DEBUG c.e.j.m.BookRequestMapper.insert - ==>  Preparing: INSERT INTO book_requests (requester_id, status, requested_at) VALUES (?, ?, ?)
17:10:57.455 [main] DEBUG c.e.j.m.BookRequestMapper.insert - ==> Parameters: 5(Long), APPROVED(String), 2026-09-09T17:10:57.455686600(LocalDateTime)
17:10:57.456 [main] DEBUG c.e.j.m.BookRequestMapper.insert - <==    Updates: 1
17:10:57.456 [main] DEBUG c.e.j.m.BookRequestItemMapper.insert - ==>  Preparing: INSERT INTO book_request_items (book_request_id, title, isbn, author_id, published_year, estimated_price) VALUES (?, ?, ?, ?, ?, ?)
17:10:57.456 [main] DEBUG c.e.j.m.BookRequestItemMapper.insert - ==> Parameters: 14(Long), Clean Code(String), null, null, null, null
17:10:57.456 [main] DEBUG c.e.j.m.BookRequestItemMapper.insert - <==    Updates: 1
17:10:57.457 [main] DEBUG c.e.j.m.ProcurementItemMapper.insert - ==>  Preparing: INSERT INTO procurement_items (book_request_item_id, status) VALUES (?, ?)
17:10:57.457 [main] DEBUG c.e.j.m.ProcurementItemMapper.insert - ==> Parameters: 16(Long), PENDING(String)
17:10:57.457 [main] DEBUG c.e.j.m.ProcurementItemMapper.insert - <==    Updates: 1
17:10:57.457 [main] DEBUG c.e.j.m.P.findByStatus - ==>  Preparing: SELECT * FROM procurement_items WHERE status = ?
17:10:57.458 [main] DEBUG c.e.j.m.P.findByStatus - ==> Parameters: PENDING(String)
17:10:57.458 [main] DEBUG c.e.j.m.P.findByStatus - <==      Total: 1
17:10:57.460 [main] DEBUG c.e.j.m.ProcurementItemMapper.update - ==>  Preparing: UPDATE procurement_items SET status = ?, procured_by = ?, procured_at = ?, book_id = ? WHERE id = ?
17:10:57.461 [main] DEBUG c.e.j.m.ProcurementItemMapper.update - ==> Parameters: COMPLETED(String), 6(Long), 2026-09-09T17:10:57.460687(LocalDateTime), null, 6(Long)
17:10:57.461 [main] DEBUG c.e.j.m.ProcurementItemMapper.update - <==    Updates: 1
17:10:57.462 [main] DEBUG c.e.j.m.P.findById - ==>  Preparing: SELECT * FROM procurement_items WHERE id = ?
17:10:57.462 [main] DEBUG c.e.j.m.P.findById - ==> Parameters: 6(Long)
17:10:57.463 [main] DEBUG c.e.j.m.P.findById - <==      Total: 1
17:10:57.472 [main] DEBUG c.e.j.m.BookRequestMapper.insert - ==>  Preparing: INSERT INTO book_requests (requester_id, status, requested_at) VALUES (?, ?, ?)
17:10:57.472 [main] DEBUG c.e.j.m.BookRequestMapper.insert - ==> Parameters: 7(Long), PENDING(String), 2026-09-09T17:10:57.471079200(LocalDateTime)
17:10:57.473 [main] DEBUG c.e.j.m.BookRequestMapper.insert - <==    Updates: 1
17:10:57.474 [main] DEBUG c.e.j.m.BookRequestMapper.findById - ==>  Preparing: SELECT * FROM book_requests WHERE id = ?
17:10:57.474 [main] DEBUG c.e.j.m.BookRequestMapper.findById - ==> Parameters: 15(Long)
17:10:57.475 [main] DEBUG c.e.j.m.BookRequestMapper.findById - <==      Total: 1
17:10:57.477 [main] DEBUG c.e.j.m.B.findByStatus - ==>  Preparing: SELECT * FROM book_requests WHERE status = ? ORDER BY requested_at
17:10:57.477 [main] DEBUG c.e.j.m.B.findByStatus - ==> Parameters: PENDING(String)
17:10:57.478 [main] DEBUG c.e.j.m.B.findByStatus - <==      Total: 1
17:10:57.483 [main] DEBUG c.e.j.m.BookRequestMapper.insert - ==>  Preparing: INSERT INTO book_requests (requester_id, status, requested_at) VALUES (?, ?, ?)
17:10:57.483 [main] DEBUG c.e.j.m.BookRequestMapper.insert - ==> Parameters: 8(Long), APPROVED(String), 2026-09-09T17:10:57.483076900(LocalDateTime)
17:10:57.484 [main] DEBUG c.e.j.m.BookRequestMapper.insert - <==    Updates: 1
17:10:57.484 [main] DEBUG c.e.j.m.BookRequestItemMapper.insert - ==>  Preparing: INSERT INTO book_request_items (book_request_id, title, isbn, author_id, published_year, estimated_price) VALUES (?, ?, ?, ?, ?, ?)
17:10:57.485 [main] DEBUG c.e.j.m.BookRequestItemMapper.insert - ==> Parameters: 16(Long), Effective Java(String), 9780134685991(String), null, 2018(Integer), 1200.00(BigDecimal)
17:10:57.485 [main] DEBUG c.e.j.m.BookRequestItemMapper.insert - <==    Updates: 1
17:10:57.486 [main] DEBUG c.e.j.m.ProcurementItemMapper.insert - ==>  Preparing: INSERT INTO procurement_items (book_request_item_id, status) VALUES (?, ?)
17:10:57.486 [main] DEBUG c.e.j.m.ProcurementItemMapper.insert - ==> Parameters: 17(Long), PENDING(String)
17:10:57.487 [main] DEBUG c.e.j.m.ProcurementItemMapper.insert - <==    Updates: 1
17:10:57.487 [main] DEBUG c.e.j.m.BookRequestItemMapper.insert - ==>  Preparing: INSERT INTO book_request_items (book_request_id, title, isbn, author_id, published_year, estimated_price) VALUES (?, ?, ?, ?, ?, ?)
17:10:57.488 [main] DEBUG c.e.j.m.BookRequestItemMapper.insert - ==> Parameters: 16(Long), Clean Code(String), null, null, null, null
17:10:57.488 [main] DEBUG c.e.j.m.BookRequestItemMapper.insert - <==    Updates: 1
17:10:57.488 [main] DEBUG c.e.j.m.ProcurementItemMapper.insert - ==>  Preparing: INSERT INTO procurement_items (book_request_item_id, status) VALUES (?, ?)
17:10:57.489 [main] DEBUG c.e.j.m.ProcurementItemMapper.insert - ==> Parameters: 18(Long), COMPLETED(String)
17:10:57.489 [main] DEBUG c.e.j.m.ProcurementItemMapper.insert - <==    Updates: 1
17:10:57.490 [main] DEBUG c.e.j.m.P.findSummary - ==>  Preparing: SELECT p.*, b.title,b.isbn,b.author_id,b.published_year,b.estimated_price FROM procurement_items p JOIN book_request_items b ON p.book_request_item_id = b.id WHERE p.status = ?
17:10:57.491 [main] DEBUG c.e.j.m.P.findSummary - ==> Parameters: PENDING(String)
17:10:57.492 [main] DEBUG c.e.j.m.P.findSummary - <==      Total: 1
17:10:57.498 [main] DEBUG c.e.j.m.BookRequestMapper.insert - ==>  Preparing: INSERT INTO book_requests (requester_id, status, requested_at) VALUES (?, ?, ?)
17:10:57.498 [main] DEBUG c.e.j.m.BookRequestMapper.insert - ==> Parameters: 9(Long), PENDING(String), 2026-09-09T17:10:57.497075300(LocalDateTime)
17:10:57.498 [main] DEBUG c.e.j.m.BookRequestMapper.insert - <==    Updates: 1
17:10:57.499 [main] DEBUG c.e.j.m.BookRequestMapper.insert - ==>  Preparing: INSERT INTO book_requests (requester_id, status, requested_at) VALUES (?, ?, ?)
17:10:57.499 [main] DEBUG c.e.j.m.BookRequestMapper.insert - ==> Parameters: 9(Long), APPROVED(String), 2026-09-09T17:10:57.498086200(LocalDateTime)
17:10:57.499 [main] DEBUG c.e.j.m.BookRequestMapper.insert - <==    Updates: 1
17:10:57.499 [main] DEBUG c.e.j.m.B.findSummary - ==>  Preparing: SELECT br.id, br.requester_id, br.approver_id, br.status, br.requested_at, br.approved_at, bri.id AS item_id, bri.book_request_id, bri.title AS item_title, bri.isbn AS item_isbn, bri.author_id AS item_author_id, bri.published_year AS item_published_year, bri.estimated_price AS item_estimated_price FROM book_requests br LEFT JOIN book_request_items bri ON bri.book_request_id = br.id WHERE br.status = ? ORDER BY br.requested_at
17:10:57.500 [main] DEBUG c.e.j.m.B.findSummary - ==> Parameters: PENDING(String)
17:10:57.501 [main] DEBUG c.e.j.m.B.findSummary - <==      Total: 1
17:10:57.507 [main] DEBUG c.e.j.m.BookRequestMapper.insert - ==>  Preparing: INSERT INTO book_requests (requester_id, status, requested_at) VALUES (?, ?, ?)
17:10:57.508 [main] DEBUG c.e.j.m.BookRequestMapper.insert - ==> Parameters: 10(Long), PENDING(String), 2026-09-09T17:10:57.507839600(LocalDateTime)
17:10:57.508 [main] DEBUG c.e.j.m.BookRequestMapper.insert - <==    Updates: 1
17:10:57.508 [main] DEBUG c.e.j.m.BookRequestMapper.approve - ==>  Preparing: UPDATE book_requests SET status = 'APPROVED', approver_id = ?, approved_at = ? WHERE id = ? AND status = 'PENDING' AND requester_id != ?
17:10:57.509 [main] DEBUG c.e.j.m.BookRequestMapper.approve - ==> Parameters: 11(Long), 2026-09-09T17:10:57.508836200(LocalDateTime), 19(Long), 11(Long)
17:10:57.510 [main] DEBUG c.e.j.m.BookRequestMapper.approve - <==    Updates: 1
17:10:57.514 [main] DEBUG c.e.j.m.BookRequestMapper.insert - ==>  Preparing: INSERT INTO book_requests (requester_id, status, requested_at) VALUES (?, ?, ?)
17:10:57.514 [main] DEBUG c.e.j.m.BookRequestMapper.insert - ==> Parameters: 12(Long), PENDING(String), 2026-09-09T17:10:57.514831300(LocalDateTime)
17:10:57.516 [main] DEBUG c.e.j.m.BookRequestMapper.insert - <==    Updates: 1
17:10:57.516 [main] DEBUG c.e.j.m.BookRequestItemMapper.insert - ==>  Preparing: INSERT INTO book_request_items (book_request_id, title, isbn, author_id, published_year, estimated_price) VALUES (?, ?, ?, ?, ?, ?)
17:10:57.516 [main] DEBUG c.e.j.m.BookRequestItemMapper.insert - ==> Parameters: 20(Long), Effective Java(String), null, null, null, null
17:10:57.516 [main] DEBUG c.e.j.m.BookRequestItemMapper.insert - <==    Updates: 1
17:10:57.516 [main] DEBUG c.e.j.m.BookRequestItemMapper.insert - ==>  Preparing: INSERT INTO book_request_items (book_request_id, title, isbn, author_id, published_year, estimated_price) VALUES (?, ?, ?, ?, ?, ?)
17:10:57.517 [main] DEBUG c.e.j.m.BookRequestItemMapper.insert - ==> Parameters: 20(Long), Clean Code(String), null, null, null, null
17:10:57.517 [main] DEBUG c.e.j.m.BookRequestItemMapper.insert - <==    Updates: 1
17:10:57.517 [main] DEBUG c.e.j.m.B.findSummary - ==>  Preparing: SELECT br.id, br.requester_id, br.approver_id, br.status, br.requested_at, br.approved_at, bri.id AS item_id, bri.book_request_id, bri.title AS item_title, bri.isbn AS item_isbn, bri.author_id AS item_author_id, bri.published_year AS item_published_year, bri.estimated_price AS item_estimated_price FROM book_requests br LEFT JOIN book_request_items bri ON bri.book_request_id = br.id ORDER BY br.requested_at
17:10:57.517 [main] DEBUG c.e.j.m.B.findSummary - ==> Parameters: 
17:10:57.518 [main] DEBUG c.e.j.m.B.findSummary - <==      Total: 2
17:10:57.523 [main] DEBUG c.e.j.mapper.CategoryMapper.update - ==>  Preparing: UPDATE categories SET name = ? WHERE id = ?
17:10:57.523 [main] DEBUG c.e.j.mapper.CategoryMapper.update - ==> Parameters: Updated Name(String), 9(Long)
17:10:57.524 [main] DEBUG c.e.j.mapper.CategoryMapper.update - <==    Updates: 1
17:10:57.524 [main] DEBUG c.e.j.mapper.CategoryMapper.findById - ==>  Preparing: SELECT * FROM categories c WHERE c.id = ?
17:10:57.524 [main] DEBUG c.e.j.mapper.CategoryMapper.findById - ==> Parameters: 9(Long)
17:10:57.524 [main] DEBUG c.e.j.mapper.CategoryMapper.findById - <==      Total: 1
17:10:57.527 [main] DEBUG c.e.j.mapper.CategoryMapper.insert - ==>  Preparing: INSERT INTO categories (name) VALUES (?)
17:10:57.527 [main] DEBUG c.e.j.mapper.CategoryMapper.insert - ==> Parameters: Fiction(String)
17:10:57.527 [main] DEBUG c.e.j.mapper.CategoryMapper.insert - <==    Updates: 1
17:10:57.528 [main] DEBUG c.e.j.mapper.CategoryMapper.findById - ==>  Preparing: SELECT * FROM categories c WHERE c.id = ?
17:10:57.528 [main] DEBUG c.e.j.mapper.CategoryMapper.findById - ==> Parameters: 10(Long)
17:10:57.528 [main] DEBUG c.e.j.mapper.CategoryMapper.findById - <==      Total: 1
17:10:57.532 [main] DEBUG c.e.j.mapper.CategoryMapper.findAll - ==>  Preparing: SELECT * FROM categories c ORDER BY c.id
17:10:57.533 [main] DEBUG c.e.j.mapper.CategoryMapper.findAll - ==> Parameters: 
17:10:57.533 [main] DEBUG c.e.j.mapper.CategoryMapper.findAll - <==      Total: 2
17:10:57.536 [main] DEBUG c.e.j.m.CategoryMapper.deleteById - ==>  Preparing: DELETE FROM categories WHERE id = ?
17:10:57.536 [main] DEBUG c.e.j.m.CategoryMapper.deleteById - ==> Parameters: 13(Long)
17:10:57.537 [main] DEBUG c.e.j.m.CategoryMapper.deleteById - <==    Updates: 1
17:10:57.537 [main] DEBUG c.e.j.mapper.CategoryMapper.findAll - ==>  Preparing: SELECT * FROM categories c ORDER BY c.id
17:10:57.537 [main] DEBUG c.e.j.mapper.CategoryMapper.findAll - ==> Parameters: 
17:10:57.537 [main] DEBUG c.e.j.mapper.CategoryMapper.findAll - <==      Total: 0
17:10:57.546 [main] DEBUG c.e.j.m.C.findBooksByCategoryId - ==>  Preparing: SELECT b.* FROM books b JOIN books_categories bc ON b.id = bc.book_id WHERE bc.category_id = ?
17:10:57.548 [main] DEBUG c.e.j.m.C.findBooksByCategoryId - ==> Parameters: 14(Long)
17:10:57.548 [main] DEBUG c.e.j.m.C.findBooksByCategoryId - <==      Total: 1
17:10:57.552 [main] DEBUG c.e.j.mapper.CategoryMapper.findById - ==>  Preparing: SELECT * FROM categories c WHERE c.id = ?
17:10:57.553 [main] DEBUG c.e.j.mapper.CategoryMapper.findById - ==> Parameters: 16(Long)
17:10:57.553 [main] DEBUG c.e.j.mapper.CategoryMapper.findById - <==      Total: 1
17:10:57.559 [main] DEBUG c.e.j.mapper.UserMapper.update - ==>  Preparing: UPDATE users SET name = ?, password_hash = ?, role = ? WHERE id = ?
17:10:57.560 [main] DEBUG c.e.j.mapper.UserMapper.update - ==> Parameters: New Name(String), new-hash(String), ADMIN(String), 13(Long)
17:10:57.560 [main] DEBUG c.e.j.mapper.UserMapper.update - <==    Updates: 1
17:10:57.560 [main] DEBUG c.e.j.mapper.UserMapper.findByEmail - ==>  Preparing: SELECT * FROM users u WHERE u.email = ?
17:10:57.560 [main] DEBUG c.e.j.mapper.UserMapper.findByEmail - ==> Parameters: update@example.com(String)
17:10:57.561 [main] DEBUG c.e.j.mapper.UserMapper.findByEmail - <==      Total: 1
17:10:57.563 [main] DEBUG c.e.j.mapper.UserMapper.insert - ==>  Preparing: INSERT INTO users (email, name, password_hash, role) VALUES (?, ?, ?, ?)
17:10:57.564 [main] DEBUG c.e.j.mapper.UserMapper.insert - ==> Parameters: new@example.com(String), New User(String), hashed-password(String), ADMIN(String)
17:10:57.564 [main] DEBUG c.e.j.mapper.UserMapper.insert - <==    Updates: 1
17:10:57.564 [main] DEBUG c.e.j.mapper.UserMapper.findByEmail - ==>  Preparing: SELECT * FROM users u WHERE u.email = ?
17:10:57.564 [main] DEBUG c.e.j.mapper.UserMapper.findByEmail - ==> Parameters: new@example.com(String)
17:10:57.565 [main] DEBUG c.e.j.mapper.UserMapper.findByEmail - <==      Total: 1
17:10:57.567 [main] DEBUG c.e.j.mapper.UserMapper.findByEmail - ==>  Preparing: SELECT * FROM users u WHERE u.email = ?
17:10:57.568 [main] DEBUG c.e.j.mapper.UserMapper.findByEmail - ==> Parameters: nobody@example.com(String)
17:10:57.568 [main] DEBUG c.e.j.mapper.UserMapper.findByEmail - <==      Total: 0
17:10:57.571 [main] DEBUG c.e.j.mapper.UserMapper.findByEmail - ==>  Preparing: SELECT * FROM users u WHERE u.email = ?
17:10:57.572 [main] DEBUG c.e.j.mapper.UserMapper.findByEmail - ==> Parameters: alex@example.com(String)
17:10:57.572 [main] DEBUG c.e.j.mapper.UserMapper.findByEmail - <==      Total: 1
17:10:57.665 [main] INFO  c.e.j.service.AuthServiceImpl - 登入成功：userId=1, email=alex@example.com
17:10:57.666 [main] WARN  c.e.j.service.AuthServiceImpl - 登入失敗，帳號不存在：email=nobody@example.com
17:10:57.667 [main] WARN  c.e.j.service.AuthServiceImpl - 登入失敗，密碼錯誤：email=alex@example.com
17:10:57.668 [main] INFO  c.e.j.service.AuthServiceImpl - 新使用者註冊：userId=null, email=new@example.com
17:10:57.706 [main] DEBUG c.e.j.m.BookRequestMapper.insert - ==>  Preparing: INSERT INTO book_requests (requester_id, status, requested_at) VALUES (?, ?, ?)
17:10:57.706 [main] DEBUG c.e.j.m.BookRequestMapper.insert - ==> Parameters: 16(Long), APPROVED(String), 2026-09-09T17:10:57.706326700(LocalDateTime)
17:10:57.706 [main] DEBUG c.e.j.m.BookRequestMapper.insert - <==    Updates: 1
17:10:57.707 [main] DEBUG c.e.j.m.BookRequestItemMapper.insert - ==>  Preparing: INSERT INTO book_request_items (book_request_id, title, isbn, author_id, published_year, estimated_price) VALUES (?, ?, ?, ?, ?, ?)
17:10:57.707 [main] DEBUG c.e.j.m.BookRequestItemMapper.insert - ==> Parameters: 21(Long), Effective Java(String), null, null, null, null
17:10:57.707 [main] DEBUG c.e.j.m.BookRequestItemMapper.insert - <==    Updates: 1
17:10:57.707 [main] DEBUG c.e.j.m.ProcurementItemMapper.insert - ==>  Preparing: INSERT INTO procurement_items (book_request_item_id, status) VALUES (?, ?)
17:10:57.707 [main] DEBUG c.e.j.m.ProcurementItemMapper.insert - ==> Parameters: 21(Long), PENDING(String)
17:10:57.707 [main] DEBUG c.e.j.m.ProcurementItemMapper.insert - <==    Updates: 1
17:10:57.710 [pool-2-thread-2] DEBUG c.e.j.m.P.findByIdForUpdate - ==>  Preparing: SELECT * FROM procurement_items WHERE id = ? FOR UPDATE
17:10:57.710 [pool-2-thread-1] DEBUG c.e.j.m.P.findByIdForUpdate - ==>  Preparing: SELECT * FROM procurement_items WHERE id = ? FOR UPDATE
17:10:57.711 [pool-2-thread-1] DEBUG c.e.j.m.P.findByIdForUpdate - ==> Parameters: 9(Long)
17:10:57.711 [pool-2-thread-2] DEBUG c.e.j.m.P.findByIdForUpdate - ==> Parameters: 9(Long)
17:10:57.712 [pool-2-thread-2] DEBUG c.e.j.m.P.findByIdForUpdate - <==      Total: 1
17:10:57.712 [pool-2-thread-2] DEBUG c.e.j.m.B.findById - ==>  Preparing: SELECT * FROM book_request_items WHERE id = ?
17:10:57.712 [pool-2-thread-2] DEBUG c.e.j.m.B.findById - ==> Parameters: 21(Long)
17:10:57.712 [pool-2-thread-2] DEBUG c.e.j.m.B.findById - <==      Total: 1
17:10:57.713 [pool-2-thread-2] DEBUG c.e.j.mapper.BookMapper.insert - ==>  Preparing: INSERT INTO books (title, isbn, author_id, published_year) VALUES (?, ?, ?, ?)
17:10:57.713 [pool-2-thread-2] DEBUG c.e.j.mapper.BookMapper.insert - ==> Parameters: Effective Java(String), null, null, null
17:10:57.713 [pool-2-thread-2] DEBUG c.e.j.mapper.BookMapper.insert - <==    Updates: 1
17:10:57.713 [pool-2-thread-2] DEBUG c.e.j.m.ProcurementItemMapper.update - ==>  Preparing: UPDATE procurement_items SET status = ?, procured_by = ?, procured_at = ?, book_id = ? WHERE id = ?
17:10:57.713 [pool-2-thread-2] DEBUG c.e.j.m.ProcurementItemMapper.update - ==> Parameters: COMPLETED(String), 18(Long), 2026-09-09T17:10:57.713325600(LocalDateTime), 22(Long), 9(Long)
17:10:57.713 [pool-2-thread-2] DEBUG c.e.j.m.ProcurementItemMapper.update - <==    Updates: 1
17:10:57.713 [pool-2-thread-2] INFO  c.e.j.service.ProcurementServiceImpl - 採購完成，書籍已入庫：procurementItemId=9, bookId=22, procuredBy=18
17:10:57.714 [pool-2-thread-1] DEBUG c.e.j.m.P.findByIdForUpdate - <==      Total: 1
17:10:57.715 [main] DEBUG c.e.j.m.P.findByStatus - ==>  Preparing: SELECT * FROM procurement_items WHERE status = ?
17:10:57.715 [main] DEBUG c.e.j.m.P.findByStatus - ==> Parameters: COMPLETED(String)
17:10:57.715 [main] DEBUG c.e.j.m.P.findByStatus - <==      Total: 1
17:12:17.376 [main] DEBUG c.e.j.mapper.BookMapper.insert - ==>  Preparing: INSERT INTO books (title, isbn, author_id, published_year) VALUES (?, ?, ?, ?)
17:12:17.395 [main] DEBUG c.e.j.mapper.BookMapper.insert - ==> Parameters: Effective Java(String), 978-0134685991(String), 1(Long), 2018(Integer)
17:12:17.396 [main] DEBUG c.e.j.mapper.BookMapper.insert - <==    Updates: 1
17:12:17.401 [main] DEBUG c.e.j.mapper.BookMapper.insert - ==>  Preparing: INSERT INTO books (title, isbn, author_id, published_year) VALUES (?, ?, ?, ?)
17:12:17.402 [main] DEBUG c.e.j.mapper.BookMapper.insert - ==> Parameters: Unrelated Book(String), 9999999999999(String), 1(Long), 2000(Integer)
17:12:17.402 [main] DEBUG c.e.j.mapper.BookMapper.insert - <==    Updates: 1
17:12:17.420 [main] DEBUG c.e.j.mapper.BookMapper.search - ==>  Preparing: SELECT b.id, b.title, b.isbn, b.published_year, a.name AS author_name, c.id AS category_id, c.name AS category_name FROM books b LEFT JOIN authors a ON b.author_id = a.id LEFT JOIN books_categories bc ON bc.book_id = b.id LEFT JOIN categories c ON bc.category_id = c.id WHERE (b.title ILIKE CONCAT('%', ?, '%') OR a.name ILIKE CONCAT('%', ?, '%') OR c.name ILIKE CONCAT('%', ?, '%')) ORDER BY b.id
17:12:17.421 [main] DEBUG c.e.j.mapper.BookMapper.search - ==> Parameters: Effective(String), Effective(String), Effective(String)
17:12:17.437 [main] DEBUG c.e.j.mapper.BookMapper.search - <==      Total: 1
17:12:17.466 [main] DEBUG c.e.j.mapper.BookMapper.insert - ==>  Preparing: INSERT INTO books (title, isbn, author_id, published_year) VALUES (?, ?, ?, ?)
17:12:17.466 [main] DEBUG c.e.j.mapper.BookMapper.insert - ==> Parameters: Effective Java(String), 978-0134685991(String), 2(Long), 2018(Integer)
17:12:17.468 [main] DEBUG c.e.j.mapper.BookMapper.insert - <==    Updates: 1
17:12:17.471 [main] DEBUG c.e.j.m.B.insertBookCategories - ==>  Preparing: INSERT INTO books_categories (book_id, category_id) VALUES (?, ?)
17:12:17.471 [main] DEBUG c.e.j.m.B.insertBookCategories - ==> Parameters: 3(Long), 1(Long)
17:12:17.472 [main] DEBUG c.e.j.m.B.insertBookCategories - <==    Updates: 1
17:12:17.473 [main] DEBUG c.e.j.m.B.findCategoriesById - ==>  Preparing: SELECT c.* FROM categories c JOIN books_categories bc ON bc.category_id = c.id WHERE bc.book_id = ?
17:12:17.474 [main] DEBUG c.e.j.m.B.findCategoriesById - ==> Parameters: 3(Long)
17:12:17.477 [main] DEBUG c.e.j.m.B.findCategoriesById - <==      Total: 1
17:12:17.486 [main] DEBUG c.e.j.mapper.BookMapper.insert - ==>  Preparing: INSERT INTO books (title, isbn, author_id, published_year) VALUES (?, ?, ?, ?)
17:12:17.487 [main] DEBUG c.e.j.mapper.BookMapper.insert - ==> Parameters: Effective Java(String), 978-0134685991(String), 3(Long), 2018(Integer)
17:12:17.487 [main] DEBUG c.e.j.mapper.BookMapper.insert - <==    Updates: 1
17:12:17.488 [main] DEBUG c.e.j.mapper.BookMapper.update - ==>  Preparing: UPDATE books SET title = ?, isbn = ?, author_id = ?, published_year = ? WHERE id = ?
17:12:17.490 [main] DEBUG c.e.j.mapper.BookMapper.update - ==> Parameters: My New Title(String), 978-0134685991(String), 3(Long), 2018(Integer), 4(Long)
17:12:17.492 [main] DEBUG c.e.j.mapper.BookMapper.update - <==    Updates: 1
17:12:17.492 [main] DEBUG c.e.j.mapper.BookMapper.findById - ==>  Preparing: SELECT id, title, isbn, author_id, published_year FROM books WHERE id = ?
17:12:17.493 [main] DEBUG c.e.j.mapper.BookMapper.findById - ==> Parameters: 4(Long)
17:12:17.493 [main] DEBUG c.e.j.mapper.BookMapper.findById - <==      Total: 1
17:12:17.494 [main] DEBUG c.e.j.mapper.BookMapper.findAll - ==>  Preparing: SELECT b.id, b.title, b.isbn, b.published_year, a.name AS author_name, c.id AS category_id, c.name AS category_name FROM books b LEFT JOIN authors a ON b.author_id = a.id LEFT JOIN books_categories bc ON bc.book_id = b.id LEFT JOIN categories c ON bc.category_id = c.id ORDER BY b.id
17:12:17.495 [main] DEBUG c.e.j.mapper.BookMapper.findAll - ==> Parameters: 
17:12:17.495 [main] DEBUG c.e.j.mapper.BookMapper.findAll - <==      Total: 1
17:12:17.504 [main] DEBUG c.e.j.mapper.BookMapper.insert - ==>  Preparing: INSERT INTO books (title, isbn, author_id, published_year) VALUES (?, ?, ?, ?)
17:12:17.504 [main] DEBUG c.e.j.mapper.BookMapper.insert - ==> Parameters: Effective Java(String), 978-0134685991(String), 4(Long), 2018(Integer)
17:12:17.505 [main] DEBUG c.e.j.mapper.BookMapper.insert - <==    Updates: 1
17:12:17.506 [main] DEBUG c.e.j.m.B.insertBookCategories - ==>  Preparing: INSERT INTO books_categories (book_id, category_id) VALUES (?, ?) , (?, ?)
17:12:17.506 [main] DEBUG c.e.j.m.B.insertBookCategories - ==> Parameters: 5(Long), 2(Long), 5(Long), 3(Long)
17:12:17.507 [main] DEBUG c.e.j.m.B.insertBookCategories - <==    Updates: 2
17:12:17.507 [main] DEBUG c.e.j.mapper.BookMapper.insert - ==>  Preparing: INSERT INTO books (title, isbn, author_id, published_year) VALUES (?, ?, ?, ?)
17:12:17.508 [main] DEBUG c.e.j.mapper.BookMapper.insert - ==> Parameters: Effective Java(String), 978-0134685991(String), 4(Long), 2018(Integer)
17:12:17.508 [main] DEBUG c.e.j.mapper.BookMapper.insert - <==    Updates: 1
17:12:17.508 [main] DEBUG c.e.j.mapper.BookMapper.findAll - ==>  Preparing: SELECT b.id, b.title, b.isbn, b.published_year, a.name AS author_name, c.id AS category_id, c.name AS category_name FROM books b LEFT JOIN authors a ON b.author_id = a.id LEFT JOIN books_categories bc ON bc.book_id = b.id LEFT JOIN categories c ON bc.category_id = c.id ORDER BY b.id
17:12:17.509 [main] DEBUG c.e.j.mapper.BookMapper.findAll - ==> Parameters: 
17:12:17.510 [main] DEBUG c.e.j.mapper.BookMapper.findAll - <==      Total: 3
17:12:17.519 [main] DEBUG c.e.j.mapper.BookMapper.insert - ==>  Preparing: INSERT INTO books (title, isbn, author_id, published_year) VALUES (?, ?, ?, ?)
17:12:17.519 [main] DEBUG c.e.j.mapper.BookMapper.insert - ==> Parameters: Effective Java(String), 978-0134685991(String), 5(Long), 2018(Integer)
17:12:17.519 [main] DEBUG c.e.j.mapper.BookMapper.insert - <==    Updates: 1
17:12:17.521 [main] DEBUG c.e.j.m.B.insertBookCategories - ==>  Preparing: INSERT INTO books_categories (book_id, category_id) VALUES (?, ?)
17:12:17.521 [main] DEBUG c.e.j.m.B.insertBookCategories - ==> Parameters: 7(Long), 4(Long)
17:12:17.521 [main] DEBUG c.e.j.m.B.insertBookCategories - <==    Updates: 1
17:12:17.522 [main] DEBUG c.e.j.m.B.deleteCategoriesByBookId - ==>  Preparing: DELETE FROM books_categories bc WHERE bc.book_id = ?
17:12:17.522 [main] DEBUG c.e.j.m.B.deleteCategoriesByBookId - ==> Parameters: 7(Long)
17:12:17.523 [main] DEBUG c.e.j.m.B.deleteCategoriesByBookId - <==    Updates: 1
17:12:17.523 [main] DEBUG c.e.j.m.B.findCategoriesById - ==>  Preparing: SELECT c.* FROM categories c JOIN books_categories bc ON bc.category_id = c.id WHERE bc.book_id = ?
17:12:17.523 [main] DEBUG c.e.j.m.B.findCategoriesById - ==> Parameters: 7(Long)
17:12:17.524 [main] DEBUG c.e.j.m.B.findCategoriesById - <==      Total: 0
17:12:17.531 [main] DEBUG c.e.j.mapper.BookMapper.insert - ==>  Preparing: INSERT INTO books (title, isbn, author_id, published_year) VALUES (?, ?, ?, ?)
17:12:17.531 [main] DEBUG c.e.j.mapper.BookMapper.insert - ==> Parameters: Book With Many Categories(String), null, 6(Long), 2020(Integer)
17:12:17.532 [main] DEBUG c.e.j.mapper.BookMapper.insert - <==    Updates: 1
17:12:17.532 [main] DEBUG c.e.j.m.B.insertBookCategories - ==>  Preparing: INSERT INTO books_categories (book_id, category_id) VALUES (?, ?) , (?, ?) , (?, ?)
17:12:17.533 [main] DEBUG c.e.j.m.B.insertBookCategories - ==> Parameters: 8(Long), 5(Long), 8(Long), 6(Long), 8(Long), 7(Long)
17:12:17.533 [main] DEBUG c.e.j.m.B.insertBookCategories - <==    Updates: 3
17:12:17.533 [main] DEBUG c.e.j.mapper.BookMapper.insert - ==>  Preparing: INSERT INTO books (title, isbn, author_id, published_year) VALUES (?, ?, ?, ?)
17:12:17.534 [main] DEBUG c.e.j.mapper.BookMapper.insert - ==> Parameters: Book Without Categories(String), null, 6(Long), 2021(Integer)
17:12:17.534 [main] DEBUG c.e.j.mapper.BookMapper.insert - <==    Updates: 1
17:12:17.535 [main] DEBUG c.e.j.m.BookMapper.countBySearch - ==>  Preparing: SELECT COUNT(DISTINCT b.id) FROM books b LEFT JOIN authors a ON b.author_id = a.id LEFT JOIN books_categories bc ON bc.book_id = b.id LEFT JOIN categories c ON bc.category_id = c.id
17:12:17.536 [main] DEBUG c.e.j.m.BookMapper.countBySearch - ==> Parameters: 
17:12:17.540 [main] DEBUG c.e.j.m.BookMapper.countBySearch - <==      Total: 1
17:12:17.543 [main] DEBUG c.e.j.m.BookMapper.findIdsBySearch - ==>  Preparing: SELECT DISTINCT b.id FROM books b LEFT JOIN authors a ON b.author_id = a.id LEFT JOIN books_categories bc ON bc.book_id = b.id LEFT JOIN categories c ON bc.category_id = c.id ORDER BY b.id LIMIT ? OFFSET ?
17:12:17.543 [main] DEBUG c.e.j.m.BookMapper.findIdsBySearch - ==> Parameters: 1(Integer), 0(Long)
17:12:17.544 [main] DEBUG c.e.j.m.BookMapper.findIdsBySearch - <==      Total: 1
17:12:17.545 [main] DEBUG c.e.j.mapper.BookMapper.findByIds - ==>  Preparing: SELECT b.id, b.title, b.isbn, b.published_year, a.name AS author_name, c.id AS category_id, c.name AS category_name FROM books b LEFT JOIN authors a ON b.author_id = a.id LEFT JOIN books_categories bc ON bc.book_id = b.id LEFT JOIN categories c ON bc.category_id = c.id WHERE b.id IN ( ? ) ORDER BY b.id
17:12:17.545 [main] DEBUG c.e.j.mapper.BookMapper.findByIds - ==> Parameters: 8(Long)
17:12:17.546 [main] DEBUG c.e.j.mapper.BookMapper.findByIds - <==      Total: 3
17:12:17.547 [main] DEBUG c.e.j.m.BookMapper.findIdsBySearch - ==>  Preparing: SELECT DISTINCT b.id FROM books b LEFT JOIN authors a ON b.author_id = a.id LEFT JOIN books_categories bc ON bc.book_id = b.id LEFT JOIN categories c ON bc.category_id = c.id ORDER BY b.id LIMIT ? OFFSET ?
17:12:17.548 [main] DEBUG c.e.j.m.BookMapper.findIdsBySearch - ==> Parameters: 1(Integer), 1(Long)
17:12:17.548 [main] DEBUG c.e.j.m.BookMapper.findIdsBySearch - <==      Total: 1
17:12:17.555 [main] DEBUG c.e.j.mapper.BookMapper.insert - ==>  Preparing: INSERT INTO books (title, isbn, author_id, published_year) VALUES (?, ?, ?, ?)
17:12:17.555 [main] DEBUG c.e.j.mapper.BookMapper.insert - ==> Parameters: Effective Java(String), 978-0134685991(String), 7(Long), 2018(Integer)
17:12:17.555 [main] DEBUG c.e.j.mapper.BookMapper.insert - <==    Updates: 1
17:12:17.556 [main] DEBUG c.e.j.mapper.BookMapper.insert - ==>  Preparing: INSERT INTO books (title, isbn, author_id, published_year) VALUES (?, ?, ?, ?)
17:12:17.556 [main] DEBUG c.e.j.mapper.BookMapper.insert - ==> Parameters: Clean Code(String), 9780132350884(String), 8(Long), 2008(Integer)
17:12:17.557 [main] DEBUG c.e.j.mapper.BookMapper.insert - <==    Updates: 1
17:12:17.558 [main] DEBUG c.e.j.mapper.BookMapper.search - ==>  Preparing: SELECT b.id, b.title, b.isbn, b.published_year, a.name AS author_name, c.id AS category_id, c.name AS category_name FROM books b LEFT JOIN authors a ON b.author_id = a.id LEFT JOIN books_categories bc ON bc.book_id = b.id LEFT JOIN categories c ON bc.category_id = c.id WHERE (b.title ILIKE CONCAT('%', ?, '%') OR a.name ILIKE CONCAT('%', ?, '%') OR c.name ILIKE CONCAT('%', ?, '%')) ORDER BY b.id
17:12:17.558 [main] DEBUG c.e.j.mapper.BookMapper.search - ==> Parameters: Bloch(String), Bloch(String), Bloch(String)
17:12:17.559 [main] DEBUG c.e.j.mapper.BookMapper.search - <==      Total: 1
17:12:17.564 [main] DEBUG c.e.j.mapper.BookMapper.insert - ==>  Preparing: INSERT INTO books (title, isbn, author_id, published_year) VALUES (?, ?, ?, ?)
17:12:17.564 [main] DEBUG c.e.j.mapper.BookMapper.insert - ==> Parameters: Effective Java(String), 978-0134685991(String), 9(Long), 2018(Integer)
17:12:17.564 [main] DEBUG c.e.j.mapper.BookMapper.insert - <==    Updates: 1
17:12:17.565 [main] DEBUG c.e.j.mapper.BookMapper.insert - ==>  Preparing: INSERT INTO books (title, isbn, author_id, published_year) VALUES (?, ?, ?, ?)
17:12:17.565 [main] DEBUG c.e.j.mapper.BookMapper.insert - ==> Parameters: Unrelated Book(String), 9999999999999(String), 9(Long), 2000(Integer)
17:12:17.565 [main] DEBUG c.e.j.mapper.BookMapper.insert - <==    Updates: 1
17:12:17.566 [main] DEBUG c.e.j.mapper.BookMapper.search - ==>  Preparing: SELECT b.id, b.title, b.isbn, b.published_year, a.name AS author_name, c.id AS category_id, c.name AS category_name FROM books b LEFT JOIN authors a ON b.author_id = a.id LEFT JOIN books_categories bc ON bc.book_id = b.id LEFT JOIN categories c ON bc.category_id = c.id ORDER BY b.id
17:12:17.566 [main] DEBUG c.e.j.mapper.BookMapper.search - ==> Parameters: 
17:12:17.567 [main] DEBUG c.e.j.mapper.BookMapper.search - <==      Total: 2
17:12:17.572 [main] DEBUG c.e.j.mapper.BookMapper.insert - ==>  Preparing: INSERT INTO books (title, isbn, author_id, published_year) VALUES (?, ?, ?, ?)
17:12:17.572 [main] DEBUG c.e.j.mapper.BookMapper.insert - ==> Parameters: Effective Java(String), 978-0134685991(String), 10(Long), 2018(Integer)
17:12:17.573 [main] DEBUG c.e.j.mapper.BookMapper.insert - <==    Updates: 1
17:12:17.573 [main] DEBUG c.e.j.m.B.insertBookCategories - ==>  Preparing: INSERT INTO books_categories (book_id, category_id) VALUES (?, ?)
17:12:17.573 [main] DEBUG c.e.j.m.B.insertBookCategories - ==> Parameters: 14(Long), 8(Long)
17:12:17.574 [main] DEBUG c.e.j.m.B.insertBookCategories - <==    Updates: 1
17:12:17.574 [main] DEBUG c.e.j.m.B.findCategoriesById - ==>  Preparing: SELECT c.* FROM categories c JOIN books_categories bc ON bc.category_id = c.id WHERE bc.book_id = ?
17:12:17.574 [main] DEBUG c.e.j.m.B.findCategoriesById - ==> Parameters: 14(Long)
17:12:17.574 [main] DEBUG c.e.j.m.B.findCategoriesById - <==      Total: 1
17:12:17.578 [main] DEBUG c.e.j.mapper.BookMapper.insert - ==>  Preparing: INSERT INTO books (title, isbn, author_id, published_year) VALUES (?, ?, ?, ?)
17:12:17.578 [main] DEBUG c.e.j.mapper.BookMapper.insert - ==> Parameters: Effective Java(String), 978-0134685991(String), 11(Long), 2018(Integer)
17:12:17.578 [main] DEBUG c.e.j.mapper.BookMapper.insert - <==    Updates: 1
17:12:17.579 [main] DEBUG c.e.j.mapper.BookMapper.insert - ==>  Preparing: INSERT INTO books (title, isbn, author_id, published_year) VALUES (?, ?, ?, ?)
17:12:17.579 [main] DEBUG c.e.j.mapper.BookMapper.insert - ==> Parameters: Effective Java(String), 978-0134685991(String), 11(Long), 2018(Integer)
17:12:17.579 [main] DEBUG c.e.j.mapper.BookMapper.insert - <==    Updates: 1
17:12:17.580 [main] DEBUG c.e.j.m.BookMapper.findByAuthorId - ==>  Preparing: SELECT * FROM books b WHERE b.author_id = ?
17:12:17.580 [main] DEBUG c.e.j.m.BookMapper.findByAuthorId - ==> Parameters: 11(Long)
17:12:17.581 [main] DEBUG c.e.j.m.BookMapper.findByAuthorId - <==      Total: 2
17:12:36.955 [main] DEBUG c.e.j.mapper.CategoryMapper.insert - ==>  Preparing: INSERT INTO categories (name) VALUES (?)
17:12:36.968 [main] DEBUG c.e.j.mapper.CategoryMapper.insert - ==> Parameters: Programming(String)
17:12:36.969 [main] DEBUG c.e.j.mapper.CategoryMapper.insert - <==    Updates: 1
17:12:36.972 [main] DEBUG c.e.j.mapper.CategoryMapper.insert - ==>  Preparing: INSERT INTO categories (name) VALUES (?)
17:12:36.972 [main] DEBUG c.e.j.mapper.CategoryMapper.insert - ==> Parameters: Architecture(String)
17:12:36.972 [main] DEBUG c.e.j.mapper.CategoryMapper.insert - <==    Updates: 1
17:12:36.973 [main] DEBUG c.e.j.mapper.CategoryMapper.insert - ==>  Preparing: INSERT INTO categories (name) VALUES (?)
17:12:36.973 [main] DEBUG c.e.j.mapper.CategoryMapper.insert - ==> Parameters: Best Practice(String)
17:12:36.973 [main] DEBUG c.e.j.mapper.CategoryMapper.insert - <==    Updates: 1
17:12:36.974 [main] DEBUG c.e.j.mapper.BookMapper.insert - ==>  Preparing: INSERT INTO books (title, isbn, author_id, published_year) VALUES (?, ?, ?, ?)
17:12:36.978 [main] DEBUG c.e.j.mapper.BookMapper.insert - ==> Parameters: Effective Java(String), 9780134685991(String), 1(Long), 2018(Integer)
17:12:36.980 [main] DEBUG c.e.j.mapper.BookMapper.insert - <==    Updates: 1
17:12:36.991 [main] DEBUG c.e.j.m.B.deleteCategoriesByBookId - ==>  Preparing: DELETE FROM books_categories bc WHERE bc.book_id = ?
17:12:36.992 [main] DEBUG c.e.j.m.B.deleteCategoriesByBookId - ==> Parameters: 1(Long)
17:12:36.993 [main] DEBUG c.e.j.m.B.deleteCategoriesByBookId - <==    Updates: 0
17:12:37.007 [main] DEBUG c.e.j.m.B.insertBookCategories - ==>  Preparing: INSERT INTO books_categories (book_id, category_id) VALUES (?, ?) , (?, ?)
17:12:37.008 [main] DEBUG c.e.j.m.B.insertBookCategories - ==> Parameters: 1(Long), 1(Long), 1(Long), 3(Long)
17:12:37.008 [main] DEBUG c.e.j.m.B.insertBookCategories - <==    Updates: 2
17:12:37.010 [main] DEBUG c.e.j.mapper.BookMapper.insert - ==>  Preparing: INSERT INTO books (title, isbn, author_id, published_year) VALUES (?, ?, ?, ?)
17:12:37.010 [main] DEBUG c.e.j.mapper.BookMapper.insert - ==> Parameters: Clean Code(String), 9780132350884(String), 2(Long), 2008(Integer)
17:12:37.010 [main] DEBUG c.e.j.mapper.BookMapper.insert - <==    Updates: 1
17:12:37.011 [main] DEBUG c.e.j.m.B.deleteCategoriesByBookId - ==>  Preparing: DELETE FROM books_categories bc WHERE bc.book_id = ?
17:12:37.012 [main] DEBUG c.e.j.m.B.deleteCategoriesByBookId - ==> Parameters: 2(Long)
17:12:37.012 [main] DEBUG c.e.j.m.B.deleteCategoriesByBookId - <==    Updates: 0
17:12:37.012 [main] DEBUG c.e.j.m.B.insertBookCategories - ==>  Preparing: INSERT INTO books_categories (book_id, category_id) VALUES (?, ?)
17:12:37.013 [main] DEBUG c.e.j.m.B.insertBookCategories - ==> Parameters: 2(Long), 3(Long)
17:12:37.013 [main] DEBUG c.e.j.m.B.insertBookCategories - <==    Updates: 1
17:12:37.014 [main] DEBUG c.e.j.mapper.BookMapper.insert - ==>  Preparing: INSERT INTO books (title, isbn, author_id, published_year) VALUES (?, ?, ?, ?)
17:12:37.014 [main] DEBUG c.e.j.mapper.BookMapper.insert - ==> Parameters: Domain-Driven Design(String), 9780321125217(String), 3(Long), 2003(Integer)
17:12:37.014 [main] DEBUG c.e.j.mapper.BookMapper.insert - <==    Updates: 1
17:12:37.015 [main] DEBUG c.e.j.m.B.deleteCategoriesByBookId - ==>  Preparing: DELETE FROM books_categories bc WHERE bc.book_id = ?
17:12:37.015 [main] DEBUG c.e.j.m.B.deleteCategoriesByBookId - ==> Parameters: 3(Long)
17:12:37.015 [main] DEBUG c.e.j.m.B.deleteCategoriesByBookId - <==    Updates: 0
17:12:37.016 [main] DEBUG c.e.j.m.B.insertBookCategories - ==>  Preparing: INSERT INTO books_categories (book_id, category_id) VALUES (?, ?)
17:12:37.016 [main] DEBUG c.e.j.m.B.insertBookCategories - ==> Parameters: 3(Long), 2(Long)
17:12:37.016 [main] DEBUG c.e.j.m.B.insertBookCategories - <==    Updates: 1
17:12:37.017 [main] DEBUG c.e.j.mapper.BookMapper.insert - ==>  Preparing: INSERT INTO books (title, isbn, author_id, published_year) VALUES (?, ?, ?, ?)
17:12:37.017 [main] DEBUG c.e.j.mapper.BookMapper.insert - ==> Parameters: Clean Architecture(String), 9780134494166(String), 2(Long), 2017(Integer)
17:12:37.018 [main] DEBUG c.e.j.mapper.BookMapper.insert - <==    Updates: 1
17:12:37.018 [main] DEBUG c.e.j.m.B.deleteCategoriesByBookId - ==>  Preparing: DELETE FROM books_categories bc WHERE bc.book_id = ?
17:12:37.019 [main] DEBUG c.e.j.m.B.deleteCategoriesByBookId - ==> Parameters: 4(Long)
17:12:37.019 [main] DEBUG c.e.j.m.B.deleteCategoriesByBookId - <==    Updates: 0
17:12:37.020 [main] DEBUG c.e.j.m.B.insertBookCategories - ==>  Preparing: INSERT INTO books_categories (book_id, category_id) VALUES (?, ?) , (?, ?)
17:12:37.020 [main] DEBUG c.e.j.m.B.insertBookCategories - ==> Parameters: 4(Long), 2(Long), 4(Long), 3(Long)
17:12:37.020 [main] DEBUG c.e.j.m.B.insertBookCategories - <==    Updates: 2
17:12:37.021 [main] DEBUG c.e.j.mapper.BookMapper.insert - ==>  Preparing: INSERT INTO books (title, isbn, author_id, published_year) VALUES (?, ?, ?, ?)
17:12:37.021 [main] DEBUG c.e.j.mapper.BookMapper.insert - ==> Parameters: Java Concurrency in Practice(String), 9780321349606(String), 1(Long), 2006(Integer)
17:12:37.021 [main] DEBUG c.e.j.mapper.BookMapper.insert - <==    Updates: 1
17:12:37.022 [main] DEBUG c.e.j.m.B.deleteCategoriesByBookId - ==>  Preparing: DELETE FROM books_categories bc WHERE bc.book_id = ?
17:12:37.022 [main] DEBUG c.e.j.m.B.deleteCategoriesByBookId - ==> Parameters: 5(Long)
17:12:37.022 [main] DEBUG c.e.j.m.B.deleteCategoriesByBookId - <==    Updates: 0
17:12:37.023 [main] DEBUG c.e.j.m.B.insertBookCategories - ==>  Preparing: INSERT INTO books_categories (book_id, category_id) VALUES (?, ?)
17:12:37.023 [main] DEBUG c.e.j.m.B.insertBookCategories - ==> Parameters: 5(Long), 1(Long)
17:12:37.023 [main] DEBUG c.e.j.m.B.insertBookCategories - <==    Updates: 1
17:12:37.025 [main] DEBUG c.e.j.mapper.UserMapper.findByEmail - ==>  Preparing: SELECT * FROM users u WHERE u.email = ?
17:12:37.026 [main] DEBUG c.e.j.mapper.UserMapper.findByEmail - ==> Parameters: user@example.com(String)
17:12:37.034 [main] DEBUG c.e.j.mapper.UserMapper.findByEmail - <==      Total: 0
17:12:37.098 [main] DEBUG c.e.j.mapper.UserMapper.insert - ==>  Preparing: INSERT INTO users (email, name, password_hash, role) VALUES (?, ?, ?, ?)
17:12:37.099 [main] DEBUG c.e.j.mapper.UserMapper.insert - ==> Parameters: user@example.com(String), 測試使用者(String), $2a$10$Y1uMou42DDS0A4xP3TR5L.kvJ1qCyM75LGYUXXHj/kYRUZAHpWXDi(String), USER(String)
17:12:37.100 [main] DEBUG c.e.j.mapper.UserMapper.insert - <==    Updates: 1
17:12:37.101 [main] INFO  c.e.j.service.AuthServiceImpl - 新使用者註冊：userId=1, email=user@example.com
17:12:37.161 [main] DEBUG c.e.j.mapper.UserMapper.insert - ==>  Preparing: INSERT INTO users (email, name, password_hash, role) VALUES (?, ?, ?, ?)
17:12:37.162 [main] DEBUG c.e.j.mapper.UserMapper.insert - ==> Parameters: admin@example.com(String), 管理員(String), $2a$10$1hxxrxsxvq9YfdoXDtJUEeDB/GXpYo/aP1TU4YZE752sc1bztYdGC(String), ADMIN(String)
17:12:37.163 [main] DEBUG c.e.j.mapper.UserMapper.insert - <==    Updates: 1
17:12:37.221 [main] DEBUG c.e.j.mapper.UserMapper.insert - ==>  Preparing: INSERT INTO users (email, name, password_hash, role) VALUES (?, ?, ?, ?)
17:12:37.222 [main] DEBUG c.e.j.mapper.UserMapper.insert - ==> Parameters: procurement@example.com(String), 採購人員(String), $2a$10$aXcyMVPog297MZjFdsCM0ec9NruZevxs/iRNJyIv4SpXcMeTRgcJO(String), PROCUREMENT(String)
17:12:37.222 [main] DEBUG c.e.j.mapper.UserMapper.insert - <==    Updates: 1
17:12:37.225 [main] DEBUG c.e.j.m.BookRequestMapper.insert - ==>  Preparing: INSERT INTO book_requests (requester_id, status, requested_at) VALUES (?, ?, ?)
17:12:37.227 [main] DEBUG c.e.j.m.BookRequestMapper.insert - ==> Parameters: 1(Long), PENDING(String), 2026-09-09T17:12:37.225212600(LocalDateTime)
17:12:37.227 [main] DEBUG c.e.j.m.BookRequestMapper.insert - <==    Updates: 1
17:12:37.227 [main] DEBUG c.e.j.m.BookRequestItemMapper.insert - ==>  Preparing: INSERT INTO book_request_items (book_request_id, title, isbn, author_id, published_year, estimated_price) VALUES (?, ?, ?, ?, ?, ?)
17:12:37.228 [main] DEBUG c.e.j.m.BookRequestItemMapper.insert - ==> Parameters: 1(Long), Refactoring(String), null, null, null, null
17:12:37.228 [main] DEBUG c.e.j.m.BookRequestItemMapper.insert - <==    Updates: 1
17:12:37.228 [main] INFO  c.e.j.service.BookRequestServiceImpl - 送出申請：requestId=1, requesterId=1, 書籍數=1
17:12:37.230 [main] DEBUG c.e.j.m.BookRequestMapper.insert - ==>  Preparing: INSERT INTO book_requests (requester_id, status, requested_at) VALUES (?, ?, ?)
17:12:37.230 [main] DEBUG c.e.j.m.BookRequestMapper.insert - ==> Parameters: 1(Long), PENDING(String), 2026-09-09T17:12:37.229209100(LocalDateTime)
17:12:37.230 [main] DEBUG c.e.j.m.BookRequestMapper.insert - <==    Updates: 1
17:12:37.230 [main] DEBUG c.e.j.m.BookRequestItemMapper.insert - ==>  Preparing: INSERT INTO book_request_items (book_request_id, title, isbn, author_id, published_year, estimated_price) VALUES (?, ?, ?, ?, ?, ?)
17:12:37.232 [main] DEBUG c.e.j.m.BookRequestItemMapper.insert - ==> Parameters: 2(Long), The Pragmatic Programmer(String), 9780135957059(String), null, 2019(Integer), 850(BigDecimal)
17:12:37.232 [main] DEBUG c.e.j.m.BookRequestItemMapper.insert - <==    Updates: 1
17:12:37.232 [main] DEBUG c.e.j.m.BookRequestItemMapper.insert - ==>  Preparing: INSERT INTO book_request_items (book_request_id, title, isbn, author_id, published_year, estimated_price) VALUES (?, ?, ?, ?, ?, ?)
17:12:37.233 [main] DEBUG c.e.j.m.BookRequestItemMapper.insert - ==> Parameters: 2(Long), Head First Design Patterns(String), null, null, null, null
17:12:37.233 [main] DEBUG c.e.j.m.BookRequestItemMapper.insert - <==    Updates: 1
17:12:37.233 [main] INFO  c.e.j.service.BookRequestServiceImpl - 送出申請：requestId=2, requesterId=1, 書籍數=2
17:12:37.234 [main] DEBUG c.e.j.m.BookRequestMapper.insert - ==>  Preparing: INSERT INTO book_requests (requester_id, status, requested_at) VALUES (?, ?, ?)
17:12:37.235 [main] DEBUG c.e.j.m.BookRequestMapper.insert - ==> Parameters: 1(Long), PENDING(String), 2026-09-09T17:12:37.234210800(LocalDateTime)
17:12:37.235 [main] DEBUG c.e.j.m.BookRequestMapper.insert - <==    Updates: 1
17:12:37.235 [main] DEBUG c.e.j.m.BookRequestItemMapper.insert - ==>  Preparing: INSERT INTO book_request_items (book_request_id, title, isbn, author_id, published_year, estimated_price) VALUES (?, ?, ?, ?, ?, ?)
17:12:37.236 [main] DEBUG c.e.j.m.BookRequestItemMapper.insert - ==> Parameters: 3(Long), Test-Driven Development(String), 9780321146533(String), null, 2002(Integer), null
17:12:37.236 [main] DEBUG c.e.j.m.BookRequestItemMapper.insert - <==    Updates: 1
17:12:37.236 [main] INFO  c.e.j.service.BookRequestServiceImpl - 送出申請：requestId=3, requesterId=1, 書籍數=1
17:12:37.237 [main] DEBUG c.e.j.m.BookRequestMapper.insert - ==>  Preparing: INSERT INTO book_requests (requester_id, status, requested_at) VALUES (?, ?, ?)
17:12:37.237 [main] DEBUG c.e.j.m.BookRequestMapper.insert - ==> Parameters: 1(Long), PENDING(String), 2026-09-09T17:12:37.236210200(LocalDateTime)
17:12:37.237 [main] DEBUG c.e.j.m.BookRequestMapper.insert - <==    Updates: 1
17:12:37.237 [main] DEBUG c.e.j.m.BookRequestItemMapper.insert - ==>  Preparing: INSERT INTO book_request_items (book_request_id, title, isbn, author_id, published_year, estimated_price) VALUES (?, ?, ?, ?, ?, ?)
17:12:37.237 [main] DEBUG c.e.j.m.BookRequestItemMapper.insert - ==> Parameters: 4(Long), Working Effectively with Legacy Code(String), null, null, null, null
17:12:37.238 [main] DEBUG c.e.j.m.BookRequestItemMapper.insert - <==    Updates: 1
17:12:37.238 [main] INFO  c.e.j.service.BookRequestServiceImpl - 送出申請：requestId=4, requesterId=1, 書籍數=1
17:12:37.238 [main] DEBUG c.e.j.m.BookRequestMapper.insert - ==>  Preparing: INSERT INTO book_requests (requester_id, status, requested_at) VALUES (?, ?, ?)
17:12:37.238 [main] DEBUG c.e.j.m.BookRequestMapper.insert - ==> Parameters: 1(Long), PENDING(String), 2026-09-09T17:12:37.238211100(LocalDateTime)
17:12:37.239 [main] DEBUG c.e.j.m.BookRequestMapper.insert - <==    Updates: 1
17:12:37.239 [main] DEBUG c.e.j.m.BookRequestItemMapper.insert - ==>  Preparing: INSERT INTO book_request_items (book_request_id, title, isbn, author_id, published_year, estimated_price) VALUES (?, ?, ?, ?, ?, ?)
17:12:37.239 [main] DEBUG c.e.j.m.BookRequestItemMapper.insert - ==> Parameters: 5(Long), Continuous Delivery(String), null, null, null, null
17:12:37.239 [main] DEBUG c.e.j.m.BookRequestItemMapper.insert - <==    Updates: 1
17:12:37.239 [main] INFO  c.e.j.service.BookRequestServiceImpl - 送出申請：requestId=5, requesterId=1, 書籍數=1
17:12:37.240 [main] DEBUG c.e.j.m.BookRequestMapper.insert - ==>  Preparing: INSERT INTO book_requests (requester_id, status, requested_at) VALUES (?, ?, ?)
17:12:37.240 [main] DEBUG c.e.j.m.BookRequestMapper.insert - ==> Parameters: 1(Long), PENDING(String), 2026-09-09T17:12:37.240216100(LocalDateTime)
17:12:37.240 [main] DEBUG c.e.j.m.BookRequestMapper.insert - <==    Updates: 1
17:12:37.241 [main] DEBUG c.e.j.m.BookRequestItemMapper.insert - ==>  Preparing: INSERT INTO book_request_items (book_request_id, title, isbn, author_id, published_year, estimated_price) VALUES (?, ?, ?, ?, ?, ?)
17:12:37.241 [main] DEBUG c.e.j.m.BookRequestItemMapper.insert - ==> Parameters: 6(Long), Site Reliability Engineering(String), null, null, 2016(Integer), 1200(BigDecimal)
17:12:37.241 [main] DEBUG c.e.j.m.BookRequestItemMapper.insert - <==    Updates: 1
17:12:37.241 [main] INFO  c.e.j.service.BookRequestServiceImpl - 送出申請：requestId=6, requesterId=1, 書籍數=1
17:12:37.242 [main] DEBUG c.e.j.m.BookRequestMapper.approve - ==>  Preparing: UPDATE book_requests SET status = 'APPROVED', approver_id = ?, approved_at = ? WHERE id = ? AND status = 'PENDING' AND requester_id != ?
17:12:37.244 [main] DEBUG c.e.j.m.BookRequestMapper.approve - ==> Parameters: 2(Long), 2026-09-09T17:12:37.242226500(LocalDateTime), 6(Long), 2(Long)
17:12:37.244 [main] DEBUG c.e.j.m.BookRequestMapper.approve - <==    Updates: 1
17:12:37.244 [main] DEBUG c.e.j.m.BookRequestMapper.findById - ==>  Preparing: SELECT * FROM book_requests WHERE id = ?
17:12:37.244 [main] DEBUG c.e.j.m.BookRequestMapper.findById - ==> Parameters: 6(Long)
17:12:37.247 [main] DEBUG c.e.j.m.BookRequestMapper.findById - <==      Total: 1
17:12:37.248 [main] DEBUG c.e.j.m.B.findByBookRequestId - ==>  Preparing: SELECT * FROM book_request_items WHERE book_request_id = ?
17:12:37.248 [main] DEBUG c.e.j.m.B.findByBookRequestId - ==> Parameters: 6(Long)
17:12:37.250 [main] DEBUG c.e.j.m.B.findByBookRequestId - <==      Total: 1
17:12:37.251 [main] DEBUG c.e.j.m.ProcurementItemMapper.insert - ==>  Preparing: INSERT INTO procurement_items (book_request_item_id, status) VALUES (?, ?)
17:12:37.252 [main] DEBUG c.e.j.m.ProcurementItemMapper.insert - ==> Parameters: 7(Long), PENDING(String)
17:12:37.252 [main] DEBUG c.e.j.m.ProcurementItemMapper.insert - <==    Updates: 1
17:12:37.253 [main] INFO  c.e.j.service.BookRequestServiceImpl - 申請已核准：requestId=6, approverId=2
17:12:37.253 [main] DEBUG c.e.j.m.BookRequestMapper.insert - ==>  Preparing: INSERT INTO book_requests (requester_id, status, requested_at) VALUES (?, ?, ?)
17:12:37.253 [main] DEBUG c.e.j.m.BookRequestMapper.insert - ==> Parameters: 1(Long), PENDING(String), 2026-09-09T17:12:37.253730800(LocalDateTime)
17:12:37.254 [main] DEBUG c.e.j.m.BookRequestMapper.insert - <==    Updates: 1
17:12:37.256 [main] DEBUG c.e.j.m.BookRequestItemMapper.insert - ==>  Preparing: INSERT INTO book_request_items (book_request_id, title, isbn, author_id, published_year, estimated_price) VALUES (?, ?, ?, ?, ?, ?)
17:12:37.257 [main] DEBUG c.e.j.m.BookRequestItemMapper.insert - ==> Parameters: 7(Long), Database Internals(String), null, null, null, null
17:12:37.257 [main] DEBUG c.e.j.m.BookRequestItemMapper.insert - <==    Updates: 1
17:12:37.257 [main] DEBUG c.e.j.m.BookRequestItemMapper.insert - ==>  Preparing: INSERT INTO book_request_items (book_request_id, title, isbn, author_id, published_year, estimated_price) VALUES (?, ?, ?, ?, ?, ?)
17:12:37.258 [main] DEBUG c.e.j.m.BookRequestItemMapper.insert - ==> Parameters: 7(Long), Designing Data-Intensive Applications(String), 9781449373320(String), null, 2017(Integer), 1500(BigDecimal)
17:12:37.258 [main] DEBUG c.e.j.m.BookRequestItemMapper.insert - <==    Updates: 1
17:12:37.258 [main] INFO  c.e.j.service.BookRequestServiceImpl - 送出申請：requestId=7, requesterId=1, 書籍數=2
17:12:37.259 [main] DEBUG c.e.j.m.BookRequestMapper.approve - ==>  Preparing: UPDATE book_requests SET status = 'APPROVED', approver_id = ?, approved_at = ? WHERE id = ? AND status = 'PENDING' AND requester_id != ?
17:12:37.259 [main] DEBUG c.e.j.m.BookRequestMapper.approve - ==> Parameters: 2(Long), 2026-09-09T17:12:37.258827200(LocalDateTime), 7(Long), 2(Long)
17:12:37.259 [main] DEBUG c.e.j.m.BookRequestMapper.approve - <==    Updates: 1
17:12:37.259 [main] DEBUG c.e.j.m.BookRequestMapper.findById - ==>  Preparing: SELECT * FROM book_requests WHERE id = ?
17:12:37.260 [main] DEBUG c.e.j.m.BookRequestMapper.findById - ==> Parameters: 7(Long)
17:12:37.260 [main] DEBUG c.e.j.m.BookRequestMapper.findById - <==      Total: 1
17:12:37.260 [main] DEBUG c.e.j.m.B.findByBookRequestId - ==>  Preparing: SELECT * FROM book_request_items WHERE book_request_id = ?
17:12:37.260 [main] DEBUG c.e.j.m.B.findByBookRequestId - ==> Parameters: 7(Long)
17:12:37.261 [main] DEBUG c.e.j.m.B.findByBookRequestId - <==      Total: 2
17:12:37.261 [main] DEBUG c.e.j.m.ProcurementItemMapper.insert - ==>  Preparing: INSERT INTO procurement_items (book_request_item_id, status) VALUES (?, ?)
17:12:37.261 [main] DEBUG c.e.j.m.ProcurementItemMapper.insert - ==> Parameters: 8(Long), PENDING(String)
17:12:37.261 [main] DEBUG c.e.j.m.ProcurementItemMapper.insert - <==    Updates: 1
17:12:37.261 [main] DEBUG c.e.j.m.ProcurementItemMapper.insert - ==>  Preparing: INSERT INTO procurement_items (book_request_item_id, status) VALUES (?, ?)
17:12:37.262 [main] DEBUG c.e.j.m.ProcurementItemMapper.insert - ==> Parameters: 9(Long), PENDING(String)
17:12:37.262 [main] DEBUG c.e.j.m.ProcurementItemMapper.insert - <==    Updates: 1
17:12:37.262 [main] INFO  c.e.j.service.BookRequestServiceImpl - 申請已核准：requestId=7, approverId=2
17:12:37.263 [main] DEBUG c.e.j.m.BookRequestMapper.insert - ==>  Preparing: INSERT INTO book_requests (requester_id, status, requested_at) VALUES (?, ?, ?)
17:12:37.263 [main] DEBUG c.e.j.m.BookRequestMapper.insert - ==> Parameters: 1(Long), PENDING(String), 2026-09-09T17:12:37.262826100(LocalDateTime)
17:12:37.263 [main] DEBUG c.e.j.m.BookRequestMapper.insert - <==    Updates: 1
17:12:37.263 [main] DEBUG c.e.j.m.BookRequestItemMapper.insert - ==>  Preparing: INSERT INTO book_request_items (book_request_id, title, isbn, author_id, published_year, estimated_price) VALUES (?, ?, ?, ?, ?, ?)
17:12:37.263 [main] DEBUG c.e.j.m.BookRequestItemMapper.insert - ==> Parameters: 8(Long), The Clean Coder(String), null, null, null, null
17:12:37.263 [main] DEBUG c.e.j.m.BookRequestItemMapper.insert - <==    Updates: 1
17:12:37.264 [main] INFO  c.e.j.service.BookRequestServiceImpl - 送出申請：requestId=8, requesterId=1, 書籍數=1
17:12:37.264 [main] DEBUG c.e.j.m.BookRequestMapper.approve - ==>  Preparing: UPDATE book_requests SET status = 'APPROVED', approver_id = ?, approved_at = ? WHERE id = ? AND status = 'PENDING' AND requester_id != ?
17:12:37.264 [main] DEBUG c.e.j.m.BookRequestMapper.approve - ==> Parameters: 2(Long), 2026-09-09T17:12:37.264825400(LocalDateTime), 8(Long), 2(Long)
17:12:37.265 [main] DEBUG c.e.j.m.BookRequestMapper.approve - <==    Updates: 1
17:12:37.265 [main] DEBUG c.e.j.m.BookRequestMapper.findById - ==>  Preparing: SELECT * FROM book_requests WHERE id = ?
17:12:37.265 [main] DEBUG c.e.j.m.BookRequestMapper.findById - ==> Parameters: 8(Long)
17:12:37.266 [main] DEBUG c.e.j.m.BookRequestMapper.findById - <==      Total: 1
17:12:37.266 [main] DEBUG c.e.j.m.B.findByBookRequestId - ==>  Preparing: SELECT * FROM book_request_items WHERE book_request_id = ?
17:12:37.266 [main] DEBUG c.e.j.m.B.findByBookRequestId - ==> Parameters: 8(Long)
17:12:37.268 [main] DEBUG c.e.j.m.B.findByBookRequestId - <==      Total: 1
17:12:37.268 [main] DEBUG c.e.j.m.ProcurementItemMapper.insert - ==>  Preparing: INSERT INTO procurement_items (book_request_item_id, status) VALUES (?, ?)
17:12:37.269 [main] DEBUG c.e.j.m.ProcurementItemMapper.insert - ==> Parameters: 10(Long), PENDING(String)
17:12:37.269 [main] DEBUG c.e.j.m.ProcurementItemMapper.insert - <==    Updates: 1
17:12:37.269 [main] INFO  c.e.j.service.BookRequestServiceImpl - 申請已核准：requestId=8, approverId=2
17:12:37.270 [main] DEBUG c.e.j.m.BookRequestMapper.insert - ==>  Preparing: INSERT INTO book_requests (requester_id, status, requested_at) VALUES (?, ?, ?)
17:12:37.270 [main] DEBUG c.e.j.m.BookRequestMapper.insert - ==> Parameters: 1(Long), PENDING(String), 2026-09-09T17:12:37.270310300(LocalDateTime)
17:12:37.270 [main] DEBUG c.e.j.m.BookRequestMapper.insert - <==    Updates: 1
17:12:37.270 [main] DEBUG c.e.j.m.BookRequestItemMapper.insert - ==>  Preparing: INSERT INTO book_request_items (book_request_id, title, isbn, author_id, published_year, estimated_price) VALUES (?, ?, ?, ?, ?, ?)
17:12:37.271 [main] DEBUG c.e.j.m.BookRequestItemMapper.insert - ==> Parameters: 9(Long), Release It!(String), null, null, null, null
17:12:37.271 [main] DEBUG c.e.j.m.BookRequestItemMapper.insert - <==    Updates: 1
17:12:37.271 [main] INFO  c.e.j.service.BookRequestServiceImpl - 送出申請：requestId=9, requesterId=1, 書籍數=1
17:12:37.271 [main] DEBUG c.e.j.m.BookRequestMapper.approve - ==>  Preparing: UPDATE book_requests SET status = 'APPROVED', approver_id = ?, approved_at = ? WHERE id = ? AND status = 'PENDING' AND requester_id != ?
17:12:37.272 [main] DEBUG c.e.j.m.BookRequestMapper.approve - ==> Parameters: 2(Long), 2026-09-09T17:12:37.271294200(LocalDateTime), 9(Long), 2(Long)
17:12:37.273 [main] DEBUG c.e.j.m.BookRequestMapper.approve - <==    Updates: 1
17:12:37.273 [main] DEBUG c.e.j.m.BookRequestMapper.findById - ==>  Preparing: SELECT * FROM book_requests WHERE id = ?
17:12:37.273 [main] DEBUG c.e.j.m.BookRequestMapper.findById - ==> Parameters: 9(Long)
17:12:37.273 [main] DEBUG c.e.j.m.BookRequestMapper.findById - <==      Total: 1
17:12:37.273 [main] DEBUG c.e.j.m.B.findByBookRequestId - ==>  Preparing: SELECT * FROM book_request_items WHERE book_request_id = ?
17:12:37.274 [main] DEBUG c.e.j.m.B.findByBookRequestId - ==> Parameters: 9(Long)
17:12:37.274 [main] DEBUG c.e.j.m.B.findByBookRequestId - <==      Total: 1
17:12:37.274 [main] DEBUG c.e.j.m.ProcurementItemMapper.insert - ==>  Preparing: INSERT INTO procurement_items (book_request_item_id, status) VALUES (?, ?)
17:12:37.274 [main] DEBUG c.e.j.m.ProcurementItemMapper.insert - ==> Parameters: 11(Long), PENDING(String)
17:12:37.274 [main] DEBUG c.e.j.m.ProcurementItemMapper.insert - <==    Updates: 1
17:12:37.274 [main] INFO  c.e.j.service.BookRequestServiceImpl - 申請已核准：requestId=9, approverId=2
17:12:37.275 [main] DEBUG c.e.j.m.BookRequestMapper.insert - ==>  Preparing: INSERT INTO book_requests (requester_id, status, requested_at) VALUES (?, ?, ?)
17:12:37.275 [main] DEBUG c.e.j.m.BookRequestMapper.insert - ==> Parameters: 1(Long), PENDING(String), 2026-09-09T17:12:37.275293(LocalDateTime)
17:12:37.276 [main] DEBUG c.e.j.m.BookRequestMapper.insert - <==    Updates: 1
17:12:37.276 [main] DEBUG c.e.j.m.BookRequestItemMapper.insert - ==>  Preparing: INSERT INTO book_request_items (book_request_id, title, isbn, author_id, published_year, estimated_price) VALUES (?, ?, ?, ?, ?, ?)
17:12:37.276 [main] DEBUG c.e.j.m.BookRequestItemMapper.insert - ==> Parameters: 10(Long), Overpriced Book(String), null, null, null, 99999(BigDecimal)
17:12:37.276 [main] DEBUG c.e.j.m.BookRequestItemMapper.insert - <==    Updates: 1
17:12:37.276 [main] INFO  c.e.j.service.BookRequestServiceImpl - 送出申請：requestId=10, requesterId=1, 書籍數=1
17:12:37.277 [main] DEBUG c.e.j.m.BookRequestMapper.reject - ==>  Preparing: UPDATE book_requests SET status = 'REJECTED', approver_id = ?, approved_at = ? WHERE id = ? AND status = 'PENDING' AND requester_id != ?
17:12:37.278 [main] DEBUG c.e.j.m.BookRequestMapper.reject - ==> Parameters: 2(Long), 2026-09-09T17:12:37.277293900(LocalDateTime), 10(Long), 2(Long)
17:12:37.278 [main] DEBUG c.e.j.m.BookRequestMapper.reject - <==    Updates: 1
17:12:37.278 [main] DEBUG c.e.j.m.BookRequestMapper.findById - ==>  Preparing: SELECT * FROM book_requests WHERE id = ?
17:12:37.278 [main] DEBUG c.e.j.m.BookRequestMapper.findById - ==> Parameters: 10(Long)
17:12:37.278 [main] DEBUG c.e.j.m.BookRequestMapper.findById - <==      Total: 1
17:12:37.279 [main] INFO  c.e.j.service.BookRequestServiceImpl - 申請已拒絕：requestId=10, approverId=2
17:12:37.279 [main] DEBUG c.e.j.m.BookRequestMapper.insert - ==>  Preparing: INSERT INTO book_requests (requester_id, status, requested_at) VALUES (?, ?, ?)
17:12:37.280 [main] DEBUG c.e.j.m.BookRequestMapper.insert - ==> Parameters: 1(Long), PENDING(String), 2026-09-09T17:12:37.279293(LocalDateTime)
17:12:37.280 [main] DEBUG c.e.j.m.BookRequestMapper.insert - <==    Updates: 1
17:12:37.280 [main] DEBUG c.e.j.m.BookRequestItemMapper.insert - ==>  Preparing: INSERT INTO book_request_items (book_request_id, title, isbn, author_id, published_year, estimated_price) VALUES (?, ?, ?, ?, ?, ?)
17:12:37.280 [main] DEBUG c.e.j.m.BookRequestItemMapper.insert - ==> Parameters: 11(Long), Duplicate Request Example(String), null, null, null, null
17:12:37.280 [main] DEBUG c.e.j.m.BookRequestItemMapper.insert - <==    Updates: 1
17:12:37.280 [main] INFO  c.e.j.service.BookRequestServiceImpl - 送出申請：requestId=11, requesterId=1, 書籍數=1
17:12:37.281 [main] DEBUG c.e.j.m.BookRequestMapper.reject - ==>  Preparing: UPDATE book_requests SET status = 'REJECTED', approver_id = ?, approved_at = ? WHERE id = ? AND status = 'PENDING' AND requester_id != ?
17:12:37.281 [main] DEBUG c.e.j.m.BookRequestMapper.reject - ==> Parameters: 2(Long), 2026-09-09T17:12:37.281298200(LocalDateTime), 11(Long), 2(Long)
17:12:37.281 [main] DEBUG c.e.j.m.BookRequestMapper.reject - <==    Updates: 1
17:12:37.281 [main] DEBUG c.e.j.m.BookRequestMapper.findById - ==>  Preparing: SELECT * FROM book_requests WHERE id = ?
17:12:37.281 [main] DEBUG c.e.j.m.BookRequestMapper.findById - ==> Parameters: 11(Long)
17:12:37.282 [main] DEBUG c.e.j.m.BookRequestMapper.findById - <==      Total: 1
17:12:37.282 [main] INFO  c.e.j.service.BookRequestServiceImpl - 申請已拒絕：requestId=11, approverId=2
17:12:37.283 [main] DEBUG c.e.j.m.BookRequestMapper.insert - ==>  Preparing: INSERT INTO book_requests (requester_id, status, requested_at) VALUES (?, ?, ?)
17:12:37.283 [main] DEBUG c.e.j.m.BookRequestMapper.insert - ==> Parameters: 1(Long), PENDING(String), 2026-09-09T17:12:37.283298700(LocalDateTime)
17:12:37.283 [main] DEBUG c.e.j.m.BookRequestMapper.insert - <==    Updates: 1
17:12:37.283 [main] DEBUG c.e.j.m.BookRequestItemMapper.insert - ==>  Preparing: INSERT INTO book_request_items (book_request_id, title, isbn, author_id, published_year, estimated_price) VALUES (?, ?, ?, ?, ?, ?)
17:12:37.283 [main] DEBUG c.e.j.m.BookRequestItemMapper.insert - ==> Parameters: 12(Long), Out of Scope Book(String), null, null, null, null
17:12:37.284 [main] DEBUG c.e.j.m.BookRequestItemMapper.insert - <==    Updates: 1
17:12:37.284 [main] INFO  c.e.j.service.BookRequestServiceImpl - 送出申請：requestId=12, requesterId=1, 書籍數=1
17:12:37.285 [main] DEBUG c.e.j.m.BookRequestMapper.reject - ==>  Preparing: UPDATE book_requests SET status = 'REJECTED', approver_id = ?, approved_at = ? WHERE id = ? AND status = 'PENDING' AND requester_id != ?
17:12:37.285 [main] DEBUG c.e.j.m.BookRequestMapper.reject - ==> Parameters: 2(Long), 2026-09-09T17:12:37.285302900(LocalDateTime), 12(Long), 2(Long)
17:12:37.285 [main] DEBUG c.e.j.m.BookRequestMapper.reject - <==    Updates: 1
17:12:37.286 [main] DEBUG c.e.j.m.BookRequestMapper.findById - ==>  Preparing: SELECT * FROM book_requests WHERE id = ?
17:12:37.286 [main] DEBUG c.e.j.m.BookRequestMapper.findById - ==> Parameters: 12(Long)
17:12:37.286 [main] DEBUG c.e.j.m.BookRequestMapper.findById - <==      Total: 1
17:12:37.286 [main] INFO  c.e.j.service.BookRequestServiceImpl - 申請已拒絕：requestId=12, approverId=2
17:12:37.287 [main] DEBUG c.e.j.m.B.findByStatus - ==>  Preparing: SELECT * FROM book_requests WHERE status = ? ORDER BY requested_at
17:12:37.288 [main] DEBUG c.e.j.m.B.findByStatus - ==> Parameters: PENDING(String)
17:12:37.289 [main] DEBUG c.e.j.m.B.findByStatus - <==      Total: 5
17:12:37.289 [main] DEBUG c.e.j.m.B.findByStatus - ==>  Preparing: SELECT * FROM book_requests WHERE status = ? ORDER BY requested_at
17:12:37.289 [main] DEBUG c.e.j.m.B.findByStatus - ==> Parameters: APPROVED(String)
17:12:37.290 [main] DEBUG c.e.j.m.B.findByStatus - <==      Total: 4
17:12:37.290 [main] DEBUG c.e.j.m.B.findByStatus - ==>  Preparing: SELECT * FROM book_requests WHERE status = ? ORDER BY requested_at
17:12:37.291 [main] DEBUG c.e.j.m.B.findByStatus - ==> Parameters: REJECTED(String)
17:12:37.291 [main] DEBUG c.e.j.m.B.findByStatus - <==      Total: 3
17:12:37.292 [main] DEBUG c.e.j.m.BookRequestMapper.findAll - ==>  Preparing: SELECT * FROM book_requests
17:12:37.292 [main] DEBUG c.e.j.m.BookRequestMapper.findAll - ==> Parameters: 
17:12:37.293 [main] DEBUG c.e.j.m.BookRequestMapper.findAll - <==      Total: 12
17:12:38.989 [main] WARN  c.e.j.i.RoleAccessInterceptor - 權限不足被擋下：userId=1, role=ADMIN, POST /procurement/1/complete
17:12:38.990 [main] WARN  c.e.j.i.RoleAccessInterceptor - 權限不足被擋下：userId=1, role=USER, POST /procurement/1/complete
17:12:38.995 [main] WARN  c.e.j.i.RoleAccessInterceptor - 權限不足被擋下：userId=1, role=PROCUREMENT, POST /requests/1/approve
17:12:38.995 [main] WARN  c.e.j.i.RoleAccessInterceptor - 權限不足被擋下：userId=1, role=USER, POST /requests/1/reject
17:12:38.999 [main] WARN  c.e.j.i.RoleAccessInterceptor - 權限不足被擋下：userId=1, role=USER, GET /books/new
17:12:39.010 [main] DEBUG c.e.j.mapper.BookMapper.insert - ==>  Preparing: INSERT INTO books (title, isbn, author_id, published_year) VALUES (?, ?, ?, ?)
17:12:39.010 [main] DEBUG c.e.j.mapper.BookMapper.insert - ==> Parameters: Effective Java(String), 978-0134685991(String), 4(Long), 2018(Integer)
17:12:39.010 [main] DEBUG c.e.j.mapper.BookMapper.insert - <==    Updates: 1
17:12:39.011 [main] DEBUG c.e.j.mapper.BookMapper.insert - ==>  Preparing: INSERT INTO books (title, isbn, author_id, published_year) VALUES (?, ?, ?, ?)
17:12:39.011 [main] DEBUG c.e.j.mapper.BookMapper.insert - ==> Parameters: Unrelated Book(String), 9999999999999(String), 4(Long), 2000(Integer)
17:12:39.011 [main] DEBUG c.e.j.mapper.BookMapper.insert - <==    Updates: 1
17:12:39.016 [main] DEBUG c.e.j.mapper.BookMapper.search - ==>  Preparing: SELECT b.id, b.title, b.isbn, b.published_year, a.name AS author_name, c.id AS category_id, c.name AS category_name FROM books b LEFT JOIN authors a ON b.author_id = a.id LEFT JOIN books_categories bc ON bc.book_id = b.id LEFT JOIN categories c ON bc.category_id = c.id WHERE (b.title ILIKE CONCAT('%', ?, '%') OR a.name ILIKE CONCAT('%', ?, '%') OR c.name ILIKE CONCAT('%', ?, '%')) ORDER BY b.id
17:12:39.018 [main] DEBUG c.e.j.mapper.BookMapper.search - ==> Parameters: Effective(String), Effective(String), Effective(String)
17:12:39.020 [main] DEBUG c.e.j.mapper.BookMapper.search - <==      Total: 1
17:12:39.030 [main] DEBUG c.e.j.mapper.BookMapper.insert - ==>  Preparing: INSERT INTO books (title, isbn, author_id, published_year) VALUES (?, ?, ?, ?)
17:12:39.030 [main] DEBUG c.e.j.mapper.BookMapper.insert - ==> Parameters: Effective Java(String), 978-0134685991(String), 5(Long), 2018(Integer)
17:12:39.031 [main] DEBUG c.e.j.mapper.BookMapper.insert - <==    Updates: 1
17:12:39.032 [main] DEBUG c.e.j.m.B.insertBookCategories - ==>  Preparing: INSERT INTO books_categories (book_id, category_id) VALUES (?, ?)
17:12:39.032 [main] DEBUG c.e.j.m.B.insertBookCategories - ==> Parameters: 8(Long), 4(Long)
17:12:39.032 [main] DEBUG c.e.j.m.B.insertBookCategories - <==    Updates: 1
17:12:39.033 [main] DEBUG c.e.j.m.B.findCategoriesById - ==>  Preparing: SELECT c.* FROM categories c JOIN books_categories bc ON bc.category_id = c.id WHERE bc.book_id = ?
17:12:39.034 [main] DEBUG c.e.j.m.B.findCategoriesById - ==> Parameters: 8(Long)
17:12:39.035 [main] DEBUG c.e.j.m.B.findCategoriesById - <==      Total: 1
17:12:39.040 [main] DEBUG c.e.j.mapper.BookMapper.insert - ==>  Preparing: INSERT INTO books (title, isbn, author_id, published_year) VALUES (?, ?, ?, ?)
17:12:39.041 [main] DEBUG c.e.j.mapper.BookMapper.insert - ==> Parameters: Effective Java(String), 978-0134685991(String), 6(Long), 2018(Integer)
17:12:39.042 [main] DEBUG c.e.j.mapper.BookMapper.insert - <==    Updates: 1
17:12:39.042 [main] DEBUG c.e.j.mapper.BookMapper.update - ==>  Preparing: UPDATE books SET title = ?, isbn = ?, author_id = ?, published_year = ? WHERE id = ?
17:12:39.043 [main] DEBUG c.e.j.mapper.BookMapper.update - ==> Parameters: My New Title(String), 978-0134685991(String), 6(Long), 2018(Integer), 9(Long)
17:12:39.043 [main] DEBUG c.e.j.mapper.BookMapper.update - <==    Updates: 1
17:12:39.044 [main] DEBUG c.e.j.mapper.BookMapper.findById - ==>  Preparing: SELECT id, title, isbn, author_id, published_year FROM books WHERE id = ?
17:12:39.044 [main] DEBUG c.e.j.mapper.BookMapper.findById - ==> Parameters: 9(Long)
17:12:39.045 [main] DEBUG c.e.j.mapper.BookMapper.findById - <==      Total: 1
17:12:39.045 [main] DEBUG c.e.j.mapper.BookMapper.findAll - ==>  Preparing: SELECT b.id, b.title, b.isbn, b.published_year, a.name AS author_name, c.id AS category_id, c.name AS category_name FROM books b LEFT JOIN authors a ON b.author_id = a.id LEFT JOIN books_categories bc ON bc.book_id = b.id LEFT JOIN categories c ON bc.category_id = c.id ORDER BY b.id
17:12:39.046 [main] DEBUG c.e.j.mapper.BookMapper.findAll - ==> Parameters: 
17:12:39.047 [main] DEBUG c.e.j.mapper.BookMapper.findAll - <==      Total: 1
17:12:39.057 [main] DEBUG c.e.j.mapper.BookMapper.insert - ==>  Preparing: INSERT INTO books (title, isbn, author_id, published_year) VALUES (?, ?, ?, ?)
17:12:39.057 [main] DEBUG c.e.j.mapper.BookMapper.insert - ==> Parameters: Effective Java(String), 978-0134685991(String), 7(Long), 2018(Integer)
17:12:39.057 [main] DEBUG c.e.j.mapper.BookMapper.insert - <==    Updates: 1
17:12:39.058 [main] DEBUG c.e.j.m.B.insertBookCategories - ==>  Preparing: INSERT INTO books_categories (book_id, category_id) VALUES (?, ?) , (?, ?)
17:12:39.059 [main] DEBUG c.e.j.m.B.insertBookCategories - ==> Parameters: 10(Long), 5(Long), 10(Long), 6(Long)
17:12:39.059 [main] DEBUG c.e.j.m.B.insertBookCategories - <==    Updates: 2
17:12:39.060 [main] DEBUG c.e.j.mapper.BookMapper.insert - ==>  Preparing: INSERT INTO books (title, isbn, author_id, published_year) VALUES (?, ?, ?, ?)
17:12:39.060 [main] DEBUG c.e.j.mapper.BookMapper.insert - ==> Parameters: Effective Java(String), 978-0134685991(String), 7(Long), 2018(Integer)
17:12:39.060 [main] DEBUG c.e.j.mapper.BookMapper.insert - <==    Updates: 1
17:12:39.061 [main] DEBUG c.e.j.mapper.BookMapper.findAll - ==>  Preparing: SELECT b.id, b.title, b.isbn, b.published_year, a.name AS author_name, c.id AS category_id, c.name AS category_name FROM books b LEFT JOIN authors a ON b.author_id = a.id LEFT JOIN books_categories bc ON bc.book_id = b.id LEFT JOIN categories c ON bc.category_id = c.id ORDER BY b.id
17:12:39.061 [main] DEBUG c.e.j.mapper.BookMapper.findAll - ==> Parameters: 
17:12:39.063 [main] DEBUG c.e.j.mapper.BookMapper.findAll - <==      Total: 3
17:12:39.070 [main] DEBUG c.e.j.mapper.BookMapper.insert - ==>  Preparing: INSERT INTO books (title, isbn, author_id, published_year) VALUES (?, ?, ?, ?)
17:12:39.070 [main] DEBUG c.e.j.mapper.BookMapper.insert - ==> Parameters: Effective Java(String), 978-0134685991(String), 8(Long), 2018(Integer)
17:12:39.070 [main] DEBUG c.e.j.mapper.BookMapper.insert - <==    Updates: 1
17:12:39.071 [main] DEBUG c.e.j.m.B.insertBookCategories - ==>  Preparing: INSERT INTO books_categories (book_id, category_id) VALUES (?, ?)
17:12:39.071 [main] DEBUG c.e.j.m.B.insertBookCategories - ==> Parameters: 12(Long), 7(Long)
17:12:39.071 [main] DEBUG c.e.j.m.B.insertBookCategories - <==    Updates: 1
17:12:39.071 [main] DEBUG c.e.j.m.B.deleteCategoriesByBookId - ==>  Preparing: DELETE FROM books_categories bc WHERE bc.book_id = ?
17:12:39.071 [main] DEBUG c.e.j.m.B.deleteCategoriesByBookId - ==> Parameters: 12(Long)
17:12:39.072 [main] DEBUG c.e.j.m.B.deleteCategoriesByBookId - <==    Updates: 1
17:12:39.072 [main] DEBUG c.e.j.m.B.findCategoriesById - ==>  Preparing: SELECT c.* FROM categories c JOIN books_categories bc ON bc.category_id = c.id WHERE bc.book_id = ?
17:12:39.072 [main] DEBUG c.e.j.m.B.findCategoriesById - ==> Parameters: 12(Long)
17:12:39.072 [main] DEBUG c.e.j.m.B.findCategoriesById - <==      Total: 0
17:12:39.080 [main] DEBUG c.e.j.mapper.BookMapper.insert - ==>  Preparing: INSERT INTO books (title, isbn, author_id, published_year) VALUES (?, ?, ?, ?)
17:12:39.080 [main] DEBUG c.e.j.mapper.BookMapper.insert - ==> Parameters: Book With Many Categories(String), null, 9(Long), 2020(Integer)
17:12:39.081 [main] DEBUG c.e.j.mapper.BookMapper.insert - <==    Updates: 1
17:12:39.082 [main] DEBUG c.e.j.m.B.insertBookCategories - ==>  Preparing: INSERT INTO books_categories (book_id, category_id) VALUES (?, ?) , (?, ?) , (?, ?)
17:12:39.082 [main] DEBUG c.e.j.m.B.insertBookCategories - ==> Parameters: 13(Long), 8(Long), 13(Long), 9(Long), 13(Long), 10(Long)
17:12:39.082 [main] DEBUG c.e.j.m.B.insertBookCategories - <==    Updates: 3
17:12:39.083 [main] DEBUG c.e.j.mapper.BookMapper.insert - ==>  Preparing: INSERT INTO books (title, isbn, author_id, published_year) VALUES (?, ?, ?, ?)
17:12:39.083 [main] DEBUG c.e.j.mapper.BookMapper.insert - ==> Parameters: Book Without Categories(String), null, 9(Long), 2021(Integer)
17:12:39.084 [main] DEBUG c.e.j.mapper.BookMapper.insert - <==    Updates: 1
17:12:39.084 [main] DEBUG c.e.j.m.BookMapper.countBySearch - ==>  Preparing: SELECT COUNT(DISTINCT b.id) FROM books b LEFT JOIN authors a ON b.author_id = a.id LEFT JOIN books_categories bc ON bc.book_id = b.id LEFT JOIN categories c ON bc.category_id = c.id
17:12:39.086 [main] DEBUG c.e.j.m.BookMapper.countBySearch - ==> Parameters: 
17:12:39.094 [main] DEBUG c.e.j.m.BookMapper.countBySearch - <==      Total: 1
17:12:39.096 [main] DEBUG c.e.j.m.BookMapper.findIdsBySearch - ==>  Preparing: SELECT DISTINCT b.id FROM books b LEFT JOIN authors a ON b.author_id = a.id LEFT JOIN books_categories bc ON bc.book_id = b.id LEFT JOIN categories c ON bc.category_id = c.id ORDER BY b.id LIMIT ? OFFSET ?
17:12:39.097 [main] DEBUG c.e.j.m.BookMapper.findIdsBySearch - ==> Parameters: 1(Integer), 0(Long)
17:12:39.097 [main] DEBUG c.e.j.m.BookMapper.findIdsBySearch - <==      Total: 1
17:12:39.098 [main] DEBUG c.e.j.mapper.BookMapper.findByIds - ==>  Preparing: SELECT b.id, b.title, b.isbn, b.published_year, a.name AS author_name, c.id AS category_id, c.name AS category_name FROM books b LEFT JOIN authors a ON b.author_id = a.id LEFT JOIN books_categories bc ON bc.book_id = b.id LEFT JOIN categories c ON bc.category_id = c.id WHERE b.id IN ( ? ) ORDER BY b.id
17:12:39.099 [main] DEBUG c.e.j.mapper.BookMapper.findByIds - ==> Parameters: 13(Long)
17:12:39.099 [main] DEBUG c.e.j.mapper.BookMapper.findByIds - <==      Total: 3
17:12:39.100 [main] DEBUG c.e.j.m.BookMapper.findIdsBySearch - ==>  Preparing: SELECT DISTINCT b.id FROM books b LEFT JOIN authors a ON b.author_id = a.id LEFT JOIN books_categories bc ON bc.book_id = b.id LEFT JOIN categories c ON bc.category_id = c.id ORDER BY b.id LIMIT ? OFFSET ?
17:12:39.101 [main] DEBUG c.e.j.m.BookMapper.findIdsBySearch - ==> Parameters: 1(Integer), 1(Long)
17:12:39.101 [main] DEBUG c.e.j.m.BookMapper.findIdsBySearch - <==      Total: 1
17:12:39.108 [main] DEBUG c.e.j.mapper.BookMapper.insert - ==>  Preparing: INSERT INTO books (title, isbn, author_id, published_year) VALUES (?, ?, ?, ?)
17:12:39.109 [main] DEBUG c.e.j.mapper.BookMapper.insert - ==> Parameters: Effective Java(String), 978-0134685991(String), 10(Long), 2018(Integer)
17:12:39.109 [main] DEBUG c.e.j.mapper.BookMapper.insert - <==    Updates: 1
17:12:39.110 [main] DEBUG c.e.j.mapper.BookMapper.insert - ==>  Preparing: INSERT INTO books (title, isbn, author_id, published_year) VALUES (?, ?, ?, ?)
17:12:39.110 [main] DEBUG c.e.j.mapper.BookMapper.insert - ==> Parameters: Clean Code(String), 9780132350884(String), 11(Long), 2008(Integer)
17:12:39.110 [main] DEBUG c.e.j.mapper.BookMapper.insert - <==    Updates: 1
17:12:39.110 [main] DEBUG c.e.j.mapper.BookMapper.search - ==>  Preparing: SELECT b.id, b.title, b.isbn, b.published_year, a.name AS author_name, c.id AS category_id, c.name AS category_name FROM books b LEFT JOIN authors a ON b.author_id = a.id LEFT JOIN books_categories bc ON bc.book_id = b.id LEFT JOIN categories c ON bc.category_id = c.id WHERE (b.title ILIKE CONCAT('%', ?, '%') OR a.name ILIKE CONCAT('%', ?, '%') OR c.name ILIKE CONCAT('%', ?, '%')) ORDER BY b.id
17:12:39.111 [main] DEBUG c.e.j.mapper.BookMapper.search - ==> Parameters: Bloch(String), Bloch(String), Bloch(String)
17:12:39.112 [main] DEBUG c.e.j.mapper.BookMapper.search - <==      Total: 1
17:12:39.117 [main] DEBUG c.e.j.mapper.BookMapper.insert - ==>  Preparing: INSERT INTO books (title, isbn, author_id, published_year) VALUES (?, ?, ?, ?)
17:12:39.118 [main] DEBUG c.e.j.mapper.BookMapper.insert - ==> Parameters: Effective Java(String), 978-0134685991(String), 12(Long), 2018(Integer)
17:12:39.118 [main] DEBUG c.e.j.mapper.BookMapper.insert - <==    Updates: 1
17:12:39.119 [main] DEBUG c.e.j.mapper.BookMapper.insert - ==>  Preparing: INSERT INTO books (title, isbn, author_id, published_year) VALUES (?, ?, ?, ?)
17:12:39.119 [main] DEBUG c.e.j.mapper.BookMapper.insert - ==> Parameters: Unrelated Book(String), 9999999999999(String), 12(Long), 2000(Integer)
17:12:39.119 [main] DEBUG c.e.j.mapper.BookMapper.insert - <==    Updates: 1
17:12:39.119 [main] DEBUG c.e.j.mapper.BookMapper.search - ==>  Preparing: SELECT b.id, b.title, b.isbn, b.published_year, a.name AS author_name, c.id AS category_id, c.name AS category_name FROM books b LEFT JOIN authors a ON b.author_id = a.id LEFT JOIN books_categories bc ON bc.book_id = b.id LEFT JOIN categories c ON bc.category_id = c.id ORDER BY b.id
17:12:39.120 [main] DEBUG c.e.j.mapper.BookMapper.search - ==> Parameters: 
17:12:39.120 [main] DEBUG c.e.j.mapper.BookMapper.search - <==      Total: 2
17:12:39.124 [main] DEBUG c.e.j.mapper.BookMapper.insert - ==>  Preparing: INSERT INTO books (title, isbn, author_id, published_year) VALUES (?, ?, ?, ?)
17:12:39.125 [main] DEBUG c.e.j.mapper.BookMapper.insert - ==> Parameters: Effective Java(String), 978-0134685991(String), 13(Long), 2018(Integer)
17:12:39.125 [main] DEBUG c.e.j.mapper.BookMapper.insert - <==    Updates: 1
17:12:39.125 [main] DEBUG c.e.j.m.B.insertBookCategories - ==>  Preparing: INSERT INTO books_categories (book_id, category_id) VALUES (?, ?)
17:12:39.125 [main] DEBUG c.e.j.m.B.insertBookCategories - ==> Parameters: 19(Long), 11(Long)
17:12:39.125 [main] DEBUG c.e.j.m.B.insertBookCategories - <==    Updates: 1
17:12:39.126 [main] DEBUG c.e.j.m.B.findCategoriesById - ==>  Preparing: SELECT c.* FROM categories c JOIN books_categories bc ON bc.category_id = c.id WHERE bc.book_id = ?
17:12:39.126 [main] DEBUG c.e.j.m.B.findCategoriesById - ==> Parameters: 19(Long)
17:12:39.127 [main] DEBUG c.e.j.m.B.findCategoriesById - <==      Total: 1
17:12:39.131 [main] DEBUG c.e.j.mapper.BookMapper.insert - ==>  Preparing: INSERT INTO books (title, isbn, author_id, published_year) VALUES (?, ?, ?, ?)
17:12:39.133 [main] DEBUG c.e.j.mapper.BookMapper.insert - ==> Parameters: Effective Java(String), 978-0134685991(String), 14(Long), 2018(Integer)
17:12:39.133 [main] DEBUG c.e.j.mapper.BookMapper.insert - <==    Updates: 1
17:12:39.134 [main] DEBUG c.e.j.mapper.BookMapper.insert - ==>  Preparing: INSERT INTO books (title, isbn, author_id, published_year) VALUES (?, ?, ?, ?)
17:12:39.134 [main] DEBUG c.e.j.mapper.BookMapper.insert - ==> Parameters: Effective Java(String), 978-0134685991(String), 14(Long), 2018(Integer)
17:12:39.134 [main] DEBUG c.e.j.mapper.BookMapper.insert - <==    Updates: 1
17:12:39.135 [main] DEBUG c.e.j.m.BookMapper.findByAuthorId - ==>  Preparing: SELECT * FROM books b WHERE b.author_id = ?
17:12:39.136 [main] DEBUG c.e.j.m.BookMapper.findByAuthorId - ==> Parameters: 14(Long)
17:12:39.136 [main] DEBUG c.e.j.m.BookMapper.findByAuthorId - <==      Total: 2
17:12:39.147 [main] DEBUG c.e.j.m.BookRequestMapper.insert - ==>  Preparing: INSERT INTO book_requests (requester_id, status, requested_at) VALUES (?, ?, ?)
17:12:39.147 [main] DEBUG c.e.j.m.BookRequestMapper.insert - ==> Parameters: 4(Long), PENDING(String), 2026-09-09T17:12:39.146310900(LocalDateTime)
17:12:39.148 [main] DEBUG c.e.j.m.BookRequestMapper.insert - <==    Updates: 1
17:12:39.148 [main] DEBUG c.e.j.m.BookRequestItemMapper.insert - ==>  Preparing: INSERT INTO book_request_items (book_request_id, title, isbn, author_id, published_year, estimated_price) VALUES (?, ?, ?, ?, ?, ?)
17:12:39.149 [main] DEBUG c.e.j.m.BookRequestItemMapper.insert - ==> Parameters: 13(Long), Effective Java(String), 9780134685991(String), null, 2018(Integer), 1200.00(BigDecimal)
17:12:39.149 [main] DEBUG c.e.j.m.BookRequestItemMapper.insert - <==    Updates: 1
17:12:39.150 [main] DEBUG c.e.j.m.B.findByBookRequestId - ==>  Preparing: SELECT * FROM book_request_items WHERE book_request_id = ?
17:12:39.150 [main] DEBUG c.e.j.m.B.findByBookRequestId - ==> Parameters: 13(Long)
17:12:39.151 [main] DEBUG c.e.j.m.B.findByBookRequestId - <==      Total: 1
17:12:39.159 [main] DEBUG c.e.j.m.BookRequestMapper.insert - ==>  Preparing: INSERT INTO book_requests (requester_id, status, requested_at) VALUES (?, ?, ?)
17:12:39.159 [main] DEBUG c.e.j.m.BookRequestMapper.insert - ==> Parameters: 5(Long), APPROVED(String), 2026-09-09T17:12:39.158830800(LocalDateTime)
17:12:39.159 [main] DEBUG c.e.j.m.BookRequestMapper.insert - <==    Updates: 1
17:12:39.160 [main] DEBUG c.e.j.m.BookRequestItemMapper.insert - ==>  Preparing: INSERT INTO book_request_items (book_request_id, title, isbn, author_id, published_year, estimated_price) VALUES (?, ?, ?, ?, ?, ?)
17:12:39.160 [main] DEBUG c.e.j.m.BookRequestItemMapper.insert - ==> Parameters: 14(Long), Clean Code(String), null, null, null, null
17:12:39.160 [main] DEBUG c.e.j.m.BookRequestItemMapper.insert - <==    Updates: 1
17:12:39.161 [main] DEBUG c.e.j.m.ProcurementItemMapper.insert - ==>  Preparing: INSERT INTO procurement_items (book_request_item_id, status) VALUES (?, ?)
17:12:39.161 [main] DEBUG c.e.j.m.ProcurementItemMapper.insert - ==> Parameters: 16(Long), PENDING(String)
17:12:39.161 [main] DEBUG c.e.j.m.ProcurementItemMapper.insert - <==    Updates: 1
17:12:39.162 [main] DEBUG c.e.j.m.P.findByStatus - ==>  Preparing: SELECT * FROM procurement_items WHERE status = ?
17:12:39.162 [main] DEBUG c.e.j.m.P.findByStatus - ==> Parameters: PENDING(String)
17:12:39.163 [main] DEBUG c.e.j.m.P.findByStatus - <==      Total: 1
17:12:39.164 [main] DEBUG c.e.j.m.ProcurementItemMapper.update - ==>  Preparing: UPDATE procurement_items SET status = ?, procured_by = ?, procured_at = ?, book_id = ? WHERE id = ?
17:12:39.165 [main] DEBUG c.e.j.m.ProcurementItemMapper.update - ==> Parameters: COMPLETED(String), 6(Long), 2026-09-09T17:12:39.164829(LocalDateTime), null, 6(Long)
17:12:39.166 [main] DEBUG c.e.j.m.ProcurementItemMapper.update - <==    Updates: 1
17:12:39.168 [main] DEBUG c.e.j.m.P.findById - ==>  Preparing: SELECT * FROM procurement_items WHERE id = ?
17:12:39.169 [main] DEBUG c.e.j.m.P.findById - ==> Parameters: 6(Long)
17:12:39.169 [main] DEBUG c.e.j.m.P.findById - <==      Total: 1
17:12:39.173 [main] DEBUG c.e.j.m.BookRequestMapper.insert - ==>  Preparing: INSERT INTO book_requests (requester_id, status, requested_at) VALUES (?, ?, ?)
17:12:39.173 [main] DEBUG c.e.j.m.BookRequestMapper.insert - ==> Parameters: 7(Long), PENDING(String), 2026-09-09T17:12:39.172142300(LocalDateTime)
17:12:39.173 [main] DEBUG c.e.j.m.BookRequestMapper.insert - <==    Updates: 1
17:12:39.173 [main] DEBUG c.e.j.m.BookRequestMapper.findById - ==>  Preparing: SELECT * FROM book_requests WHERE id = ?
17:12:39.173 [main] DEBUG c.e.j.m.BookRequestMapper.findById - ==> Parameters: 15(Long)
17:12:39.173 [main] DEBUG c.e.j.m.BookRequestMapper.findById - <==      Total: 1
17:12:39.174 [main] DEBUG c.e.j.m.B.findByStatus - ==>  Preparing: SELECT * FROM book_requests WHERE status = ? ORDER BY requested_at
17:12:39.174 [main] DEBUG c.e.j.m.B.findByStatus - ==> Parameters: PENDING(String)
17:12:39.174 [main] DEBUG c.e.j.m.B.findByStatus - <==      Total: 1
17:12:39.178 [main] DEBUG c.e.j.m.BookRequestMapper.insert - ==>  Preparing: INSERT INTO book_requests (requester_id, status, requested_at) VALUES (?, ?, ?)
17:12:39.178 [main] DEBUG c.e.j.m.BookRequestMapper.insert - ==> Parameters: 8(Long), APPROVED(String), 2026-09-09T17:12:39.177535200(LocalDateTime)
17:12:39.178 [main] DEBUG c.e.j.m.BookRequestMapper.insert - <==    Updates: 1
17:12:39.179 [main] DEBUG c.e.j.m.BookRequestItemMapper.insert - ==>  Preparing: INSERT INTO book_request_items (book_request_id, title, isbn, author_id, published_year, estimated_price) VALUES (?, ?, ?, ?, ?, ?)
17:12:39.179 [main] DEBUG c.e.j.m.BookRequestItemMapper.insert - ==> Parameters: 16(Long), Effective Java(String), 9780134685991(String), null, 2018(Integer), 1200.00(BigDecimal)
17:12:39.179 [main] DEBUG c.e.j.m.BookRequestItemMapper.insert - <==    Updates: 1
17:12:39.179 [main] DEBUG c.e.j.m.ProcurementItemMapper.insert - ==>  Preparing: INSERT INTO procurement_items (book_request_item_id, status) VALUES (?, ?)
17:12:39.180 [main] DEBUG c.e.j.m.ProcurementItemMapper.insert - ==> Parameters: 17(Long), PENDING(String)
17:12:39.180 [main] DEBUG c.e.j.m.ProcurementItemMapper.insert - <==    Updates: 1
17:12:39.180 [main] DEBUG c.e.j.m.BookRequestItemMapper.insert - ==>  Preparing: INSERT INTO book_request_items (book_request_id, title, isbn, author_id, published_year, estimated_price) VALUES (?, ?, ?, ?, ?, ?)
17:12:39.181 [main] DEBUG c.e.j.m.BookRequestItemMapper.insert - ==> Parameters: 16(Long), Clean Code(String), null, null, null, null
17:12:39.181 [main] DEBUG c.e.j.m.BookRequestItemMapper.insert - <==    Updates: 1
17:12:39.181 [main] DEBUG c.e.j.m.ProcurementItemMapper.insert - ==>  Preparing: INSERT INTO procurement_items (book_request_item_id, status) VALUES (?, ?)
17:12:39.182 [main] DEBUG c.e.j.m.ProcurementItemMapper.insert - ==> Parameters: 18(Long), COMPLETED(String)
17:12:39.182 [main] DEBUG c.e.j.m.ProcurementItemMapper.insert - <==    Updates: 1
17:12:39.182 [main] DEBUG c.e.j.m.P.findSummary - ==>  Preparing: SELECT p.*, b.title,b.isbn,b.author_id,b.published_year,b.estimated_price FROM procurement_items p JOIN book_request_items b ON p.book_request_item_id = b.id WHERE p.status = ?
17:12:39.182 [main] DEBUG c.e.j.m.P.findSummary - ==> Parameters: PENDING(String)
17:12:39.183 [main] DEBUG c.e.j.m.P.findSummary - <==      Total: 1
17:12:39.189 [main] DEBUG c.e.j.m.BookRequestMapper.insert - ==>  Preparing: INSERT INTO book_requests (requester_id, status, requested_at) VALUES (?, ?, ?)
17:12:39.189 [main] DEBUG c.e.j.m.BookRequestMapper.insert - ==> Parameters: 9(Long), PENDING(String), 2026-09-09T17:12:39.189046100(LocalDateTime)
17:12:39.189 [main] DEBUG c.e.j.m.BookRequestMapper.insert - <==    Updates: 1
17:12:39.190 [main] DEBUG c.e.j.m.BookRequestMapper.insert - ==>  Preparing: INSERT INTO book_requests (requester_id, status, requested_at) VALUES (?, ?, ?)
17:12:39.190 [main] DEBUG c.e.j.m.BookRequestMapper.insert - ==> Parameters: 9(Long), APPROVED(String), 2026-09-09T17:12:39.189046100(LocalDateTime)
17:12:39.190 [main] DEBUG c.e.j.m.BookRequestMapper.insert - <==    Updates: 1
17:12:39.190 [main] DEBUG c.e.j.m.B.findSummary - ==>  Preparing: SELECT br.id, br.requester_id, br.approver_id, br.status, br.requested_at, br.approved_at, bri.id AS item_id, bri.book_request_id, bri.title AS item_title, bri.isbn AS item_isbn, bri.author_id AS item_author_id, bri.published_year AS item_published_year, bri.estimated_price AS item_estimated_price FROM book_requests br LEFT JOIN book_request_items bri ON bri.book_request_id = br.id WHERE br.status = ? ORDER BY br.requested_at
17:12:39.191 [main] DEBUG c.e.j.m.B.findSummary - ==> Parameters: PENDING(String)
17:12:39.192 [main] DEBUG c.e.j.m.B.findSummary - <==      Total: 1
17:12:39.195 [main] DEBUG c.e.j.m.BookRequestMapper.insert - ==>  Preparing: INSERT INTO book_requests (requester_id, status, requested_at) VALUES (?, ?, ?)
17:12:39.195 [main] DEBUG c.e.j.m.BookRequestMapper.insert - ==> Parameters: 10(Long), PENDING(String), 2026-09-09T17:12:39.195044900(LocalDateTime)
17:12:39.196 [main] DEBUG c.e.j.m.BookRequestMapper.insert - <==    Updates: 1
17:12:39.196 [main] DEBUG c.e.j.m.BookRequestMapper.approve - ==>  Preparing: UPDATE book_requests SET status = 'APPROVED', approver_id = ?, approved_at = ? WHERE id = ? AND status = 'PENDING' AND requester_id != ?
17:12:39.196 [main] DEBUG c.e.j.m.BookRequestMapper.approve - ==> Parameters: 11(Long), 2026-09-09T17:12:39.196050700(LocalDateTime), 19(Long), 11(Long)
17:12:39.197 [main] DEBUG c.e.j.m.BookRequestMapper.approve - <==    Updates: 1
17:12:39.201 [main] DEBUG c.e.j.m.BookRequestMapper.insert - ==>  Preparing: INSERT INTO book_requests (requester_id, status, requested_at) VALUES (?, ?, ?)
17:12:39.201 [main] DEBUG c.e.j.m.BookRequestMapper.insert - ==> Parameters: 12(Long), PENDING(String), 2026-09-09T17:12:39.200047400(LocalDateTime)
17:12:39.201 [main] DEBUG c.e.j.m.BookRequestMapper.insert - <==    Updates: 1
17:12:39.201 [main] DEBUG c.e.j.m.BookRequestItemMapper.insert - ==>  Preparing: INSERT INTO book_request_items (book_request_id, title, isbn, author_id, published_year, estimated_price) VALUES (?, ?, ?, ?, ?, ?)
17:12:39.201 [main] DEBUG c.e.j.m.BookRequestItemMapper.insert - ==> Parameters: 20(Long), Effective Java(String), null, null, null, null
17:12:39.201 [main] DEBUG c.e.j.m.BookRequestItemMapper.insert - <==    Updates: 1
17:12:39.202 [main] DEBUG c.e.j.m.BookRequestItemMapper.insert - ==>  Preparing: INSERT INTO book_request_items (book_request_id, title, isbn, author_id, published_year, estimated_price) VALUES (?, ?, ?, ?, ?, ?)
17:12:39.202 [main] DEBUG c.e.j.m.BookRequestItemMapper.insert - ==> Parameters: 20(Long), Clean Code(String), null, null, null, null
17:12:39.202 [main] DEBUG c.e.j.m.BookRequestItemMapper.insert - <==    Updates: 1
17:12:39.202 [main] DEBUG c.e.j.m.B.findSummary - ==>  Preparing: SELECT br.id, br.requester_id, br.approver_id, br.status, br.requested_at, br.approved_at, bri.id AS item_id, bri.book_request_id, bri.title AS item_title, bri.isbn AS item_isbn, bri.author_id AS item_author_id, bri.published_year AS item_published_year, bri.estimated_price AS item_estimated_price FROM book_requests br LEFT JOIN book_request_items bri ON bri.book_request_id = br.id ORDER BY br.requested_at
17:12:39.203 [main] DEBUG c.e.j.m.B.findSummary - ==> Parameters: 
17:12:39.203 [main] DEBUG c.e.j.m.B.findSummary - <==      Total: 2
17:12:39.210 [main] DEBUG c.e.j.mapper.CategoryMapper.update - ==>  Preparing: UPDATE categories SET name = ? WHERE id = ?
17:12:39.210 [main] DEBUG c.e.j.mapper.CategoryMapper.update - ==> Parameters: Updated Name(String), 12(Long)
17:12:39.210 [main] DEBUG c.e.j.mapper.CategoryMapper.update - <==    Updates: 1
17:12:39.211 [main] DEBUG c.e.j.mapper.CategoryMapper.findById - ==>  Preparing: SELECT * FROM categories c WHERE c.id = ?
17:12:39.211 [main] DEBUG c.e.j.mapper.CategoryMapper.findById - ==> Parameters: 12(Long)
17:12:39.211 [main] DEBUG c.e.j.mapper.CategoryMapper.findById - <==      Total: 1
17:12:39.214 [main] DEBUG c.e.j.mapper.CategoryMapper.insert - ==>  Preparing: INSERT INTO categories (name) VALUES (?)
17:12:39.214 [main] DEBUG c.e.j.mapper.CategoryMapper.insert - ==> Parameters: Fiction(String)
17:12:39.214 [main] DEBUG c.e.j.mapper.CategoryMapper.insert - <==    Updates: 1
17:12:39.215 [main] DEBUG c.e.j.mapper.CategoryMapper.findById - ==>  Preparing: SELECT * FROM categories c WHERE c.id = ?
17:12:39.215 [main] DEBUG c.e.j.mapper.CategoryMapper.findById - ==> Parameters: 13(Long)
17:12:39.215 [main] DEBUG c.e.j.mapper.CategoryMapper.findById - <==      Total: 1
17:12:39.221 [main] DEBUG c.e.j.mapper.CategoryMapper.findAll - ==>  Preparing: SELECT * FROM categories c ORDER BY c.id
17:12:39.221 [main] DEBUG c.e.j.mapper.CategoryMapper.findAll - ==> Parameters: 
17:12:39.221 [main] DEBUG c.e.j.mapper.CategoryMapper.findAll - <==      Total: 2
17:12:39.224 [main] DEBUG c.e.j.m.CategoryMapper.deleteById - ==>  Preparing: DELETE FROM categories WHERE id = ?
17:12:39.224 [main] DEBUG c.e.j.m.CategoryMapper.deleteById - ==> Parameters: 16(Long)
17:12:39.224 [main] DEBUG c.e.j.m.CategoryMapper.deleteById - <==    Updates: 1
17:12:39.225 [main] DEBUG c.e.j.mapper.CategoryMapper.findAll - ==>  Preparing: SELECT * FROM categories c ORDER BY c.id
17:12:39.225 [main] DEBUG c.e.j.mapper.CategoryMapper.findAll - ==> Parameters: 
17:12:39.225 [main] DEBUG c.e.j.mapper.CategoryMapper.findAll - <==      Total: 0
17:12:39.230 [main] DEBUG c.e.j.m.C.findBooksByCategoryId - ==>  Preparing: SELECT b.* FROM books b JOIN books_categories bc ON b.id = bc.book_id WHERE bc.category_id = ?
17:12:39.231 [main] DEBUG c.e.j.m.C.findBooksByCategoryId - ==> Parameters: 17(Long)
17:12:39.231 [main] DEBUG c.e.j.m.C.findBooksByCategoryId - <==      Total: 1
17:12:39.235 [main] DEBUG c.e.j.mapper.CategoryMapper.findById - ==>  Preparing: SELECT * FROM categories c WHERE c.id = ?
17:12:39.235 [main] DEBUG c.e.j.mapper.CategoryMapper.findById - ==> Parameters: 19(Long)
17:12:39.236 [main] DEBUG c.e.j.mapper.CategoryMapper.findById - <==      Total: 1
17:12:39.240 [main] DEBUG c.e.j.mapper.UserMapper.update - ==>  Preparing: UPDATE users SET name = ?, password_hash = ?, role = ? WHERE id = ?
17:12:39.241 [main] DEBUG c.e.j.mapper.UserMapper.update - ==> Parameters: New Name(String), new-hash(String), ADMIN(String), 13(Long)
17:12:39.241 [main] DEBUG c.e.j.mapper.UserMapper.update - <==    Updates: 1
17:12:39.241 [main] DEBUG c.e.j.mapper.UserMapper.findByEmail - ==>  Preparing: SELECT * FROM users u WHERE u.email = ?
17:12:39.241 [main] DEBUG c.e.j.mapper.UserMapper.findByEmail - ==> Parameters: update@example.com(String)
17:12:39.242 [main] DEBUG c.e.j.mapper.UserMapper.findByEmail - <==      Total: 1
17:12:39.245 [main] DEBUG c.e.j.mapper.UserMapper.insert - ==>  Preparing: INSERT INTO users (email, name, password_hash, role) VALUES (?, ?, ?, ?)
17:12:39.245 [main] DEBUG c.e.j.mapper.UserMapper.insert - ==> Parameters: new@example.com(String), New User(String), hashed-password(String), ADMIN(String)
17:12:39.245 [main] DEBUG c.e.j.mapper.UserMapper.insert - <==    Updates: 1
17:12:39.245 [main] DEBUG c.e.j.mapper.UserMapper.findByEmail - ==>  Preparing: SELECT * FROM users u WHERE u.email = ?
17:12:39.245 [main] DEBUG c.e.j.mapper.UserMapper.findByEmail - ==> Parameters: new@example.com(String)
17:12:39.246 [main] DEBUG c.e.j.mapper.UserMapper.findByEmail - <==      Total: 1
17:12:39.247 [main] DEBUG c.e.j.mapper.UserMapper.findByEmail - ==>  Preparing: SELECT * FROM users u WHERE u.email = ?
17:12:39.248 [main] DEBUG c.e.j.mapper.UserMapper.findByEmail - ==> Parameters: nobody@example.com(String)
17:12:39.248 [main] DEBUG c.e.j.mapper.UserMapper.findByEmail - <==      Total: 0
17:12:39.252 [main] DEBUG c.e.j.mapper.UserMapper.findByEmail - ==>  Preparing: SELECT * FROM users u WHERE u.email = ?
17:12:39.252 [main] DEBUG c.e.j.mapper.UserMapper.findByEmail - ==> Parameters: alex@example.com(String)
17:12:39.253 [main] DEBUG c.e.j.mapper.UserMapper.findByEmail - <==      Total: 1
17:12:39.346 [main] INFO  c.e.j.service.AuthServiceImpl - 登入成功：userId=1, email=alex@example.com
17:12:39.348 [main] WARN  c.e.j.service.AuthServiceImpl - 登入失敗，帳號不存在：email=nobody@example.com
17:12:39.348 [main] WARN  c.e.j.service.AuthServiceImpl - 登入失敗，密碼錯誤：email=alex@example.com
17:12:39.350 [main] INFO  c.e.j.service.AuthServiceImpl - 新使用者註冊：userId=null, email=new@example.com
17:12:39.390 [main] DEBUG c.e.j.m.BookRequestMapper.insert - ==>  Preparing: INSERT INTO book_requests (requester_id, status, requested_at) VALUES (?, ?, ?)
17:12:39.390 [main] DEBUG c.e.j.m.BookRequestMapper.insert - ==> Parameters: 16(Long), APPROVED(String), 2026-09-09T17:12:39.390037500(LocalDateTime)
17:12:39.391 [main] DEBUG c.e.j.m.BookRequestMapper.insert - <==    Updates: 1
17:12:39.391 [main] DEBUG c.e.j.m.BookRequestItemMapper.insert - ==>  Preparing: INSERT INTO book_request_items (book_request_id, title, isbn, author_id, published_year, estimated_price) VALUES (?, ?, ?, ?, ?, ?)
17:12:39.391 [main] DEBUG c.e.j.m.BookRequestItemMapper.insert - ==> Parameters: 21(Long), Effective Java(String), null, null, null, null
17:12:39.391 [main] DEBUG c.e.j.m.BookRequestItemMapper.insert - <==    Updates: 1
17:12:39.392 [main] DEBUG c.e.j.m.ProcurementItemMapper.insert - ==>  Preparing: INSERT INTO procurement_items (book_request_item_id, status) VALUES (?, ?)
17:12:39.392 [main] DEBUG c.e.j.m.ProcurementItemMapper.insert - ==> Parameters: 21(Long), PENDING(String)
17:12:39.392 [main] DEBUG c.e.j.m.ProcurementItemMapper.insert - <==    Updates: 1
17:12:39.395 [pool-2-thread-2] DEBUG c.e.j.m.P.findByIdForUpdate - ==>  Preparing: SELECT * FROM procurement_items WHERE id = ? FOR UPDATE
17:12:39.395 [pool-2-thread-1] DEBUG c.e.j.m.P.findByIdForUpdate - ==>  Preparing: SELECT * FROM procurement_items WHERE id = ? FOR UPDATE
17:12:39.396 [pool-2-thread-1] DEBUG c.e.j.m.P.findByIdForUpdate - ==> Parameters: 9(Long)
17:12:39.396 [pool-2-thread-2] DEBUG c.e.j.m.P.findByIdForUpdate - ==> Parameters: 9(Long)
17:12:39.396 [pool-2-thread-2] DEBUG c.e.j.m.P.findByIdForUpdate - <==      Total: 1
17:12:39.397 [pool-2-thread-2] DEBUG c.e.j.m.B.findById - ==>  Preparing: SELECT * FROM book_request_items WHERE id = ?
17:12:39.397 [pool-2-thread-2] DEBUG c.e.j.m.B.findById - ==> Parameters: 21(Long)
17:12:39.397 [pool-2-thread-2] DEBUG c.e.j.m.B.findById - <==      Total: 1
17:12:39.397 [pool-2-thread-2] DEBUG c.e.j.mapper.BookMapper.insert - ==>  Preparing: INSERT INTO books (title, isbn, author_id, published_year) VALUES (?, ?, ?, ?)
17:12:39.397 [pool-2-thread-2] DEBUG c.e.j.mapper.BookMapper.insert - ==> Parameters: Effective Java(String), null, null, null
17:12:39.397 [pool-2-thread-2] DEBUG c.e.j.mapper.BookMapper.insert - <==    Updates: 1
17:12:39.397 [pool-2-thread-2] DEBUG c.e.j.m.ProcurementItemMapper.update - ==>  Preparing: UPDATE procurement_items SET status = ?, procured_by = ?, procured_at = ?, book_id = ? WHERE id = ?
17:12:39.398 [pool-2-thread-2] DEBUG c.e.j.m.ProcurementItemMapper.update - ==> Parameters: COMPLETED(String), 18(Long), 2026-09-09T17:12:39.397037900(LocalDateTime), 24(Long), 9(Long)
17:12:39.398 [pool-2-thread-2] DEBUG c.e.j.m.ProcurementItemMapper.update - <==    Updates: 1
17:12:39.398 [pool-2-thread-2] INFO  c.e.j.service.ProcurementServiceImpl - 採購完成，書籍已入庫：procurementItemId=9, bookId=24, procuredBy=18
17:12:39.398 [pool-2-thread-1] DEBUG c.e.j.m.P.findByIdForUpdate - <==      Total: 1
17:12:39.400 [main] DEBUG c.e.j.m.P.findByStatus - ==>  Preparing: SELECT * FROM procurement_items WHERE status = ?
17:12:39.400 [main] DEBUG c.e.j.m.P.findByStatus - ==> Parameters: COMPLETED(String)
17:12:39.400 [main] DEBUG c.e.j.m.P.findByStatus - <==      Total: 1
17:36:57.733 [main] DEBUG c.e.j.mapper.CategoryMapper.insert - ==>  Preparing: INSERT INTO categories (name) VALUES (?)
17:36:57.747 [main] DEBUG c.e.j.mapper.CategoryMapper.insert - ==> Parameters: Programming(String)
17:36:57.747 [main] DEBUG c.e.j.mapper.CategoryMapper.insert - <==    Updates: 1
17:36:57.750 [main] DEBUG c.e.j.mapper.CategoryMapper.insert - ==>  Preparing: INSERT INTO categories (name) VALUES (?)
17:36:57.750 [main] DEBUG c.e.j.mapper.CategoryMapper.insert - ==> Parameters: Architecture(String)
17:36:57.750 [main] DEBUG c.e.j.mapper.CategoryMapper.insert - <==    Updates: 1
17:36:57.751 [main] DEBUG c.e.j.mapper.CategoryMapper.insert - ==>  Preparing: INSERT INTO categories (name) VALUES (?)
17:36:57.751 [main] DEBUG c.e.j.mapper.CategoryMapper.insert - ==> Parameters: Best Practice(String)
17:36:57.751 [main] DEBUG c.e.j.mapper.CategoryMapper.insert - <==    Updates: 1
17:36:57.753 [main] DEBUG c.e.j.mapper.BookMapper.insert - ==>  Preparing: INSERT INTO books (title, isbn, author_id, published_year) VALUES (?, ?, ?, ?)
17:36:57.757 [main] DEBUG c.e.j.mapper.BookMapper.insert - ==> Parameters: Effective Java(String), 9780134685991(String), 1(Long), 2018(Integer)
17:36:57.758 [main] DEBUG c.e.j.mapper.BookMapper.insert - <==    Updates: 1
17:36:57.769 [main] DEBUG c.e.j.m.B.deleteCategoriesByBookId - ==>  Preparing: DELETE FROM books_categories bc WHERE bc.book_id = ?
17:36:57.770 [main] DEBUG c.e.j.m.B.deleteCategoriesByBookId - ==> Parameters: 1(Long)
17:36:57.770 [main] DEBUG c.e.j.m.B.deleteCategoriesByBookId - <==    Updates: 0
17:36:57.783 [main] DEBUG c.e.j.m.B.insertBookCategories - ==>  Preparing: INSERT INTO books_categories (book_id, category_id) VALUES (?, ?) , (?, ?)
17:36:57.784 [main] DEBUG c.e.j.m.B.insertBookCategories - ==> Parameters: 1(Long), 1(Long), 1(Long), 3(Long)
17:36:57.785 [main] DEBUG c.e.j.m.B.insertBookCategories - <==    Updates: 2
17:36:57.786 [main] DEBUG c.e.j.mapper.BookMapper.insert - ==>  Preparing: INSERT INTO books (title, isbn, author_id, published_year) VALUES (?, ?, ?, ?)
17:36:57.786 [main] DEBUG c.e.j.mapper.BookMapper.insert - ==> Parameters: Clean Code(String), 9780132350884(String), 2(Long), 2008(Integer)
17:36:57.787 [main] DEBUG c.e.j.mapper.BookMapper.insert - <==    Updates: 1
17:36:57.787 [main] DEBUG c.e.j.m.B.deleteCategoriesByBookId - ==>  Preparing: DELETE FROM books_categories bc WHERE bc.book_id = ?
17:36:57.788 [main] DEBUG c.e.j.m.B.deleteCategoriesByBookId - ==> Parameters: 2(Long)
17:36:57.788 [main] DEBUG c.e.j.m.B.deleteCategoriesByBookId - <==    Updates: 0
17:36:57.788 [main] DEBUG c.e.j.m.B.insertBookCategories - ==>  Preparing: INSERT INTO books_categories (book_id, category_id) VALUES (?, ?)
17:36:57.788 [main] DEBUG c.e.j.m.B.insertBookCategories - ==> Parameters: 2(Long), 3(Long)
17:36:57.788 [main] DEBUG c.e.j.m.B.insertBookCategories - <==    Updates: 1
17:36:57.789 [main] DEBUG c.e.j.mapper.BookMapper.insert - ==>  Preparing: INSERT INTO books (title, isbn, author_id, published_year) VALUES (?, ?, ?, ?)
17:36:57.789 [main] DEBUG c.e.j.mapper.BookMapper.insert - ==> Parameters: Domain-Driven Design(String), 9780321125217(String), 3(Long), 2003(Integer)
17:36:57.789 [main] DEBUG c.e.j.mapper.BookMapper.insert - <==    Updates: 1
17:36:57.790 [main] DEBUG c.e.j.m.B.deleteCategoriesByBookId - ==>  Preparing: DELETE FROM books_categories bc WHERE bc.book_id = ?
17:36:57.790 [main] DEBUG c.e.j.m.B.deleteCategoriesByBookId - ==> Parameters: 3(Long)
17:36:57.790 [main] DEBUG c.e.j.m.B.deleteCategoriesByBookId - <==    Updates: 0
17:36:57.791 [main] DEBUG c.e.j.m.B.insertBookCategories - ==>  Preparing: INSERT INTO books_categories (book_id, category_id) VALUES (?, ?)
17:36:57.791 [main] DEBUG c.e.j.m.B.insertBookCategories - ==> Parameters: 3(Long), 2(Long)
17:36:57.791 [main] DEBUG c.e.j.m.B.insertBookCategories - <==    Updates: 1
17:36:57.792 [main] DEBUG c.e.j.mapper.BookMapper.insert - ==>  Preparing: INSERT INTO books (title, isbn, author_id, published_year) VALUES (?, ?, ?, ?)
17:36:57.793 [main] DEBUG c.e.j.mapper.BookMapper.insert - ==> Parameters: Clean Architecture(String), 9780134494166(String), 2(Long), 2017(Integer)
17:36:57.793 [main] DEBUG c.e.j.mapper.BookMapper.insert - <==    Updates: 1
17:36:57.794 [main] DEBUG c.e.j.m.B.deleteCategoriesByBookId - ==>  Preparing: DELETE FROM books_categories bc WHERE bc.book_id = ?
17:36:57.794 [main] DEBUG c.e.j.m.B.deleteCategoriesByBookId - ==> Parameters: 4(Long)
17:36:57.794 [main] DEBUG c.e.j.m.B.deleteCategoriesByBookId - <==    Updates: 0
17:36:57.795 [main] DEBUG c.e.j.m.B.insertBookCategories - ==>  Preparing: INSERT INTO books_categories (book_id, category_id) VALUES (?, ?) , (?, ?)
17:36:57.795 [main] DEBUG c.e.j.m.B.insertBookCategories - ==> Parameters: 4(Long), 2(Long), 4(Long), 3(Long)
17:36:57.795 [main] DEBUG c.e.j.m.B.insertBookCategories - <==    Updates: 2
17:36:57.796 [main] DEBUG c.e.j.mapper.BookMapper.insert - ==>  Preparing: INSERT INTO books (title, isbn, author_id, published_year) VALUES (?, ?, ?, ?)
17:36:57.796 [main] DEBUG c.e.j.mapper.BookMapper.insert - ==> Parameters: Java Concurrency in Practice(String), 9780321349606(String), 1(Long), 2006(Integer)
17:36:57.796 [main] DEBUG c.e.j.mapper.BookMapper.insert - <==    Updates: 1
17:36:57.797 [main] DEBUG c.e.j.m.B.deleteCategoriesByBookId - ==>  Preparing: DELETE FROM books_categories bc WHERE bc.book_id = ?
17:36:57.797 [main] DEBUG c.e.j.m.B.deleteCategoriesByBookId - ==> Parameters: 5(Long)
17:36:57.797 [main] DEBUG c.e.j.m.B.deleteCategoriesByBookId - <==    Updates: 0
17:36:57.798 [main] DEBUG c.e.j.m.B.insertBookCategories - ==>  Preparing: INSERT INTO books_categories (book_id, category_id) VALUES (?, ?)
17:36:57.798 [main] DEBUG c.e.j.m.B.insertBookCategories - ==> Parameters: 5(Long), 1(Long)
17:36:57.798 [main] DEBUG c.e.j.m.B.insertBookCategories - <==    Updates: 1
17:36:57.799 [main] DEBUG c.e.j.mapper.BookMapper.insert - ==>  Preparing: INSERT INTO books (title, isbn, author_id, published_year) VALUES (?, ?, ?, ?)
17:36:57.799 [main] DEBUG c.e.j.mapper.BookMapper.insert - ==> Parameters: Java Concurrency in Practice(String), 9780321349606(String), 1(Long), 2006(Integer)
17:36:57.799 [main] DEBUG c.e.j.mapper.BookMapper.insert - <==    Updates: 1
17:36:57.800 [main] DEBUG c.e.j.m.B.deleteCategoriesByBookId - ==>  Preparing: DELETE FROM books_categories bc WHERE bc.book_id = ?
17:36:57.801 [main] DEBUG c.e.j.m.B.deleteCategoriesByBookId - ==> Parameters: 6(Long)
17:36:57.801 [main] DEBUG c.e.j.m.B.deleteCategoriesByBookId - <==    Updates: 0
17:36:57.801 [main] DEBUG c.e.j.m.B.insertBookCategories - ==>  Preparing: INSERT INTO books_categories (book_id, category_id) VALUES (?, ?)
17:36:57.802 [main] DEBUG c.e.j.m.B.insertBookCategories - ==> Parameters: 6(Long), 1(Long)
17:36:57.802 [main] DEBUG c.e.j.m.B.insertBookCategories - <==    Updates: 1
17:36:57.803 [main] DEBUG c.e.j.mapper.BookMapper.insert - ==>  Preparing: INSERT INTO books (title, isbn, author_id, published_year) VALUES (?, ?, ?, ?)
17:36:57.803 [main] DEBUG c.e.j.mapper.BookMapper.insert - ==> Parameters: Java Concurrency in Practice(String), 9780321349606(String), 1(Long), 2006(Integer)
17:36:57.803 [main] DEBUG c.e.j.mapper.BookMapper.insert - <==    Updates: 1
17:36:57.804 [main] DEBUG c.e.j.m.B.deleteCategoriesByBookId - ==>  Preparing: DELETE FROM books_categories bc WHERE bc.book_id = ?
17:36:57.804 [main] DEBUG c.e.j.m.B.deleteCategoriesByBookId - ==> Parameters: 7(Long)
17:36:57.804 [main] DEBUG c.e.j.m.B.deleteCategoriesByBookId - <==    Updates: 0
17:36:57.805 [main] DEBUG c.e.j.m.B.insertBookCategories - ==>  Preparing: INSERT INTO books_categories (book_id, category_id) VALUES (?, ?)
17:36:57.805 [main] DEBUG c.e.j.m.B.insertBookCategories - ==> Parameters: 7(Long), 1(Long)
17:36:57.805 [main] DEBUG c.e.j.m.B.insertBookCategories - <==    Updates: 1
17:36:57.806 [main] DEBUG c.e.j.mapper.BookMapper.insert - ==>  Preparing: INSERT INTO books (title, isbn, author_id, published_year) VALUES (?, ?, ?, ?)
17:36:57.806 [main] DEBUG c.e.j.mapper.BookMapper.insert - ==> Parameters: Java Concurrency in Practice(String), 9780321349606(String), 1(Long), 2006(Integer)
17:36:57.806 [main] DEBUG c.e.j.mapper.BookMapper.insert - <==    Updates: 1
17:36:57.807 [main] DEBUG c.e.j.m.B.deleteCategoriesByBookId - ==>  Preparing: DELETE FROM books_categories bc WHERE bc.book_id = ?
17:36:57.807 [main] DEBUG c.e.j.m.B.deleteCategoriesByBookId - ==> Parameters: 8(Long)
17:36:57.807 [main] DEBUG c.e.j.m.B.deleteCategoriesByBookId - <==    Updates: 0
17:36:57.807 [main] DEBUG c.e.j.m.B.insertBookCategories - ==>  Preparing: INSERT INTO books_categories (book_id, category_id) VALUES (?, ?)
17:36:57.808 [main] DEBUG c.e.j.m.B.insertBookCategories - ==> Parameters: 8(Long), 1(Long)
17:36:57.808 [main] DEBUG c.e.j.m.B.insertBookCategories - <==    Updates: 1
17:36:57.810 [main] DEBUG c.e.j.mapper.BookMapper.insert - ==>  Preparing: INSERT INTO books (title, isbn, author_id, published_year) VALUES (?, ?, ?, ?)
17:36:57.810 [main] DEBUG c.e.j.mapper.BookMapper.insert - ==> Parameters: Java Concurrency in Practice(String), 9780321349606(String), 1(Long), 2006(Integer)
17:36:57.811 [main] DEBUG c.e.j.mapper.BookMapper.insert - <==    Updates: 1
17:36:57.812 [main] DEBUG c.e.j.m.B.deleteCategoriesByBookId - ==>  Preparing: DELETE FROM books_categories bc WHERE bc.book_id = ?
17:36:57.812 [main] DEBUG c.e.j.m.B.deleteCategoriesByBookId - ==> Parameters: 9(Long)
17:36:57.813 [main] DEBUG c.e.j.m.B.deleteCategoriesByBookId - <==    Updates: 0
17:36:57.813 [main] DEBUG c.e.j.m.B.insertBookCategories - ==>  Preparing: INSERT INTO books_categories (book_id, category_id) VALUES (?, ?)
17:36:57.813 [main] DEBUG c.e.j.m.B.insertBookCategories - ==> Parameters: 9(Long), 1(Long)
17:36:57.814 [main] DEBUG c.e.j.m.B.insertBookCategories - <==    Updates: 1
17:36:57.814 [main] DEBUG c.e.j.mapper.BookMapper.insert - ==>  Preparing: INSERT INTO books (title, isbn, author_id, published_year) VALUES (?, ?, ?, ?)
17:36:57.815 [main] DEBUG c.e.j.mapper.BookMapper.insert - ==> Parameters: Java Concurrency in Practice(String), 9780321349606(String), 1(Long), 2006(Integer)
17:36:57.816 [main] DEBUG c.e.j.mapper.BookMapper.insert - <==    Updates: 1
17:36:57.816 [main] DEBUG c.e.j.m.B.deleteCategoriesByBookId - ==>  Preparing: DELETE FROM books_categories bc WHERE bc.book_id = ?
17:36:57.817 [main] DEBUG c.e.j.m.B.deleteCategoriesByBookId - ==> Parameters: 10(Long)
17:36:57.817 [main] DEBUG c.e.j.m.B.deleteCategoriesByBookId - <==    Updates: 0
17:36:57.817 [main] DEBUG c.e.j.m.B.insertBookCategories - ==>  Preparing: INSERT INTO books_categories (book_id, category_id) VALUES (?, ?)
17:36:57.817 [main] DEBUG c.e.j.m.B.insertBookCategories - ==> Parameters: 10(Long), 1(Long)
17:36:57.818 [main] DEBUG c.e.j.m.B.insertBookCategories - <==    Updates: 1
17:36:57.818 [main] DEBUG c.e.j.mapper.BookMapper.insert - ==>  Preparing: INSERT INTO books (title, isbn, author_id, published_year) VALUES (?, ?, ?, ?)
17:36:57.819 [main] DEBUG c.e.j.mapper.BookMapper.insert - ==> Parameters: Java Concurrency in Practice(String), 9780321349606(String), 1(Long), 2006(Integer)
17:36:57.820 [main] DEBUG c.e.j.mapper.BookMapper.insert - <==    Updates: 1
17:36:57.820 [main] DEBUG c.e.j.m.B.deleteCategoriesByBookId - ==>  Preparing: DELETE FROM books_categories bc WHERE bc.book_id = ?
17:36:57.820 [main] DEBUG c.e.j.m.B.deleteCategoriesByBookId - ==> Parameters: 11(Long)
17:36:57.820 [main] DEBUG c.e.j.m.B.deleteCategoriesByBookId - <==    Updates: 0
17:36:57.820 [main] DEBUG c.e.j.m.B.insertBookCategories - ==>  Preparing: INSERT INTO books_categories (book_id, category_id) VALUES (?, ?)
17:36:57.820 [main] DEBUG c.e.j.m.B.insertBookCategories - ==> Parameters: 11(Long), 1(Long)
17:36:57.820 [main] DEBUG c.e.j.m.B.insertBookCategories - <==    Updates: 1
17:36:57.821 [main] DEBUG c.e.j.mapper.BookMapper.insert - ==>  Preparing: INSERT INTO books (title, isbn, author_id, published_year) VALUES (?, ?, ?, ?)
17:36:57.821 [main] DEBUG c.e.j.mapper.BookMapper.insert - ==> Parameters: Java Concurrency in Practice(String), 9780321349606(String), 1(Long), 2006(Integer)
17:36:57.821 [main] DEBUG c.e.j.mapper.BookMapper.insert - <==    Updates: 1
17:36:57.822 [main] DEBUG c.e.j.m.B.deleteCategoriesByBookId - ==>  Preparing: DELETE FROM books_categories bc WHERE bc.book_id = ?
17:36:57.822 [main] DEBUG c.e.j.m.B.deleteCategoriesByBookId - ==> Parameters: 12(Long)
17:36:57.822 [main] DEBUG c.e.j.m.B.deleteCategoriesByBookId - <==    Updates: 0
17:36:57.823 [main] DEBUG c.e.j.m.B.insertBookCategories - ==>  Preparing: INSERT INTO books_categories (book_id, category_id) VALUES (?, ?)
17:36:57.823 [main] DEBUG c.e.j.m.B.insertBookCategories - ==> Parameters: 12(Long), 1(Long)
17:36:57.823 [main] DEBUG c.e.j.m.B.insertBookCategories - <==    Updates: 1
17:36:57.823 [main] DEBUG c.e.j.mapper.BookMapper.insert - ==>  Preparing: INSERT INTO books (title, isbn, author_id, published_year) VALUES (?, ?, ?, ?)
17:36:57.824 [main] DEBUG c.e.j.mapper.BookMapper.insert - ==> Parameters: Java Concurrency in Practice(String), 9780321349606(String), 1(Long), 2006(Integer)
17:36:57.824 [main] DEBUG c.e.j.mapper.BookMapper.insert - <==    Updates: 1
17:36:57.824 [main] DEBUG c.e.j.m.B.deleteCategoriesByBookId - ==>  Preparing: DELETE FROM books_categories bc WHERE bc.book_id = ?
17:36:57.824 [main] DEBUG c.e.j.m.B.deleteCategoriesByBookId - ==> Parameters: 13(Long)
17:36:57.824 [main] DEBUG c.e.j.m.B.deleteCategoriesByBookId - <==    Updates: 0
17:36:57.826 [main] DEBUG c.e.j.m.B.insertBookCategories - ==>  Preparing: INSERT INTO books_categories (book_id, category_id) VALUES (?, ?)
17:36:57.826 [main] DEBUG c.e.j.m.B.insertBookCategories - ==> Parameters: 13(Long), 1(Long)
17:36:57.826 [main] DEBUG c.e.j.m.B.insertBookCategories - <==    Updates: 1
17:36:57.827 [main] DEBUG c.e.j.mapper.BookMapper.insert - ==>  Preparing: INSERT INTO books (title, isbn, author_id, published_year) VALUES (?, ?, ?, ?)
17:36:57.827 [main] DEBUG c.e.j.mapper.BookMapper.insert - ==> Parameters: Java Concurrency in Practice(String), 9780321349606(String), 1(Long), 2006(Integer)
17:36:57.827 [main] DEBUG c.e.j.mapper.BookMapper.insert - <==    Updates: 1
17:36:57.828 [main] DEBUG c.e.j.m.B.deleteCategoriesByBookId - ==>  Preparing: DELETE FROM books_categories bc WHERE bc.book_id = ?
17:36:57.828 [main] DEBUG c.e.j.m.B.deleteCategoriesByBookId - ==> Parameters: 14(Long)
17:36:57.829 [main] DEBUG c.e.j.m.B.deleteCategoriesByBookId - <==    Updates: 0
17:36:57.829 [main] DEBUG c.e.j.m.B.insertBookCategories - ==>  Preparing: INSERT INTO books_categories (book_id, category_id) VALUES (?, ?)
17:36:57.829 [main] DEBUG c.e.j.m.B.insertBookCategories - ==> Parameters: 14(Long), 1(Long)
17:36:57.829 [main] DEBUG c.e.j.m.B.insertBookCategories - <==    Updates: 1
17:36:57.830 [main] DEBUG c.e.j.mapper.BookMapper.insert - ==>  Preparing: INSERT INTO books (title, isbn, author_id, published_year) VALUES (?, ?, ?, ?)
17:36:57.830 [main] DEBUG c.e.j.mapper.BookMapper.insert - ==> Parameters: Java Concurrency in Practice(String), 9780321349606(String), 1(Long), 2006(Integer)
17:36:57.830 [main] DEBUG c.e.j.mapper.BookMapper.insert - <==    Updates: 1
17:36:57.831 [main] DEBUG c.e.j.m.B.deleteCategoriesByBookId - ==>  Preparing: DELETE FROM books_categories bc WHERE bc.book_id = ?
17:36:57.831 [main] DEBUG c.e.j.m.B.deleteCategoriesByBookId - ==> Parameters: 15(Long)
17:36:57.832 [main] DEBUG c.e.j.m.B.deleteCategoriesByBookId - <==    Updates: 0
17:36:57.832 [main] DEBUG c.e.j.m.B.insertBookCategories - ==>  Preparing: INSERT INTO books_categories (book_id, category_id) VALUES (?, ?)
17:36:57.832 [main] DEBUG c.e.j.m.B.insertBookCategories - ==> Parameters: 15(Long), 1(Long)
17:36:57.832 [main] DEBUG c.e.j.m.B.insertBookCategories - <==    Updates: 1
17:36:57.833 [main] DEBUG c.e.j.mapper.BookMapper.insert - ==>  Preparing: INSERT INTO books (title, isbn, author_id, published_year) VALUES (?, ?, ?, ?)
17:36:57.833 [main] DEBUG c.e.j.mapper.BookMapper.insert - ==> Parameters: Java Concurrency in Practice(String), 9780321349606(String), 1(Long), 2006(Integer)
17:36:57.833 [main] DEBUG c.e.j.mapper.BookMapper.insert - <==    Updates: 1
17:36:57.834 [main] DEBUG c.e.j.m.B.deleteCategoriesByBookId - ==>  Preparing: DELETE FROM books_categories bc WHERE bc.book_id = ?
17:36:57.834 [main] DEBUG c.e.j.m.B.deleteCategoriesByBookId - ==> Parameters: 16(Long)
17:36:57.834 [main] DEBUG c.e.j.m.B.deleteCategoriesByBookId - <==    Updates: 0
17:36:57.834 [main] DEBUG c.e.j.m.B.insertBookCategories - ==>  Preparing: INSERT INTO books_categories (book_id, category_id) VALUES (?, ?)
17:36:57.834 [main] DEBUG c.e.j.m.B.insertBookCategories - ==> Parameters: 16(Long), 1(Long)
17:36:57.834 [main] DEBUG c.e.j.m.B.insertBookCategories - <==    Updates: 1
17:36:57.836 [main] DEBUG c.e.j.mapper.BookMapper.insert - ==>  Preparing: INSERT INTO books (title, isbn, author_id, published_year) VALUES (?, ?, ?, ?)
17:36:57.836 [main] DEBUG c.e.j.mapper.BookMapper.insert - ==> Parameters: Java Concurrency in Practice(String), 9780321349606(String), 1(Long), 2006(Integer)
17:36:57.836 [main] DEBUG c.e.j.mapper.BookMapper.insert - <==    Updates: 1
17:36:57.837 [main] DEBUG c.e.j.m.B.deleteCategoriesByBookId - ==>  Preparing: DELETE FROM books_categories bc WHERE bc.book_id = ?
17:36:57.837 [main] DEBUG c.e.j.m.B.deleteCategoriesByBookId - ==> Parameters: 17(Long)
17:36:57.837 [main] DEBUG c.e.j.m.B.deleteCategoriesByBookId - <==    Updates: 0
17:36:57.837 [main] DEBUG c.e.j.m.B.insertBookCategories - ==>  Preparing: INSERT INTO books_categories (book_id, category_id) VALUES (?, ?)
17:36:57.837 [main] DEBUG c.e.j.m.B.insertBookCategories - ==> Parameters: 17(Long), 1(Long)
17:36:57.838 [main] DEBUG c.e.j.m.B.insertBookCategories - <==    Updates: 1
17:36:57.838 [main] DEBUG c.e.j.mapper.BookMapper.insert - ==>  Preparing: INSERT INTO books (title, isbn, author_id, published_year) VALUES (?, ?, ?, ?)
17:36:57.839 [main] DEBUG c.e.j.mapper.BookMapper.insert - ==> Parameters: Java Concurrency in Practice(String), 9780321349606(String), 1(Long), 2006(Integer)
17:36:57.839 [main] DEBUG c.e.j.mapper.BookMapper.insert - <==    Updates: 1
17:36:57.839 [main] DEBUG c.e.j.m.B.deleteCategoriesByBookId - ==>  Preparing: DELETE FROM books_categories bc WHERE bc.book_id = ?
17:36:57.840 [main] DEBUG c.e.j.m.B.deleteCategoriesByBookId - ==> Parameters: 18(Long)
17:36:57.840 [main] DEBUG c.e.j.m.B.deleteCategoriesByBookId - <==    Updates: 0
17:36:57.840 [main] DEBUG c.e.j.m.B.insertBookCategories - ==>  Preparing: INSERT INTO books_categories (book_id, category_id) VALUES (?, ?)
17:36:57.840 [main] DEBUG c.e.j.m.B.insertBookCategories - ==> Parameters: 18(Long), 1(Long)
17:36:57.841 [main] DEBUG c.e.j.m.B.insertBookCategories - <==    Updates: 1
17:36:57.841 [main] DEBUG c.e.j.mapper.BookMapper.insert - ==>  Preparing: INSERT INTO books (title, isbn, author_id, published_year) VALUES (?, ?, ?, ?)
17:36:57.841 [main] DEBUG c.e.j.mapper.BookMapper.insert - ==> Parameters: Java Concurrency in Practice(String), 9780321349606(String), 1(Long), 2006(Integer)
17:36:57.841 [main] DEBUG c.e.j.mapper.BookMapper.insert - <==    Updates: 1
17:36:57.842 [main] DEBUG c.e.j.m.B.deleteCategoriesByBookId - ==>  Preparing: DELETE FROM books_categories bc WHERE bc.book_id = ?
17:36:57.842 [main] DEBUG c.e.j.m.B.deleteCategoriesByBookId - ==> Parameters: 19(Long)
17:36:57.842 [main] DEBUG c.e.j.m.B.deleteCategoriesByBookId - <==    Updates: 0
17:36:57.842 [main] DEBUG c.e.j.m.B.insertBookCategories - ==>  Preparing: INSERT INTO books_categories (book_id, category_id) VALUES (?, ?)
17:36:57.843 [main] DEBUG c.e.j.m.B.insertBookCategories - ==> Parameters: 19(Long), 1(Long)
17:36:57.843 [main] DEBUG c.e.j.m.B.insertBookCategories - <==    Updates: 1
17:36:57.843 [main] DEBUG c.e.j.mapper.BookMapper.insert - ==>  Preparing: INSERT INTO books (title, isbn, author_id, published_year) VALUES (?, ?, ?, ?)
17:36:57.844 [main] DEBUG c.e.j.mapper.BookMapper.insert - ==> Parameters: Java Concurrency in Practice(String), 9780321349606(String), 1(Long), 2006(Integer)
17:36:57.844 [main] DEBUG c.e.j.mapper.BookMapper.insert - <==    Updates: 1
17:36:57.844 [main] DEBUG c.e.j.m.B.deleteCategoriesByBookId - ==>  Preparing: DELETE FROM books_categories bc WHERE bc.book_id = ?
17:36:57.844 [main] DEBUG c.e.j.m.B.deleteCategoriesByBookId - ==> Parameters: 20(Long)
17:36:57.845 [main] DEBUG c.e.j.m.B.deleteCategoriesByBookId - <==    Updates: 0
17:36:57.845 [main] DEBUG c.e.j.m.B.insertBookCategories - ==>  Preparing: INSERT INTO books_categories (book_id, category_id) VALUES (?, ?)
17:36:57.845 [main] DEBUG c.e.j.m.B.insertBookCategories - ==> Parameters: 20(Long), 1(Long)
17:36:57.845 [main] DEBUG c.e.j.m.B.insertBookCategories - <==    Updates: 1
17:36:57.846 [main] DEBUG c.e.j.mapper.BookMapper.insert - ==>  Preparing: INSERT INTO books (title, isbn, author_id, published_year) VALUES (?, ?, ?, ?)
17:36:57.846 [main] DEBUG c.e.j.mapper.BookMapper.insert - ==> Parameters: Java Concurrency in Practice(String), 9780321349606(String), 1(Long), 2006(Integer)
17:36:57.846 [main] DEBUG c.e.j.mapper.BookMapper.insert - <==    Updates: 1
17:36:57.847 [main] DEBUG c.e.j.m.B.deleteCategoriesByBookId - ==>  Preparing: DELETE FROM books_categories bc WHERE bc.book_id = ?
17:36:57.847 [main] DEBUG c.e.j.m.B.deleteCategoriesByBookId - ==> Parameters: 21(Long)
17:36:57.847 [main] DEBUG c.e.j.m.B.deleteCategoriesByBookId - <==    Updates: 0
17:36:57.847 [main] DEBUG c.e.j.m.B.insertBookCategories - ==>  Preparing: INSERT INTO books_categories (book_id, category_id) VALUES (?, ?)
17:36:57.847 [main] DEBUG c.e.j.m.B.insertBookCategories - ==> Parameters: 21(Long), 1(Long)
17:36:57.847 [main] DEBUG c.e.j.m.B.insertBookCategories - <==    Updates: 1
17:36:57.848 [main] DEBUG c.e.j.mapper.BookMapper.insert - ==>  Preparing: INSERT INTO books (title, isbn, author_id, published_year) VALUES (?, ?, ?, ?)
17:36:57.848 [main] DEBUG c.e.j.mapper.BookMapper.insert - ==> Parameters: Java Concurrency in Practice(String), 9780321349606(String), 1(Long), 2006(Integer)
17:36:57.848 [main] DEBUG c.e.j.mapper.BookMapper.insert - <==    Updates: 1
17:36:57.849 [main] DEBUG c.e.j.m.B.deleteCategoriesByBookId - ==>  Preparing: DELETE FROM books_categories bc WHERE bc.book_id = ?
17:36:57.849 [main] DEBUG c.e.j.m.B.deleteCategoriesByBookId - ==> Parameters: 22(Long)
17:36:57.849 [main] DEBUG c.e.j.m.B.deleteCategoriesByBookId - <==    Updates: 0
17:36:57.849 [main] DEBUG c.e.j.m.B.insertBookCategories - ==>  Preparing: INSERT INTO books_categories (book_id, category_id) VALUES (?, ?)
17:36:57.850 [main] DEBUG c.e.j.m.B.insertBookCategories - ==> Parameters: 22(Long), 1(Long)
17:36:57.850 [main] DEBUG c.e.j.m.B.insertBookCategories - <==    Updates: 1
17:36:57.850 [main] DEBUG c.e.j.mapper.BookMapper.insert - ==>  Preparing: INSERT INTO books (title, isbn, author_id, published_year) VALUES (?, ?, ?, ?)
17:36:57.850 [main] DEBUG c.e.j.mapper.BookMapper.insert - ==> Parameters: Java Concurrency in Practice(String), 9780321349606(String), 1(Long), 2006(Integer)
17:36:57.851 [main] DEBUG c.e.j.mapper.BookMapper.insert - <==    Updates: 1
17:36:57.851 [main] DEBUG c.e.j.m.B.deleteCategoriesByBookId - ==>  Preparing: DELETE FROM books_categories bc WHERE bc.book_id = ?
17:36:57.851 [main] DEBUG c.e.j.m.B.deleteCategoriesByBookId - ==> Parameters: 23(Long)
17:36:57.851 [main] DEBUG c.e.j.m.B.deleteCategoriesByBookId - <==    Updates: 0
17:36:57.852 [main] DEBUG c.e.j.m.B.insertBookCategories - ==>  Preparing: INSERT INTO books_categories (book_id, category_id) VALUES (?, ?)
17:36:57.852 [main] DEBUG c.e.j.m.B.insertBookCategories - ==> Parameters: 23(Long), 1(Long)
17:36:57.852 [main] DEBUG c.e.j.m.B.insertBookCategories - <==    Updates: 1
17:36:57.852 [main] DEBUG c.e.j.mapper.BookMapper.insert - ==>  Preparing: INSERT INTO books (title, isbn, author_id, published_year) VALUES (?, ?, ?, ?)
17:36:57.852 [main] DEBUG c.e.j.mapper.BookMapper.insert - ==> Parameters: Java Concurrency in Practice(String), 9780321349606(String), 1(Long), 2006(Integer)
17:36:57.852 [main] DEBUG c.e.j.mapper.BookMapper.insert - <==    Updates: 1
17:36:57.853 [main] DEBUG c.e.j.m.B.deleteCategoriesByBookId - ==>  Preparing: DELETE FROM books_categories bc WHERE bc.book_id = ?
17:36:57.853 [main] DEBUG c.e.j.m.B.deleteCategoriesByBookId - ==> Parameters: 24(Long)
17:36:57.853 [main] DEBUG c.e.j.m.B.deleteCategoriesByBookId - <==    Updates: 0
17:36:57.853 [main] DEBUG c.e.j.m.B.insertBookCategories - ==>  Preparing: INSERT INTO books_categories (book_id, category_id) VALUES (?, ?)
17:36:57.853 [main] DEBUG c.e.j.m.B.insertBookCategories - ==> Parameters: 24(Long), 1(Long)
17:36:57.853 [main] DEBUG c.e.j.m.B.insertBookCategories - <==    Updates: 1
17:36:57.856 [main] DEBUG c.e.j.mapper.UserMapper.findByEmail - ==>  Preparing: SELECT * FROM users u WHERE u.email = ?
17:36:57.856 [main] DEBUG c.e.j.mapper.UserMapper.findByEmail - ==> Parameters: user@example.com(String)
17:36:57.867 [main] DEBUG c.e.j.mapper.UserMapper.findByEmail - <==      Total: 0
17:36:57.932 [main] DEBUG c.e.j.mapper.UserMapper.insert - ==>  Preparing: INSERT INTO users (email, name, password_hash, role) VALUES (?, ?, ?, ?)
17:36:57.933 [main] DEBUG c.e.j.mapper.UserMapper.insert - ==> Parameters: user@example.com(String), 測試使用者(String), $2a$10$y1DPwXXqvIj7M.u5s/BfJemyANkikoNCBZpU5t0.oNKcw1Xu5Lkui(String), USER(String)
17:36:57.934 [main] DEBUG c.e.j.mapper.UserMapper.insert - <==    Updates: 1
17:36:57.934 [main] INFO  c.e.j.service.AuthServiceImpl - 新使用者註冊：userId=1, email=user@example.com
17:36:57.992 [main] DEBUG c.e.j.mapper.UserMapper.insert - ==>  Preparing: INSERT INTO users (email, name, password_hash, role) VALUES (?, ?, ?, ?)
17:36:57.992 [main] DEBUG c.e.j.mapper.UserMapper.insert - ==> Parameters: admin@example.com(String), 管理員(String), $2a$10$gIyXk4KITNt91pb1dN9fXue2pQUT9CR9HF36y3U1egimz4xlM3Loe(String), ADMIN(String)
17:36:57.993 [main] DEBUG c.e.j.mapper.UserMapper.insert - <==    Updates: 1
17:36:58.048 [main] DEBUG c.e.j.mapper.UserMapper.insert - ==>  Preparing: INSERT INTO users (email, name, password_hash, role) VALUES (?, ?, ?, ?)
17:36:58.048 [main] DEBUG c.e.j.mapper.UserMapper.insert - ==> Parameters: procurement@example.com(String), 採購人員(String), $2a$10$2i18EyYjd5s3sfixjjV8nO8y4XNlagA/Ky2.jCT/2QIF1j2sbwMa2(String), PROCUREMENT(String)
17:36:58.049 [main] DEBUG c.e.j.mapper.UserMapper.insert - <==    Updates: 1
17:36:58.054 [main] DEBUG c.e.j.m.BookRequestMapper.insert - ==>  Preparing: INSERT INTO book_requests (requester_id, status, requested_at) VALUES (?, ?, ?)
17:36:58.056 [main] DEBUG c.e.j.m.BookRequestMapper.insert - ==> Parameters: 1(Long), PENDING(String), 2026-09-09T17:36:58.054747200(LocalDateTime)
17:36:58.056 [main] DEBUG c.e.j.m.BookRequestMapper.insert - <==    Updates: 1
17:36:58.057 [main] DEBUG c.e.j.m.BookRequestItemMapper.insert - ==>  Preparing: INSERT INTO book_request_items (book_request_id, title, isbn, author_id, published_year, estimated_price) VALUES (?, ?, ?, ?, ?, ?)
17:36:58.058 [main] DEBUG c.e.j.m.BookRequestItemMapper.insert - ==> Parameters: 1(Long), Refactoring(String), null, null, null, null
17:36:58.058 [main] DEBUG c.e.j.m.BookRequestItemMapper.insert - <==    Updates: 1
17:36:58.058 [main] INFO  c.e.j.service.BookRequestServiceImpl - 送出申請：requestId=1, requesterId=1, 書籍數=1
17:36:58.059 [main] DEBUG c.e.j.m.BookRequestMapper.insert - ==>  Preparing: INSERT INTO book_requests (requester_id, status, requested_at) VALUES (?, ?, ?)
17:36:58.060 [main] DEBUG c.e.j.m.BookRequestMapper.insert - ==> Parameters: 1(Long), PENDING(String), 2026-09-09T17:36:58.059334400(LocalDateTime)
17:36:58.060 [main] DEBUG c.e.j.m.BookRequestMapper.insert - <==    Updates: 1
17:36:58.060 [main] DEBUG c.e.j.m.BookRequestItemMapper.insert - ==>  Preparing: INSERT INTO book_request_items (book_request_id, title, isbn, author_id, published_year, estimated_price) VALUES (?, ?, ?, ?, ?, ?)
17:36:58.060 [main] DEBUG c.e.j.m.BookRequestItemMapper.insert - ==> Parameters: 2(Long), The Pragmatic Programmer(String), 9780135957059(String), null, 2019(Integer), 850(BigDecimal)
17:36:58.061 [main] DEBUG c.e.j.m.BookRequestItemMapper.insert - <==    Updates: 1
17:36:58.061 [main] DEBUG c.e.j.m.BookRequestItemMapper.insert - ==>  Preparing: INSERT INTO book_request_items (book_request_id, title, isbn, author_id, published_year, estimated_price) VALUES (?, ?, ?, ?, ?, ?)
17:36:58.061 [main] DEBUG c.e.j.m.BookRequestItemMapper.insert - ==> Parameters: 2(Long), Head First Design Patterns(String), null, null, null, null
17:36:58.061 [main] DEBUG c.e.j.m.BookRequestItemMapper.insert - <==    Updates: 1
17:36:58.061 [main] INFO  c.e.j.service.BookRequestServiceImpl - 送出申請：requestId=2, requesterId=1, 書籍數=2
17:36:58.062 [main] DEBUG c.e.j.m.BookRequestMapper.insert - ==>  Preparing: INSERT INTO book_requests (requester_id, status, requested_at) VALUES (?, ?, ?)
17:36:58.062 [main] DEBUG c.e.j.m.BookRequestMapper.insert - ==> Parameters: 1(Long), PENDING(String), 2026-09-09T17:36:58.062334900(LocalDateTime)
17:36:58.063 [main] DEBUG c.e.j.m.BookRequestMapper.insert - <==    Updates: 1
17:36:58.063 [main] DEBUG c.e.j.m.BookRequestItemMapper.insert - ==>  Preparing: INSERT INTO book_request_items (book_request_id, title, isbn, author_id, published_year, estimated_price) VALUES (?, ?, ?, ?, ?, ?)
17:36:58.063 [main] DEBUG c.e.j.m.BookRequestItemMapper.insert - ==> Parameters: 3(Long), Test-Driven Development(String), 9780321146533(String), null, 2002(Integer), null
17:36:58.063 [main] DEBUG c.e.j.m.BookRequestItemMapper.insert - <==    Updates: 1
17:36:58.063 [main] INFO  c.e.j.service.BookRequestServiceImpl - 送出申請：requestId=3, requesterId=1, 書籍數=1
17:36:58.064 [main] DEBUG c.e.j.m.BookRequestMapper.insert - ==>  Preparing: INSERT INTO book_requests (requester_id, status, requested_at) VALUES (?, ?, ?)
17:36:58.064 [main] DEBUG c.e.j.m.BookRequestMapper.insert - ==> Parameters: 1(Long), PENDING(String), 2026-09-09T17:36:58.064333900(LocalDateTime)
17:36:58.064 [main] DEBUG c.e.j.m.BookRequestMapper.insert - <==    Updates: 1
17:36:58.064 [main] DEBUG c.e.j.m.BookRequestItemMapper.insert - ==>  Preparing: INSERT INTO book_request_items (book_request_id, title, isbn, author_id, published_year, estimated_price) VALUES (?, ?, ?, ?, ?, ?)
17:36:58.065 [main] DEBUG c.e.j.m.BookRequestItemMapper.insert - ==> Parameters: 4(Long), Working Effectively with Legacy Code(String), null, null, null, null
17:36:58.065 [main] DEBUG c.e.j.m.BookRequestItemMapper.insert - <==    Updates: 1
17:36:58.065 [main] INFO  c.e.j.service.BookRequestServiceImpl - 送出申請：requestId=4, requesterId=1, 書籍數=1
17:36:58.065 [main] DEBUG c.e.j.m.BookRequestMapper.insert - ==>  Preparing: INSERT INTO book_requests (requester_id, status, requested_at) VALUES (?, ?, ?)
17:36:58.065 [main] DEBUG c.e.j.m.BookRequestMapper.insert - ==> Parameters: 1(Long), PENDING(String), 2026-09-09T17:36:58.065335200(LocalDateTime)
17:36:58.065 [main] DEBUG c.e.j.m.BookRequestMapper.insert - <==    Updates: 1
17:36:58.066 [main] DEBUG c.e.j.m.BookRequestItemMapper.insert - ==>  Preparing: INSERT INTO book_request_items (book_request_id, title, isbn, author_id, published_year, estimated_price) VALUES (?, ?, ?, ?, ?, ?)
17:36:58.066 [main] DEBUG c.e.j.m.BookRequestItemMapper.insert - ==> Parameters: 5(Long), Continuous Delivery(String), null, null, null, null
17:36:58.066 [main] DEBUG c.e.j.m.BookRequestItemMapper.insert - <==    Updates: 1
17:36:58.066 [main] INFO  c.e.j.service.BookRequestServiceImpl - 送出申請：requestId=5, requesterId=1, 書籍數=1
17:36:58.067 [main] DEBUG c.e.j.m.BookRequestMapper.insert - ==>  Preparing: INSERT INTO book_requests (requester_id, status, requested_at) VALUES (?, ?, ?)
17:36:58.067 [main] DEBUG c.e.j.m.BookRequestMapper.insert - ==> Parameters: 1(Long), PENDING(String), 2026-09-09T17:36:58.067462900(LocalDateTime)
17:36:58.067 [main] DEBUG c.e.j.m.BookRequestMapper.insert - <==    Updates: 1
17:36:58.067 [main] DEBUG c.e.j.m.BookRequestItemMapper.insert - ==>  Preparing: INSERT INTO book_request_items (book_request_id, title, isbn, author_id, published_year, estimated_price) VALUES (?, ?, ?, ?, ?, ?)
17:36:58.067 [main] DEBUG c.e.j.m.BookRequestItemMapper.insert - ==> Parameters: 6(Long), Site Reliability Engineering(String), null, null, 2016(Integer), 1200(BigDecimal)
17:36:58.068 [main] DEBUG c.e.j.m.BookRequestItemMapper.insert - <==    Updates: 1
17:36:58.068 [main] INFO  c.e.j.service.BookRequestServiceImpl - 送出申請：requestId=6, requesterId=1, 書籍數=1
17:36:58.068 [main] DEBUG c.e.j.m.BookRequestMapper.approve - ==>  Preparing: UPDATE book_requests SET status = 'APPROVED', approver_id = ?, approved_at = ? WHERE id = ? AND status = 'PENDING' AND requester_id != ?
17:36:58.070 [main] DEBUG c.e.j.m.BookRequestMapper.approve - ==> Parameters: 2(Long), 2026-09-09T17:36:58.068462900(LocalDateTime), 6(Long), 2(Long)
17:36:58.071 [main] DEBUG c.e.j.m.BookRequestMapper.approve - <==    Updates: 1
17:36:58.071 [main] DEBUG c.e.j.m.BookRequestMapper.findById - ==>  Preparing: SELECT * FROM book_requests WHERE id = ?
17:36:58.071 [main] DEBUG c.e.j.m.BookRequestMapper.findById - ==> Parameters: 6(Long)
17:36:58.074 [main] DEBUG c.e.j.m.BookRequestMapper.findById - <==      Total: 1
17:36:58.075 [main] DEBUG c.e.j.m.B.findByBookRequestId - ==>  Preparing: SELECT * FROM book_request_items WHERE book_request_id = ?
17:36:58.076 [main] DEBUG c.e.j.m.B.findByBookRequestId - ==> Parameters: 6(Long)
17:36:58.077 [main] DEBUG c.e.j.m.B.findByBookRequestId - <==      Total: 1
17:36:58.078 [main] DEBUG c.e.j.m.ProcurementItemMapper.insert - ==>  Preparing: INSERT INTO procurement_items (book_request_item_id, status) VALUES (?, ?)
17:36:58.079 [main] DEBUG c.e.j.m.ProcurementItemMapper.insert - ==> Parameters: 7(Long), PENDING(String)
17:36:58.079 [main] DEBUG c.e.j.m.ProcurementItemMapper.insert - <==    Updates: 1
17:36:58.079 [main] INFO  c.e.j.service.BookRequestServiceImpl - 申請已核准：requestId=6, approverId=2
17:36:58.080 [main] DEBUG c.e.j.m.BookRequestMapper.insert - ==>  Preparing: INSERT INTO book_requests (requester_id, status, requested_at) VALUES (?, ?, ?)
17:36:58.080 [main] DEBUG c.e.j.m.BookRequestMapper.insert - ==> Parameters: 1(Long), PENDING(String), 2026-09-09T17:36:58.080461100(LocalDateTime)
17:36:58.080 [main] DEBUG c.e.j.m.BookRequestMapper.insert - <==    Updates: 1
17:36:58.080 [main] DEBUG c.e.j.m.BookRequestItemMapper.insert - ==>  Preparing: INSERT INTO book_request_items (book_request_id, title, isbn, author_id, published_year, estimated_price) VALUES (?, ?, ?, ?, ?, ?)
17:36:58.081 [main] DEBUG c.e.j.m.BookRequestItemMapper.insert - ==> Parameters: 7(Long), Database Internals(String), null, null, null, null
17:36:58.081 [main] DEBUG c.e.j.m.BookRequestItemMapper.insert - <==    Updates: 1
17:36:58.081 [main] DEBUG c.e.j.m.BookRequestItemMapper.insert - ==>  Preparing: INSERT INTO book_request_items (book_request_id, title, isbn, author_id, published_year, estimated_price) VALUES (?, ?, ?, ?, ?, ?)
17:36:58.081 [main] DEBUG c.e.j.m.BookRequestItemMapper.insert - ==> Parameters: 7(Long), Designing Data-Intensive Applications(String), 9781449373320(String), null, 2017(Integer), 1500(BigDecimal)
17:36:58.081 [main] DEBUG c.e.j.m.BookRequestItemMapper.insert - <==    Updates: 1
17:36:58.081 [main] INFO  c.e.j.service.BookRequestServiceImpl - 送出申請：requestId=7, requesterId=1, 書籍數=2
17:36:58.081 [main] DEBUG c.e.j.m.BookRequestMapper.approve - ==>  Preparing: UPDATE book_requests SET status = 'APPROVED', approver_id = ?, approved_at = ? WHERE id = ? AND status = 'PENDING' AND requester_id != ?
17:36:58.082 [main] DEBUG c.e.j.m.BookRequestMapper.approve - ==> Parameters: 2(Long), 2026-09-09T17:36:58.081462800(LocalDateTime), 7(Long), 2(Long)
17:36:58.082 [main] DEBUG c.e.j.m.BookRequestMapper.approve - <==    Updates: 1
17:36:58.082 [main] DEBUG c.e.j.m.BookRequestMapper.findById - ==>  Preparing: SELECT * FROM book_requests WHERE id = ?
17:36:58.082 [main] DEBUG c.e.j.m.BookRequestMapper.findById - ==> Parameters: 7(Long)
17:36:58.082 [main] DEBUG c.e.j.m.BookRequestMapper.findById - <==      Total: 1
17:36:58.082 [main] DEBUG c.e.j.m.B.findByBookRequestId - ==>  Preparing: SELECT * FROM book_request_items WHERE book_request_id = ?
17:36:58.084 [main] DEBUG c.e.j.m.B.findByBookRequestId - ==> Parameters: 7(Long)
17:36:58.084 [main] DEBUG c.e.j.m.B.findByBookRequestId - <==      Total: 2
17:36:58.084 [main] DEBUG c.e.j.m.ProcurementItemMapper.insert - ==>  Preparing: INSERT INTO procurement_items (book_request_item_id, status) VALUES (?, ?)
17:36:58.084 [main] DEBUG c.e.j.m.ProcurementItemMapper.insert - ==> Parameters: 8(Long), PENDING(String)
17:36:58.084 [main] DEBUG c.e.j.m.ProcurementItemMapper.insert - <==    Updates: 1
17:36:58.085 [main] DEBUG c.e.j.m.ProcurementItemMapper.insert - ==>  Preparing: INSERT INTO procurement_items (book_request_item_id, status) VALUES (?, ?)
17:36:58.085 [main] DEBUG c.e.j.m.ProcurementItemMapper.insert - ==> Parameters: 9(Long), PENDING(String)
17:36:58.085 [main] DEBUG c.e.j.m.ProcurementItemMapper.insert - <==    Updates: 1
17:36:58.085 [main] INFO  c.e.j.service.BookRequestServiceImpl - 申請已核准：requestId=7, approverId=2
17:36:58.086 [main] DEBUG c.e.j.m.BookRequestMapper.insert - ==>  Preparing: INSERT INTO book_requests (requester_id, status, requested_at) VALUES (?, ?, ?)
17:36:58.086 [main] DEBUG c.e.j.m.BookRequestMapper.insert - ==> Parameters: 1(Long), PENDING(String), 2026-09-09T17:36:58.085684700(LocalDateTime)
17:36:58.086 [main] DEBUG c.e.j.m.BookRequestMapper.insert - <==    Updates: 1
17:36:58.086 [main] DEBUG c.e.j.m.BookRequestItemMapper.insert - ==>  Preparing: INSERT INTO book_request_items (book_request_id, title, isbn, author_id, published_year, estimated_price) VALUES (?, ?, ?, ?, ?, ?)
17:36:58.086 [main] DEBUG c.e.j.m.BookRequestItemMapper.insert - ==> Parameters: 8(Long), The Clean Coder(String), null, null, null, null
17:36:58.086 [main] DEBUG c.e.j.m.BookRequestItemMapper.insert - <==    Updates: 1
17:36:58.086 [main] INFO  c.e.j.service.BookRequestServiceImpl - 送出申請：requestId=8, requesterId=1, 書籍數=1
17:36:58.087 [main] DEBUG c.e.j.m.BookRequestMapper.approve - ==>  Preparing: UPDATE book_requests SET status = 'APPROVED', approver_id = ?, approved_at = ? WHERE id = ? AND status = 'PENDING' AND requester_id != ?
17:36:58.087 [main] DEBUG c.e.j.m.BookRequestMapper.approve - ==> Parameters: 2(Long), 2026-09-09T17:36:58.087684600(LocalDateTime), 8(Long), 2(Long)
17:36:58.087 [main] DEBUG c.e.j.m.BookRequestMapper.approve - <==    Updates: 1
17:36:58.087 [main] DEBUG c.e.j.m.BookRequestMapper.findById - ==>  Preparing: SELECT * FROM book_requests WHERE id = ?
17:36:58.087 [main] DEBUG c.e.j.m.BookRequestMapper.findById - ==> Parameters: 8(Long)
17:36:58.088 [main] DEBUG c.e.j.m.BookRequestMapper.findById - <==      Total: 1
17:36:58.088 [main] DEBUG c.e.j.m.B.findByBookRequestId - ==>  Preparing: SELECT * FROM book_request_items WHERE book_request_id = ?
17:36:58.088 [main] DEBUG c.e.j.m.B.findByBookRequestId - ==> Parameters: 8(Long)
17:36:58.089 [main] DEBUG c.e.j.m.B.findByBookRequestId - <==      Total: 1
17:36:58.089 [main] DEBUG c.e.j.m.ProcurementItemMapper.insert - ==>  Preparing: INSERT INTO procurement_items (book_request_item_id, status) VALUES (?, ?)
17:36:58.089 [main] DEBUG c.e.j.m.ProcurementItemMapper.insert - ==> Parameters: 10(Long), PENDING(String)
17:36:58.089 [main] DEBUG c.e.j.m.ProcurementItemMapper.insert - <==    Updates: 1
17:36:58.089 [main] INFO  c.e.j.service.BookRequestServiceImpl - 申請已核准：requestId=8, approverId=2
17:36:58.090 [main] DEBUG c.e.j.m.BookRequestMapper.insert - ==>  Preparing: INSERT INTO book_requests (requester_id, status, requested_at) VALUES (?, ?, ?)
17:36:58.091 [main] DEBUG c.e.j.m.BookRequestMapper.insert - ==> Parameters: 1(Long), PENDING(String), 2026-09-09T17:36:58.090865700(LocalDateTime)
17:36:58.091 [main] DEBUG c.e.j.m.BookRequestMapper.insert - <==    Updates: 1
17:36:58.093 [main] DEBUG c.e.j.m.BookRequestItemMapper.insert - ==>  Preparing: INSERT INTO book_request_items (book_request_id, title, isbn, author_id, published_year, estimated_price) VALUES (?, ?, ?, ?, ?, ?)
17:36:58.093 [main] DEBUG c.e.j.m.BookRequestItemMapper.insert - ==> Parameters: 9(Long), Release It!(String), null, null, null, null
17:36:58.093 [main] DEBUG c.e.j.m.BookRequestItemMapper.insert - <==    Updates: 1
17:36:58.093 [main] INFO  c.e.j.service.BookRequestServiceImpl - 送出申請：requestId=9, requesterId=1, 書籍數=1
17:36:58.094 [main] DEBUG c.e.j.m.BookRequestMapper.approve - ==>  Preparing: UPDATE book_requests SET status = 'APPROVED', approver_id = ?, approved_at = ? WHERE id = ? AND status = 'PENDING' AND requester_id != ?
17:36:58.095 [main] DEBUG c.e.j.m.BookRequestMapper.approve - ==> Parameters: 2(Long), 2026-09-09T17:36:58.094476700(LocalDateTime), 9(Long), 2(Long)
17:36:58.095 [main] DEBUG c.e.j.m.BookRequestMapper.approve - <==    Updates: 1
17:36:58.095 [main] DEBUG c.e.j.m.BookRequestMapper.findById - ==>  Preparing: SELECT * FROM book_requests WHERE id = ?
17:36:58.095 [main] DEBUG c.e.j.m.BookRequestMapper.findById - ==> Parameters: 9(Long)
17:36:58.096 [main] DEBUG c.e.j.m.BookRequestMapper.findById - <==      Total: 1
17:36:58.096 [main] DEBUG c.e.j.m.B.findByBookRequestId - ==>  Preparing: SELECT * FROM book_request_items WHERE book_request_id = ?
17:36:58.096 [main] DEBUG c.e.j.m.B.findByBookRequestId - ==> Parameters: 9(Long)
17:36:58.096 [main] DEBUG c.e.j.m.B.findByBookRequestId - <==      Total: 1
17:36:58.096 [main] DEBUG c.e.j.m.ProcurementItemMapper.insert - ==>  Preparing: INSERT INTO procurement_items (book_request_item_id, status) VALUES (?, ?)
17:36:58.097 [main] DEBUG c.e.j.m.ProcurementItemMapper.insert - ==> Parameters: 11(Long), PENDING(String)
17:36:58.097 [main] DEBUG c.e.j.m.ProcurementItemMapper.insert - <==    Updates: 1
17:36:58.097 [main] INFO  c.e.j.service.BookRequestServiceImpl - 申請已核准：requestId=9, approverId=2
17:36:58.097 [main] DEBUG c.e.j.m.BookRequestMapper.insert - ==>  Preparing: INSERT INTO book_requests (requester_id, status, requested_at) VALUES (?, ?, ?)
17:36:58.097 [main] DEBUG c.e.j.m.BookRequestMapper.insert - ==> Parameters: 1(Long), PENDING(String), 2026-09-09T17:36:58.097836600(LocalDateTime)
17:36:58.099 [main] DEBUG c.e.j.m.BookRequestMapper.insert - <==    Updates: 1
17:36:58.099 [main] DEBUG c.e.j.m.BookRequestItemMapper.insert - ==>  Preparing: INSERT INTO book_request_items (book_request_id, title, isbn, author_id, published_year, estimated_price) VALUES (?, ?, ?, ?, ?, ?)
17:36:58.099 [main] DEBUG c.e.j.m.BookRequestItemMapper.insert - ==> Parameters: 10(Long), Overpriced Book(String), null, null, null, 99999(BigDecimal)
17:36:58.099 [main] DEBUG c.e.j.m.BookRequestItemMapper.insert - <==    Updates: 1
17:36:58.099 [main] INFO  c.e.j.service.BookRequestServiceImpl - 送出申請：requestId=10, requesterId=1, 書籍數=1
17:36:58.100 [main] DEBUG c.e.j.m.BookRequestMapper.reject - ==>  Preparing: UPDATE book_requests SET status = 'REJECTED', approver_id = ?, approved_at = ? WHERE id = ? AND status = 'PENDING' AND requester_id != ?
17:36:58.101 [main] DEBUG c.e.j.m.BookRequestMapper.reject - ==> Parameters: 2(Long), 2026-09-09T17:36:58.100163400(LocalDateTime), 10(Long), 2(Long)
17:36:58.101 [main] DEBUG c.e.j.m.BookRequestMapper.reject - <==    Updates: 1
17:36:58.101 [main] DEBUG c.e.j.m.BookRequestMapper.findById - ==>  Preparing: SELECT * FROM book_requests WHERE id = ?
17:36:58.101 [main] DEBUG c.e.j.m.BookRequestMapper.findById - ==> Parameters: 10(Long)
17:36:58.102 [main] DEBUG c.e.j.m.BookRequestMapper.findById - <==      Total: 1
17:36:58.102 [main] INFO  c.e.j.service.BookRequestServiceImpl - 申請已拒絕：requestId=10, approverId=2
17:36:58.103 [main] DEBUG c.e.j.m.BookRequestMapper.insert - ==>  Preparing: INSERT INTO book_requests (requester_id, status, requested_at) VALUES (?, ?, ?)
17:36:58.103 [main] DEBUG c.e.j.m.BookRequestMapper.insert - ==> Parameters: 1(Long), PENDING(String), 2026-09-09T17:36:58.103164600(LocalDateTime)
17:36:58.103 [main] DEBUG c.e.j.m.BookRequestMapper.insert - <==    Updates: 1
17:36:58.103 [main] DEBUG c.e.j.m.BookRequestItemMapper.insert - ==>  Preparing: INSERT INTO book_request_items (book_request_id, title, isbn, author_id, published_year, estimated_price) VALUES (?, ?, ?, ?, ?, ?)
17:36:58.104 [main] DEBUG c.e.j.m.BookRequestItemMapper.insert - ==> Parameters: 11(Long), Duplicate Request Example(String), null, null, null, null
17:36:58.104 [main] DEBUG c.e.j.m.BookRequestItemMapper.insert - <==    Updates: 1
17:36:58.104 [main] INFO  c.e.j.service.BookRequestServiceImpl - 送出申請：requestId=11, requesterId=1, 書籍數=1
17:36:58.104 [main] DEBUG c.e.j.m.BookRequestMapper.reject - ==>  Preparing: UPDATE book_requests SET status = 'REJECTED', approver_id = ?, approved_at = ? WHERE id = ? AND status = 'PENDING' AND requester_id != ?
17:36:58.105 [main] DEBUG c.e.j.m.BookRequestMapper.reject - ==> Parameters: 2(Long), 2026-09-09T17:36:58.104165400(LocalDateTime), 11(Long), 2(Long)
17:36:58.106 [main] DEBUG c.e.j.m.BookRequestMapper.reject - <==    Updates: 1
17:36:58.106 [main] DEBUG c.e.j.m.BookRequestMapper.findById - ==>  Preparing: SELECT * FROM book_requests WHERE id = ?
17:36:58.107 [main] DEBUG c.e.j.m.BookRequestMapper.findById - ==> Parameters: 11(Long)
17:36:58.107 [main] DEBUG c.e.j.m.BookRequestMapper.findById - <==      Total: 1
17:36:58.107 [main] INFO  c.e.j.service.BookRequestServiceImpl - 申請已拒絕：requestId=11, approverId=2
17:36:58.108 [main] DEBUG c.e.j.m.BookRequestMapper.insert - ==>  Preparing: INSERT INTO book_requests (requester_id, status, requested_at) VALUES (?, ?, ?)
17:36:58.108 [main] DEBUG c.e.j.m.BookRequestMapper.insert - ==> Parameters: 1(Long), PENDING(String), 2026-09-09T17:36:58.108164600(LocalDateTime)
17:36:58.108 [main] DEBUG c.e.j.m.BookRequestMapper.insert - <==    Updates: 1
17:36:58.108 [main] DEBUG c.e.j.m.BookRequestItemMapper.insert - ==>  Preparing: INSERT INTO book_request_items (book_request_id, title, isbn, author_id, published_year, estimated_price) VALUES (?, ?, ?, ?, ?, ?)
17:36:58.109 [main] DEBUG c.e.j.m.BookRequestItemMapper.insert - ==> Parameters: 12(Long), Out of Scope Book(String), null, null, null, null
17:36:58.109 [main] DEBUG c.e.j.m.BookRequestItemMapper.insert - <==    Updates: 1
17:36:58.109 [main] INFO  c.e.j.service.BookRequestServiceImpl - 送出申請：requestId=12, requesterId=1, 書籍數=1
17:36:58.110 [main] DEBUG c.e.j.m.BookRequestMapper.reject - ==>  Preparing: UPDATE book_requests SET status = 'REJECTED', approver_id = ?, approved_at = ? WHERE id = ? AND status = 'PENDING' AND requester_id != ?
17:36:58.111 [main] DEBUG c.e.j.m.BookRequestMapper.reject - ==> Parameters: 2(Long), 2026-09-09T17:36:58.110164200(LocalDateTime), 12(Long), 2(Long)
17:36:58.111 [main] DEBUG c.e.j.m.BookRequestMapper.reject - <==    Updates: 1
17:36:58.111 [main] DEBUG c.e.j.m.BookRequestMapper.findById - ==>  Preparing: SELECT * FROM book_requests WHERE id = ?
17:36:58.112 [main] DEBUG c.e.j.m.BookRequestMapper.findById - ==> Parameters: 12(Long)
17:36:58.113 [main] DEBUG c.e.j.m.BookRequestMapper.findById - <==      Total: 1
17:36:58.113 [main] INFO  c.e.j.service.BookRequestServiceImpl - 申請已拒絕：requestId=12, approverId=2
17:36:58.114 [main] DEBUG c.e.j.m.B.findByStatus - ==>  Preparing: SELECT * FROM book_requests WHERE status = ? ORDER BY requested_at
17:36:58.114 [main] DEBUG c.e.j.m.B.findByStatus - ==> Parameters: PENDING(String)
17:36:58.115 [main] DEBUG c.e.j.m.B.findByStatus - <==      Total: 5
17:36:58.115 [main] DEBUG c.e.j.m.B.findByStatus - ==>  Preparing: SELECT * FROM book_requests WHERE status = ? ORDER BY requested_at
17:36:58.115 [main] DEBUG c.e.j.m.B.findByStatus - ==> Parameters: APPROVED(String)
17:36:58.116 [main] DEBUG c.e.j.m.B.findByStatus - <==      Total: 4
17:36:58.116 [main] DEBUG c.e.j.m.B.findByStatus - ==>  Preparing: SELECT * FROM book_requests WHERE status = ? ORDER BY requested_at
17:36:58.116 [main] DEBUG c.e.j.m.B.findByStatus - ==> Parameters: REJECTED(String)
17:36:58.117 [main] DEBUG c.e.j.m.B.findByStatus - <==      Total: 3
17:36:58.117 [main] DEBUG c.e.j.m.BookRequestMapper.findAll - ==>  Preparing: SELECT * FROM book_requests
17:36:58.118 [main] DEBUG c.e.j.m.BookRequestMapper.findAll - ==> Parameters: 
17:36:58.118 [main] DEBUG c.e.j.m.BookRequestMapper.findAll - <==      Total: 12
17:36:59.838 [main] WARN  c.e.j.i.RoleAccessInterceptor - 權限不足被擋下：userId=1, role=ADMIN, POST /procurement/1/complete
17:36:59.840 [main] WARN  c.e.j.i.RoleAccessInterceptor - 權限不足被擋下：userId=1, role=USER, POST /procurement/1/complete
17:36:59.846 [main] WARN  c.e.j.i.RoleAccessInterceptor - 權限不足被擋下：userId=1, role=PROCUREMENT, POST /requests/1/approve
17:36:59.847 [main] WARN  c.e.j.i.RoleAccessInterceptor - 權限不足被擋下：userId=1, role=USER, POST /requests/1/reject
17:36:59.849 [main] WARN  c.e.j.i.RoleAccessInterceptor - 權限不足被擋下：userId=1, role=USER, GET /books/new
17:36:59.861 [main] DEBUG c.e.j.mapper.BookMapper.insert - ==>  Preparing: INSERT INTO books (title, isbn, author_id, published_year) VALUES (?, ?, ?, ?)
17:36:59.861 [main] DEBUG c.e.j.mapper.BookMapper.insert - ==> Parameters: Effective Java(String), 978-0134685991(String), 4(Long), 2018(Integer)
17:36:59.862 [main] DEBUG c.e.j.mapper.BookMapper.insert - <==    Updates: 1
17:36:59.863 [main] DEBUG c.e.j.mapper.BookMapper.insert - ==>  Preparing: INSERT INTO books (title, isbn, author_id, published_year) VALUES (?, ?, ?, ?)
17:36:59.863 [main] DEBUG c.e.j.mapper.BookMapper.insert - ==> Parameters: Unrelated Book(String), 9999999999999(String), 4(Long), 2000(Integer)
17:36:59.863 [main] DEBUG c.e.j.mapper.BookMapper.insert - <==    Updates: 1
17:36:59.866 [main] DEBUG c.e.j.mapper.BookMapper.search - ==>  Preparing: SELECT b.id, b.title, b.isbn, b.published_year, a.name AS author_name, c.id AS category_id, c.name AS category_name FROM books b LEFT JOIN authors a ON b.author_id = a.id LEFT JOIN books_categories bc ON bc.book_id = b.id LEFT JOIN categories c ON bc.category_id = c.id WHERE (b.title ILIKE CONCAT('%', ?, '%') OR a.name ILIKE CONCAT('%', ?, '%') OR c.name ILIKE CONCAT('%', ?, '%')) ORDER BY b.id
17:36:59.867 [main] DEBUG c.e.j.mapper.BookMapper.search - ==> Parameters: Effective(String), Effective(String), Effective(String)
17:36:59.869 [main] DEBUG c.e.j.mapper.BookMapper.search - <==      Total: 1
17:36:59.876 [main] DEBUG c.e.j.mapper.BookMapper.insert - ==>  Preparing: INSERT INTO books (title, isbn, author_id, published_year) VALUES (?, ?, ?, ?)
17:36:59.877 [main] DEBUG c.e.j.mapper.BookMapper.insert - ==> Parameters: Effective Java(String), 978-0134685991(String), 5(Long), 2018(Integer)
17:36:59.877 [main] DEBUG c.e.j.mapper.BookMapper.insert - <==    Updates: 1
17:36:59.878 [main] DEBUG c.e.j.m.B.insertBookCategories - ==>  Preparing: INSERT INTO books_categories (book_id, category_id) VALUES (?, ?)
17:36:59.878 [main] DEBUG c.e.j.m.B.insertBookCategories - ==> Parameters: 27(Long), 4(Long)
17:36:59.878 [main] DEBUG c.e.j.m.B.insertBookCategories - <==    Updates: 1
17:36:59.879 [main] DEBUG c.e.j.m.B.findCategoriesById - ==>  Preparing: SELECT c.* FROM categories c JOIN books_categories bc ON bc.category_id = c.id WHERE bc.book_id = ?
17:36:59.880 [main] DEBUG c.e.j.m.B.findCategoriesById - ==> Parameters: 27(Long)
17:36:59.880 [main] DEBUG c.e.j.m.B.findCategoriesById - <==      Total: 1
17:36:59.885 [main] DEBUG c.e.j.mapper.BookMapper.insert - ==>  Preparing: INSERT INTO books (title, isbn, author_id, published_year) VALUES (?, ?, ?, ?)
17:36:59.886 [main] DEBUG c.e.j.mapper.BookMapper.insert - ==> Parameters: Effective Java(String), 978-0134685991(String), 6(Long), 2018(Integer)
17:36:59.886 [main] DEBUG c.e.j.mapper.BookMapper.insert - <==    Updates: 1
17:36:59.886 [main] DEBUG c.e.j.mapper.BookMapper.update - ==>  Preparing: UPDATE books SET title = ?, isbn = ?, author_id = ?, published_year = ? WHERE id = ?
17:36:59.886 [main] DEBUG c.e.j.mapper.BookMapper.update - ==> Parameters: My New Title(String), 978-0134685991(String), 6(Long), 2018(Integer), 28(Long)
17:36:59.886 [main] DEBUG c.e.j.mapper.BookMapper.update - <==    Updates: 1
17:36:59.887 [main] DEBUG c.e.j.mapper.BookMapper.findById - ==>  Preparing: SELECT id, title, isbn, author_id, published_year FROM books WHERE id = ?
17:36:59.887 [main] DEBUG c.e.j.mapper.BookMapper.findById - ==> Parameters: 28(Long)
17:36:59.887 [main] DEBUG c.e.j.mapper.BookMapper.findById - <==      Total: 1
17:36:59.887 [main] DEBUG c.e.j.mapper.BookMapper.findAll - ==>  Preparing: SELECT b.id, b.title, b.isbn, b.published_year, a.name AS author_name, c.id AS category_id, c.name AS category_name FROM books b LEFT JOIN authors a ON b.author_id = a.id LEFT JOIN books_categories bc ON bc.book_id = b.id LEFT JOIN categories c ON bc.category_id = c.id ORDER BY b.id
17:36:59.888 [main] DEBUG c.e.j.mapper.BookMapper.findAll - ==> Parameters: 
17:36:59.888 [main] DEBUG c.e.j.mapper.BookMapper.findAll - <==      Total: 1
17:36:59.894 [main] DEBUG c.e.j.mapper.BookMapper.insert - ==>  Preparing: INSERT INTO books (title, isbn, author_id, published_year) VALUES (?, ?, ?, ?)
17:36:59.894 [main] DEBUG c.e.j.mapper.BookMapper.insert - ==> Parameters: Effective Java(String), 978-0134685991(String), 7(Long), 2018(Integer)
17:36:59.894 [main] DEBUG c.e.j.mapper.BookMapper.insert - <==    Updates: 1
17:36:59.895 [main] DEBUG c.e.j.m.B.insertBookCategories - ==>  Preparing: INSERT INTO books_categories (book_id, category_id) VALUES (?, ?) , (?, ?)
17:36:59.895 [main] DEBUG c.e.j.m.B.insertBookCategories - ==> Parameters: 29(Long), 5(Long), 29(Long), 6(Long)
17:36:59.895 [main] DEBUG c.e.j.m.B.insertBookCategories - <==    Updates: 2
17:36:59.896 [main] DEBUG c.e.j.mapper.BookMapper.insert - ==>  Preparing: INSERT INTO books (title, isbn, author_id, published_year) VALUES (?, ?, ?, ?)
17:36:59.896 [main] DEBUG c.e.j.mapper.BookMapper.insert - ==> Parameters: Effective Java(String), 978-0134685991(String), 7(Long), 2018(Integer)
17:36:59.896 [main] DEBUG c.e.j.mapper.BookMapper.insert - <==    Updates: 1
17:36:59.896 [main] DEBUG c.e.j.mapper.BookMapper.findAll - ==>  Preparing: SELECT b.id, b.title, b.isbn, b.published_year, a.name AS author_name, c.id AS category_id, c.name AS category_name FROM books b LEFT JOIN authors a ON b.author_id = a.id LEFT JOIN books_categories bc ON bc.book_id = b.id LEFT JOIN categories c ON bc.category_id = c.id ORDER BY b.id
17:36:59.897 [main] DEBUG c.e.j.mapper.BookMapper.findAll - ==> Parameters: 
17:36:59.898 [main] DEBUG c.e.j.mapper.BookMapper.findAll - <==      Total: 3
17:36:59.903 [main] DEBUG c.e.j.mapper.BookMapper.insert - ==>  Preparing: INSERT INTO books (title, isbn, author_id, published_year) VALUES (?, ?, ?, ?)
17:36:59.903 [main] DEBUG c.e.j.mapper.BookMapper.insert - ==> Parameters: Effective Java(String), 978-0134685991(String), 8(Long), 2018(Integer)
17:36:59.903 [main] DEBUG c.e.j.mapper.BookMapper.insert - <==    Updates: 1
17:36:59.904 [main] DEBUG c.e.j.m.B.insertBookCategories - ==>  Preparing: INSERT INTO books_categories (book_id, category_id) VALUES (?, ?)
17:36:59.904 [main] DEBUG c.e.j.m.B.insertBookCategories - ==> Parameters: 31(Long), 7(Long)
17:36:59.904 [main] DEBUG c.e.j.m.B.insertBookCategories - <==    Updates: 1
17:36:59.905 [main] DEBUG c.e.j.m.B.deleteCategoriesByBookId - ==>  Preparing: DELETE FROM books_categories bc WHERE bc.book_id = ?
17:36:59.905 [main] DEBUG c.e.j.m.B.deleteCategoriesByBookId - ==> Parameters: 31(Long)
17:36:59.905 [main] DEBUG c.e.j.m.B.deleteCategoriesByBookId - <==    Updates: 1
17:36:59.905 [main] DEBUG c.e.j.m.B.findCategoriesById - ==>  Preparing: SELECT c.* FROM categories c JOIN books_categories bc ON bc.category_id = c.id WHERE bc.book_id = ?
17:36:59.906 [main] DEBUG c.e.j.m.B.findCategoriesById - ==> Parameters: 31(Long)
17:36:59.906 [main] DEBUG c.e.j.m.B.findCategoriesById - <==      Total: 0
17:36:59.911 [main] DEBUG c.e.j.mapper.BookMapper.insert - ==>  Preparing: INSERT INTO books (title, isbn, author_id, published_year) VALUES (?, ?, ?, ?)
17:36:59.911 [main] DEBUG c.e.j.mapper.BookMapper.insert - ==> Parameters: Book With Many Categories(String), null, 9(Long), 2020(Integer)
17:36:59.912 [main] DEBUG c.e.j.mapper.BookMapper.insert - <==    Updates: 1
17:36:59.912 [main] DEBUG c.e.j.m.B.insertBookCategories - ==>  Preparing: INSERT INTO books_categories (book_id, category_id) VALUES (?, ?) , (?, ?) , (?, ?)
17:36:59.912 [main] DEBUG c.e.j.m.B.insertBookCategories - ==> Parameters: 32(Long), 8(Long), 32(Long), 9(Long), 32(Long), 10(Long)
17:36:59.913 [main] DEBUG c.e.j.m.B.insertBookCategories - <==    Updates: 3
17:36:59.913 [main] DEBUG c.e.j.mapper.BookMapper.insert - ==>  Preparing: INSERT INTO books (title, isbn, author_id, published_year) VALUES (?, ?, ?, ?)
17:36:59.913 [main] DEBUG c.e.j.mapper.BookMapper.insert - ==> Parameters: Book Without Categories(String), null, 9(Long), 2021(Integer)
17:36:59.913 [main] DEBUG c.e.j.mapper.BookMapper.insert - <==    Updates: 1
17:36:59.914 [main] DEBUG c.e.j.m.BookMapper.countBySearch - ==>  Preparing: SELECT COUNT(DISTINCT b.id) FROM books b LEFT JOIN authors a ON b.author_id = a.id LEFT JOIN books_categories bc ON bc.book_id = b.id LEFT JOIN categories c ON bc.category_id = c.id
17:36:59.914 [main] DEBUG c.e.j.m.BookMapper.countBySearch - ==> Parameters: 
17:36:59.919 [main] DEBUG c.e.j.m.BookMapper.countBySearch - <==      Total: 1
17:36:59.920 [main] DEBUG c.e.j.m.BookMapper.findIdsBySearch - ==>  Preparing: SELECT DISTINCT b.id FROM books b LEFT JOIN authors a ON b.author_id = a.id LEFT JOIN books_categories bc ON bc.book_id = b.id LEFT JOIN categories c ON bc.category_id = c.id ORDER BY b.id LIMIT ? OFFSET ?
17:36:59.921 [main] DEBUG c.e.j.m.BookMapper.findIdsBySearch - ==> Parameters: 1(Integer), 0(Long)
17:36:59.921 [main] DEBUG c.e.j.m.BookMapper.findIdsBySearch - <==      Total: 1
17:36:59.922 [main] DEBUG c.e.j.mapper.BookMapper.findByIds - ==>  Preparing: SELECT b.id, b.title, b.isbn, b.published_year, a.name AS author_name, c.id AS category_id, c.name AS category_name FROM books b LEFT JOIN authors a ON b.author_id = a.id LEFT JOIN books_categories bc ON bc.book_id = b.id LEFT JOIN categories c ON bc.category_id = c.id WHERE b.id IN ( ? ) ORDER BY b.id
17:36:59.922 [main] DEBUG c.e.j.mapper.BookMapper.findByIds - ==> Parameters: 32(Long)
17:36:59.923 [main] DEBUG c.e.j.mapper.BookMapper.findByIds - <==      Total: 3
17:36:59.923 [main] DEBUG c.e.j.m.BookMapper.findIdsBySearch - ==>  Preparing: SELECT DISTINCT b.id FROM books b LEFT JOIN authors a ON b.author_id = a.id LEFT JOIN books_categories bc ON bc.book_id = b.id LEFT JOIN categories c ON bc.category_id = c.id ORDER BY b.id LIMIT ? OFFSET ?
17:36:59.923 [main] DEBUG c.e.j.m.BookMapper.findIdsBySearch - ==> Parameters: 1(Integer), 1(Long)
17:36:59.924 [main] DEBUG c.e.j.m.BookMapper.findIdsBySearch - <==      Total: 1
17:36:59.928 [main] DEBUG c.e.j.mapper.BookMapper.insert - ==>  Preparing: INSERT INTO books (title, isbn, author_id, published_year) VALUES (?, ?, ?, ?)
17:36:59.928 [main] DEBUG c.e.j.mapper.BookMapper.insert - ==> Parameters: Effective Java(String), 978-0134685991(String), 10(Long), 2018(Integer)
17:36:59.929 [main] DEBUG c.e.j.mapper.BookMapper.insert - <==    Updates: 1
17:36:59.929 [main] DEBUG c.e.j.mapper.BookMapper.insert - ==>  Preparing: INSERT INTO books (title, isbn, author_id, published_year) VALUES (?, ?, ?, ?)
17:36:59.929 [main] DEBUG c.e.j.mapper.BookMapper.insert - ==> Parameters: Clean Code(String), 9780132350884(String), 11(Long), 2008(Integer)
17:36:59.929 [main] DEBUG c.e.j.mapper.BookMapper.insert - <==    Updates: 1
17:36:59.930 [main] DEBUG c.e.j.mapper.BookMapper.search - ==>  Preparing: SELECT b.id, b.title, b.isbn, b.published_year, a.name AS author_name, c.id AS category_id, c.name AS category_name FROM books b LEFT JOIN authors a ON b.author_id = a.id LEFT JOIN books_categories bc ON bc.book_id = b.id LEFT JOIN categories c ON bc.category_id = c.id WHERE (b.title ILIKE CONCAT('%', ?, '%') OR a.name ILIKE CONCAT('%', ?, '%') OR c.name ILIKE CONCAT('%', ?, '%')) ORDER BY b.id
17:36:59.930 [main] DEBUG c.e.j.mapper.BookMapper.search - ==> Parameters: Bloch(String), Bloch(String), Bloch(String)
17:36:59.931 [main] DEBUG c.e.j.mapper.BookMapper.search - <==      Total: 1
17:36:59.935 [main] DEBUG c.e.j.mapper.BookMapper.insert - ==>  Preparing: INSERT INTO books (title, isbn, author_id, published_year) VALUES (?, ?, ?, ?)
17:36:59.935 [main] DEBUG c.e.j.mapper.BookMapper.insert - ==> Parameters: Effective Java(String), 978-0134685991(String), 12(Long), 2018(Integer)
17:36:59.935 [main] DEBUG c.e.j.mapper.BookMapper.insert - <==    Updates: 1
17:36:59.935 [main] DEBUG c.e.j.mapper.BookMapper.insert - ==>  Preparing: INSERT INTO books (title, isbn, author_id, published_year) VALUES (?, ?, ?, ?)
17:36:59.937 [main] DEBUG c.e.j.mapper.BookMapper.insert - ==> Parameters: Unrelated Book(String), 9999999999999(String), 12(Long), 2000(Integer)
17:36:59.937 [main] DEBUG c.e.j.mapper.BookMapper.insert - <==    Updates: 1
17:36:59.937 [main] DEBUG c.e.j.mapper.BookMapper.search - ==>  Preparing: SELECT b.id, b.title, b.isbn, b.published_year, a.name AS author_name, c.id AS category_id, c.name AS category_name FROM books b LEFT JOIN authors a ON b.author_id = a.id LEFT JOIN books_categories bc ON bc.book_id = b.id LEFT JOIN categories c ON bc.category_id = c.id ORDER BY b.id
17:36:59.937 [main] DEBUG c.e.j.mapper.BookMapper.search - ==> Parameters: 
17:36:59.938 [main] DEBUG c.e.j.mapper.BookMapper.search - <==      Total: 2
17:36:59.943 [main] DEBUG c.e.j.mapper.BookMapper.insert - ==>  Preparing: INSERT INTO books (title, isbn, author_id, published_year) VALUES (?, ?, ?, ?)
17:36:59.943 [main] DEBUG c.e.j.mapper.BookMapper.insert - ==> Parameters: Effective Java(String), 978-0134685991(String), 13(Long), 2018(Integer)
17:36:59.943 [main] DEBUG c.e.j.mapper.BookMapper.insert - <==    Updates: 1
17:36:59.944 [main] DEBUG c.e.j.m.B.insertBookCategories - ==>  Preparing: INSERT INTO books_categories (book_id, category_id) VALUES (?, ?)
17:36:59.944 [main] DEBUG c.e.j.m.B.insertBookCategories - ==> Parameters: 38(Long), 11(Long)
17:36:59.944 [main] DEBUG c.e.j.m.B.insertBookCategories - <==    Updates: 1
17:36:59.945 [main] DEBUG c.e.j.m.B.findCategoriesById - ==>  Preparing: SELECT c.* FROM categories c JOIN books_categories bc ON bc.category_id = c.id WHERE bc.book_id = ?
17:36:59.945 [main] DEBUG c.e.j.m.B.findCategoriesById - ==> Parameters: 38(Long)
17:36:59.945 [main] DEBUG c.e.j.m.B.findCategoriesById - <==      Total: 1
17:36:59.951 [main] DEBUG c.e.j.mapper.BookMapper.insert - ==>  Preparing: INSERT INTO books (title, isbn, author_id, published_year) VALUES (?, ?, ?, ?)
17:36:59.951 [main] DEBUG c.e.j.mapper.BookMapper.insert - ==> Parameters: Effective Java(String), 978-0134685991(String), 14(Long), 2018(Integer)
17:36:59.952 [main] DEBUG c.e.j.mapper.BookMapper.insert - <==    Updates: 1
17:36:59.953 [main] DEBUG c.e.j.mapper.BookMapper.insert - ==>  Preparing: INSERT INTO books (title, isbn, author_id, published_year) VALUES (?, ?, ?, ?)
17:36:59.953 [main] DEBUG c.e.j.mapper.BookMapper.insert - ==> Parameters: Effective Java(String), 978-0134685991(String), 14(Long), 2018(Integer)
17:36:59.953 [main] DEBUG c.e.j.mapper.BookMapper.insert - <==    Updates: 1
17:36:59.954 [main] DEBUG c.e.j.m.BookMapper.findByAuthorId - ==>  Preparing: SELECT * FROM books b WHERE b.author_id = ?
17:36:59.954 [main] DEBUG c.e.j.m.BookMapper.findByAuthorId - ==> Parameters: 14(Long)
17:36:59.955 [main] DEBUG c.e.j.m.BookMapper.findByAuthorId - <==      Total: 2
17:36:59.964 [main] DEBUG c.e.j.m.BookRequestMapper.insert - ==>  Preparing: INSERT INTO book_requests (requester_id, status, requested_at) VALUES (?, ?, ?)
17:36:59.964 [main] DEBUG c.e.j.m.BookRequestMapper.insert - ==> Parameters: 4(Long), PENDING(String), 2026-09-09T17:36:59.964121600(LocalDateTime)
17:36:59.965 [main] DEBUG c.e.j.m.BookRequestMapper.insert - <==    Updates: 1
17:36:59.965 [main] DEBUG c.e.j.m.BookRequestItemMapper.insert - ==>  Preparing: INSERT INTO book_request_items (book_request_id, title, isbn, author_id, published_year, estimated_price) VALUES (?, ?, ?, ?, ?, ?)
17:36:59.965 [main] DEBUG c.e.j.m.BookRequestItemMapper.insert - ==> Parameters: 13(Long), Effective Java(String), 9780134685991(String), null, 2018(Integer), 1200.00(BigDecimal)
17:36:59.965 [main] DEBUG c.e.j.m.BookRequestItemMapper.insert - <==    Updates: 1
17:36:59.966 [main] DEBUG c.e.j.m.B.findByBookRequestId - ==>  Preparing: SELECT * FROM book_request_items WHERE book_request_id = ?
17:36:59.966 [main] DEBUG c.e.j.m.B.findByBookRequestId - ==> Parameters: 13(Long)
17:36:59.966 [main] DEBUG c.e.j.m.B.findByBookRequestId - <==      Total: 1
17:36:59.970 [main] DEBUG c.e.j.m.BookRequestMapper.insert - ==>  Preparing: INSERT INTO book_requests (requester_id, status, requested_at) VALUES (?, ?, ?)
17:36:59.970 [main] DEBUG c.e.j.m.BookRequestMapper.insert - ==> Parameters: 5(Long), APPROVED(String), 2026-09-09T17:36:59.970122(LocalDateTime)
17:36:59.970 [main] DEBUG c.e.j.m.BookRequestMapper.insert - <==    Updates: 1
17:36:59.971 [main] DEBUG c.e.j.m.BookRequestItemMapper.insert - ==>  Preparing: INSERT INTO book_request_items (book_request_id, title, isbn, author_id, published_year, estimated_price) VALUES (?, ?, ?, ?, ?, ?)
17:36:59.971 [main] DEBUG c.e.j.m.BookRequestItemMapper.insert - ==> Parameters: 14(Long), Clean Code(String), null, null, null, null
17:36:59.971 [main] DEBUG c.e.j.m.BookRequestItemMapper.insert - <==    Updates: 1
17:36:59.971 [main] DEBUG c.e.j.m.ProcurementItemMapper.insert - ==>  Preparing: INSERT INTO procurement_items (book_request_item_id, status) VALUES (?, ?)
17:36:59.971 [main] DEBUG c.e.j.m.ProcurementItemMapper.insert - ==> Parameters: 16(Long), PENDING(String)
17:36:59.972 [main] DEBUG c.e.j.m.ProcurementItemMapper.insert - <==    Updates: 1
17:36:59.972 [main] DEBUG c.e.j.m.P.findByStatus - ==>  Preparing: SELECT * FROM procurement_items WHERE status = ?
17:36:59.972 [main] DEBUG c.e.j.m.P.findByStatus - ==> Parameters: PENDING(String)
17:36:59.973 [main] DEBUG c.e.j.m.P.findByStatus - <==      Total: 1
17:36:59.974 [main] DEBUG c.e.j.m.ProcurementItemMapper.update - ==>  Preparing: UPDATE procurement_items SET status = ?, procured_by = ?, procured_at = ?, book_id = ? WHERE id = ?
17:36:59.974 [main] DEBUG c.e.j.m.ProcurementItemMapper.update - ==> Parameters: COMPLETED(String), 6(Long), 2026-09-09T17:36:59.974130300(LocalDateTime), null, 6(Long)
17:36:59.974 [main] DEBUG c.e.j.m.ProcurementItemMapper.update - <==    Updates: 1
17:36:59.975 [main] DEBUG c.e.j.m.P.findById - ==>  Preparing: SELECT * FROM procurement_items WHERE id = ?
17:36:59.975 [main] DEBUG c.e.j.m.P.findById - ==> Parameters: 6(Long)
17:36:59.976 [main] DEBUG c.e.j.m.P.findById - <==      Total: 1
17:36:59.980 [main] DEBUG c.e.j.m.BookRequestMapper.insert - ==>  Preparing: INSERT INTO book_requests (requester_id, status, requested_at) VALUES (?, ?, ?)
17:36:59.980 [main] DEBUG c.e.j.m.BookRequestMapper.insert - ==> Parameters: 7(Long), PENDING(String), 2026-09-09T17:36:59.980123100(LocalDateTime)
17:36:59.981 [main] DEBUG c.e.j.m.BookRequestMapper.insert - <==    Updates: 1
17:36:59.981 [main] DEBUG c.e.j.m.BookRequestMapper.findById - ==>  Preparing: SELECT * FROM book_requests WHERE id = ?
17:36:59.981 [main] DEBUG c.e.j.m.BookRequestMapper.findById - ==> Parameters: 15(Long)
17:36:59.981 [main] DEBUG c.e.j.m.BookRequestMapper.findById - <==      Total: 1
17:36:59.982 [main] DEBUG c.e.j.m.B.findByStatus - ==>  Preparing: SELECT * FROM book_requests WHERE status = ? ORDER BY requested_at
17:36:59.982 [main] DEBUG c.e.j.m.B.findByStatus - ==> Parameters: PENDING(String)
17:36:59.983 [main] DEBUG c.e.j.m.B.findByStatus - <==      Total: 1
17:36:59.986 [main] DEBUG c.e.j.m.BookRequestMapper.insert - ==>  Preparing: INSERT INTO book_requests (requester_id, status, requested_at) VALUES (?, ?, ?)
17:36:59.986 [main] DEBUG c.e.j.m.BookRequestMapper.insert - ==> Parameters: 8(Long), APPROVED(String), 2026-09-09T17:36:59.986122600(LocalDateTime)
17:36:59.986 [main] DEBUG c.e.j.m.BookRequestMapper.insert - <==    Updates: 1
17:36:59.987 [main] DEBUG c.e.j.m.BookRequestItemMapper.insert - ==>  Preparing: INSERT INTO book_request_items (book_request_id, title, isbn, author_id, published_year, estimated_price) VALUES (?, ?, ?, ?, ?, ?)
17:36:59.987 [main] DEBUG c.e.j.m.BookRequestItemMapper.insert - ==> Parameters: 16(Long), Effective Java(String), 9780134685991(String), null, 2018(Integer), 1200.00(BigDecimal)
17:36:59.987 [main] DEBUG c.e.j.m.BookRequestItemMapper.insert - <==    Updates: 1
17:36:59.987 [main] DEBUG c.e.j.m.ProcurementItemMapper.insert - ==>  Preparing: INSERT INTO procurement_items (book_request_item_id, status) VALUES (?, ?)
17:36:59.987 [main] DEBUG c.e.j.m.ProcurementItemMapper.insert - ==> Parameters: 17(Long), PENDING(String)
17:36:59.988 [main] DEBUG c.e.j.m.ProcurementItemMapper.insert - <==    Updates: 1
17:36:59.988 [main] DEBUG c.e.j.m.BookRequestItemMapper.insert - ==>  Preparing: INSERT INTO book_request_items (book_request_id, title, isbn, author_id, published_year, estimated_price) VALUES (?, ?, ?, ?, ?, ?)
17:36:59.988 [main] DEBUG c.e.j.m.BookRequestItemMapper.insert - ==> Parameters: 16(Long), Clean Code(String), null, null, null, null
17:36:59.988 [main] DEBUG c.e.j.m.BookRequestItemMapper.insert - <==    Updates: 1
17:36:59.988 [main] DEBUG c.e.j.m.ProcurementItemMapper.insert - ==>  Preparing: INSERT INTO procurement_items (book_request_item_id, status) VALUES (?, ?)
17:36:59.988 [main] DEBUG c.e.j.m.ProcurementItemMapper.insert - ==> Parameters: 18(Long), COMPLETED(String)
17:36:59.988 [main] DEBUG c.e.j.m.ProcurementItemMapper.insert - <==    Updates: 1
17:36:59.989 [main] DEBUG c.e.j.m.P.findSummary - ==>  Preparing: SELECT p.*, b.title,b.isbn,b.author_id,b.published_year,b.estimated_price FROM procurement_items p JOIN book_request_items b ON p.book_request_item_id = b.id WHERE p.status = ?
17:36:59.989 [main] DEBUG c.e.j.m.P.findSummary - ==> Parameters: PENDING(String)
17:36:59.990 [main] DEBUG c.e.j.m.P.findSummary - <==      Total: 1
17:36:59.994 [main] DEBUG c.e.j.m.BookRequestMapper.insert - ==>  Preparing: INSERT INTO book_requests (requester_id, status, requested_at) VALUES (?, ?, ?)
17:36:59.994 [main] DEBUG c.e.j.m.BookRequestMapper.insert - ==> Parameters: 9(Long), PENDING(String), 2026-09-09T17:36:59.993123(LocalDateTime)
17:36:59.994 [main] DEBUG c.e.j.m.BookRequestMapper.insert - <==    Updates: 1
17:36:59.995 [main] DEBUG c.e.j.m.BookRequestMapper.insert - ==>  Preparing: INSERT INTO book_requests (requester_id, status, requested_at) VALUES (?, ?, ?)
17:36:59.995 [main] DEBUG c.e.j.m.BookRequestMapper.insert - ==> Parameters: 9(Long), APPROVED(String), 2026-09-09T17:36:59.995121700(LocalDateTime)
17:36:59.995 [main] DEBUG c.e.j.m.BookRequestMapper.insert - <==    Updates: 1
17:36:59.996 [main] DEBUG c.e.j.m.B.findSummary - ==>  Preparing: SELECT br.id, br.requester_id, br.approver_id, br.status, br.requested_at, br.approved_at, bri.id AS item_id, bri.book_request_id, bri.title AS item_title, bri.isbn AS item_isbn, bri.author_id AS item_author_id, bri.published_year AS item_published_year, bri.estimated_price AS item_estimated_price FROM book_requests br LEFT JOIN book_request_items bri ON bri.book_request_id = br.id WHERE br.status = ? ORDER BY br.requested_at
17:36:59.996 [main] DEBUG c.e.j.m.B.findSummary - ==> Parameters: PENDING(String)
17:36:59.997 [main] DEBUG c.e.j.m.B.findSummary - <==      Total: 1
17:37:00.000 [main] DEBUG c.e.j.m.BookRequestMapper.insert - ==>  Preparing: INSERT INTO book_requests (requester_id, status, requested_at) VALUES (?, ?, ?)
17:37:00.001 [main] DEBUG c.e.j.m.BookRequestMapper.insert - ==> Parameters: 10(Long), PENDING(String), 2026-09-09T17:37:00.000121800(LocalDateTime)
17:37:00.001 [main] DEBUG c.e.j.m.BookRequestMapper.insert - <==    Updates: 1
17:37:00.001 [main] DEBUG c.e.j.m.BookRequestMapper.approve - ==>  Preparing: UPDATE book_requests SET status = 'APPROVED', approver_id = ?, approved_at = ? WHERE id = ? AND status = 'PENDING' AND requester_id != ?
17:37:00.001 [main] DEBUG c.e.j.m.BookRequestMapper.approve - ==> Parameters: 11(Long), 2026-09-09T17:37:00.001124200(LocalDateTime), 19(Long), 11(Long)
17:37:00.002 [main] DEBUG c.e.j.m.BookRequestMapper.approve - <==    Updates: 1
17:37:00.005 [main] DEBUG c.e.j.m.BookRequestMapper.insert - ==>  Preparing: INSERT INTO book_requests (requester_id, status, requested_at) VALUES (?, ?, ?)
17:37:00.006 [main] DEBUG c.e.j.m.BookRequestMapper.insert - ==> Parameters: 12(Long), PENDING(String), 2026-09-09T17:37:00.005123500(LocalDateTime)
17:37:00.006 [main] DEBUG c.e.j.m.BookRequestMapper.insert - <==    Updates: 1
17:37:00.006 [main] DEBUG c.e.j.m.BookRequestItemMapper.insert - ==>  Preparing: INSERT INTO book_request_items (book_request_id, title, isbn, author_id, published_year, estimated_price) VALUES (?, ?, ?, ?, ?, ?)
17:37:00.006 [main] DEBUG c.e.j.m.BookRequestItemMapper.insert - ==> Parameters: 20(Long), Effective Java(String), null, null, null, null
17:37:00.006 [main] DEBUG c.e.j.m.BookRequestItemMapper.insert - <==    Updates: 1
17:37:00.007 [main] DEBUG c.e.j.m.BookRequestItemMapper.insert - ==>  Preparing: INSERT INTO book_request_items (book_request_id, title, isbn, author_id, published_year, estimated_price) VALUES (?, ?, ?, ?, ?, ?)
17:37:00.007 [main] DEBUG c.e.j.m.BookRequestItemMapper.insert - ==> Parameters: 20(Long), Clean Code(String), null, null, null, null
17:37:00.007 [main] DEBUG c.e.j.m.BookRequestItemMapper.insert - <==    Updates: 1
17:37:00.007 [main] DEBUG c.e.j.m.B.findSummary - ==>  Preparing: SELECT br.id, br.requester_id, br.approver_id, br.status, br.requested_at, br.approved_at, bri.id AS item_id, bri.book_request_id, bri.title AS item_title, bri.isbn AS item_isbn, bri.author_id AS item_author_id, bri.published_year AS item_published_year, bri.estimated_price AS item_estimated_price FROM book_requests br LEFT JOIN book_request_items bri ON bri.book_request_id = br.id ORDER BY br.requested_at
17:37:00.007 [main] DEBUG c.e.j.m.B.findSummary - ==> Parameters: 
17:37:00.008 [main] DEBUG c.e.j.m.B.findSummary - <==      Total: 2
17:37:00.015 [main] DEBUG c.e.j.mapper.CategoryMapper.update - ==>  Preparing: UPDATE categories SET name = ? WHERE id = ?
17:37:00.015 [main] DEBUG c.e.j.mapper.CategoryMapper.update - ==> Parameters: Updated Name(String), 12(Long)
17:37:00.016 [main] DEBUG c.e.j.mapper.CategoryMapper.update - <==    Updates: 1
17:37:00.016 [main] DEBUG c.e.j.mapper.CategoryMapper.findById - ==>  Preparing: SELECT * FROM categories c WHERE c.id = ?
17:37:00.016 [main] DEBUG c.e.j.mapper.CategoryMapper.findById - ==> Parameters: 12(Long)
17:37:00.017 [main] DEBUG c.e.j.mapper.CategoryMapper.findById - <==      Total: 1
17:37:00.019 [main] DEBUG c.e.j.mapper.CategoryMapper.insert - ==>  Preparing: INSERT INTO categories (name) VALUES (?)
17:37:00.019 [main] DEBUG c.e.j.mapper.CategoryMapper.insert - ==> Parameters: Fiction(String)
17:37:00.019 [main] DEBUG c.e.j.mapper.CategoryMapper.insert - <==    Updates: 1
17:37:00.019 [main] DEBUG c.e.j.mapper.CategoryMapper.findById - ==>  Preparing: SELECT * FROM categories c WHERE c.id = ?
17:37:00.020 [main] DEBUG c.e.j.mapper.CategoryMapper.findById - ==> Parameters: 13(Long)
17:37:00.020 [main] DEBUG c.e.j.mapper.CategoryMapper.findById - <==      Total: 1
17:37:00.023 [main] DEBUG c.e.j.mapper.CategoryMapper.findAll - ==>  Preparing: SELECT * FROM categories c ORDER BY c.id
17:37:00.023 [main] DEBUG c.e.j.mapper.CategoryMapper.findAll - ==> Parameters: 
17:37:00.023 [main] DEBUG c.e.j.mapper.CategoryMapper.findAll - <==      Total: 2
17:37:00.027 [main] DEBUG c.e.j.m.CategoryMapper.deleteById - ==>  Preparing: DELETE FROM categories WHERE id = ?
17:37:00.027 [main] DEBUG c.e.j.m.CategoryMapper.deleteById - ==> Parameters: 16(Long)
17:37:00.028 [main] DEBUG c.e.j.m.CategoryMapper.deleteById - <==    Updates: 1
17:37:00.028 [main] DEBUG c.e.j.mapper.CategoryMapper.findAll - ==>  Preparing: SELECT * FROM categories c ORDER BY c.id
17:37:00.028 [main] DEBUG c.e.j.mapper.CategoryMapper.findAll - ==> Parameters: 
17:37:00.028 [main] DEBUG c.e.j.mapper.CategoryMapper.findAll - <==      Total: 0
17:37:00.035 [main] DEBUG c.e.j.m.C.findBooksByCategoryId - ==>  Preparing: SELECT b.* FROM books b JOIN books_categories bc ON b.id = bc.book_id WHERE bc.category_id = ?
17:37:00.035 [main] DEBUG c.e.j.m.C.findBooksByCategoryId - ==> Parameters: 17(Long)
17:37:00.035 [main] DEBUG c.e.j.m.C.findBooksByCategoryId - <==      Total: 1
17:37:00.039 [main] DEBUG c.e.j.mapper.CategoryMapper.findById - ==>  Preparing: SELECT * FROM categories c WHERE c.id = ?
17:37:00.039 [main] DEBUG c.e.j.mapper.CategoryMapper.findById - ==> Parameters: 19(Long)
17:37:00.039 [main] DEBUG c.e.j.mapper.CategoryMapper.findById - <==      Total: 1
17:37:00.044 [main] DEBUG c.e.j.mapper.UserMapper.update - ==>  Preparing: UPDATE users SET name = ?, password_hash = ?, role = ? WHERE id = ?
17:37:00.045 [main] DEBUG c.e.j.mapper.UserMapper.update - ==> Parameters: New Name(String), new-hash(String), ADMIN(String), 13(Long)
17:37:00.045 [main] DEBUG c.e.j.mapper.UserMapper.update - <==    Updates: 1
17:37:00.045 [main] DEBUG c.e.j.mapper.UserMapper.findByEmail - ==>  Preparing: SELECT * FROM users u WHERE u.email = ?
17:37:00.045 [main] DEBUG c.e.j.mapper.UserMapper.findByEmail - ==> Parameters: update@example.com(String)
17:37:00.046 [main] DEBUG c.e.j.mapper.UserMapper.findByEmail - <==      Total: 1
17:37:00.050 [main] DEBUG c.e.j.mapper.UserMapper.insert - ==>  Preparing: INSERT INTO users (email, name, password_hash, role) VALUES (?, ?, ?, ?)
17:37:00.050 [main] DEBUG c.e.j.mapper.UserMapper.insert - ==> Parameters: new@example.com(String), New User(String), hashed-password(String), ADMIN(String)
17:37:00.051 [main] DEBUG c.e.j.mapper.UserMapper.insert - <==    Updates: 1
17:37:00.051 [main] DEBUG c.e.j.mapper.UserMapper.findByEmail - ==>  Preparing: SELECT * FROM users u WHERE u.email = ?
17:37:00.052 [main] DEBUG c.e.j.mapper.UserMapper.findByEmail - ==> Parameters: new@example.com(String)
17:37:00.052 [main] DEBUG c.e.j.mapper.UserMapper.findByEmail - <==      Total: 1
17:37:00.054 [main] DEBUG c.e.j.mapper.UserMapper.findByEmail - ==>  Preparing: SELECT * FROM users u WHERE u.email = ?
17:37:00.054 [main] DEBUG c.e.j.mapper.UserMapper.findByEmail - ==> Parameters: nobody@example.com(String)
17:37:00.054 [main] DEBUG c.e.j.mapper.UserMapper.findByEmail - <==      Total: 0
17:37:00.056 [main] DEBUG c.e.j.mapper.UserMapper.findByEmail - ==>  Preparing: SELECT * FROM users u WHERE u.email = ?
17:37:00.056 [main] DEBUG c.e.j.mapper.UserMapper.findByEmail - ==> Parameters: alex@example.com(String)
17:37:00.057 [main] DEBUG c.e.j.mapper.UserMapper.findByEmail - <==      Total: 1
17:37:00.153 [main] INFO  c.e.j.service.AuthServiceImpl - 登入成功：userId=1, email=alex@example.com
17:37:00.155 [main] WARN  c.e.j.service.AuthServiceImpl - 登入失敗，帳號不存在：email=nobody@example.com
17:37:00.156 [main] WARN  c.e.j.service.AuthServiceImpl - 登入失敗，密碼錯誤：email=alex@example.com
17:37:00.157 [main] INFO  c.e.j.service.AuthServiceImpl - 新使用者註冊：userId=null, email=new@example.com
17:37:00.196 [main] DEBUG c.e.j.m.BookRequestMapper.insert - ==>  Preparing: INSERT INTO book_requests (requester_id, status, requested_at) VALUES (?, ?, ?)
17:37:00.196 [main] DEBUG c.e.j.m.BookRequestMapper.insert - ==> Parameters: 16(Long), APPROVED(String), 2026-09-09T17:37:00.196880200(LocalDateTime)
17:37:00.196 [main] DEBUG c.e.j.m.BookRequestMapper.insert - <==    Updates: 1
17:37:00.198 [main] DEBUG c.e.j.m.BookRequestItemMapper.insert - ==>  Preparing: INSERT INTO book_request_items (book_request_id, title, isbn, author_id, published_year, estimated_price) VALUES (?, ?, ?, ?, ?, ?)
17:37:00.198 [main] DEBUG c.e.j.m.BookRequestItemMapper.insert - ==> Parameters: 21(Long), Effective Java(String), null, null, null, null
17:37:00.198 [main] DEBUG c.e.j.m.BookRequestItemMapper.insert - <==    Updates: 1
17:37:00.199 [main] DEBUG c.e.j.m.ProcurementItemMapper.insert - ==>  Preparing: INSERT INTO procurement_items (book_request_item_id, status) VALUES (?, ?)
17:37:00.199 [main] DEBUG c.e.j.m.ProcurementItemMapper.insert - ==> Parameters: 21(Long), PENDING(String)
17:37:00.199 [main] DEBUG c.e.j.m.ProcurementItemMapper.insert - <==    Updates: 1
17:37:00.202 [pool-2-thread-1] DEBUG c.e.j.m.P.findByIdForUpdate - ==>  Preparing: SELECT * FROM procurement_items WHERE id = ? FOR UPDATE
17:37:00.202 [pool-2-thread-2] DEBUG c.e.j.m.P.findByIdForUpdate - ==>  Preparing: SELECT * FROM procurement_items WHERE id = ? FOR UPDATE
17:37:00.204 [pool-2-thread-2] DEBUG c.e.j.m.P.findByIdForUpdate - ==> Parameters: 9(Long)
17:37:00.204 [pool-2-thread-1] DEBUG c.e.j.m.P.findByIdForUpdate - ==> Parameters: 9(Long)
17:37:00.204 [pool-2-thread-2] DEBUG c.e.j.m.P.findByIdForUpdate - <==      Total: 1
17:37:00.205 [pool-2-thread-2] DEBUG c.e.j.m.B.findById - ==>  Preparing: SELECT * FROM book_request_items WHERE id = ?
17:37:00.205 [pool-2-thread-2] DEBUG c.e.j.m.B.findById - ==> Parameters: 21(Long)
17:37:00.205 [pool-2-thread-2] DEBUG c.e.j.m.B.findById - <==      Total: 1
17:37:00.205 [pool-2-thread-2] DEBUG c.e.j.mapper.BookMapper.insert - ==>  Preparing: INSERT INTO books (title, isbn, author_id, published_year) VALUES (?, ?, ?, ?)
17:37:00.205 [pool-2-thread-2] DEBUG c.e.j.mapper.BookMapper.insert - ==> Parameters: Effective Java(String), null, null, null
17:37:00.205 [pool-2-thread-2] DEBUG c.e.j.mapper.BookMapper.insert - <==    Updates: 1
17:37:00.206 [pool-2-thread-2] DEBUG c.e.j.m.ProcurementItemMapper.update - ==>  Preparing: UPDATE procurement_items SET status = ?, procured_by = ?, procured_at = ?, book_id = ? WHERE id = ?
17:37:00.206 [pool-2-thread-2] DEBUG c.e.j.m.ProcurementItemMapper.update - ==> Parameters: COMPLETED(String), 18(Long), 2026-09-09T17:37:00.205103700(LocalDateTime), 43(Long), 9(Long)
17:37:00.206 [pool-2-thread-2] DEBUG c.e.j.m.ProcurementItemMapper.update - <==    Updates: 1
17:37:00.206 [pool-2-thread-2] INFO  c.e.j.service.ProcurementServiceImpl - 採購完成，書籍已入庫：procurementItemId=9, bookId=43, procuredBy=18
17:37:00.206 [pool-2-thread-1] DEBUG c.e.j.m.P.findByIdForUpdate - <==      Total: 1
17:37:00.207 [main] DEBUG c.e.j.m.P.findByStatus - ==>  Preparing: SELECT * FROM procurement_items WHERE status = ?
17:37:00.207 [main] DEBUG c.e.j.m.P.findByStatus - ==> Parameters: COMPLETED(String)
17:37:00.208 [main] DEBUG c.e.j.m.P.findByStatus - <==      Total: 1
17:38:26.835 [main] DEBUG c.e.j.mapper.CategoryMapper.insert - ==>  Preparing: INSERT INTO categories (name) VALUES (?)
17:38:26.848 [main] DEBUG c.e.j.mapper.CategoryMapper.insert - ==> Parameters: Programming(String)
17:38:26.849 [main] DEBUG c.e.j.mapper.CategoryMapper.insert - <==    Updates: 1
17:38:26.851 [main] DEBUG c.e.j.mapper.CategoryMapper.insert - ==>  Preparing: INSERT INTO categories (name) VALUES (?)
17:38:26.851 [main] DEBUG c.e.j.mapper.CategoryMapper.insert - ==> Parameters: Architecture(String)
17:38:26.852 [main] DEBUG c.e.j.mapper.CategoryMapper.insert - <==    Updates: 1
17:38:26.852 [main] DEBUG c.e.j.mapper.CategoryMapper.insert - ==>  Preparing: INSERT INTO categories (name) VALUES (?)
17:38:26.853 [main] DEBUG c.e.j.mapper.CategoryMapper.insert - ==> Parameters: Best Practice(String)
17:38:26.853 [main] DEBUG c.e.j.mapper.CategoryMapper.insert - <==    Updates: 1
17:38:26.854 [main] DEBUG c.e.j.mapper.BookMapper.insert - ==>  Preparing: INSERT INTO books (title, isbn, author_id, published_year) VALUES (?, ?, ?, ?)
17:38:26.859 [main] DEBUG c.e.j.mapper.BookMapper.insert - ==> Parameters: Effective Java(String), 9780134685991(String), 1(Long), 2018(Integer)
17:38:26.860 [main] DEBUG c.e.j.mapper.BookMapper.insert - <==    Updates: 1
17:38:26.870 [main] DEBUG c.e.j.m.B.deleteCategoriesByBookId - ==>  Preparing: DELETE FROM books_categories bc WHERE bc.book_id = ?
17:38:26.871 [main] DEBUG c.e.j.m.B.deleteCategoriesByBookId - ==> Parameters: 1(Long)
17:38:26.872 [main] DEBUG c.e.j.m.B.deleteCategoriesByBookId - <==    Updates: 0
17:38:26.884 [main] DEBUG c.e.j.m.B.insertBookCategories - ==>  Preparing: INSERT INTO books_categories (book_id, category_id) VALUES (?, ?) , (?, ?)
17:38:26.884 [main] DEBUG c.e.j.m.B.insertBookCategories - ==> Parameters: 1(Long), 1(Long), 1(Long), 3(Long)
17:38:26.885 [main] DEBUG c.e.j.m.B.insertBookCategories - <==    Updates: 2
17:38:26.887 [main] DEBUG c.e.j.mapper.BookMapper.insert - ==>  Preparing: INSERT INTO books (title, isbn, author_id, published_year) VALUES (?, ?, ?, ?)
17:38:26.887 [main] DEBUG c.e.j.mapper.BookMapper.insert - ==> Parameters: Clean Code(String), 9780132350884(String), 2(Long), 2008(Integer)
17:38:26.887 [main] DEBUG c.e.j.mapper.BookMapper.insert - <==    Updates: 1
17:38:26.889 [main] DEBUG c.e.j.m.B.deleteCategoriesByBookId - ==>  Preparing: DELETE FROM books_categories bc WHERE bc.book_id = ?
17:38:26.889 [main] DEBUG c.e.j.m.B.deleteCategoriesByBookId - ==> Parameters: 2(Long)
17:38:26.889 [main] DEBUG c.e.j.m.B.deleteCategoriesByBookId - <==    Updates: 0
17:38:26.890 [main] DEBUG c.e.j.m.B.insertBookCategories - ==>  Preparing: INSERT INTO books_categories (book_id, category_id) VALUES (?, ?)
17:38:26.890 [main] DEBUG c.e.j.m.B.insertBookCategories - ==> Parameters: 2(Long), 3(Long)
17:38:26.890 [main] DEBUG c.e.j.m.B.insertBookCategories - <==    Updates: 1
17:38:26.891 [main] DEBUG c.e.j.mapper.BookMapper.insert - ==>  Preparing: INSERT INTO books (title, isbn, author_id, published_year) VALUES (?, ?, ?, ?)
17:38:26.892 [main] DEBUG c.e.j.mapper.BookMapper.insert - ==> Parameters: Domain-Driven Design(String), 9780321125217(String), 3(Long), 2003(Integer)
17:38:26.892 [main] DEBUG c.e.j.mapper.BookMapper.insert - <==    Updates: 1
17:38:26.893 [main] DEBUG c.e.j.m.B.deleteCategoriesByBookId - ==>  Preparing: DELETE FROM books_categories bc WHERE bc.book_id = ?
17:38:26.893 [main] DEBUG c.e.j.m.B.deleteCategoriesByBookId - ==> Parameters: 3(Long)
17:38:26.893 [main] DEBUG c.e.j.m.B.deleteCategoriesByBookId - <==    Updates: 0
17:38:26.894 [main] DEBUG c.e.j.m.B.insertBookCategories - ==>  Preparing: INSERT INTO books_categories (book_id, category_id) VALUES (?, ?)
17:38:26.894 [main] DEBUG c.e.j.m.B.insertBookCategories - ==> Parameters: 3(Long), 2(Long)
17:38:26.894 [main] DEBUG c.e.j.m.B.insertBookCategories - <==    Updates: 1
17:38:26.895 [main] DEBUG c.e.j.mapper.BookMapper.insert - ==>  Preparing: INSERT INTO books (title, isbn, author_id, published_year) VALUES (?, ?, ?, ?)
17:38:26.895 [main] DEBUG c.e.j.mapper.BookMapper.insert - ==> Parameters: Clean Architecture(String), 9780134494166(String), 2(Long), 2017(Integer)
17:38:26.895 [main] DEBUG c.e.j.mapper.BookMapper.insert - <==    Updates: 1
17:38:26.896 [main] DEBUG c.e.j.m.B.deleteCategoriesByBookId - ==>  Preparing: DELETE FROM books_categories bc WHERE bc.book_id = ?
17:38:26.896 [main] DEBUG c.e.j.m.B.deleteCategoriesByBookId - ==> Parameters: 4(Long)
17:38:26.896 [main] DEBUG c.e.j.m.B.deleteCategoriesByBookId - <==    Updates: 0
17:38:26.897 [main] DEBUG c.e.j.m.B.insertBookCategories - ==>  Preparing: INSERT INTO books_categories (book_id, category_id) VALUES (?, ?) , (?, ?)
17:38:26.897 [main] DEBUG c.e.j.m.B.insertBookCategories - ==> Parameters: 4(Long), 2(Long), 4(Long), 3(Long)
17:38:26.897 [main] DEBUG c.e.j.m.B.insertBookCategories - <==    Updates: 2
17:38:26.898 [main] DEBUG c.e.j.mapper.BookMapper.insert - ==>  Preparing: INSERT INTO books (title, isbn, author_id, published_year) VALUES (?, ?, ?, ?)
17:38:26.899 [main] DEBUG c.e.j.mapper.BookMapper.insert - ==> Parameters: Java Concurrency in Practice(String), 9780321349606(String), 1(Long), 2006(Integer)
17:38:26.899 [main] DEBUG c.e.j.mapper.BookMapper.insert - <==    Updates: 1
17:38:26.900 [main] DEBUG c.e.j.m.B.deleteCategoriesByBookId - ==>  Preparing: DELETE FROM books_categories bc WHERE bc.book_id = ?
17:38:26.900 [main] DEBUG c.e.j.m.B.deleteCategoriesByBookId - ==> Parameters: 5(Long)
17:38:26.900 [main] DEBUG c.e.j.m.B.deleteCategoriesByBookId - <==    Updates: 0
17:38:26.900 [main] DEBUG c.e.j.m.B.insertBookCategories - ==>  Preparing: INSERT INTO books_categories (book_id, category_id) VALUES (?, ?)
17:38:26.900 [main] DEBUG c.e.j.m.B.insertBookCategories - ==> Parameters: 5(Long), 1(Long)
17:38:26.901 [main] DEBUG c.e.j.m.B.insertBookCategories - <==    Updates: 1
17:38:26.901 [main] DEBUG c.e.j.mapper.BookMapper.insert - ==>  Preparing: INSERT INTO books (title, isbn, author_id, published_year) VALUES (?, ?, ?, ?)
17:38:26.902 [main] DEBUG c.e.j.mapper.BookMapper.insert - ==> Parameters: Java Concurrency in Practice(String), 9780321349606(String), 1(Long), 2006(Integer)
17:38:26.902 [main] DEBUG c.e.j.mapper.BookMapper.insert - <==    Updates: 1
17:38:26.903 [main] DEBUG c.e.j.m.B.deleteCategoriesByBookId - ==>  Preparing: DELETE FROM books_categories bc WHERE bc.book_id = ?
17:38:26.903 [main] DEBUG c.e.j.m.B.deleteCategoriesByBookId - ==> Parameters: 6(Long)
17:38:26.903 [main] DEBUG c.e.j.m.B.deleteCategoriesByBookId - <==    Updates: 0
17:38:26.903 [main] DEBUG c.e.j.m.B.insertBookCategories - ==>  Preparing: INSERT INTO books_categories (book_id, category_id) VALUES (?, ?)
17:38:26.903 [main] DEBUG c.e.j.m.B.insertBookCategories - ==> Parameters: 6(Long), 1(Long)
17:38:26.904 [main] DEBUG c.e.j.m.B.insertBookCategories - <==    Updates: 1
17:38:26.905 [main] DEBUG c.e.j.mapper.BookMapper.insert - ==>  Preparing: INSERT INTO books (title, isbn, author_id, published_year) VALUES (?, ?, ?, ?)
17:38:26.905 [main] DEBUG c.e.j.mapper.BookMapper.insert - ==> Parameters: Java Concurrency in Practice(String), 9780321349606(String), 1(Long), 2006(Integer)
17:38:26.905 [main] DEBUG c.e.j.mapper.BookMapper.insert - <==    Updates: 1
17:38:26.906 [main] DEBUG c.e.j.m.B.deleteCategoriesByBookId - ==>  Preparing: DELETE FROM books_categories bc WHERE bc.book_id = ?
17:38:26.906 [main] DEBUG c.e.j.m.B.deleteCategoriesByBookId - ==> Parameters: 7(Long)
17:38:26.906 [main] DEBUG c.e.j.m.B.deleteCategoriesByBookId - <==    Updates: 0
17:38:26.906 [main] DEBUG c.e.j.m.B.insertBookCategories - ==>  Preparing: INSERT INTO books_categories (book_id, category_id) VALUES (?, ?)
17:38:26.907 [main] DEBUG c.e.j.m.B.insertBookCategories - ==> Parameters: 7(Long), 1(Long)
17:38:26.907 [main] DEBUG c.e.j.m.B.insertBookCategories - <==    Updates: 1
17:38:26.907 [main] DEBUG c.e.j.mapper.BookMapper.insert - ==>  Preparing: INSERT INTO books (title, isbn, author_id, published_year) VALUES (?, ?, ?, ?)
17:38:26.907 [main] DEBUG c.e.j.mapper.BookMapper.insert - ==> Parameters: Java Concurrency in Practice(String), 9780321349606(String), 1(Long), 2006(Integer)
17:38:26.909 [main] DEBUG c.e.j.mapper.BookMapper.insert - <==    Updates: 1
17:38:26.909 [main] DEBUG c.e.j.m.B.deleteCategoriesByBookId - ==>  Preparing: DELETE FROM books_categories bc WHERE bc.book_id = ?
17:38:26.910 [main] DEBUG c.e.j.m.B.deleteCategoriesByBookId - ==> Parameters: 8(Long)
17:38:26.910 [main] DEBUG c.e.j.m.B.deleteCategoriesByBookId - <==    Updates: 0
17:38:26.910 [main] DEBUG c.e.j.m.B.insertBookCategories - ==>  Preparing: INSERT INTO books_categories (book_id, category_id) VALUES (?, ?)
17:38:26.910 [main] DEBUG c.e.j.m.B.insertBookCategories - ==> Parameters: 8(Long), 1(Long)
17:38:26.910 [main] DEBUG c.e.j.m.B.insertBookCategories - <==    Updates: 1
17:38:26.911 [main] DEBUG c.e.j.mapper.BookMapper.insert - ==>  Preparing: INSERT INTO books (title, isbn, author_id, published_year) VALUES (?, ?, ?, ?)
17:38:26.911 [main] DEBUG c.e.j.mapper.BookMapper.insert - ==> Parameters: Java Concurrency in Practice(String), 9780321349606(String), 1(Long), 2006(Integer)
17:38:26.912 [main] DEBUG c.e.j.mapper.BookMapper.insert - <==    Updates: 1
17:38:26.912 [main] DEBUG c.e.j.m.B.deleteCategoriesByBookId - ==>  Preparing: DELETE FROM books_categories bc WHERE bc.book_id = ?
17:38:26.912 [main] DEBUG c.e.j.m.B.deleteCategoriesByBookId - ==> Parameters: 9(Long)
17:38:26.913 [main] DEBUG c.e.j.m.B.deleteCategoriesByBookId - <==    Updates: 0
17:38:26.913 [main] DEBUG c.e.j.m.B.insertBookCategories - ==>  Preparing: INSERT INTO books_categories (book_id, category_id) VALUES (?, ?)
17:38:26.913 [main] DEBUG c.e.j.m.B.insertBookCategories - ==> Parameters: 9(Long), 1(Long)
17:38:26.914 [main] DEBUG c.e.j.m.B.insertBookCategories - <==    Updates: 1
17:38:26.914 [main] DEBUG c.e.j.mapper.BookMapper.insert - ==>  Preparing: INSERT INTO books (title, isbn, author_id, published_year) VALUES (?, ?, ?, ?)
17:38:26.915 [main] DEBUG c.e.j.mapper.BookMapper.insert - ==> Parameters: Java Concurrency in Practice(String), 9780321349606(String), 1(Long), 2006(Integer)
17:38:26.915 [main] DEBUG c.e.j.mapper.BookMapper.insert - <==    Updates: 1
17:38:26.915 [main] DEBUG c.e.j.m.B.deleteCategoriesByBookId - ==>  Preparing: DELETE FROM books_categories bc WHERE bc.book_id = ?
17:38:26.917 [main] DEBUG c.e.j.m.B.deleteCategoriesByBookId - ==> Parameters: 10(Long)
17:38:26.917 [main] DEBUG c.e.j.m.B.deleteCategoriesByBookId - <==    Updates: 0
17:38:26.917 [main] DEBUG c.e.j.m.B.insertBookCategories - ==>  Preparing: INSERT INTO books_categories (book_id, category_id) VALUES (?, ?)
17:38:26.917 [main] DEBUG c.e.j.m.B.insertBookCategories - ==> Parameters: 10(Long), 1(Long)
17:38:26.918 [main] DEBUG c.e.j.m.B.insertBookCategories - <==    Updates: 1
17:38:26.918 [main] DEBUG c.e.j.mapper.BookMapper.insert - ==>  Preparing: INSERT INTO books (title, isbn, author_id, published_year) VALUES (?, ?, ?, ?)
17:38:26.918 [main] DEBUG c.e.j.mapper.BookMapper.insert - ==> Parameters: Java Concurrency in Practice(String), 9780321349606(String), 1(Long), 2006(Integer)
17:38:26.919 [main] DEBUG c.e.j.mapper.BookMapper.insert - <==    Updates: 1
17:38:26.920 [main] DEBUG c.e.j.m.B.deleteCategoriesByBookId - ==>  Preparing: DELETE FROM books_categories bc WHERE bc.book_id = ?
17:38:26.920 [main] DEBUG c.e.j.m.B.deleteCategoriesByBookId - ==> Parameters: 11(Long)
17:38:26.920 [main] DEBUG c.e.j.m.B.deleteCategoriesByBookId - <==    Updates: 0
17:38:26.920 [main] DEBUG c.e.j.m.B.insertBookCategories - ==>  Preparing: INSERT INTO books_categories (book_id, category_id) VALUES (?, ?)
17:38:26.920 [main] DEBUG c.e.j.m.B.insertBookCategories - ==> Parameters: 11(Long), 1(Long)
17:38:26.921 [main] DEBUG c.e.j.m.B.insertBookCategories - <==    Updates: 1
17:38:26.921 [main] DEBUG c.e.j.mapper.BookMapper.insert - ==>  Preparing: INSERT INTO books (title, isbn, author_id, published_year) VALUES (?, ?, ?, ?)
17:38:26.922 [main] DEBUG c.e.j.mapper.BookMapper.insert - ==> Parameters: Java Concurrency in Practice(String), 9780321349606(String), 1(Long), 2006(Integer)
17:38:26.922 [main] DEBUG c.e.j.mapper.BookMapper.insert - <==    Updates: 1
17:38:26.922 [main] DEBUG c.e.j.m.B.deleteCategoriesByBookId - ==>  Preparing: DELETE FROM books_categories bc WHERE bc.book_id = ?
17:38:26.923 [main] DEBUG c.e.j.m.B.deleteCategoriesByBookId - ==> Parameters: 12(Long)
17:38:26.923 [main] DEBUG c.e.j.m.B.deleteCategoriesByBookId - <==    Updates: 0
17:38:26.923 [main] DEBUG c.e.j.m.B.insertBookCategories - ==>  Preparing: INSERT INTO books_categories (book_id, category_id) VALUES (?, ?)
17:38:26.923 [main] DEBUG c.e.j.m.B.insertBookCategories - ==> Parameters: 12(Long), 1(Long)
17:38:26.923 [main] DEBUG c.e.j.m.B.insertBookCategories - <==    Updates: 1
17:38:26.924 [main] DEBUG c.e.j.mapper.BookMapper.insert - ==>  Preparing: INSERT INTO books (title, isbn, author_id, published_year) VALUES (?, ?, ?, ?)
17:38:26.924 [main] DEBUG c.e.j.mapper.BookMapper.insert - ==> Parameters: Java Concurrency in Practice(String), 9780321349606(String), 1(Long), 2006(Integer)
17:38:26.924 [main] DEBUG c.e.j.mapper.BookMapper.insert - <==    Updates: 1
17:38:26.925 [main] DEBUG c.e.j.m.B.deleteCategoriesByBookId - ==>  Preparing: DELETE FROM books_categories bc WHERE bc.book_id = ?
17:38:26.925 [main] DEBUG c.e.j.m.B.deleteCategoriesByBookId - ==> Parameters: 13(Long)
17:38:26.925 [main] DEBUG c.e.j.m.B.deleteCategoriesByBookId - <==    Updates: 0
17:38:26.925 [main] DEBUG c.e.j.m.B.insertBookCategories - ==>  Preparing: INSERT INTO books_categories (book_id, category_id) VALUES (?, ?)
17:38:26.926 [main] DEBUG c.e.j.m.B.insertBookCategories - ==> Parameters: 13(Long), 1(Long)
17:38:26.926 [main] DEBUG c.e.j.m.B.insertBookCategories - <==    Updates: 1
17:38:26.926 [main] DEBUG c.e.j.mapper.BookMapper.insert - ==>  Preparing: INSERT INTO books (title, isbn, author_id, published_year) VALUES (?, ?, ?, ?)
17:38:26.927 [main] DEBUG c.e.j.mapper.BookMapper.insert - ==> Parameters: Java Concurrency in Practice(String), 9780321349606(String), 1(Long), 2006(Integer)
17:38:26.927 [main] DEBUG c.e.j.mapper.BookMapper.insert - <==    Updates: 1
17:38:26.927 [main] DEBUG c.e.j.m.B.deleteCategoriesByBookId - ==>  Preparing: DELETE FROM books_categories bc WHERE bc.book_id = ?
17:38:26.928 [main] DEBUG c.e.j.m.B.deleteCategoriesByBookId - ==> Parameters: 14(Long)
17:38:26.928 [main] DEBUG c.e.j.m.B.deleteCategoriesByBookId - <==    Updates: 0
17:38:26.928 [main] DEBUG c.e.j.m.B.insertBookCategories - ==>  Preparing: INSERT INTO books_categories (book_id, category_id) VALUES (?, ?)
17:38:26.928 [main] DEBUG c.e.j.m.B.insertBookCategories - ==> Parameters: 14(Long), 1(Long)
17:38:26.928 [main] DEBUG c.e.j.m.B.insertBookCategories - <==    Updates: 1
17:38:26.929 [main] DEBUG c.e.j.mapper.BookMapper.insert - ==>  Preparing: INSERT INTO books (title, isbn, author_id, published_year) VALUES (?, ?, ?, ?)
17:38:26.929 [main] DEBUG c.e.j.mapper.BookMapper.insert - ==> Parameters: Java Concurrency in Practice(String), 9780321349606(String), 1(Long), 2006(Integer)
17:38:26.929 [main] DEBUG c.e.j.mapper.BookMapper.insert - <==    Updates: 1
17:38:26.930 [main] DEBUG c.e.j.m.B.deleteCategoriesByBookId - ==>  Preparing: DELETE FROM books_categories bc WHERE bc.book_id = ?
17:38:26.930 [main] DEBUG c.e.j.m.B.deleteCategoriesByBookId - ==> Parameters: 15(Long)
17:38:26.930 [main] DEBUG c.e.j.m.B.deleteCategoriesByBookId - <==    Updates: 0
17:38:26.930 [main] DEBUG c.e.j.m.B.insertBookCategories - ==>  Preparing: INSERT INTO books_categories (book_id, category_id) VALUES (?, ?)
17:38:26.931 [main] DEBUG c.e.j.m.B.insertBookCategories - ==> Parameters: 15(Long), 1(Long)
17:38:26.931 [main] DEBUG c.e.j.m.B.insertBookCategories - <==    Updates: 1
17:38:26.931 [main] DEBUG c.e.j.mapper.BookMapper.insert - ==>  Preparing: INSERT INTO books (title, isbn, author_id, published_year) VALUES (?, ?, ?, ?)
17:38:26.931 [main] DEBUG c.e.j.mapper.BookMapper.insert - ==> Parameters: Java Concurrency in Practice(String), 9780321349606(String), 1(Long), 2006(Integer)
17:38:26.932 [main] DEBUG c.e.j.mapper.BookMapper.insert - <==    Updates: 1
17:38:26.932 [main] DEBUG c.e.j.m.B.deleteCategoriesByBookId - ==>  Preparing: DELETE FROM books_categories bc WHERE bc.book_id = ?
17:38:26.932 [main] DEBUG c.e.j.m.B.deleteCategoriesByBookId - ==> Parameters: 16(Long)
17:38:26.932 [main] DEBUG c.e.j.m.B.deleteCategoriesByBookId - <==    Updates: 0
17:38:26.933 [main] DEBUG c.e.j.m.B.insertBookCategories - ==>  Preparing: INSERT INTO books_categories (book_id, category_id) VALUES (?, ?)
17:38:26.933 [main] DEBUG c.e.j.m.B.insertBookCategories - ==> Parameters: 16(Long), 1(Long)
17:38:26.933 [main] DEBUG c.e.j.m.B.insertBookCategories - <==    Updates: 1
17:38:26.934 [main] DEBUG c.e.j.mapper.BookMapper.insert - ==>  Preparing: INSERT INTO books (title, isbn, author_id, published_year) VALUES (?, ?, ?, ?)
17:38:26.934 [main] DEBUG c.e.j.mapper.BookMapper.insert - ==> Parameters: Java Concurrency in Practice(String), 9780321349606(String), 1(Long), 2006(Integer)
17:38:26.934 [main] DEBUG c.e.j.mapper.BookMapper.insert - <==    Updates: 1
17:38:26.935 [main] DEBUG c.e.j.m.B.deleteCategoriesByBookId - ==>  Preparing: DELETE FROM books_categories bc WHERE bc.book_id = ?
17:38:26.935 [main] DEBUG c.e.j.m.B.deleteCategoriesByBookId - ==> Parameters: 17(Long)
17:38:26.935 [main] DEBUG c.e.j.m.B.deleteCategoriesByBookId - <==    Updates: 0
17:38:26.936 [main] DEBUG c.e.j.m.B.insertBookCategories - ==>  Preparing: INSERT INTO books_categories (book_id, category_id) VALUES (?, ?)
17:38:26.936 [main] DEBUG c.e.j.m.B.insertBookCategories - ==> Parameters: 17(Long), 1(Long)
17:38:26.936 [main] DEBUG c.e.j.m.B.insertBookCategories - <==    Updates: 1
17:38:26.936 [main] DEBUG c.e.j.mapper.BookMapper.insert - ==>  Preparing: INSERT INTO books (title, isbn, author_id, published_year) VALUES (?, ?, ?, ?)
17:38:26.937 [main] DEBUG c.e.j.mapper.BookMapper.insert - ==> Parameters: Java Concurrency in Practice(String), 9780321349606(String), 1(Long), 2006(Integer)
17:38:26.937 [main] DEBUG c.e.j.mapper.BookMapper.insert - <==    Updates: 1
17:38:26.938 [main] DEBUG c.e.j.m.B.deleteCategoriesByBookId - ==>  Preparing: DELETE FROM books_categories bc WHERE bc.book_id = ?
17:38:26.938 [main] DEBUG c.e.j.m.B.deleteCategoriesByBookId - ==> Parameters: 18(Long)
17:38:26.938 [main] DEBUG c.e.j.m.B.deleteCategoriesByBookId - <==    Updates: 0
17:38:26.938 [main] DEBUG c.e.j.m.B.insertBookCategories - ==>  Preparing: INSERT INTO books_categories (book_id, category_id) VALUES (?, ?)
17:38:26.938 [main] DEBUG c.e.j.m.B.insertBookCategories - ==> Parameters: 18(Long), 1(Long)
17:38:26.939 [main] DEBUG c.e.j.m.B.insertBookCategories - <==    Updates: 1
17:38:26.939 [main] DEBUG c.e.j.mapper.BookMapper.insert - ==>  Preparing: INSERT INTO books (title, isbn, author_id, published_year) VALUES (?, ?, ?, ?)
17:38:26.939 [main] DEBUG c.e.j.mapper.BookMapper.insert - ==> Parameters: Java Concurrency in Practice(String), 9780321349606(String), 1(Long), 2006(Integer)
17:38:26.940 [main] DEBUG c.e.j.mapper.BookMapper.insert - <==    Updates: 1
17:38:26.940 [main] DEBUG c.e.j.m.B.deleteCategoriesByBookId - ==>  Preparing: DELETE FROM books_categories bc WHERE bc.book_id = ?
17:38:26.940 [main] DEBUG c.e.j.m.B.deleteCategoriesByBookId - ==> Parameters: 19(Long)
17:38:26.941 [main] DEBUG c.e.j.m.B.deleteCategoriesByBookId - <==    Updates: 0
17:38:26.941 [main] DEBUG c.e.j.m.B.insertBookCategories - ==>  Preparing: INSERT INTO books_categories (book_id, category_id) VALUES (?, ?)
17:38:26.941 [main] DEBUG c.e.j.m.B.insertBookCategories - ==> Parameters: 19(Long), 1(Long)
17:38:26.942 [main] DEBUG c.e.j.m.B.insertBookCategories - <==    Updates: 1
17:38:26.942 [main] DEBUG c.e.j.mapper.BookMapper.insert - ==>  Preparing: INSERT INTO books (title, isbn, author_id, published_year) VALUES (?, ?, ?, ?)
17:38:26.942 [main] DEBUG c.e.j.mapper.BookMapper.insert - ==> Parameters: Java Concurrency in Practice(String), 9780321349606(String), 1(Long), 2006(Integer)
17:38:26.942 [main] DEBUG c.e.j.mapper.BookMapper.insert - <==    Updates: 1
17:38:26.943 [main] DEBUG c.e.j.m.B.deleteCategoriesByBookId - ==>  Preparing: DELETE FROM books_categories bc WHERE bc.book_id = ?
17:38:26.943 [main] DEBUG c.e.j.m.B.deleteCategoriesByBookId - ==> Parameters: 20(Long)
17:38:26.943 [main] DEBUG c.e.j.m.B.deleteCategoriesByBookId - <==    Updates: 0
17:38:26.943 [main] DEBUG c.e.j.m.B.insertBookCategories - ==>  Preparing: INSERT INTO books_categories (book_id, category_id) VALUES (?, ?)
17:38:26.944 [main] DEBUG c.e.j.m.B.insertBookCategories - ==> Parameters: 20(Long), 1(Long)
17:38:26.944 [main] DEBUG c.e.j.m.B.insertBookCategories - <==    Updates: 1
17:38:26.944 [main] DEBUG c.e.j.mapper.BookMapper.insert - ==>  Preparing: INSERT INTO books (title, isbn, author_id, published_year) VALUES (?, ?, ?, ?)
17:38:26.944 [main] DEBUG c.e.j.mapper.BookMapper.insert - ==> Parameters: Java Concurrency in Practice(String), 9780321349606(String), 1(Long), 2006(Integer)
17:38:26.945 [main] DEBUG c.e.j.mapper.BookMapper.insert - <==    Updates: 1
17:38:26.945 [main] DEBUG c.e.j.m.B.deleteCategoriesByBookId - ==>  Preparing: DELETE FROM books_categories bc WHERE bc.book_id = ?
17:38:26.945 [main] DEBUG c.e.j.m.B.deleteCategoriesByBookId - ==> Parameters: 21(Long)
17:38:26.945 [main] DEBUG c.e.j.m.B.deleteCategoriesByBookId - <==    Updates: 0
17:38:26.945 [main] DEBUG c.e.j.m.B.insertBookCategories - ==>  Preparing: INSERT INTO books_categories (book_id, category_id) VALUES (?, ?)
17:38:26.946 [main] DEBUG c.e.j.m.B.insertBookCategories - ==> Parameters: 21(Long), 1(Long)
17:38:26.946 [main] DEBUG c.e.j.m.B.insertBookCategories - <==    Updates: 1
17:38:26.946 [main] DEBUG c.e.j.mapper.BookMapper.insert - ==>  Preparing: INSERT INTO books (title, isbn, author_id, published_year) VALUES (?, ?, ?, ?)
17:38:26.946 [main] DEBUG c.e.j.mapper.BookMapper.insert - ==> Parameters: Java Concurrency in Practice(String), 9780321349606(String), 1(Long), 2006(Integer)
17:38:26.946 [main] DEBUG c.e.j.mapper.BookMapper.insert - <==    Updates: 1
17:38:26.948 [main] DEBUG c.e.j.m.B.deleteCategoriesByBookId - ==>  Preparing: DELETE FROM books_categories bc WHERE bc.book_id = ?
17:38:26.948 [main] DEBUG c.e.j.m.B.deleteCategoriesByBookId - ==> Parameters: 22(Long)
17:38:26.948 [main] DEBUG c.e.j.m.B.deleteCategoriesByBookId - <==    Updates: 0
17:38:26.948 [main] DEBUG c.e.j.m.B.insertBookCategories - ==>  Preparing: INSERT INTO books_categories (book_id, category_id) VALUES (?, ?)
17:38:26.948 [main] DEBUG c.e.j.m.B.insertBookCategories - ==> Parameters: 22(Long), 1(Long)
17:38:26.948 [main] DEBUG c.e.j.m.B.insertBookCategories - <==    Updates: 1
17:38:26.949 [main] DEBUG c.e.j.mapper.BookMapper.insert - ==>  Preparing: INSERT INTO books (title, isbn, author_id, published_year) VALUES (?, ?, ?, ?)
17:38:26.949 [main] DEBUG c.e.j.mapper.BookMapper.insert - ==> Parameters: Java Concurrency in Practice(String), 9780321349606(String), 1(Long), 2006(Integer)
17:38:26.949 [main] DEBUG c.e.j.mapper.BookMapper.insert - <==    Updates: 1
17:38:26.950 [main] DEBUG c.e.j.m.B.deleteCategoriesByBookId - ==>  Preparing: DELETE FROM books_categories bc WHERE bc.book_id = ?
17:38:26.950 [main] DEBUG c.e.j.m.B.deleteCategoriesByBookId - ==> Parameters: 23(Long)
17:38:26.950 [main] DEBUG c.e.j.m.B.deleteCategoriesByBookId - <==    Updates: 0
17:38:26.950 [main] DEBUG c.e.j.m.B.insertBookCategories - ==>  Preparing: INSERT INTO books_categories (book_id, category_id) VALUES (?, ?)
17:38:26.950 [main] DEBUG c.e.j.m.B.insertBookCategories - ==> Parameters: 23(Long), 1(Long)
17:38:26.950 [main] DEBUG c.e.j.m.B.insertBookCategories - <==    Updates: 1
17:38:26.951 [main] DEBUG c.e.j.mapper.BookMapper.insert - ==>  Preparing: INSERT INTO books (title, isbn, author_id, published_year) VALUES (?, ?, ?, ?)
17:38:26.951 [main] DEBUG c.e.j.mapper.BookMapper.insert - ==> Parameters: Java Concurrency in Practice(String), 9780321349606(String), 1(Long), 2006(Integer)
17:38:26.951 [main] DEBUG c.e.j.mapper.BookMapper.insert - <==    Updates: 1
17:38:26.951 [main] DEBUG c.e.j.m.B.deleteCategoriesByBookId - ==>  Preparing: DELETE FROM books_categories bc WHERE bc.book_id = ?
17:38:26.951 [main] DEBUG c.e.j.m.B.deleteCategoriesByBookId - ==> Parameters: 24(Long)
17:38:26.951 [main] DEBUG c.e.j.m.B.deleteCategoriesByBookId - <==    Updates: 0
17:38:26.952 [main] DEBUG c.e.j.m.B.insertBookCategories - ==>  Preparing: INSERT INTO books_categories (book_id, category_id) VALUES (?, ?)
17:38:26.952 [main] DEBUG c.e.j.m.B.insertBookCategories - ==> Parameters: 24(Long), 1(Long)
17:38:26.952 [main] DEBUG c.e.j.m.B.insertBookCategories - <==    Updates: 1
17:38:26.954 [main] DEBUG c.e.j.mapper.UserMapper.findByEmail - ==>  Preparing: SELECT * FROM users u WHERE u.email = ?
17:38:26.955 [main] DEBUG c.e.j.mapper.UserMapper.findByEmail - ==> Parameters: user@example.com(String)
17:38:26.964 [main] DEBUG c.e.j.mapper.UserMapper.findByEmail - <==      Total: 0
17:38:27.028 [main] DEBUG c.e.j.mapper.UserMapper.insert - ==>  Preparing: INSERT INTO users (email, name, password_hash, role) VALUES (?, ?, ?, ?)
17:38:27.029 [main] DEBUG c.e.j.mapper.UserMapper.insert - ==> Parameters: user@example.com(String), 測試使用者(String), $2a$10$gLhgCMu/QUIC5yYsvsNnjOimTmCNvE8SYwtixBVxRw6QKlwM6poQ6(String), USER(String)
17:38:27.030 [main] DEBUG c.e.j.mapper.UserMapper.insert - <==    Updates: 1
17:38:27.031 [main] INFO  c.e.j.service.AuthServiceImpl - 新使用者註冊：userId=1, email=user@example.com
17:38:27.088 [main] DEBUG c.e.j.mapper.UserMapper.insert - ==>  Preparing: INSERT INTO users (email, name, password_hash, role) VALUES (?, ?, ?, ?)
17:38:27.088 [main] DEBUG c.e.j.mapper.UserMapper.insert - ==> Parameters: admin@example.com(String), 管理員(String), $2a$10$/iOADokWxQhRcCEJl7YbhOeDFFvaSQIcHQFK.f3KwgEnMzsuKlnf.(String), ADMIN(String)
17:38:27.089 [main] DEBUG c.e.j.mapper.UserMapper.insert - <==    Updates: 1
17:38:27.146 [main] DEBUG c.e.j.mapper.UserMapper.insert - ==>  Preparing: INSERT INTO users (email, name, password_hash, role) VALUES (?, ?, ?, ?)
17:38:27.146 [main] DEBUG c.e.j.mapper.UserMapper.insert - ==> Parameters: procurement@example.com(String), 採購人員(String), $2a$10$oasaexFcqoYUJhYp8EYfwukSUB/iyxkYys8XmhG1U25rIOzcThW9a(String), PROCUREMENT(String)
17:38:27.147 [main] DEBUG c.e.j.mapper.UserMapper.insert - <==    Updates: 1
17:38:27.151 [main] DEBUG c.e.j.m.BookRequestMapper.insert - ==>  Preparing: INSERT INTO book_requests (requester_id, status, requested_at) VALUES (?, ?, ?)
17:38:27.152 [main] DEBUG c.e.j.m.BookRequestMapper.insert - ==> Parameters: 1(Long), PENDING(String), 2026-09-09T17:38:27.151413400(LocalDateTime)
17:38:27.153 [main] DEBUG c.e.j.m.BookRequestMapper.insert - <==    Updates: 1
17:38:27.153 [main] DEBUG c.e.j.m.BookRequestItemMapper.insert - ==>  Preparing: INSERT INTO book_request_items (book_request_id, title, isbn, author_id, published_year, estimated_price) VALUES (?, ?, ?, ?, ?, ?)
17:38:27.154 [main] DEBUG c.e.j.m.BookRequestItemMapper.insert - ==> Parameters: 1(Long), Refactoring(String), null, null, null, null
17:38:27.154 [main] DEBUG c.e.j.m.BookRequestItemMapper.insert - <==    Updates: 1
17:38:27.154 [main] INFO  c.e.j.service.BookRequestServiceImpl - 送出申請：requestId=1, requesterId=1, 書籍數=1
17:38:27.156 [main] DEBUG c.e.j.m.BookRequestMapper.insert - ==>  Preparing: INSERT INTO book_requests (requester_id, status, requested_at) VALUES (?, ?, ?)
17:38:27.156 [main] DEBUG c.e.j.m.BookRequestMapper.insert - ==> Parameters: 1(Long), PENDING(String), 2026-09-09T17:38:27.155412100(LocalDateTime)
17:38:27.156 [main] DEBUG c.e.j.m.BookRequestMapper.insert - <==    Updates: 1
17:38:27.156 [main] DEBUG c.e.j.m.BookRequestItemMapper.insert - ==>  Preparing: INSERT INTO book_request_items (book_request_id, title, isbn, author_id, published_year, estimated_price) VALUES (?, ?, ?, ?, ?, ?)
17:38:27.156 [main] DEBUG c.e.j.m.BookRequestItemMapper.insert - ==> Parameters: 2(Long), The Pragmatic Programmer(String), 9780135957059(String), null, 2019(Integer), 850(BigDecimal)
17:38:27.157 [main] DEBUG c.e.j.m.BookRequestItemMapper.insert - <==    Updates: 1
17:38:27.157 [main] DEBUG c.e.j.m.BookRequestItemMapper.insert - ==>  Preparing: INSERT INTO book_request_items (book_request_id, title, isbn, author_id, published_year, estimated_price) VALUES (?, ?, ?, ?, ?, ?)
17:38:27.157 [main] DEBUG c.e.j.m.BookRequestItemMapper.insert - ==> Parameters: 2(Long), Head First Design Patterns(String), null, null, null, null
17:38:27.157 [main] DEBUG c.e.j.m.BookRequestItemMapper.insert - <==    Updates: 1
17:38:27.157 [main] INFO  c.e.j.service.BookRequestServiceImpl - 送出申請：requestId=2, requesterId=1, 書籍數=2
17:38:27.158 [main] DEBUG c.e.j.m.BookRequestMapper.insert - ==>  Preparing: INSERT INTO book_requests (requester_id, status, requested_at) VALUES (?, ?, ?)
17:38:27.158 [main] DEBUG c.e.j.m.BookRequestMapper.insert - ==> Parameters: 1(Long), PENDING(String), 2026-09-09T17:38:27.157408500(LocalDateTime)
17:38:27.158 [main] DEBUG c.e.j.m.BookRequestMapper.insert - <==    Updates: 1
17:38:27.158 [main] DEBUG c.e.j.m.BookRequestItemMapper.insert - ==>  Preparing: INSERT INTO book_request_items (book_request_id, title, isbn, author_id, published_year, estimated_price) VALUES (?, ?, ?, ?, ?, ?)
17:38:27.159 [main] DEBUG c.e.j.m.BookRequestItemMapper.insert - ==> Parameters: 3(Long), Test-Driven Development(String), 9780321146533(String), null, 2002(Integer), null
17:38:27.159 [main] DEBUG c.e.j.m.BookRequestItemMapper.insert - <==    Updates: 1
17:38:27.159 [main] INFO  c.e.j.service.BookRequestServiceImpl - 送出申請：requestId=3, requesterId=1, 書籍數=1
17:38:27.159 [main] DEBUG c.e.j.m.BookRequestMapper.insert - ==>  Preparing: INSERT INTO book_requests (requester_id, status, requested_at) VALUES (?, ?, ?)
17:38:27.160 [main] DEBUG c.e.j.m.BookRequestMapper.insert - ==> Parameters: 1(Long), PENDING(String), 2026-09-09T17:38:27.159406900(LocalDateTime)
17:38:27.160 [main] DEBUG c.e.j.m.BookRequestMapper.insert - <==    Updates: 1
17:38:27.160 [main] DEBUG c.e.j.m.BookRequestItemMapper.insert - ==>  Preparing: INSERT INTO book_request_items (book_request_id, title, isbn, author_id, published_year, estimated_price) VALUES (?, ?, ?, ?, ?, ?)
17:38:27.160 [main] DEBUG c.e.j.m.BookRequestItemMapper.insert - ==> Parameters: 4(Long), Working Effectively with Legacy Code(String), null, null, null, null
17:38:27.160 [main] DEBUG c.e.j.m.BookRequestItemMapper.insert - <==    Updates: 1
17:38:27.160 [main] INFO  c.e.j.service.BookRequestServiceImpl - 送出申請：requestId=4, requesterId=1, 書籍數=1
17:38:27.161 [main] DEBUG c.e.j.m.BookRequestMapper.insert - ==>  Preparing: INSERT INTO book_requests (requester_id, status, requested_at) VALUES (?, ?, ?)
17:38:27.161 [main] DEBUG c.e.j.m.BookRequestMapper.insert - ==> Parameters: 1(Long), PENDING(String), 2026-09-09T17:38:27.161487100(LocalDateTime)
17:38:27.162 [main] DEBUG c.e.j.m.BookRequestMapper.insert - <==    Updates: 1
17:38:27.162 [main] DEBUG c.e.j.m.BookRequestItemMapper.insert - ==>  Preparing: INSERT INTO book_request_items (book_request_id, title, isbn, author_id, published_year, estimated_price) VALUES (?, ?, ?, ?, ?, ?)
17:38:27.162 [main] DEBUG c.e.j.m.BookRequestItemMapper.insert - ==> Parameters: 5(Long), Continuous Delivery(String), null, null, null, null
17:38:27.162 [main] DEBUG c.e.j.m.BookRequestItemMapper.insert - <==    Updates: 1
17:38:27.162 [main] INFO  c.e.j.service.BookRequestServiceImpl - 送出申請：requestId=5, requesterId=1, 書籍數=1
17:38:27.163 [main] DEBUG c.e.j.m.BookRequestMapper.insert - ==>  Preparing: INSERT INTO book_requests (requester_id, status, requested_at) VALUES (?, ?, ?)
17:38:27.163 [main] DEBUG c.e.j.m.BookRequestMapper.insert - ==> Parameters: 1(Long), PENDING(String), 2026-09-09T17:38:27.163487600(LocalDateTime)
17:38:27.163 [main] DEBUG c.e.j.m.BookRequestMapper.insert - <==    Updates: 1
17:38:27.163 [main] DEBUG c.e.j.m.BookRequestItemMapper.insert - ==>  Preparing: INSERT INTO book_request_items (book_request_id, title, isbn, author_id, published_year, estimated_price) VALUES (?, ?, ?, ?, ?, ?)
17:38:27.163 [main] DEBUG c.e.j.m.BookRequestItemMapper.insert - ==> Parameters: 6(Long), Site Reliability Engineering(String), null, null, 2016(Integer), 1200(BigDecimal)
17:38:27.164 [main] DEBUG c.e.j.m.BookRequestItemMapper.insert - <==    Updates: 1
17:38:27.164 [main] INFO  c.e.j.service.BookRequestServiceImpl - 送出申請：requestId=6, requesterId=1, 書籍數=1
17:38:27.164 [main] DEBUG c.e.j.m.BookRequestMapper.approve - ==>  Preparing: UPDATE book_requests SET status = 'APPROVED', approver_id = ?, approved_at = ? WHERE id = ? AND status = 'PENDING' AND requester_id != ?
17:38:27.166 [main] DEBUG c.e.j.m.BookRequestMapper.approve - ==> Parameters: 2(Long), 2026-09-09T17:38:27.164490900(LocalDateTime), 6(Long), 2(Long)
17:38:27.167 [main] DEBUG c.e.j.m.BookRequestMapper.approve - <==    Updates: 1
17:38:27.167 [main] DEBUG c.e.j.m.BookRequestMapper.findById - ==>  Preparing: SELECT * FROM book_requests WHERE id = ?
17:38:27.167 [main] DEBUG c.e.j.m.BookRequestMapper.findById - ==> Parameters: 6(Long)
17:38:27.171 [main] DEBUG c.e.j.m.BookRequestMapper.findById - <==      Total: 1
17:38:27.171 [main] DEBUG c.e.j.m.B.findByBookRequestId - ==>  Preparing: SELECT * FROM book_request_items WHERE book_request_id = ?
17:38:27.172 [main] DEBUG c.e.j.m.B.findByBookRequestId - ==> Parameters: 6(Long)
17:38:27.173 [main] DEBUG c.e.j.m.B.findByBookRequestId - <==      Total: 1
17:38:27.174 [main] DEBUG c.e.j.m.ProcurementItemMapper.insert - ==>  Preparing: INSERT INTO procurement_items (book_request_item_id, status) VALUES (?, ?)
17:38:27.174 [main] DEBUG c.e.j.m.ProcurementItemMapper.insert - ==> Parameters: 7(Long), PENDING(String)
17:38:27.174 [main] DEBUG c.e.j.m.ProcurementItemMapper.insert - <==    Updates: 1
17:38:27.175 [main] INFO  c.e.j.service.BookRequestServiceImpl - 申請已核准：requestId=6, approverId=2
17:38:27.175 [main] DEBUG c.e.j.m.BookRequestMapper.insert - ==>  Preparing: INSERT INTO book_requests (requester_id, status, requested_at) VALUES (?, ?, ?)
17:38:27.176 [main] DEBUG c.e.j.m.BookRequestMapper.insert - ==> Parameters: 1(Long), PENDING(String), 2026-09-09T17:38:27.175493300(LocalDateTime)
17:38:27.176 [main] DEBUG c.e.j.m.BookRequestMapper.insert - <==    Updates: 1
17:38:27.176 [main] DEBUG c.e.j.m.BookRequestItemMapper.insert - ==>  Preparing: INSERT INTO book_request_items (book_request_id, title, isbn, author_id, published_year, estimated_price) VALUES (?, ?, ?, ?, ?, ?)
17:38:27.176 [main] DEBUG c.e.j.m.BookRequestItemMapper.insert - ==> Parameters: 7(Long), Database Internals(String), null, null, null, null
17:38:27.176 [main] DEBUG c.e.j.m.BookRequestItemMapper.insert - <==    Updates: 1
17:38:27.176 [main] DEBUG c.e.j.m.BookRequestItemMapper.insert - ==>  Preparing: INSERT INTO book_request_items (book_request_id, title, isbn, author_id, published_year, estimated_price) VALUES (?, ?, ?, ?, ?, ?)
17:38:27.176 [main] DEBUG c.e.j.m.BookRequestItemMapper.insert - ==> Parameters: 7(Long), Designing Data-Intensive Applications(String), 9781449373320(String), null, 2017(Integer), 1500(BigDecimal)
17:38:27.177 [main] DEBUG c.e.j.m.BookRequestItemMapper.insert - <==    Updates: 1
17:38:27.177 [main] INFO  c.e.j.service.BookRequestServiceImpl - 送出申請：requestId=7, requesterId=1, 書籍數=2
17:38:27.177 [main] DEBUG c.e.j.m.BookRequestMapper.approve - ==>  Preparing: UPDATE book_requests SET status = 'APPROVED', approver_id = ?, approved_at = ? WHERE id = ? AND status = 'PENDING' AND requester_id != ?
17:38:27.177 [main] DEBUG c.e.j.m.BookRequestMapper.approve - ==> Parameters: 2(Long), 2026-09-09T17:38:27.177488100(LocalDateTime), 7(Long), 2(Long)
17:38:27.177 [main] DEBUG c.e.j.m.BookRequestMapper.approve - <==    Updates: 1
17:38:27.178 [main] DEBUG c.e.j.m.BookRequestMapper.findById - ==>  Preparing: SELECT * FROM book_requests WHERE id = ?
17:38:27.178 [main] DEBUG c.e.j.m.BookRequestMapper.findById - ==> Parameters: 7(Long)
17:38:27.178 [main] DEBUG c.e.j.m.BookRequestMapper.findById - <==      Total: 1
17:38:27.178 [main] DEBUG c.e.j.m.B.findByBookRequestId - ==>  Preparing: SELECT * FROM book_request_items WHERE book_request_id = ?
17:38:27.179 [main] DEBUG c.e.j.m.B.findByBookRequestId - ==> Parameters: 7(Long)
17:38:27.179 [main] DEBUG c.e.j.m.B.findByBookRequestId - <==      Total: 2
17:38:27.179 [main] DEBUG c.e.j.m.ProcurementItemMapper.insert - ==>  Preparing: INSERT INTO procurement_items (book_request_item_id, status) VALUES (?, ?)
17:38:27.180 [main] DEBUG c.e.j.m.ProcurementItemMapper.insert - ==> Parameters: 8(Long), PENDING(String)
17:38:27.180 [main] DEBUG c.e.j.m.ProcurementItemMapper.insert - <==    Updates: 1
17:38:27.180 [main] DEBUG c.e.j.m.ProcurementItemMapper.insert - ==>  Preparing: INSERT INTO procurement_items (book_request_item_id, status) VALUES (?, ?)
17:38:27.180 [main] DEBUG c.e.j.m.ProcurementItemMapper.insert - ==> Parameters: 9(Long), PENDING(String)
17:38:27.180 [main] DEBUG c.e.j.m.ProcurementItemMapper.insert - <==    Updates: 1
17:38:27.180 [main] INFO  c.e.j.service.BookRequestServiceImpl - 申請已核准：requestId=7, approverId=2
17:38:27.181 [main] DEBUG c.e.j.m.BookRequestMapper.insert - ==>  Preparing: INSERT INTO book_requests (requester_id, status, requested_at) VALUES (?, ?, ?)
17:38:27.181 [main] DEBUG c.e.j.m.BookRequestMapper.insert - ==> Parameters: 1(Long), PENDING(String), 2026-09-09T17:38:27.181486800(LocalDateTime)
17:38:27.181 [main] DEBUG c.e.j.m.BookRequestMapper.insert - <==    Updates: 1
17:38:27.181 [main] DEBUG c.e.j.m.BookRequestItemMapper.insert - ==>  Preparing: INSERT INTO book_request_items (book_request_id, title, isbn, author_id, published_year, estimated_price) VALUES (?, ?, ?, ?, ?, ?)
17:38:27.182 [main] DEBUG c.e.j.m.BookRequestItemMapper.insert - ==> Parameters: 8(Long), The Clean Coder(String), null, null, null, null
17:38:27.182 [main] DEBUG c.e.j.m.BookRequestItemMapper.insert - <==    Updates: 1
17:38:27.182 [main] INFO  c.e.j.service.BookRequestServiceImpl - 送出申請：requestId=8, requesterId=1, 書籍數=1
17:38:27.182 [main] DEBUG c.e.j.m.BookRequestMapper.approve - ==>  Preparing: UPDATE book_requests SET status = 'APPROVED', approver_id = ?, approved_at = ? WHERE id = ? AND status = 'PENDING' AND requester_id != ?
17:38:27.183 [main] DEBUG c.e.j.m.BookRequestMapper.approve - ==> Parameters: 2(Long), 2026-09-09T17:38:27.182486400(LocalDateTime), 8(Long), 2(Long)
17:38:27.183 [main] DEBUG c.e.j.m.BookRequestMapper.approve - <==    Updates: 1
17:38:27.183 [main] DEBUG c.e.j.m.BookRequestMapper.findById - ==>  Preparing: SELECT * FROM book_requests WHERE id = ?
17:38:27.183 [main] DEBUG c.e.j.m.BookRequestMapper.findById - ==> Parameters: 8(Long)
17:38:27.183 [main] DEBUG c.e.j.m.BookRequestMapper.findById - <==      Total: 1
17:38:27.183 [main] DEBUG c.e.j.m.B.findByBookRequestId - ==>  Preparing: SELECT * FROM book_request_items WHERE book_request_id = ?
17:38:27.184 [main] DEBUG c.e.j.m.B.findByBookRequestId - ==> Parameters: 8(Long)
17:38:27.184 [main] DEBUG c.e.j.m.B.findByBookRequestId - <==      Total: 1
17:38:27.184 [main] DEBUG c.e.j.m.ProcurementItemMapper.insert - ==>  Preparing: INSERT INTO procurement_items (book_request_item_id, status) VALUES (?, ?)
17:38:27.184 [main] DEBUG c.e.j.m.ProcurementItemMapper.insert - ==> Parameters: 10(Long), PENDING(String)
17:38:27.184 [main] DEBUG c.e.j.m.ProcurementItemMapper.insert - <==    Updates: 1
17:38:27.184 [main] INFO  c.e.j.service.BookRequestServiceImpl - 申請已核准：requestId=8, approverId=2
17:38:27.185 [main] DEBUG c.e.j.m.BookRequestMapper.insert - ==>  Preparing: INSERT INTO book_requests (requester_id, status, requested_at) VALUES (?, ?, ?)
17:38:27.185 [main] DEBUG c.e.j.m.BookRequestMapper.insert - ==> Parameters: 1(Long), PENDING(String), 2026-09-09T17:38:27.185487200(LocalDateTime)
17:38:27.186 [main] DEBUG c.e.j.m.BookRequestMapper.insert - <==    Updates: 1
17:38:27.186 [main] DEBUG c.e.j.m.BookRequestItemMapper.insert - ==>  Preparing: INSERT INTO book_request_items (book_request_id, title, isbn, author_id, published_year, estimated_price) VALUES (?, ?, ?, ?, ?, ?)
17:38:27.186 [main] DEBUG c.e.j.m.BookRequestItemMapper.insert - ==> Parameters: 9(Long), Release It!(String), null, null, null, null
17:38:27.186 [main] DEBUG c.e.j.m.BookRequestItemMapper.insert - <==    Updates: 1
17:38:27.186 [main] INFO  c.e.j.service.BookRequestServiceImpl - 送出申請：requestId=9, requesterId=1, 書籍數=1
17:38:27.187 [main] DEBUG c.e.j.m.BookRequestMapper.approve - ==>  Preparing: UPDATE book_requests SET status = 'APPROVED', approver_id = ?, approved_at = ? WHERE id = ? AND status = 'PENDING' AND requester_id != ?
17:38:27.187 [main] DEBUG c.e.j.m.BookRequestMapper.approve - ==> Parameters: 2(Long), 2026-09-09T17:38:27.187486200(LocalDateTime), 9(Long), 2(Long)
17:38:27.187 [main] DEBUG c.e.j.m.BookRequestMapper.approve - <==    Updates: 1
17:38:27.188 [main] DEBUG c.e.j.m.BookRequestMapper.findById - ==>  Preparing: SELECT * FROM book_requests WHERE id = ?
17:38:27.188 [main] DEBUG c.e.j.m.BookRequestMapper.findById - ==> Parameters: 9(Long)
17:38:27.189 [main] DEBUG c.e.j.m.BookRequestMapper.findById - <==      Total: 1
17:38:27.189 [main] DEBUG c.e.j.m.B.findByBookRequestId - ==>  Preparing: SELECT * FROM book_request_items WHERE book_request_id = ?
17:38:27.189 [main] DEBUG c.e.j.m.B.findByBookRequestId - ==> Parameters: 9(Long)
17:38:27.189 [main] DEBUG c.e.j.m.B.findByBookRequestId - <==      Total: 1
17:38:27.189 [main] DEBUG c.e.j.m.ProcurementItemMapper.insert - ==>  Preparing: INSERT INTO procurement_items (book_request_item_id, status) VALUES (?, ?)
17:38:27.190 [main] DEBUG c.e.j.m.ProcurementItemMapper.insert - ==> Parameters: 11(Long), PENDING(String)
17:38:27.190 [main] DEBUG c.e.j.m.ProcurementItemMapper.insert - <==    Updates: 1
17:38:27.190 [main] INFO  c.e.j.service.BookRequestServiceImpl - 申請已核准：requestId=9, approverId=2
17:38:27.190 [main] DEBUG c.e.j.m.BookRequestMapper.insert - ==>  Preparing: INSERT INTO book_requests (requester_id, status, requested_at) VALUES (?, ?, ?)
17:38:27.191 [main] DEBUG c.e.j.m.BookRequestMapper.insert - ==> Parameters: 1(Long), PENDING(String), 2026-09-09T17:38:27.190492400(LocalDateTime)
17:38:27.191 [main] DEBUG c.e.j.m.BookRequestMapper.insert - <==    Updates: 1
17:38:27.191 [main] DEBUG c.e.j.m.BookRequestItemMapper.insert - ==>  Preparing: INSERT INTO book_request_items (book_request_id, title, isbn, author_id, published_year, estimated_price) VALUES (?, ?, ?, ?, ?, ?)
17:38:27.191 [main] DEBUG c.e.j.m.BookRequestItemMapper.insert - ==> Parameters: 10(Long), Overpriced Book(String), null, null, null, 99999(BigDecimal)
17:38:27.192 [main] DEBUG c.e.j.m.BookRequestItemMapper.insert - <==    Updates: 1
17:38:27.192 [main] INFO  c.e.j.service.BookRequestServiceImpl - 送出申請：requestId=10, requesterId=1, 書籍數=1
17:38:27.193 [main] DEBUG c.e.j.m.BookRequestMapper.reject - ==>  Preparing: UPDATE book_requests SET status = 'REJECTED', approver_id = ?, approved_at = ? WHERE id = ? AND status = 'PENDING' AND requester_id != ?
17:38:27.193 [main] DEBUG c.e.j.m.BookRequestMapper.reject - ==> Parameters: 2(Long), 2026-09-09T17:38:27.192486700(LocalDateTime), 10(Long), 2(Long)
17:38:27.193 [main] DEBUG c.e.j.m.BookRequestMapper.reject - <==    Updates: 1
17:38:27.193 [main] DEBUG c.e.j.m.BookRequestMapper.findById - ==>  Preparing: SELECT * FROM book_requests WHERE id = ?
17:38:27.193 [main] DEBUG c.e.j.m.BookRequestMapper.findById - ==> Parameters: 10(Long)
17:38:27.194 [main] DEBUG c.e.j.m.BookRequestMapper.findById - <==      Total: 1
17:38:27.194 [main] INFO  c.e.j.service.BookRequestServiceImpl - 申請已拒絕：requestId=10, approverId=2
17:38:27.195 [main] DEBUG c.e.j.m.BookRequestMapper.insert - ==>  Preparing: INSERT INTO book_requests (requester_id, status, requested_at) VALUES (?, ?, ?)
17:38:27.195 [main] DEBUG c.e.j.m.BookRequestMapper.insert - ==> Parameters: 1(Long), PENDING(String), 2026-09-09T17:38:27.195491900(LocalDateTime)
17:38:27.195 [main] DEBUG c.e.j.m.BookRequestMapper.insert - <==    Updates: 1
17:38:27.195 [main] DEBUG c.e.j.m.BookRequestItemMapper.insert - ==>  Preparing: INSERT INTO book_request_items (book_request_id, title, isbn, author_id, published_year, estimated_price) VALUES (?, ?, ?, ?, ?, ?)
17:38:27.195 [main] DEBUG c.e.j.m.BookRequestItemMapper.insert - ==> Parameters: 11(Long), Duplicate Request Example(String), null, null, null, null
17:38:27.196 [main] DEBUG c.e.j.m.BookRequestItemMapper.insert - <==    Updates: 1
17:38:27.196 [main] INFO  c.e.j.service.BookRequestServiceImpl - 送出申請：requestId=11, requesterId=1, 書籍數=1
17:38:27.196 [main] DEBUG c.e.j.m.BookRequestMapper.reject - ==>  Preparing: UPDATE book_requests SET status = 'REJECTED', approver_id = ?, approved_at = ? WHERE id = ? AND status = 'PENDING' AND requester_id != ?
17:38:27.197 [main] DEBUG c.e.j.m.BookRequestMapper.reject - ==> Parameters: 2(Long), 2026-09-09T17:38:27.196487700(LocalDateTime), 11(Long), 2(Long)
17:38:27.197 [main] DEBUG c.e.j.m.BookRequestMapper.reject - <==    Updates: 1
17:38:27.198 [main] DEBUG c.e.j.m.BookRequestMapper.findById - ==>  Preparing: SELECT * FROM book_requests WHERE id = ?
17:38:27.198 [main] DEBUG c.e.j.m.BookRequestMapper.findById - ==> Parameters: 11(Long)
17:38:27.199 [main] DEBUG c.e.j.m.BookRequestMapper.findById - <==      Total: 1
17:38:27.199 [main] INFO  c.e.j.service.BookRequestServiceImpl - 申請已拒絕：requestId=11, approverId=2
17:38:27.200 [main] DEBUG c.e.j.m.BookRequestMapper.insert - ==>  Preparing: INSERT INTO book_requests (requester_id, status, requested_at) VALUES (?, ?, ?)
17:38:27.200 [main] DEBUG c.e.j.m.BookRequestMapper.insert - ==> Parameters: 1(Long), PENDING(String), 2026-09-09T17:38:27.200498600(LocalDateTime)
17:38:27.201 [main] DEBUG c.e.j.m.BookRequestMapper.insert - <==    Updates: 1
17:38:27.201 [main] DEBUG c.e.j.m.BookRequestItemMapper.insert - ==>  Preparing: INSERT INTO book_request_items (book_request_id, title, isbn, author_id, published_year, estimated_price) VALUES (?, ?, ?, ?, ?, ?)
17:38:27.201 [main] DEBUG c.e.j.m.BookRequestItemMapper.insert - ==> Parameters: 12(Long), Out of Scope Book(String), null, null, null, null
17:38:27.201 [main] DEBUG c.e.j.m.BookRequestItemMapper.insert - <==    Updates: 1
17:38:27.201 [main] INFO  c.e.j.service.BookRequestServiceImpl - 送出申請：requestId=12, requesterId=1, 書籍數=1
17:38:27.202 [main] DEBUG c.e.j.m.BookRequestMapper.reject - ==>  Preparing: UPDATE book_requests SET status = 'REJECTED', approver_id = ?, approved_at = ? WHERE id = ? AND status = 'PENDING' AND requester_id != ?
17:38:27.202 [main] DEBUG c.e.j.m.BookRequestMapper.reject - ==> Parameters: 2(Long), 2026-09-09T17:38:27.201497600(LocalDateTime), 12(Long), 2(Long)
17:38:27.202 [main] DEBUG c.e.j.m.BookRequestMapper.reject - <==    Updates: 1
17:38:27.203 [main] DEBUG c.e.j.m.BookRequestMapper.findById - ==>  Preparing: SELECT * FROM book_requests WHERE id = ?
17:38:27.203 [main] DEBUG c.e.j.m.BookRequestMapper.findById - ==> Parameters: 12(Long)
17:38:27.204 [main] DEBUG c.e.j.m.BookRequestMapper.findById - <==      Total: 1
17:38:27.204 [main] INFO  c.e.j.service.BookRequestServiceImpl - 申請已拒絕：requestId=12, approverId=2
17:38:27.205 [main] DEBUG c.e.j.m.B.findByStatus - ==>  Preparing: SELECT * FROM book_requests WHERE status = ? ORDER BY requested_at
17:38:27.206 [main] DEBUG c.e.j.m.B.findByStatus - ==> Parameters: PENDING(String)
17:38:27.206 [main] DEBUG c.e.j.m.B.findByStatus - <==      Total: 5
17:38:27.207 [main] DEBUG c.e.j.m.B.findByStatus - ==>  Preparing: SELECT * FROM book_requests WHERE status = ? ORDER BY requested_at
17:38:27.207 [main] DEBUG c.e.j.m.B.findByStatus - ==> Parameters: APPROVED(String)
17:38:27.207 [main] DEBUG c.e.j.m.B.findByStatus - <==      Total: 4
17:38:27.208 [main] DEBUG c.e.j.m.B.findByStatus - ==>  Preparing: SELECT * FROM book_requests WHERE status = ? ORDER BY requested_at
17:38:27.208 [main] DEBUG c.e.j.m.B.findByStatus - ==> Parameters: REJECTED(String)
17:38:27.208 [main] DEBUG c.e.j.m.B.findByStatus - <==      Total: 3
17:38:27.209 [main] DEBUG c.e.j.m.BookRequestMapper.findAll - ==>  Preparing: SELECT * FROM book_requests
17:38:27.209 [main] DEBUG c.e.j.m.BookRequestMapper.findAll - ==> Parameters: 
17:38:27.210 [main] DEBUG c.e.j.m.BookRequestMapper.findAll - <==      Total: 12
17:38:28.915 [main] WARN  c.e.j.i.RoleAccessInterceptor - 權限不足被擋下：userId=1, role=ADMIN, POST /procurement/1/complete
17:38:28.917 [main] WARN  c.e.j.i.RoleAccessInterceptor - 權限不足被擋下：userId=1, role=USER, POST /procurement/1/complete
17:38:28.923 [main] WARN  c.e.j.i.RoleAccessInterceptor - 權限不足被擋下：userId=1, role=PROCUREMENT, POST /requests/1/approve
17:38:28.923 [main] WARN  c.e.j.i.RoleAccessInterceptor - 權限不足被擋下：userId=1, role=USER, POST /requests/1/reject
17:38:28.925 [main] WARN  c.e.j.i.RoleAccessInterceptor - 權限不足被擋下：userId=1, role=USER, GET /books/new
17:38:28.936 [main] DEBUG c.e.j.mapper.BookMapper.insert - ==>  Preparing: INSERT INTO books (title, isbn, author_id, published_year) VALUES (?, ?, ?, ?)
17:38:28.936 [main] DEBUG c.e.j.mapper.BookMapper.insert - ==> Parameters: Effective Java(String), 978-0134685991(String), 4(Long), 2018(Integer)
17:38:28.937 [main] DEBUG c.e.j.mapper.BookMapper.insert - <==    Updates: 1
17:38:28.938 [main] DEBUG c.e.j.mapper.BookMapper.insert - ==>  Preparing: INSERT INTO books (title, isbn, author_id, published_year) VALUES (?, ?, ?, ?)
17:38:28.938 [main] DEBUG c.e.j.mapper.BookMapper.insert - ==> Parameters: Unrelated Book(String), 9999999999999(String), 4(Long), 2000(Integer)
17:38:28.938 [main] DEBUG c.e.j.mapper.BookMapper.insert - <==    Updates: 1
17:38:28.942 [main] DEBUG c.e.j.mapper.BookMapper.search - ==>  Preparing: SELECT b.id, b.title, b.isbn, b.published_year, a.name AS author_name, c.id AS category_id, c.name AS category_name FROM books b LEFT JOIN authors a ON b.author_id = a.id LEFT JOIN books_categories bc ON bc.book_id = b.id LEFT JOIN categories c ON bc.category_id = c.id WHERE (b.title ILIKE CONCAT('%', ?, '%') OR a.name ILIKE CONCAT('%', ?, '%') OR c.name ILIKE CONCAT('%', ?, '%')) ORDER BY b.id
17:38:28.943 [main] DEBUG c.e.j.mapper.BookMapper.search - ==> Parameters: Effective(String), Effective(String), Effective(String)
17:38:28.945 [main] DEBUG c.e.j.mapper.BookMapper.search - <==      Total: 1
17:38:28.952 [main] DEBUG c.e.j.mapper.BookMapper.insert - ==>  Preparing: INSERT INTO books (title, isbn, author_id, published_year) VALUES (?, ?, ?, ?)
17:38:28.952 [main] DEBUG c.e.j.mapper.BookMapper.insert - ==> Parameters: Effective Java(String), 978-0134685991(String), 5(Long), 2018(Integer)
17:38:28.952 [main] DEBUG c.e.j.mapper.BookMapper.insert - <==    Updates: 1
17:38:28.953 [main] DEBUG c.e.j.m.B.insertBookCategories - ==>  Preparing: INSERT INTO books_categories (book_id, category_id) VALUES (?, ?)
17:38:28.953 [main] DEBUG c.e.j.m.B.insertBookCategories - ==> Parameters: 27(Long), 4(Long)
17:38:28.953 [main] DEBUG c.e.j.m.B.insertBookCategories - <==    Updates: 1
17:38:28.953 [main] DEBUG c.e.j.m.B.findCategoriesById - ==>  Preparing: SELECT c.* FROM categories c JOIN books_categories bc ON bc.category_id = c.id WHERE bc.book_id = ?
17:38:28.954 [main] DEBUG c.e.j.m.B.findCategoriesById - ==> Parameters: 27(Long)
17:38:28.955 [main] DEBUG c.e.j.m.B.findCategoriesById - <==      Total: 1
17:38:28.961 [main] DEBUG c.e.j.mapper.BookMapper.insert - ==>  Preparing: INSERT INTO books (title, isbn, author_id, published_year) VALUES (?, ?, ?, ?)
17:38:28.961 [main] DEBUG c.e.j.mapper.BookMapper.insert - ==> Parameters: Effective Java(String), 978-0134685991(String), 6(Long), 2018(Integer)
17:38:28.961 [main] DEBUG c.e.j.mapper.BookMapper.insert - <==    Updates: 1
17:38:28.962 [main] DEBUG c.e.j.mapper.BookMapper.update - ==>  Preparing: UPDATE books SET title = ?, isbn = ?, author_id = ?, published_year = ? WHERE id = ?
17:38:28.962 [main] DEBUG c.e.j.mapper.BookMapper.update - ==> Parameters: My New Title(String), 978-0134685991(String), 6(Long), 2018(Integer), 28(Long)
17:38:28.962 [main] DEBUG c.e.j.mapper.BookMapper.update - <==    Updates: 1
17:38:28.963 [main] DEBUG c.e.j.mapper.BookMapper.findById - ==>  Preparing: SELECT id, title, isbn, author_id, published_year FROM books WHERE id = ?
17:38:28.963 [main] DEBUG c.e.j.mapper.BookMapper.findById - ==> Parameters: 28(Long)
17:38:28.963 [main] DEBUG c.e.j.mapper.BookMapper.findById - <==      Total: 1
17:38:28.963 [main] DEBUG c.e.j.mapper.BookMapper.findAll - ==>  Preparing: SELECT b.id, b.title, b.isbn, b.published_year, a.name AS author_name, c.id AS category_id, c.name AS category_name FROM books b LEFT JOIN authors a ON b.author_id = a.id LEFT JOIN books_categories bc ON bc.book_id = b.id LEFT JOIN categories c ON bc.category_id = c.id ORDER BY b.id
17:38:28.964 [main] DEBUG c.e.j.mapper.BookMapper.findAll - ==> Parameters: 
17:38:28.964 [main] DEBUG c.e.j.mapper.BookMapper.findAll - <==      Total: 1
17:38:28.969 [main] DEBUG c.e.j.mapper.BookMapper.insert - ==>  Preparing: INSERT INTO books (title, isbn, author_id, published_year) VALUES (?, ?, ?, ?)
17:38:28.969 [main] DEBUG c.e.j.mapper.BookMapper.insert - ==> Parameters: Effective Java(String), 978-0134685991(String), 7(Long), 2018(Integer)
17:38:28.969 [main] DEBUG c.e.j.mapper.BookMapper.insert - <==    Updates: 1
17:38:28.970 [main] DEBUG c.e.j.m.B.insertBookCategories - ==>  Preparing: INSERT INTO books_categories (book_id, category_id) VALUES (?, ?) , (?, ?)
17:38:28.970 [main] DEBUG c.e.j.m.B.insertBookCategories - ==> Parameters: 29(Long), 5(Long), 29(Long), 6(Long)
17:38:28.970 [main] DEBUG c.e.j.m.B.insertBookCategories - <==    Updates: 2
17:38:28.971 [main] DEBUG c.e.j.mapper.BookMapper.insert - ==>  Preparing: INSERT INTO books (title, isbn, author_id, published_year) VALUES (?, ?, ?, ?)
17:38:28.971 [main] DEBUG c.e.j.mapper.BookMapper.insert - ==> Parameters: Effective Java(String), 978-0134685991(String), 7(Long), 2018(Integer)
17:38:28.971 [main] DEBUG c.e.j.mapper.BookMapper.insert - <==    Updates: 1
17:38:28.971 [main] DEBUG c.e.j.mapper.BookMapper.findAll - ==>  Preparing: SELECT b.id, b.title, b.isbn, b.published_year, a.name AS author_name, c.id AS category_id, c.name AS category_name FROM books b LEFT JOIN authors a ON b.author_id = a.id LEFT JOIN books_categories bc ON bc.book_id = b.id LEFT JOIN categories c ON bc.category_id = c.id ORDER BY b.id
17:38:28.972 [main] DEBUG c.e.j.mapper.BookMapper.findAll - ==> Parameters: 
17:38:28.973 [main] DEBUG c.e.j.mapper.BookMapper.findAll - <==      Total: 3
17:38:28.980 [main] DEBUG c.e.j.mapper.BookMapper.insert - ==>  Preparing: INSERT INTO books (title, isbn, author_id, published_year) VALUES (?, ?, ?, ?)
17:38:28.980 [main] DEBUG c.e.j.mapper.BookMapper.insert - ==> Parameters: Effective Java(String), 978-0134685991(String), 8(Long), 2018(Integer)
17:38:28.980 [main] DEBUG c.e.j.mapper.BookMapper.insert - <==    Updates: 1
17:38:28.981 [main] DEBUG c.e.j.m.B.insertBookCategories - ==>  Preparing: INSERT INTO books_categories (book_id, category_id) VALUES (?, ?)
17:38:28.982 [main] DEBUG c.e.j.m.B.insertBookCategories - ==> Parameters: 31(Long), 7(Long)
17:38:28.982 [main] DEBUG c.e.j.m.B.insertBookCategories - <==    Updates: 1
17:38:28.982 [main] DEBUG c.e.j.m.B.deleteCategoriesByBookId - ==>  Preparing: DELETE FROM books_categories bc WHERE bc.book_id = ?
17:38:28.982 [main] DEBUG c.e.j.m.B.deleteCategoriesByBookId - ==> Parameters: 31(Long)
17:38:28.983 [main] DEBUG c.e.j.m.B.deleteCategoriesByBookId - <==    Updates: 1
17:38:28.983 [main] DEBUG c.e.j.m.B.findCategoriesById - ==>  Preparing: SELECT c.* FROM categories c JOIN books_categories bc ON bc.category_id = c.id WHERE bc.book_id = ?
17:38:28.983 [main] DEBUG c.e.j.m.B.findCategoriesById - ==> Parameters: 31(Long)
17:38:28.983 [main] DEBUG c.e.j.m.B.findCategoriesById - <==      Total: 0
17:38:28.990 [main] DEBUG c.e.j.mapper.BookMapper.insert - ==>  Preparing: INSERT INTO books (title, isbn, author_id, published_year) VALUES (?, ?, ?, ?)
17:38:28.990 [main] DEBUG c.e.j.mapper.BookMapper.insert - ==> Parameters: Book With Many Categories(String), null, 9(Long), 2020(Integer)
17:38:28.991 [main] DEBUG c.e.j.mapper.BookMapper.insert - <==    Updates: 1
17:38:28.991 [main] DEBUG c.e.j.m.B.insertBookCategories - ==>  Preparing: INSERT INTO books_categories (book_id, category_id) VALUES (?, ?) , (?, ?) , (?, ?)
17:38:28.991 [main] DEBUG c.e.j.m.B.insertBookCategories - ==> Parameters: 32(Long), 8(Long), 32(Long), 9(Long), 32(Long), 10(Long)
17:38:28.992 [main] DEBUG c.e.j.m.B.insertBookCategories - <==    Updates: 3
17:38:28.992 [main] DEBUG c.e.j.mapper.BookMapper.insert - ==>  Preparing: INSERT INTO books (title, isbn, author_id, published_year) VALUES (?, ?, ?, ?)
17:38:28.992 [main] DEBUG c.e.j.mapper.BookMapper.insert - ==> Parameters: Book Without Categories(String), null, 9(Long), 2021(Integer)
17:38:28.993 [main] DEBUG c.e.j.mapper.BookMapper.insert - <==    Updates: 1
17:38:28.994 [main] DEBUG c.e.j.m.BookMapper.countBySearch - ==>  Preparing: SELECT COUNT(DISTINCT b.id) FROM books b LEFT JOIN authors a ON b.author_id = a.id LEFT JOIN books_categories bc ON bc.book_id = b.id LEFT JOIN categories c ON bc.category_id = c.id
17:38:28.995 [main] DEBUG c.e.j.m.BookMapper.countBySearch - ==> Parameters: 
17:38:29.000 [main] DEBUG c.e.j.m.BookMapper.countBySearch - <==      Total: 1
17:38:29.002 [main] DEBUG c.e.j.m.BookMapper.findIdsBySearch - ==>  Preparing: SELECT DISTINCT b.id FROM books b LEFT JOIN authors a ON b.author_id = a.id LEFT JOIN books_categories bc ON bc.book_id = b.id LEFT JOIN categories c ON bc.category_id = c.id ORDER BY b.id LIMIT ? OFFSET ?
17:38:29.003 [main] DEBUG c.e.j.m.BookMapper.findIdsBySearch - ==> Parameters: 1(Integer), 0(Long)
17:38:29.003 [main] DEBUG c.e.j.m.BookMapper.findIdsBySearch - <==      Total: 1
17:38:29.004 [main] DEBUG c.e.j.mapper.BookMapper.findByIds - ==>  Preparing: SELECT b.id, b.title, b.isbn, b.published_year, a.name AS author_name, c.id AS category_id, c.name AS category_name FROM books b LEFT JOIN authors a ON b.author_id = a.id LEFT JOIN books_categories bc ON bc.book_id = b.id LEFT JOIN categories c ON bc.category_id = c.id WHERE b.id IN ( ? ) ORDER BY b.id
17:38:29.004 [main] DEBUG c.e.j.mapper.BookMapper.findByIds - ==> Parameters: 32(Long)
17:38:29.005 [main] DEBUG c.e.j.mapper.BookMapper.findByIds - <==      Total: 3
17:38:29.005 [main] DEBUG c.e.j.m.BookMapper.findIdsBySearch - ==>  Preparing: SELECT DISTINCT b.id FROM books b LEFT JOIN authors a ON b.author_id = a.id LEFT JOIN books_categories bc ON bc.book_id = b.id LEFT JOIN categories c ON bc.category_id = c.id ORDER BY b.id LIMIT ? OFFSET ?
17:38:29.006 [main] DEBUG c.e.j.m.BookMapper.findIdsBySearch - ==> Parameters: 1(Integer), 1(Long)
17:38:29.006 [main] DEBUG c.e.j.m.BookMapper.findIdsBySearch - <==      Total: 1
17:38:29.011 [main] DEBUG c.e.j.mapper.BookMapper.insert - ==>  Preparing: INSERT INTO books (title, isbn, author_id, published_year) VALUES (?, ?, ?, ?)
17:38:29.012 [main] DEBUG c.e.j.mapper.BookMapper.insert - ==> Parameters: Effective Java(String), 978-0134685991(String), 10(Long), 2018(Integer)
17:38:29.012 [main] DEBUG c.e.j.mapper.BookMapper.insert - <==    Updates: 1
17:38:29.012 [main] DEBUG c.e.j.mapper.BookMapper.insert - ==>  Preparing: INSERT INTO books (title, isbn, author_id, published_year) VALUES (?, ?, ?, ?)
17:38:29.012 [main] DEBUG c.e.j.mapper.BookMapper.insert - ==> Parameters: Clean Code(String), 9780132350884(String), 11(Long), 2008(Integer)
17:38:29.012 [main] DEBUG c.e.j.mapper.BookMapper.insert - <==    Updates: 1
17:38:29.013 [main] DEBUG c.e.j.mapper.BookMapper.search - ==>  Preparing: SELECT b.id, b.title, b.isbn, b.published_year, a.name AS author_name, c.id AS category_id, c.name AS category_name FROM books b LEFT JOIN authors a ON b.author_id = a.id LEFT JOIN books_categories bc ON bc.book_id = b.id LEFT JOIN categories c ON bc.category_id = c.id WHERE (b.title ILIKE CONCAT('%', ?, '%') OR a.name ILIKE CONCAT('%', ?, '%') OR c.name ILIKE CONCAT('%', ?, '%')) ORDER BY b.id
17:38:29.014 [main] DEBUG c.e.j.mapper.BookMapper.search - ==> Parameters: Bloch(String), Bloch(String), Bloch(String)
17:38:29.014 [main] DEBUG c.e.j.mapper.BookMapper.search - <==      Total: 1
17:38:29.018 [main] DEBUG c.e.j.mapper.BookMapper.insert - ==>  Preparing: INSERT INTO books (title, isbn, author_id, published_year) VALUES (?, ?, ?, ?)
17:38:29.018 [main] DEBUG c.e.j.mapper.BookMapper.insert - ==> Parameters: Effective Java(String), 978-0134685991(String), 12(Long), 2018(Integer)
17:38:29.018 [main] DEBUG c.e.j.mapper.BookMapper.insert - <==    Updates: 1
17:38:29.018 [main] DEBUG c.e.j.mapper.BookMapper.insert - ==>  Preparing: INSERT INTO books (title, isbn, author_id, published_year) VALUES (?, ?, ?, ?)
17:38:29.019 [main] DEBUG c.e.j.mapper.BookMapper.insert - ==> Parameters: Unrelated Book(String), 9999999999999(String), 12(Long), 2000(Integer)
17:38:29.019 [main] DEBUG c.e.j.mapper.BookMapper.insert - <==    Updates: 1
17:38:29.020 [main] DEBUG c.e.j.mapper.BookMapper.search - ==>  Preparing: SELECT b.id, b.title, b.isbn, b.published_year, a.name AS author_name, c.id AS category_id, c.name AS category_name FROM books b LEFT JOIN authors a ON b.author_id = a.id LEFT JOIN books_categories bc ON bc.book_id = b.id LEFT JOIN categories c ON bc.category_id = c.id ORDER BY b.id
17:38:29.020 [main] DEBUG c.e.j.mapper.BookMapper.search - ==> Parameters: 
17:38:29.021 [main] DEBUG c.e.j.mapper.BookMapper.search - <==      Total: 2
17:38:29.026 [main] DEBUG c.e.j.mapper.BookMapper.insert - ==>  Preparing: INSERT INTO books (title, isbn, author_id, published_year) VALUES (?, ?, ?, ?)
17:38:29.027 [main] DEBUG c.e.j.mapper.BookMapper.insert - ==> Parameters: Effective Java(String), 978-0134685991(String), 13(Long), 2018(Integer)
17:38:29.027 [main] DEBUG c.e.j.mapper.BookMapper.insert - <==    Updates: 1
17:38:29.027 [main] DEBUG c.e.j.m.B.insertBookCategories - ==>  Preparing: INSERT INTO books_categories (book_id, category_id) VALUES (?, ?)
17:38:29.027 [main] DEBUG c.e.j.m.B.insertBookCategories - ==> Parameters: 38(Long), 11(Long)
17:38:29.028 [main] DEBUG c.e.j.m.B.insertBookCategories - <==    Updates: 1
17:38:29.028 [main] DEBUG c.e.j.m.B.findCategoriesById - ==>  Preparing: SELECT c.* FROM categories c JOIN books_categories bc ON bc.category_id = c.id WHERE bc.book_id = ?
17:38:29.028 [main] DEBUG c.e.j.m.B.findCategoriesById - ==> Parameters: 38(Long)
17:38:29.029 [main] DEBUG c.e.j.m.B.findCategoriesById - <==      Total: 1
17:38:29.038 [main] DEBUG c.e.j.mapper.BookMapper.insert - ==>  Preparing: INSERT INTO books (title, isbn, author_id, published_year) VALUES (?, ?, ?, ?)
17:38:29.038 [main] DEBUG c.e.j.mapper.BookMapper.insert - ==> Parameters: Effective Java(String), 978-0134685991(String), 14(Long), 2018(Integer)
17:38:29.038 [main] DEBUG c.e.j.mapper.BookMapper.insert - <==    Updates: 1
17:38:29.039 [main] DEBUG c.e.j.mapper.BookMapper.insert - ==>  Preparing: INSERT INTO books (title, isbn, author_id, published_year) VALUES (?, ?, ?, ?)
17:38:29.039 [main] DEBUG c.e.j.mapper.BookMapper.insert - ==> Parameters: Effective Java(String), 978-0134685991(String), 14(Long), 2018(Integer)
17:38:29.039 [main] DEBUG c.e.j.mapper.BookMapper.insert - <==    Updates: 1
17:38:29.040 [main] DEBUG c.e.j.m.BookMapper.findByAuthorId - ==>  Preparing: SELECT * FROM books b WHERE b.author_id = ?
17:38:29.040 [main] DEBUG c.e.j.m.BookMapper.findByAuthorId - ==> Parameters: 14(Long)
17:38:29.040 [main] DEBUG c.e.j.m.BookMapper.findByAuthorId - <==      Total: 2
17:38:29.047 [main] DEBUG c.e.j.m.BookRequestMapper.insert - ==>  Preparing: INSERT INTO book_requests (requester_id, status, requested_at) VALUES (?, ?, ?)
17:38:29.047 [main] DEBUG c.e.j.m.BookRequestMapper.insert - ==> Parameters: 4(Long), PENDING(String), 2026-09-09T17:38:29.046847900(LocalDateTime)
17:38:29.047 [main] DEBUG c.e.j.m.BookRequestMapper.insert - <==    Updates: 1
17:38:29.047 [main] DEBUG c.e.j.m.BookRequestItemMapper.insert - ==>  Preparing: INSERT INTO book_request_items (book_request_id, title, isbn, author_id, published_year, estimated_price) VALUES (?, ?, ?, ?, ?, ?)
17:38:29.048 [main] DEBUG c.e.j.m.BookRequestItemMapper.insert - ==> Parameters: 13(Long), Effective Java(String), 9780134685991(String), null, 2018(Integer), 1200.00(BigDecimal)
17:38:29.048 [main] DEBUG c.e.j.m.BookRequestItemMapper.insert - <==    Updates: 1
17:38:29.048 [main] DEBUG c.e.j.m.B.findByBookRequestId - ==>  Preparing: SELECT * FROM book_request_items WHERE book_request_id = ?
17:38:29.049 [main] DEBUG c.e.j.m.B.findByBookRequestId - ==> Parameters: 13(Long)
17:38:29.050 [main] DEBUG c.e.j.m.B.findByBookRequestId - <==      Total: 1
17:38:29.054 [main] DEBUG c.e.j.m.BookRequestMapper.insert - ==>  Preparing: INSERT INTO book_requests (requester_id, status, requested_at) VALUES (?, ?, ?)
17:38:29.055 [main] DEBUG c.e.j.m.BookRequestMapper.insert - ==> Parameters: 5(Long), APPROVED(String), 2026-09-09T17:38:29.054847200(LocalDateTime)
17:38:29.055 [main] DEBUG c.e.j.m.BookRequestMapper.insert - <==    Updates: 1
17:38:29.056 [main] DEBUG c.e.j.m.BookRequestItemMapper.insert - ==>  Preparing: INSERT INTO book_request_items (book_request_id, title, isbn, author_id, published_year, estimated_price) VALUES (?, ?, ?, ?, ?, ?)
17:38:29.056 [main] DEBUG c.e.j.m.BookRequestItemMapper.insert - ==> Parameters: 14(Long), Clean Code(String), null, null, null, null
17:38:29.056 [main] DEBUG c.e.j.m.BookRequestItemMapper.insert - <==    Updates: 1
17:38:29.057 [main] DEBUG c.e.j.m.ProcurementItemMapper.insert - ==>  Preparing: INSERT INTO procurement_items (book_request_item_id, status) VALUES (?, ?)
17:38:29.057 [main] DEBUG c.e.j.m.ProcurementItemMapper.insert - ==> Parameters: 16(Long), PENDING(String)
17:38:29.058 [main] DEBUG c.e.j.m.ProcurementItemMapper.insert - <==    Updates: 1
17:38:29.058 [main] DEBUG c.e.j.m.P.findByStatus - ==>  Preparing: SELECT * FROM procurement_items WHERE status = ?
17:38:29.058 [main] DEBUG c.e.j.m.P.findByStatus - ==> Parameters: PENDING(String)
17:38:29.059 [main] DEBUG c.e.j.m.P.findByStatus - <==      Total: 1
17:38:29.060 [main] DEBUG c.e.j.m.ProcurementItemMapper.update - ==>  Preparing: UPDATE procurement_items SET status = ?, procured_by = ?, procured_at = ?, book_id = ? WHERE id = ?
17:38:29.061 [main] DEBUG c.e.j.m.ProcurementItemMapper.update - ==> Parameters: COMPLETED(String), 6(Long), 2026-09-09T17:38:29.060844900(LocalDateTime), null, 6(Long)
17:38:29.061 [main] DEBUG c.e.j.m.ProcurementItemMapper.update - <==    Updates: 1
17:38:29.061 [main] DEBUG c.e.j.m.P.findById - ==>  Preparing: SELECT * FROM procurement_items WHERE id = ?
17:38:29.061 [main] DEBUG c.e.j.m.P.findById - ==> Parameters: 6(Long)
17:38:29.062 [main] DEBUG c.e.j.m.P.findById - <==      Total: 1
17:38:29.065 [main] DEBUG c.e.j.m.BookRequestMapper.insert - ==>  Preparing: INSERT INTO book_requests (requester_id, status, requested_at) VALUES (?, ?, ?)
17:38:29.065 [main] DEBUG c.e.j.m.BookRequestMapper.insert - ==> Parameters: 7(Long), PENDING(String), 2026-09-09T17:38:29.065845100(LocalDateTime)
17:38:29.065 [main] DEBUG c.e.j.m.BookRequestMapper.insert - <==    Updates: 1
17:38:29.066 [main] DEBUG c.e.j.m.BookRequestMapper.findById - ==>  Preparing: SELECT * FROM book_requests WHERE id = ?
17:38:29.066 [main] DEBUG c.e.j.m.BookRequestMapper.findById - ==> Parameters: 15(Long)
17:38:29.066 [main] DEBUG c.e.j.m.BookRequestMapper.findById - <==      Total: 1
17:38:29.067 [main] DEBUG c.e.j.m.B.findByStatus - ==>  Preparing: SELECT * FROM book_requests WHERE status = ? ORDER BY requested_at
17:38:29.067 [main] DEBUG c.e.j.m.B.findByStatus - ==> Parameters: PENDING(String)
17:38:29.067 [main] DEBUG c.e.j.m.B.findByStatus - <==      Total: 1
17:38:29.071 [main] DEBUG c.e.j.m.BookRequestMapper.insert - ==>  Preparing: INSERT INTO book_requests (requester_id, status, requested_at) VALUES (?, ?, ?)
17:38:29.071 [main] DEBUG c.e.j.m.BookRequestMapper.insert - ==> Parameters: 8(Long), APPROVED(String), 2026-09-09T17:38:29.070850700(LocalDateTime)
17:38:29.071 [main] DEBUG c.e.j.m.BookRequestMapper.insert - <==    Updates: 1
17:38:29.071 [main] DEBUG c.e.j.m.BookRequestItemMapper.insert - ==>  Preparing: INSERT INTO book_request_items (book_request_id, title, isbn, author_id, published_year, estimated_price) VALUES (?, ?, ?, ?, ?, ?)
17:38:29.072 [main] DEBUG c.e.j.m.BookRequestItemMapper.insert - ==> Parameters: 16(Long), Effective Java(String), 9780134685991(String), null, 2018(Integer), 1200.00(BigDecimal)
17:38:29.072 [main] DEBUG c.e.j.m.BookRequestItemMapper.insert - <==    Updates: 1
17:38:29.072 [main] DEBUG c.e.j.m.ProcurementItemMapper.insert - ==>  Preparing: INSERT INTO procurement_items (book_request_item_id, status) VALUES (?, ?)
17:38:29.072 [main] DEBUG c.e.j.m.ProcurementItemMapper.insert - ==> Parameters: 17(Long), PENDING(String)
17:38:29.072 [main] DEBUG c.e.j.m.ProcurementItemMapper.insert - <==    Updates: 1
17:38:29.072 [main] DEBUG c.e.j.m.BookRequestItemMapper.insert - ==>  Preparing: INSERT INTO book_request_items (book_request_id, title, isbn, author_id, published_year, estimated_price) VALUES (?, ?, ?, ?, ?, ?)
17:38:29.073 [main] DEBUG c.e.j.m.BookRequestItemMapper.insert - ==> Parameters: 16(Long), Clean Code(String), null, null, null, null
17:38:29.073 [main] DEBUG c.e.j.m.BookRequestItemMapper.insert - <==    Updates: 1
17:38:29.073 [main] DEBUG c.e.j.m.ProcurementItemMapper.insert - ==>  Preparing: INSERT INTO procurement_items (book_request_item_id, status) VALUES (?, ?)
17:38:29.073 [main] DEBUG c.e.j.m.ProcurementItemMapper.insert - ==> Parameters: 18(Long), COMPLETED(String)
17:38:29.073 [main] DEBUG c.e.j.m.ProcurementItemMapper.insert - <==    Updates: 1
17:38:29.074 [main] DEBUG c.e.j.m.P.findSummary - ==>  Preparing: SELECT p.*, b.title,b.isbn,b.author_id,b.published_year,b.estimated_price FROM procurement_items p JOIN book_request_items b ON p.book_request_item_id = b.id WHERE p.status = ?
17:38:29.074 [main] DEBUG c.e.j.m.P.findSummary - ==> Parameters: PENDING(String)
17:38:29.075 [main] DEBUG c.e.j.m.P.findSummary - <==      Total: 1
17:38:29.078 [main] DEBUG c.e.j.m.BookRequestMapper.insert - ==>  Preparing: INSERT INTO book_requests (requester_id, status, requested_at) VALUES (?, ?, ?)
17:38:29.079 [main] DEBUG c.e.j.m.BookRequestMapper.insert - ==> Parameters: 9(Long), PENDING(String), 2026-09-09T17:38:29.078848700(LocalDateTime)
17:38:29.079 [main] DEBUG c.e.j.m.BookRequestMapper.insert - <==    Updates: 1
17:38:29.079 [main] DEBUG c.e.j.m.BookRequestMapper.insert - ==>  Preparing: INSERT INTO book_requests (requester_id, status, requested_at) VALUES (?, ?, ?)
17:38:29.079 [main] DEBUG c.e.j.m.BookRequestMapper.insert - ==> Parameters: 9(Long), APPROVED(String), 2026-09-09T17:38:29.079849200(LocalDateTime)
17:38:29.079 [main] DEBUG c.e.j.m.BookRequestMapper.insert - <==    Updates: 1
17:38:29.080 [main] DEBUG c.e.j.m.B.findSummary - ==>  Preparing: SELECT br.id, br.requester_id, br.approver_id, br.status, br.requested_at, br.approved_at, bri.id AS item_id, bri.book_request_id, bri.title AS item_title, bri.isbn AS item_isbn, bri.author_id AS item_author_id, bri.published_year AS item_published_year, bri.estimated_price AS item_estimated_price FROM book_requests br LEFT JOIN book_request_items bri ON bri.book_request_id = br.id WHERE br.status = ? ORDER BY br.requested_at
17:38:29.080 [main] DEBUG c.e.j.m.B.findSummary - ==> Parameters: PENDING(String)
17:38:29.081 [main] DEBUG c.e.j.m.B.findSummary - <==      Total: 1
17:38:29.084 [main] DEBUG c.e.j.m.BookRequestMapper.insert - ==>  Preparing: INSERT INTO book_requests (requester_id, status, requested_at) VALUES (?, ?, ?)
17:38:29.085 [main] DEBUG c.e.j.m.BookRequestMapper.insert - ==> Parameters: 10(Long), PENDING(String), 2026-09-09T17:38:29.084844500(LocalDateTime)
17:38:29.085 [main] DEBUG c.e.j.m.BookRequestMapper.insert - <==    Updates: 1
17:38:29.085 [main] DEBUG c.e.j.m.BookRequestMapper.approve - ==>  Preparing: UPDATE book_requests SET status = 'APPROVED', approver_id = ?, approved_at = ? WHERE id = ? AND status = 'PENDING' AND requester_id != ?
17:38:29.086 [main] DEBUG c.e.j.m.BookRequestMapper.approve - ==> Parameters: 11(Long), 2026-09-09T17:38:29.085844600(LocalDateTime), 19(Long), 11(Long)
17:38:29.086 [main] DEBUG c.e.j.m.BookRequestMapper.approve - <==    Updates: 1
17:38:29.091 [main] DEBUG c.e.j.m.BookRequestMapper.insert - ==>  Preparing: INSERT INTO book_requests (requester_id, status, requested_at) VALUES (?, ?, ?)
17:38:29.091 [main] DEBUG c.e.j.m.BookRequestMapper.insert - ==> Parameters: 12(Long), PENDING(String), 2026-09-09T17:38:29.090845100(LocalDateTime)
17:38:29.091 [main] DEBUG c.e.j.m.BookRequestMapper.insert - <==    Updates: 1
17:38:29.092 [main] DEBUG c.e.j.m.BookRequestItemMapper.insert - ==>  Preparing: INSERT INTO book_request_items (book_request_id, title, isbn, author_id, published_year, estimated_price) VALUES (?, ?, ?, ?, ?, ?)
17:38:29.092 [main] DEBUG c.e.j.m.BookRequestItemMapper.insert - ==> Parameters: 20(Long), Effective Java(String), null, null, null, null
17:38:29.092 [main] DEBUG c.e.j.m.BookRequestItemMapper.insert - <==    Updates: 1
17:38:29.092 [main] DEBUG c.e.j.m.BookRequestItemMapper.insert - ==>  Preparing: INSERT INTO book_request_items (book_request_id, title, isbn, author_id, published_year, estimated_price) VALUES (?, ?, ?, ?, ?, ?)
17:38:29.093 [main] DEBUG c.e.j.m.BookRequestItemMapper.insert - ==> Parameters: 20(Long), Clean Code(String), null, null, null, null
17:38:29.093 [main] DEBUG c.e.j.m.BookRequestItemMapper.insert - <==    Updates: 1
17:38:29.093 [main] DEBUG c.e.j.m.B.findSummary - ==>  Preparing: SELECT br.id, br.requester_id, br.approver_id, br.status, br.requested_at, br.approved_at, bri.id AS item_id, bri.book_request_id, bri.title AS item_title, bri.isbn AS item_isbn, bri.author_id AS item_author_id, bri.published_year AS item_published_year, bri.estimated_price AS item_estimated_price FROM book_requests br LEFT JOIN book_request_items bri ON bri.book_request_id = br.id ORDER BY br.requested_at
17:38:29.093 [main] DEBUG c.e.j.m.B.findSummary - ==> Parameters: 
17:38:29.094 [main] DEBUG c.e.j.m.B.findSummary - <==      Total: 2
17:38:29.099 [main] DEBUG c.e.j.mapper.CategoryMapper.update - ==>  Preparing: UPDATE categories SET name = ? WHERE id = ?
17:38:29.099 [main] DEBUG c.e.j.mapper.CategoryMapper.update - ==> Parameters: Updated Name(String), 12(Long)
17:38:29.099 [main] DEBUG c.e.j.mapper.CategoryMapper.update - <==    Updates: 1
17:38:29.099 [main] DEBUG c.e.j.mapper.CategoryMapper.findById - ==>  Preparing: SELECT * FROM categories c WHERE c.id = ?
17:38:29.100 [main] DEBUG c.e.j.mapper.CategoryMapper.findById - ==> Parameters: 12(Long)
17:38:29.100 [main] DEBUG c.e.j.mapper.CategoryMapper.findById - <==      Total: 1
17:38:29.102 [main] DEBUG c.e.j.mapper.CategoryMapper.insert - ==>  Preparing: INSERT INTO categories (name) VALUES (?)
17:38:29.102 [main] DEBUG c.e.j.mapper.CategoryMapper.insert - ==> Parameters: Fiction(String)
17:38:29.103 [main] DEBUG c.e.j.mapper.CategoryMapper.insert - <==    Updates: 1
17:38:29.103 [main] DEBUG c.e.j.mapper.CategoryMapper.findById - ==>  Preparing: SELECT * FROM categories c WHERE c.id = ?
17:38:29.103 [main] DEBUG c.e.j.mapper.CategoryMapper.findById - ==> Parameters: 13(Long)
17:38:29.103 [main] DEBUG c.e.j.mapper.CategoryMapper.findById - <==      Total: 1
17:38:29.108 [main] DEBUG c.e.j.mapper.CategoryMapper.findAll - ==>  Preparing: SELECT * FROM categories c ORDER BY c.id
17:38:29.108 [main] DEBUG c.e.j.mapper.CategoryMapper.findAll - ==> Parameters: 
17:38:29.109 [main] DEBUG c.e.j.mapper.CategoryMapper.findAll - <==      Total: 2
17:38:29.112 [main] DEBUG c.e.j.m.CategoryMapper.deleteById - ==>  Preparing: DELETE FROM categories WHERE id = ?
17:38:29.112 [main] DEBUG c.e.j.m.CategoryMapper.deleteById - ==> Parameters: 16(Long)
17:38:29.112 [main] DEBUG c.e.j.m.CategoryMapper.deleteById - <==    Updates: 1
17:38:29.112 [main] DEBUG c.e.j.mapper.CategoryMapper.findAll - ==>  Preparing: SELECT * FROM categories c ORDER BY c.id
17:38:29.112 [main] DEBUG c.e.j.mapper.CategoryMapper.findAll - ==> Parameters: 
17:38:29.112 [main] DEBUG c.e.j.mapper.CategoryMapper.findAll - <==      Total: 0
17:38:29.119 [main] DEBUG c.e.j.m.C.findBooksByCategoryId - ==>  Preparing: SELECT b.* FROM books b JOIN books_categories bc ON b.id = bc.book_id WHERE bc.category_id = ?
17:38:29.119 [main] DEBUG c.e.j.m.C.findBooksByCategoryId - ==> Parameters: 17(Long)
17:38:29.119 [main] DEBUG c.e.j.m.C.findBooksByCategoryId - <==      Total: 1
17:38:29.122 [main] DEBUG c.e.j.mapper.CategoryMapper.findById - ==>  Preparing: SELECT * FROM categories c WHERE c.id = ?
17:38:29.123 [main] DEBUG c.e.j.mapper.CategoryMapper.findById - ==> Parameters: 19(Long)
17:38:29.123 [main] DEBUG c.e.j.mapper.CategoryMapper.findById - <==      Total: 1
17:38:29.128 [main] DEBUG c.e.j.mapper.UserMapper.update - ==>  Preparing: UPDATE users SET name = ?, password_hash = ?, role = ? WHERE id = ?
17:38:29.128 [main] DEBUG c.e.j.mapper.UserMapper.update - ==> Parameters: New Name(String), new-hash(String), ADMIN(String), 13(Long)
17:38:29.128 [main] DEBUG c.e.j.mapper.UserMapper.update - <==    Updates: 1
17:38:29.128 [main] DEBUG c.e.j.mapper.UserMapper.findByEmail - ==>  Preparing: SELECT * FROM users u WHERE u.email = ?
17:38:29.129 [main] DEBUG c.e.j.mapper.UserMapper.findByEmail - ==> Parameters: update@example.com(String)
17:38:29.129 [main] DEBUG c.e.j.mapper.UserMapper.findByEmail - <==      Total: 1
17:38:29.132 [main] DEBUG c.e.j.mapper.UserMapper.insert - ==>  Preparing: INSERT INTO users (email, name, password_hash, role) VALUES (?, ?, ?, ?)
17:38:29.132 [main] DEBUG c.e.j.mapper.UserMapper.insert - ==> Parameters: new@example.com(String), New User(String), hashed-password(String), ADMIN(String)
17:38:29.133 [main] DEBUG c.e.j.mapper.UserMapper.insert - <==    Updates: 1
17:38:29.133 [main] DEBUG c.e.j.mapper.UserMapper.findByEmail - ==>  Preparing: SELECT * FROM users u WHERE u.email = ?
17:38:29.134 [main] DEBUG c.e.j.mapper.UserMapper.findByEmail - ==> Parameters: new@example.com(String)
17:38:29.134 [main] DEBUG c.e.j.mapper.UserMapper.findByEmail - <==      Total: 1
17:38:29.137 [main] DEBUG c.e.j.mapper.UserMapper.findByEmail - ==>  Preparing: SELECT * FROM users u WHERE u.email = ?
17:38:29.138 [main] DEBUG c.e.j.mapper.UserMapper.findByEmail - ==> Parameters: nobody@example.com(String)
17:38:29.138 [main] DEBUG c.e.j.mapper.UserMapper.findByEmail - <==      Total: 0
17:38:29.141 [main] DEBUG c.e.j.mapper.UserMapper.findByEmail - ==>  Preparing: SELECT * FROM users u WHERE u.email = ?
17:38:29.142 [main] DEBUG c.e.j.mapper.UserMapper.findByEmail - ==> Parameters: alex@example.com(String)
17:38:29.142 [main] DEBUG c.e.j.mapper.UserMapper.findByEmail - <==      Total: 1
17:38:29.236 [main] INFO  c.e.j.service.AuthServiceImpl - 登入成功：userId=1, email=alex@example.com
17:38:29.239 [main] WARN  c.e.j.service.AuthServiceImpl - 登入失敗，帳號不存在：email=nobody@example.com
17:38:29.240 [main] WARN  c.e.j.service.AuthServiceImpl - 登入失敗，密碼錯誤：email=alex@example.com
17:38:29.242 [main] INFO  c.e.j.service.AuthServiceImpl - 新使用者註冊：userId=null, email=new@example.com
17:38:29.284 [main] DEBUG c.e.j.m.BookRequestMapper.insert - ==>  Preparing: INSERT INTO book_requests (requester_id, status, requested_at) VALUES (?, ?, ?)
17:38:29.284 [main] DEBUG c.e.j.m.BookRequestMapper.insert - ==> Parameters: 16(Long), APPROVED(String), 2026-09-09T17:38:29.284339600(LocalDateTime)
17:38:29.284 [main] DEBUG c.e.j.m.BookRequestMapper.insert - <==    Updates: 1
17:38:29.284 [main] DEBUG c.e.j.m.BookRequestItemMapper.insert - ==>  Preparing: INSERT INTO book_request_items (book_request_id, title, isbn, author_id, published_year, estimated_price) VALUES (?, ?, ?, ?, ?, ?)
17:38:29.284 [main] DEBUG c.e.j.m.BookRequestItemMapper.insert - ==> Parameters: 21(Long), Effective Java(String), null, null, null, null
17:38:29.285 [main] DEBUG c.e.j.m.BookRequestItemMapper.insert - <==    Updates: 1
17:38:29.285 [main] DEBUG c.e.j.m.ProcurementItemMapper.insert - ==>  Preparing: INSERT INTO procurement_items (book_request_item_id, status) VALUES (?, ?)
17:38:29.285 [main] DEBUG c.e.j.m.ProcurementItemMapper.insert - ==> Parameters: 21(Long), PENDING(String)
17:38:29.285 [main] DEBUG c.e.j.m.ProcurementItemMapper.insert - <==    Updates: 1
17:38:29.288 [pool-2-thread-1] DEBUG c.e.j.m.P.findByIdForUpdate - ==>  Preparing: SELECT * FROM procurement_items WHERE id = ? FOR UPDATE
17:38:29.288 [pool-2-thread-2] DEBUG c.e.j.m.P.findByIdForUpdate - ==>  Preparing: SELECT * FROM procurement_items WHERE id = ? FOR UPDATE
17:38:29.289 [pool-2-thread-2] DEBUG c.e.j.m.P.findByIdForUpdate - ==> Parameters: 9(Long)
17:38:29.289 [pool-2-thread-1] DEBUG c.e.j.m.P.findByIdForUpdate - ==> Parameters: 9(Long)
17:38:29.290 [pool-2-thread-1] DEBUG c.e.j.m.P.findByIdForUpdate - <==      Total: 1
17:38:29.290 [pool-2-thread-1] DEBUG c.e.j.m.B.findById - ==>  Preparing: SELECT * FROM book_request_items WHERE id = ?
17:38:29.290 [pool-2-thread-1] DEBUG c.e.j.m.B.findById - ==> Parameters: 21(Long)
17:38:29.290 [pool-2-thread-1] DEBUG c.e.j.m.B.findById - <==      Total: 1
17:38:29.291 [pool-2-thread-1] DEBUG c.e.j.mapper.BookMapper.insert - ==>  Preparing: INSERT INTO books (title, isbn, author_id, published_year) VALUES (?, ?, ?, ?)
17:38:29.291 [pool-2-thread-1] DEBUG c.e.j.mapper.BookMapper.insert - ==> Parameters: Effective Java(String), null, null, null
17:38:29.291 [pool-2-thread-1] DEBUG c.e.j.mapper.BookMapper.insert - <==    Updates: 1
17:38:29.291 [pool-2-thread-1] DEBUG c.e.j.m.ProcurementItemMapper.update - ==>  Preparing: UPDATE procurement_items SET status = ?, procured_by = ?, procured_at = ?, book_id = ? WHERE id = ?
17:38:29.291 [pool-2-thread-1] DEBUG c.e.j.m.ProcurementItemMapper.update - ==> Parameters: COMPLETED(String), 17(Long), 2026-09-09T17:38:29.291308600(LocalDateTime), 43(Long), 9(Long)
17:38:29.291 [pool-2-thread-1] DEBUG c.e.j.m.ProcurementItemMapper.update - <==    Updates: 1
17:38:29.291 [pool-2-thread-1] INFO  c.e.j.service.ProcurementServiceImpl - 採購完成，書籍已入庫：procurementItemId=9, bookId=43, procuredBy=17
17:38:29.292 [pool-2-thread-2] DEBUG c.e.j.m.P.findByIdForUpdate - <==      Total: 1
17:38:29.293 [main] DEBUG c.e.j.m.P.findByStatus - ==>  Preparing: SELECT * FROM procurement_items WHERE status = ?
17:38:29.293 [main] DEBUG c.e.j.m.P.findByStatus - ==> Parameters: COMPLETED(String)
17:38:29.294 [main] DEBUG c.e.j.m.P.findByStatus - <==      Total: 1
17:39:13.107 [main] DEBUG c.e.j.mapper.CategoryMapper.insert - ==>  Preparing: INSERT INTO categories (name) VALUES (?)
17:39:13.121 [main] DEBUG c.e.j.mapper.CategoryMapper.insert - ==> Parameters: Programming(String)
17:39:13.122 [main] DEBUG c.e.j.mapper.CategoryMapper.insert - <==    Updates: 1
17:39:13.124 [main] DEBUG c.e.j.mapper.CategoryMapper.insert - ==>  Preparing: INSERT INTO categories (name) VALUES (?)
17:39:13.125 [main] DEBUG c.e.j.mapper.CategoryMapper.insert - ==> Parameters: Architecture(String)
17:39:13.125 [main] DEBUG c.e.j.mapper.CategoryMapper.insert - <==    Updates: 1
17:39:13.126 [main] DEBUG c.e.j.mapper.CategoryMapper.insert - ==>  Preparing: INSERT INTO categories (name) VALUES (?)
17:39:13.126 [main] DEBUG c.e.j.mapper.CategoryMapper.insert - ==> Parameters: Best Practice(String)
17:39:13.126 [main] DEBUG c.e.j.mapper.CategoryMapper.insert - <==    Updates: 1
17:39:13.127 [main] DEBUG c.e.j.mapper.BookMapper.insert - ==>  Preparing: INSERT INTO books (title, isbn, author_id, published_year) VALUES (?, ?, ?, ?)
17:39:13.131 [main] DEBUG c.e.j.mapper.BookMapper.insert - ==> Parameters: Effective Java(String), 9780134685991(String), 1(Long), 2018(Integer)
17:39:13.132 [main] DEBUG c.e.j.mapper.BookMapper.insert - <==    Updates: 1
17:39:13.143 [main] DEBUG c.e.j.m.B.deleteCategoriesByBookId - ==>  Preparing: DELETE FROM books_categories bc WHERE bc.book_id = ?
17:39:13.143 [main] DEBUG c.e.j.m.B.deleteCategoriesByBookId - ==> Parameters: 1(Long)
17:39:13.144 [main] DEBUG c.e.j.m.B.deleteCategoriesByBookId - <==    Updates: 0
17:39:13.156 [main] DEBUG c.e.j.m.B.insertBookCategories - ==>  Preparing: INSERT INTO books_categories (book_id, category_id) VALUES (?, ?) , (?, ?)
17:39:13.157 [main] DEBUG c.e.j.m.B.insertBookCategories - ==> Parameters: 1(Long), 1(Long), 1(Long), 3(Long)
17:39:13.157 [main] DEBUG c.e.j.m.B.insertBookCategories - <==    Updates: 2
17:39:13.159 [main] DEBUG c.e.j.mapper.BookMapper.insert - ==>  Preparing: INSERT INTO books (title, isbn, author_id, published_year) VALUES (?, ?, ?, ?)
17:39:13.159 [main] DEBUG c.e.j.mapper.BookMapper.insert - ==> Parameters: Clean Code(String), 9780132350884(String), 2(Long), 2008(Integer)
17:39:13.160 [main] DEBUG c.e.j.mapper.BookMapper.insert - <==    Updates: 1
17:39:13.161 [main] DEBUG c.e.j.m.B.deleteCategoriesByBookId - ==>  Preparing: DELETE FROM books_categories bc WHERE bc.book_id = ?
17:39:13.161 [main] DEBUG c.e.j.m.B.deleteCategoriesByBookId - ==> Parameters: 2(Long)
17:39:13.161 [main] DEBUG c.e.j.m.B.deleteCategoriesByBookId - <==    Updates: 0
17:39:13.161 [main] DEBUG c.e.j.m.B.insertBookCategories - ==>  Preparing: INSERT INTO books_categories (book_id, category_id) VALUES (?, ?)
17:39:13.162 [main] DEBUG c.e.j.m.B.insertBookCategories - ==> Parameters: 2(Long), 3(Long)
17:39:13.162 [main] DEBUG c.e.j.m.B.insertBookCategories - <==    Updates: 1
17:39:13.163 [main] DEBUG c.e.j.mapper.BookMapper.insert - ==>  Preparing: INSERT INTO books (title, isbn, author_id, published_year) VALUES (?, ?, ?, ?)
17:39:13.163 [main] DEBUG c.e.j.mapper.BookMapper.insert - ==> Parameters: Domain-Driven Design(String), 9780321125217(String), 3(Long), 2003(Integer)
17:39:13.163 [main] DEBUG c.e.j.mapper.BookMapper.insert - <==    Updates: 1
17:39:13.164 [main] DEBUG c.e.j.m.B.deleteCategoriesByBookId - ==>  Preparing: DELETE FROM books_categories bc WHERE bc.book_id = ?
17:39:13.164 [main] DEBUG c.e.j.m.B.deleteCategoriesByBookId - ==> Parameters: 3(Long)
17:39:13.164 [main] DEBUG c.e.j.m.B.deleteCategoriesByBookId - <==    Updates: 0
17:39:13.165 [main] DEBUG c.e.j.m.B.insertBookCategories - ==>  Preparing: INSERT INTO books_categories (book_id, category_id) VALUES (?, ?)
17:39:13.165 [main] DEBUG c.e.j.m.B.insertBookCategories - ==> Parameters: 3(Long), 2(Long)
17:39:13.165 [main] DEBUG c.e.j.m.B.insertBookCategories - <==    Updates: 1
17:39:13.166 [main] DEBUG c.e.j.mapper.BookMapper.insert - ==>  Preparing: INSERT INTO books (title, isbn, author_id, published_year) VALUES (?, ?, ?, ?)
17:39:13.166 [main] DEBUG c.e.j.mapper.BookMapper.insert - ==> Parameters: Clean Architecture(String), 9780134494166(String), 2(Long), 2017(Integer)
17:39:13.167 [main] DEBUG c.e.j.mapper.BookMapper.insert - <==    Updates: 1
17:39:13.167 [main] DEBUG c.e.j.m.B.deleteCategoriesByBookId - ==>  Preparing: DELETE FROM books_categories bc WHERE bc.book_id = ?
17:39:13.167 [main] DEBUG c.e.j.m.B.deleteCategoriesByBookId - ==> Parameters: 4(Long)
17:39:13.168 [main] DEBUG c.e.j.m.B.deleteCategoriesByBookId - <==    Updates: 0
17:39:13.168 [main] DEBUG c.e.j.m.B.insertBookCategories - ==>  Preparing: INSERT INTO books_categories (book_id, category_id) VALUES (?, ?) , (?, ?)
17:39:13.168 [main] DEBUG c.e.j.m.B.insertBookCategories - ==> Parameters: 4(Long), 2(Long), 4(Long), 3(Long)
17:39:13.168 [main] DEBUG c.e.j.m.B.insertBookCategories - <==    Updates: 2
17:39:13.169 [main] DEBUG c.e.j.mapper.BookMapper.insert - ==>  Preparing: INSERT INTO books (title, isbn, author_id, published_year) VALUES (?, ?, ?, ?)
17:39:13.170 [main] DEBUG c.e.j.mapper.BookMapper.insert - ==> Parameters: Java Concurrency in Practice(String), 9780321349606(String), 1(Long), 2006(Integer)
17:39:13.170 [main] DEBUG c.e.j.mapper.BookMapper.insert - <==    Updates: 1
17:39:13.171 [main] DEBUG c.e.j.m.B.deleteCategoriesByBookId - ==>  Preparing: DELETE FROM books_categories bc WHERE bc.book_id = ?
17:39:13.171 [main] DEBUG c.e.j.m.B.deleteCategoriesByBookId - ==> Parameters: 5(Long)
17:39:13.171 [main] DEBUG c.e.j.m.B.deleteCategoriesByBookId - <==    Updates: 0
17:39:13.172 [main] DEBUG c.e.j.m.B.insertBookCategories - ==>  Preparing: INSERT INTO books_categories (book_id, category_id) VALUES (?, ?)
17:39:13.172 [main] DEBUG c.e.j.m.B.insertBookCategories - ==> Parameters: 5(Long), 1(Long)
17:39:13.172 [main] DEBUG c.e.j.m.B.insertBookCategories - <==    Updates: 1
17:39:13.173 [main] DEBUG c.e.j.mapper.BookMapper.insert - ==>  Preparing: INSERT INTO books (title, isbn, author_id, published_year) VALUES (?, ?, ?, ?)
17:39:13.173 [main] DEBUG c.e.j.mapper.BookMapper.insert - ==> Parameters: Java Concurrency in Practice(String), 9780321349606(String), 1(Long), 2006(Integer)
17:39:13.173 [main] DEBUG c.e.j.mapper.BookMapper.insert - <==    Updates: 1
17:39:13.174 [main] DEBUG c.e.j.m.B.deleteCategoriesByBookId - ==>  Preparing: DELETE FROM books_categories bc WHERE bc.book_id = ?
17:39:13.175 [main] DEBUG c.e.j.m.B.deleteCategoriesByBookId - ==> Parameters: 6(Long)
17:39:13.175 [main] DEBUG c.e.j.m.B.deleteCategoriesByBookId - <==    Updates: 0
17:39:13.175 [main] DEBUG c.e.j.m.B.insertBookCategories - ==>  Preparing: INSERT INTO books_categories (book_id, category_id) VALUES (?, ?)
17:39:13.175 [main] DEBUG c.e.j.m.B.insertBookCategories - ==> Parameters: 6(Long), 1(Long)
17:39:13.175 [main] DEBUG c.e.j.m.B.insertBookCategories - <==    Updates: 1
17:39:13.176 [main] DEBUG c.e.j.mapper.BookMapper.insert - ==>  Preparing: INSERT INTO books (title, isbn, author_id, published_year) VALUES (?, ?, ?, ?)
17:39:13.176 [main] DEBUG c.e.j.mapper.BookMapper.insert - ==> Parameters: Java Concurrency in Practice(String), 9780321349606(String), 1(Long), 2006(Integer)
17:39:13.177 [main] DEBUG c.e.j.mapper.BookMapper.insert - <==    Updates: 1
17:39:13.177 [main] DEBUG c.e.j.m.B.deleteCategoriesByBookId - ==>  Preparing: DELETE FROM books_categories bc WHERE bc.book_id = ?
17:39:13.177 [main] DEBUG c.e.j.m.B.deleteCategoriesByBookId - ==> Parameters: 7(Long)
17:39:13.178 [main] DEBUG c.e.j.m.B.deleteCategoriesByBookId - <==    Updates: 0
17:39:13.178 [main] DEBUG c.e.j.m.B.insertBookCategories - ==>  Preparing: INSERT INTO books_categories (book_id, category_id) VALUES (?, ?)
17:39:13.178 [main] DEBUG c.e.j.m.B.insertBookCategories - ==> Parameters: 7(Long), 1(Long)
17:39:13.179 [main] DEBUG c.e.j.m.B.insertBookCategories - <==    Updates: 1
17:39:13.179 [main] DEBUG c.e.j.mapper.BookMapper.insert - ==>  Preparing: INSERT INTO books (title, isbn, author_id, published_year) VALUES (?, ?, ?, ?)
17:39:13.179 [main] DEBUG c.e.j.mapper.BookMapper.insert - ==> Parameters: Java Concurrency in Practice(String), 9780321349606(String), 1(Long), 2006(Integer)
17:39:13.180 [main] DEBUG c.e.j.mapper.BookMapper.insert - <==    Updates: 1
17:39:13.180 [main] DEBUG c.e.j.m.B.deleteCategoriesByBookId - ==>  Preparing: DELETE FROM books_categories bc WHERE bc.book_id = ?
17:39:13.180 [main] DEBUG c.e.j.m.B.deleteCategoriesByBookId - ==> Parameters: 8(Long)
17:39:13.181 [main] DEBUG c.e.j.m.B.deleteCategoriesByBookId - <==    Updates: 0
17:39:13.181 [main] DEBUG c.e.j.m.B.insertBookCategories - ==>  Preparing: INSERT INTO books_categories (book_id, category_id) VALUES (?, ?)
17:39:13.181 [main] DEBUG c.e.j.m.B.insertBookCategories - ==> Parameters: 8(Long), 1(Long)
17:39:13.181 [main] DEBUG c.e.j.m.B.insertBookCategories - <==    Updates: 1
17:39:13.182 [main] DEBUG c.e.j.mapper.BookMapper.insert - ==>  Preparing: INSERT INTO books (title, isbn, author_id, published_year) VALUES (?, ?, ?, ?)
17:39:13.183 [main] DEBUG c.e.j.mapper.BookMapper.insert - ==> Parameters: Java Concurrency in Practice(String), 9780321349606(String), 1(Long), 2006(Integer)
17:39:13.184 [main] DEBUG c.e.j.mapper.BookMapper.insert - <==    Updates: 1
17:39:13.185 [main] DEBUG c.e.j.m.B.deleteCategoriesByBookId - ==>  Preparing: DELETE FROM books_categories bc WHERE bc.book_id = ?
17:39:13.185 [main] DEBUG c.e.j.m.B.deleteCategoriesByBookId - ==> Parameters: 9(Long)
17:39:13.185 [main] DEBUG c.e.j.m.B.deleteCategoriesByBookId - <==    Updates: 0
17:39:13.186 [main] DEBUG c.e.j.m.B.insertBookCategories - ==>  Preparing: INSERT INTO books_categories (book_id, category_id) VALUES (?, ?)
17:39:13.186 [main] DEBUG c.e.j.m.B.insertBookCategories - ==> Parameters: 9(Long), 1(Long)
17:39:13.187 [main] DEBUG c.e.j.m.B.insertBookCategories - <==    Updates: 1
17:39:13.188 [main] DEBUG c.e.j.mapper.BookMapper.insert - ==>  Preparing: INSERT INTO books (title, isbn, author_id, published_year) VALUES (?, ?, ?, ?)
17:39:13.188 [main] DEBUG c.e.j.mapper.BookMapper.insert - ==> Parameters: Java Concurrency in Practice(String), 9780321349606(String), 1(Long), 2006(Integer)
17:39:13.189 [main] DEBUG c.e.j.mapper.BookMapper.insert - <==    Updates: 1
17:39:13.189 [main] DEBUG c.e.j.m.B.deleteCategoriesByBookId - ==>  Preparing: DELETE FROM books_categories bc WHERE bc.book_id = ?
17:39:13.190 [main] DEBUG c.e.j.m.B.deleteCategoriesByBookId - ==> Parameters: 10(Long)
17:39:13.190 [main] DEBUG c.e.j.m.B.deleteCategoriesByBookId - <==    Updates: 0
17:39:13.190 [main] DEBUG c.e.j.m.B.insertBookCategories - ==>  Preparing: INSERT INTO books_categories (book_id, category_id) VALUES (?, ?)
17:39:13.190 [main] DEBUG c.e.j.m.B.insertBookCategories - ==> Parameters: 10(Long), 1(Long)
17:39:13.190 [main] DEBUG c.e.j.m.B.insertBookCategories - <==    Updates: 1
17:39:13.191 [main] DEBUG c.e.j.mapper.BookMapper.insert - ==>  Preparing: INSERT INTO books (title, isbn, author_id, published_year) VALUES (?, ?, ?, ?)
17:39:13.191 [main] DEBUG c.e.j.mapper.BookMapper.insert - ==> Parameters: Java Concurrency in Practice(String), 9780321349606(String), 1(Long), 2006(Integer)
17:39:13.192 [main] DEBUG c.e.j.mapper.BookMapper.insert - <==    Updates: 1
17:39:13.192 [main] DEBUG c.e.j.m.B.deleteCategoriesByBookId - ==>  Preparing: DELETE FROM books_categories bc WHERE bc.book_id = ?
17:39:13.192 [main] DEBUG c.e.j.m.B.deleteCategoriesByBookId - ==> Parameters: 11(Long)
17:39:13.192 [main] DEBUG c.e.j.m.B.deleteCategoriesByBookId - <==    Updates: 0
17:39:13.193 [main] DEBUG c.e.j.m.B.insertBookCategories - ==>  Preparing: INSERT INTO books_categories (book_id, category_id) VALUES (?, ?)
17:39:13.193 [main] DEBUG c.e.j.m.B.insertBookCategories - ==> Parameters: 11(Long), 1(Long)
17:39:13.193 [main] DEBUG c.e.j.m.B.insertBookCategories - <==    Updates: 1
17:39:13.194 [main] DEBUG c.e.j.mapper.BookMapper.insert - ==>  Preparing: INSERT INTO books (title, isbn, author_id, published_year) VALUES (?, ?, ?, ?)
17:39:13.194 [main] DEBUG c.e.j.mapper.BookMapper.insert - ==> Parameters: Java Concurrency in Practice(String), 9780321349606(String), 1(Long), 2006(Integer)
17:39:13.194 [main] DEBUG c.e.j.mapper.BookMapper.insert - <==    Updates: 1
17:39:13.194 [main] DEBUG c.e.j.m.B.deleteCategoriesByBookId - ==>  Preparing: DELETE FROM books_categories bc WHERE bc.book_id = ?
17:39:13.195 [main] DEBUG c.e.j.m.B.deleteCategoriesByBookId - ==> Parameters: 12(Long)
17:39:13.195 [main] DEBUG c.e.j.m.B.deleteCategoriesByBookId - <==    Updates: 0
17:39:13.195 [main] DEBUG c.e.j.m.B.insertBookCategories - ==>  Preparing: INSERT INTO books_categories (book_id, category_id) VALUES (?, ?)
17:39:13.195 [main] DEBUG c.e.j.m.B.insertBookCategories - ==> Parameters: 12(Long), 1(Long)
17:39:13.195 [main] DEBUG c.e.j.m.B.insertBookCategories - <==    Updates: 1
17:39:13.196 [main] DEBUG c.e.j.mapper.BookMapper.insert - ==>  Preparing: INSERT INTO books (title, isbn, author_id, published_year) VALUES (?, ?, ?, ?)
17:39:13.196 [main] DEBUG c.e.j.mapper.BookMapper.insert - ==> Parameters: Java Concurrency in Practice(String), 9780321349606(String), 1(Long), 2006(Integer)
17:39:13.196 [main] DEBUG c.e.j.mapper.BookMapper.insert - <==    Updates: 1
17:39:13.196 [main] DEBUG c.e.j.m.B.deleteCategoriesByBookId - ==>  Preparing: DELETE FROM books_categories bc WHERE bc.book_id = ?
17:39:13.198 [main] DEBUG c.e.j.m.B.deleteCategoriesByBookId - ==> Parameters: 13(Long)
17:39:13.198 [main] DEBUG c.e.j.m.B.deleteCategoriesByBookId - <==    Updates: 0
17:39:13.199 [main] DEBUG c.e.j.m.B.insertBookCategories - ==>  Preparing: INSERT INTO books_categories (book_id, category_id) VALUES (?, ?)
17:39:13.199 [main] DEBUG c.e.j.m.B.insertBookCategories - ==> Parameters: 13(Long), 1(Long)
17:39:13.199 [main] DEBUG c.e.j.m.B.insertBookCategories - <==    Updates: 1
17:39:13.200 [main] DEBUG c.e.j.mapper.BookMapper.insert - ==>  Preparing: INSERT INTO books (title, isbn, author_id, published_year) VALUES (?, ?, ?, ?)
17:39:13.201 [main] DEBUG c.e.j.mapper.BookMapper.insert - ==> Parameters: Java Concurrency in Practice(String), 9780321349606(String), 1(Long), 2006(Integer)
17:39:13.201 [main] DEBUG c.e.j.mapper.BookMapper.insert - <==    Updates: 1
17:39:13.202 [main] DEBUG c.e.j.m.B.deleteCategoriesByBookId - ==>  Preparing: DELETE FROM books_categories bc WHERE bc.book_id = ?
17:39:13.203 [main] DEBUG c.e.j.m.B.deleteCategoriesByBookId - ==> Parameters: 14(Long)
17:39:13.203 [main] DEBUG c.e.j.m.B.deleteCategoriesByBookId - <==    Updates: 0
17:39:13.203 [main] DEBUG c.e.j.m.B.insertBookCategories - ==>  Preparing: INSERT INTO books_categories (book_id, category_id) VALUES (?, ?)
17:39:13.204 [main] DEBUG c.e.j.m.B.insertBookCategories - ==> Parameters: 14(Long), 1(Long)
17:39:13.204 [main] DEBUG c.e.j.m.B.insertBookCategories - <==    Updates: 1
17:39:13.205 [main] DEBUG c.e.j.mapper.BookMapper.insert - ==>  Preparing: INSERT INTO books (title, isbn, author_id, published_year) VALUES (?, ?, ?, ?)
17:39:13.205 [main] DEBUG c.e.j.mapper.BookMapper.insert - ==> Parameters: Java Concurrency in Practice(String), 9780321349606(String), 1(Long), 2006(Integer)
17:39:13.206 [main] DEBUG c.e.j.mapper.BookMapper.insert - <==    Updates: 1
17:39:13.206 [main] DEBUG c.e.j.m.B.deleteCategoriesByBookId - ==>  Preparing: DELETE FROM books_categories bc WHERE bc.book_id = ?
17:39:13.207 [main] DEBUG c.e.j.m.B.deleteCategoriesByBookId - ==> Parameters: 15(Long)
17:39:13.207 [main] DEBUG c.e.j.m.B.deleteCategoriesByBookId - <==    Updates: 0
17:39:13.207 [main] DEBUG c.e.j.m.B.insertBookCategories - ==>  Preparing: INSERT INTO books_categories (book_id, category_id) VALUES (?, ?)
17:39:13.208 [main] DEBUG c.e.j.m.B.insertBookCategories - ==> Parameters: 15(Long), 1(Long)
17:39:13.208 [main] DEBUG c.e.j.m.B.insertBookCategories - <==    Updates: 1
17:39:13.208 [main] DEBUG c.e.j.mapper.BookMapper.insert - ==>  Preparing: INSERT INTO books (title, isbn, author_id, published_year) VALUES (?, ?, ?, ?)
17:39:13.209 [main] DEBUG c.e.j.mapper.BookMapper.insert - ==> Parameters: Java Concurrency in Practice(String), 9780321349606(String), 1(Long), 2006(Integer)
17:39:13.209 [main] DEBUG c.e.j.mapper.BookMapper.insert - <==    Updates: 1
17:39:13.209 [main] DEBUG c.e.j.m.B.deleteCategoriesByBookId - ==>  Preparing: DELETE FROM books_categories bc WHERE bc.book_id = ?
17:39:13.210 [main] DEBUG c.e.j.m.B.deleteCategoriesByBookId - ==> Parameters: 16(Long)
17:39:13.210 [main] DEBUG c.e.j.m.B.deleteCategoriesByBookId - <==    Updates: 0
17:39:13.210 [main] DEBUG c.e.j.m.B.insertBookCategories - ==>  Preparing: INSERT INTO books_categories (book_id, category_id) VALUES (?, ?)
17:39:13.210 [main] DEBUG c.e.j.m.B.insertBookCategories - ==> Parameters: 16(Long), 1(Long)
17:39:13.210 [main] DEBUG c.e.j.m.B.insertBookCategories - <==    Updates: 1
17:39:13.211 [main] DEBUG c.e.j.mapper.BookMapper.insert - ==>  Preparing: INSERT INTO books (title, isbn, author_id, published_year) VALUES (?, ?, ?, ?)
17:39:13.211 [main] DEBUG c.e.j.mapper.BookMapper.insert - ==> Parameters: Java Concurrency in Practice(String), 9780321349606(String), 1(Long), 2006(Integer)
17:39:13.212 [main] DEBUG c.e.j.mapper.BookMapper.insert - <==    Updates: 1
17:39:13.213 [main] DEBUG c.e.j.m.B.deleteCategoriesByBookId - ==>  Preparing: DELETE FROM books_categories bc WHERE bc.book_id = ?
17:39:13.214 [main] DEBUG c.e.j.m.B.deleteCategoriesByBookId - ==> Parameters: 17(Long)
17:39:13.214 [main] DEBUG c.e.j.m.B.deleteCategoriesByBookId - <==    Updates: 0
17:39:13.214 [main] DEBUG c.e.j.m.B.insertBookCategories - ==>  Preparing: INSERT INTO books_categories (book_id, category_id) VALUES (?, ?)
17:39:13.214 [main] DEBUG c.e.j.m.B.insertBookCategories - ==> Parameters: 17(Long), 1(Long)
17:39:13.215 [main] DEBUG c.e.j.m.B.insertBookCategories - <==    Updates: 1
17:39:13.215 [main] DEBUG c.e.j.mapper.BookMapper.insert - ==>  Preparing: INSERT INTO books (title, isbn, author_id, published_year) VALUES (?, ?, ?, ?)
17:39:13.215 [main] DEBUG c.e.j.mapper.BookMapper.insert - ==> Parameters: Java Concurrency in Practice(String), 9780321349606(String), 1(Long), 2006(Integer)
17:39:13.216 [main] DEBUG c.e.j.mapper.BookMapper.insert - <==    Updates: 1
17:39:13.216 [main] DEBUG c.e.j.m.B.deleteCategoriesByBookId - ==>  Preparing: DELETE FROM books_categories bc WHERE bc.book_id = ?
17:39:13.216 [main] DEBUG c.e.j.m.B.deleteCategoriesByBookId - ==> Parameters: 18(Long)
17:39:13.216 [main] DEBUG c.e.j.m.B.deleteCategoriesByBookId - <==    Updates: 0
17:39:13.216 [main] DEBUG c.e.j.m.B.insertBookCategories - ==>  Preparing: INSERT INTO books_categories (book_id, category_id) VALUES (?, ?)
17:39:13.216 [main] DEBUG c.e.j.m.B.insertBookCategories - ==> Parameters: 18(Long), 1(Long)
17:39:13.218 [main] DEBUG c.e.j.m.B.insertBookCategories - <==    Updates: 1
17:39:13.218 [main] DEBUG c.e.j.mapper.BookMapper.insert - ==>  Preparing: INSERT INTO books (title, isbn, author_id, published_year) VALUES (?, ?, ?, ?)
17:39:13.218 [main] DEBUG c.e.j.mapper.BookMapper.insert - ==> Parameters: Java Concurrency in Practice(String), 9780321349606(String), 1(Long), 2006(Integer)
17:39:13.218 [main] DEBUG c.e.j.mapper.BookMapper.insert - <==    Updates: 1
17:39:13.219 [main] DEBUG c.e.j.m.B.deleteCategoriesByBookId - ==>  Preparing: DELETE FROM books_categories bc WHERE bc.book_id = ?
17:39:13.219 [main] DEBUG c.e.j.m.B.deleteCategoriesByBookId - ==> Parameters: 19(Long)
17:39:13.219 [main] DEBUG c.e.j.m.B.deleteCategoriesByBookId - <==    Updates: 0
17:39:13.220 [main] DEBUG c.e.j.m.B.insertBookCategories - ==>  Preparing: INSERT INTO books_categories (book_id, category_id) VALUES (?, ?)
17:39:13.220 [main] DEBUG c.e.j.m.B.insertBookCategories - ==> Parameters: 19(Long), 1(Long)
17:39:13.220 [main] DEBUG c.e.j.m.B.insertBookCategories - <==    Updates: 1
17:39:13.220 [main] DEBUG c.e.j.mapper.BookMapper.insert - ==>  Preparing: INSERT INTO books (title, isbn, author_id, published_year) VALUES (?, ?, ?, ?)
17:39:13.221 [main] DEBUG c.e.j.mapper.BookMapper.insert - ==> Parameters: Java Concurrency in Practice(String), 9780321349606(String), 1(Long), 2006(Integer)
17:39:13.221 [main] DEBUG c.e.j.mapper.BookMapper.insert - <==    Updates: 1
17:39:13.221 [main] DEBUG c.e.j.m.B.deleteCategoriesByBookId - ==>  Preparing: DELETE FROM books_categories bc WHERE bc.book_id = ?
17:39:13.222 [main] DEBUG c.e.j.m.B.deleteCategoriesByBookId - ==> Parameters: 20(Long)
17:39:13.222 [main] DEBUG c.e.j.m.B.deleteCategoriesByBookId - <==    Updates: 0
17:39:13.222 [main] DEBUG c.e.j.m.B.insertBookCategories - ==>  Preparing: INSERT INTO books_categories (book_id, category_id) VALUES (?, ?)
17:39:13.222 [main] DEBUG c.e.j.m.B.insertBookCategories - ==> Parameters: 20(Long), 1(Long)
17:39:13.222 [main] DEBUG c.e.j.m.B.insertBookCategories - <==    Updates: 1
17:39:13.223 [main] DEBUG c.e.j.mapper.BookMapper.insert - ==>  Preparing: INSERT INTO books (title, isbn, author_id, published_year) VALUES (?, ?, ?, ?)
17:39:13.223 [main] DEBUG c.e.j.mapper.BookMapper.insert - ==> Parameters: Java Concurrency in Practice(String), 9780321349606(String), 1(Long), 2006(Integer)
17:39:13.223 [main] DEBUG c.e.j.mapper.BookMapper.insert - <==    Updates: 1
17:39:13.224 [main] DEBUG c.e.j.m.B.deleteCategoriesByBookId - ==>  Preparing: DELETE FROM books_categories bc WHERE bc.book_id = ?
17:39:13.224 [main] DEBUG c.e.j.m.B.deleteCategoriesByBookId - ==> Parameters: 21(Long)
17:39:13.224 [main] DEBUG c.e.j.m.B.deleteCategoriesByBookId - <==    Updates: 0
17:39:13.224 [main] DEBUG c.e.j.m.B.insertBookCategories - ==>  Preparing: INSERT INTO books_categories (book_id, category_id) VALUES (?, ?)
17:39:13.224 [main] DEBUG c.e.j.m.B.insertBookCategories - ==> Parameters: 21(Long), 1(Long)
17:39:13.225 [main] DEBUG c.e.j.m.B.insertBookCategories - <==    Updates: 1
17:39:13.225 [main] DEBUG c.e.j.mapper.BookMapper.insert - ==>  Preparing: INSERT INTO books (title, isbn, author_id, published_year) VALUES (?, ?, ?, ?)
17:39:13.225 [main] DEBUG c.e.j.mapper.BookMapper.insert - ==> Parameters: Java Concurrency in Practice(String), 9780321349606(String), 1(Long), 2006(Integer)
17:39:13.226 [main] DEBUG c.e.j.mapper.BookMapper.insert - <==    Updates: 1
17:39:13.226 [main] DEBUG c.e.j.m.B.deleteCategoriesByBookId - ==>  Preparing: DELETE FROM books_categories bc WHERE bc.book_id = ?
17:39:13.226 [main] DEBUG c.e.j.m.B.deleteCategoriesByBookId - ==> Parameters: 22(Long)
17:39:13.226 [main] DEBUG c.e.j.m.B.deleteCategoriesByBookId - <==    Updates: 0
17:39:13.227 [main] DEBUG c.e.j.m.B.insertBookCategories - ==>  Preparing: INSERT INTO books_categories (book_id, category_id) VALUES (?, ?)
17:39:13.227 [main] DEBUG c.e.j.m.B.insertBookCategories - ==> Parameters: 22(Long), 1(Long)
17:39:13.227 [main] DEBUG c.e.j.m.B.insertBookCategories - <==    Updates: 1
17:39:13.227 [main] DEBUG c.e.j.mapper.BookMapper.insert - ==>  Preparing: INSERT INTO books (title, isbn, author_id, published_year) VALUES (?, ?, ?, ?)
17:39:13.227 [main] DEBUG c.e.j.mapper.BookMapper.insert - ==> Parameters: Java Concurrency in Practice(String), 9780321349606(String), 1(Long), 2006(Integer)
17:39:13.228 [main] DEBUG c.e.j.mapper.BookMapper.insert - <==    Updates: 1
17:39:13.228 [main] DEBUG c.e.j.m.B.deleteCategoriesByBookId - ==>  Preparing: DELETE FROM books_categories bc WHERE bc.book_id = ?
17:39:13.228 [main] DEBUG c.e.j.m.B.deleteCategoriesByBookId - ==> Parameters: 23(Long)
17:39:13.228 [main] DEBUG c.e.j.m.B.deleteCategoriesByBookId - <==    Updates: 0
17:39:13.229 [main] DEBUG c.e.j.m.B.insertBookCategories - ==>  Preparing: INSERT INTO books_categories (book_id, category_id) VALUES (?, ?)
17:39:13.229 [main] DEBUG c.e.j.m.B.insertBookCategories - ==> Parameters: 23(Long), 1(Long)
17:39:13.229 [main] DEBUG c.e.j.m.B.insertBookCategories - <==    Updates: 1
17:39:13.229 [main] DEBUG c.e.j.mapper.BookMapper.insert - ==>  Preparing: INSERT INTO books (title, isbn, author_id, published_year) VALUES (?, ?, ?, ?)
17:39:13.229 [main] DEBUG c.e.j.mapper.BookMapper.insert - ==> Parameters: Java Concurrency in Practice(String), 9780321349606(String), 1(Long), 2006(Integer)
17:39:13.230 [main] DEBUG c.e.j.mapper.BookMapper.insert - <==    Updates: 1
17:39:13.230 [main] DEBUG c.e.j.m.B.deleteCategoriesByBookId - ==>  Preparing: DELETE FROM books_categories bc WHERE bc.book_id = ?
17:39:13.230 [main] DEBUG c.e.j.m.B.deleteCategoriesByBookId - ==> Parameters: 24(Long)
17:39:13.230 [main] DEBUG c.e.j.m.B.deleteCategoriesByBookId - <==    Updates: 0
17:39:13.230 [main] DEBUG c.e.j.m.B.insertBookCategories - ==>  Preparing: INSERT INTO books_categories (book_id, category_id) VALUES (?, ?)
17:39:13.231 [main] DEBUG c.e.j.m.B.insertBookCategories - ==> Parameters: 24(Long), 1(Long)
17:39:13.231 [main] DEBUG c.e.j.m.B.insertBookCategories - <==    Updates: 1
17:39:13.233 [main] DEBUG c.e.j.mapper.UserMapper.findByEmail - ==>  Preparing: SELECT * FROM users u WHERE u.email = ?
17:39:13.233 [main] DEBUG c.e.j.mapper.UserMapper.findByEmail - ==> Parameters: user@example.com(String)
17:39:13.243 [main] DEBUG c.e.j.mapper.UserMapper.findByEmail - <==      Total: 0
17:39:13.306 [main] DEBUG c.e.j.mapper.UserMapper.insert - ==>  Preparing: INSERT INTO users (email, name, password_hash, role) VALUES (?, ?, ?, ?)
17:39:13.307 [main] DEBUG c.e.j.mapper.UserMapper.insert - ==> Parameters: user@example.com(String), 測試使用者(String), $2a$10$ciuIe2.KeGnPhghueqwk9uqu3IB9Gp3CRWoQuDjSUELeAanLtQqBu(String), USER(String)
17:39:13.308 [main] DEBUG c.e.j.mapper.UserMapper.insert - <==    Updates: 1
17:39:13.309 [main] INFO  c.e.j.service.AuthServiceImpl - 新使用者註冊：userId=1, email=user@example.com
17:39:13.366 [main] DEBUG c.e.j.mapper.UserMapper.insert - ==>  Preparing: INSERT INTO users (email, name, password_hash, role) VALUES (?, ?, ?, ?)
17:39:13.366 [main] DEBUG c.e.j.mapper.UserMapper.insert - ==> Parameters: admin@example.com(String), 管理員(String), $2a$10$0jQCX2u02VHHgFV8Og9hRukxdIy38Ee0GJUaMU6oulTxcFjs0YHd6(String), ADMIN(String)
17:39:13.367 [main] DEBUG c.e.j.mapper.UserMapper.insert - <==    Updates: 1
17:39:13.424 [main] DEBUG c.e.j.mapper.UserMapper.insert - ==>  Preparing: INSERT INTO users (email, name, password_hash, role) VALUES (?, ?, ?, ?)
17:39:13.425 [main] DEBUG c.e.j.mapper.UserMapper.insert - ==> Parameters: procurement@example.com(String), 採購人員(String), $2a$10$kN.jCUdZd2jM9xwZFj4Pa.06X7q1nm3zXFykyw/1OOWZuISLrRwNW(String), PROCUREMENT(String)
17:39:13.426 [main] DEBUG c.e.j.mapper.UserMapper.insert - <==    Updates: 1
17:39:13.429 [main] DEBUG c.e.j.m.BookRequestMapper.insert - ==>  Preparing: INSERT INTO book_requests (requester_id, status, requested_at) VALUES (?, ?, ?)
17:39:13.430 [main] DEBUG c.e.j.m.BookRequestMapper.insert - ==> Parameters: 1(Long), PENDING(String), 2026-09-09T17:39:13.428993600(LocalDateTime)
17:39:13.431 [main] DEBUG c.e.j.m.BookRequestMapper.insert - <==    Updates: 1
17:39:13.431 [main] DEBUG c.e.j.m.BookRequestItemMapper.insert - ==>  Preparing: INSERT INTO book_request_items (book_request_id, title, isbn, author_id, published_year, estimated_price) VALUES (?, ?, ?, ?, ?, ?)
17:39:13.431 [main] DEBUG c.e.j.m.BookRequestItemMapper.insert - ==> Parameters: 1(Long), Refactoring(String), null, null, null, null
17:39:13.432 [main] DEBUG c.e.j.m.BookRequestItemMapper.insert - <==    Updates: 1
17:39:13.432 [main] INFO  c.e.j.service.BookRequestServiceImpl - 送出申請：requestId=1, requesterId=1, 書籍數=1
17:39:13.433 [main] DEBUG c.e.j.m.BookRequestMapper.insert - ==>  Preparing: INSERT INTO book_requests (requester_id, status, requested_at) VALUES (?, ?, ?)
17:39:13.433 [main] DEBUG c.e.j.m.BookRequestMapper.insert - ==> Parameters: 1(Long), PENDING(String), 2026-09-09T17:39:13.433992100(LocalDateTime)
17:39:13.433 [main] DEBUG c.e.j.m.BookRequestMapper.insert - <==    Updates: 1
17:39:13.433 [main] DEBUG c.e.j.m.BookRequestItemMapper.insert - ==>  Preparing: INSERT INTO book_request_items (book_request_id, title, isbn, author_id, published_year, estimated_price) VALUES (?, ?, ?, ?, ?, ?)
17:39:13.434 [main] DEBUG c.e.j.m.BookRequestItemMapper.insert - ==> Parameters: 2(Long), The Pragmatic Programmer(String), 9780135957059(String), null, 2019(Integer), 850(BigDecimal)
17:39:13.434 [main] DEBUG c.e.j.m.BookRequestItemMapper.insert - <==    Updates: 1
17:39:13.434 [main] DEBUG c.e.j.m.BookRequestItemMapper.insert - ==>  Preparing: INSERT INTO book_request_items (book_request_id, title, isbn, author_id, published_year, estimated_price) VALUES (?, ?, ?, ?, ?, ?)
17:39:13.434 [main] DEBUG c.e.j.m.BookRequestItemMapper.insert - ==> Parameters: 2(Long), Head First Design Patterns(String), null, null, null, null
17:39:13.435 [main] DEBUG c.e.j.m.BookRequestItemMapper.insert - <==    Updates: 1
17:39:13.435 [main] INFO  c.e.j.service.BookRequestServiceImpl - 送出申請：requestId=2, requesterId=1, 書籍數=2
17:39:13.437 [main] DEBUG c.e.j.m.BookRequestMapper.insert - ==>  Preparing: INSERT INTO book_requests (requester_id, status, requested_at) VALUES (?, ?, ?)
17:39:13.438 [main] DEBUG c.e.j.m.BookRequestMapper.insert - ==> Parameters: 1(Long), PENDING(String), 2026-09-09T17:39:13.437193(LocalDateTime)
17:39:13.438 [main] DEBUG c.e.j.m.BookRequestMapper.insert - <==    Updates: 1
17:39:13.438 [main] DEBUG c.e.j.m.BookRequestItemMapper.insert - ==>  Preparing: INSERT INTO book_request_items (book_request_id, title, isbn, author_id, published_year, estimated_price) VALUES (?, ?, ?, ?, ?, ?)
17:39:13.438 [main] DEBUG c.e.j.m.BookRequestItemMapper.insert - ==> Parameters: 3(Long), Test-Driven Development(String), 9780321146533(String), null, 2002(Integer), null
17:39:13.438 [main] DEBUG c.e.j.m.BookRequestItemMapper.insert - <==    Updates: 1
17:39:13.438 [main] INFO  c.e.j.service.BookRequestServiceImpl - 送出申請：requestId=3, requesterId=1, 書籍數=1
17:39:13.439 [main] DEBUG c.e.j.m.BookRequestMapper.insert - ==>  Preparing: INSERT INTO book_requests (requester_id, status, requested_at) VALUES (?, ?, ?)
17:39:13.439 [main] DEBUG c.e.j.m.BookRequestMapper.insert - ==> Parameters: 1(Long), PENDING(String), 2026-09-09T17:39:13.439206400(LocalDateTime)
17:39:13.439 [main] DEBUG c.e.j.m.BookRequestMapper.insert - <==    Updates: 1
17:39:13.439 [main] DEBUG c.e.j.m.BookRequestItemMapper.insert - ==>  Preparing: INSERT INTO book_request_items (book_request_id, title, isbn, author_id, published_year, estimated_price) VALUES (?, ?, ?, ?, ?, ?)
17:39:13.440 [main] DEBUG c.e.j.m.BookRequestItemMapper.insert - ==> Parameters: 4(Long), Working Effectively with Legacy Code(String), null, null, null, null
17:39:13.440 [main] DEBUG c.e.j.m.BookRequestItemMapper.insert - <==    Updates: 1
17:39:13.440 [main] INFO  c.e.j.service.BookRequestServiceImpl - 送出申請：requestId=4, requesterId=1, 書籍數=1
17:39:13.441 [main] DEBUG c.e.j.m.BookRequestMapper.insert - ==>  Preparing: INSERT INTO book_requests (requester_id, status, requested_at) VALUES (?, ?, ?)
17:39:13.441 [main] DEBUG c.e.j.m.BookRequestMapper.insert - ==> Parameters: 1(Long), PENDING(String), 2026-09-09T17:39:13.441202(LocalDateTime)
17:39:13.441 [main] DEBUG c.e.j.m.BookRequestMapper.insert - <==    Updates: 1
17:39:13.441 [main] DEBUG c.e.j.m.BookRequestItemMapper.insert - ==>  Preparing: INSERT INTO book_request_items (book_request_id, title, isbn, author_id, published_year, estimated_price) VALUES (?, ?, ?, ?, ?, ?)
17:39:13.441 [main] DEBUG c.e.j.m.BookRequestItemMapper.insert - ==> Parameters: 5(Long), Continuous Delivery(String), null, null, null, null
17:39:13.441 [main] DEBUG c.e.j.m.BookRequestItemMapper.insert - <==    Updates: 1
17:39:13.441 [main] INFO  c.e.j.service.BookRequestServiceImpl - 送出申請：requestId=5, requesterId=1, 書籍數=1
17:39:13.442 [main] DEBUG c.e.j.m.BookRequestMapper.insert - ==>  Preparing: INSERT INTO book_requests (requester_id, status, requested_at) VALUES (?, ?, ?)
17:39:13.442 [main] DEBUG c.e.j.m.BookRequestMapper.insert - ==> Parameters: 1(Long), PENDING(String), 2026-09-09T17:39:13.442204100(LocalDateTime)
17:39:13.443 [main] DEBUG c.e.j.m.BookRequestMapper.insert - <==    Updates: 1
17:39:13.443 [main] DEBUG c.e.j.m.BookRequestItemMapper.insert - ==>  Preparing: INSERT INTO book_request_items (book_request_id, title, isbn, author_id, published_year, estimated_price) VALUES (?, ?, ?, ?, ?, ?)
17:39:13.443 [main] DEBUG c.e.j.m.BookRequestItemMapper.insert - ==> Parameters: 6(Long), Site Reliability Engineering(String), null, null, 2016(Integer), 1200(BigDecimal)
17:39:13.443 [main] DEBUG c.e.j.m.BookRequestItemMapper.insert - <==    Updates: 1
17:39:13.443 [main] INFO  c.e.j.service.BookRequestServiceImpl - 送出申請：requestId=6, requesterId=1, 書籍數=1
17:39:13.444 [main] DEBUG c.e.j.m.BookRequestMapper.approve - ==>  Preparing: UPDATE book_requests SET status = 'APPROVED', approver_id = ?, approved_at = ? WHERE id = ? AND status = 'PENDING' AND requester_id != ?
17:39:13.446 [main] DEBUG c.e.j.m.BookRequestMapper.approve - ==> Parameters: 2(Long), 2026-09-09T17:39:13.444208400(LocalDateTime), 6(Long), 2(Long)
17:39:13.446 [main] DEBUG c.e.j.m.BookRequestMapper.approve - <==    Updates: 1
17:39:13.446 [main] DEBUG c.e.j.m.BookRequestMapper.findById - ==>  Preparing: SELECT * FROM book_requests WHERE id = ?
17:39:13.447 [main] DEBUG c.e.j.m.BookRequestMapper.findById - ==> Parameters: 6(Long)
17:39:13.450 [main] DEBUG c.e.j.m.BookRequestMapper.findById - <==      Total: 1
17:39:13.451 [main] DEBUG c.e.j.m.B.findByBookRequestId - ==>  Preparing: SELECT * FROM book_request_items WHERE book_request_id = ?
17:39:13.451 [main] DEBUG c.e.j.m.B.findByBookRequestId - ==> Parameters: 6(Long)
17:39:13.453 [main] DEBUG c.e.j.m.B.findByBookRequestId - <==      Total: 1
17:39:13.454 [main] DEBUG c.e.j.m.ProcurementItemMapper.insert - ==>  Preparing: INSERT INTO procurement_items (book_request_item_id, status) VALUES (?, ?)
17:39:13.455 [main] DEBUG c.e.j.m.ProcurementItemMapper.insert - ==> Parameters: 7(Long), PENDING(String)
17:39:13.456 [main] DEBUG c.e.j.m.ProcurementItemMapper.insert - <==    Updates: 1
17:39:13.456 [main] INFO  c.e.j.service.BookRequestServiceImpl - 申請已核准：requestId=6, approverId=2
17:39:13.457 [main] DEBUG c.e.j.m.BookRequestMapper.insert - ==>  Preparing: INSERT INTO book_requests (requester_id, status, requested_at) VALUES (?, ?, ?)
17:39:13.457 [main] DEBUG c.e.j.m.BookRequestMapper.insert - ==> Parameters: 1(Long), PENDING(String), 2026-09-09T17:39:13.457412400(LocalDateTime)
17:39:13.457 [main] DEBUG c.e.j.m.BookRequestMapper.insert - <==    Updates: 1
17:39:13.458 [main] DEBUG c.e.j.m.BookRequestItemMapper.insert - ==>  Preparing: INSERT INTO book_request_items (book_request_id, title, isbn, author_id, published_year, estimated_price) VALUES (?, ?, ?, ?, ?, ?)
17:39:13.458 [main] DEBUG c.e.j.m.BookRequestItemMapper.insert - ==> Parameters: 7(Long), Database Internals(String), null, null, null, null
17:39:13.458 [main] DEBUG c.e.j.m.BookRequestItemMapper.insert - <==    Updates: 1
17:39:13.458 [main] DEBUG c.e.j.m.BookRequestItemMapper.insert - ==>  Preparing: INSERT INTO book_request_items (book_request_id, title, isbn, author_id, published_year, estimated_price) VALUES (?, ?, ?, ?, ?, ?)
17:39:13.458 [main] DEBUG c.e.j.m.BookRequestItemMapper.insert - ==> Parameters: 7(Long), Designing Data-Intensive Applications(String), 9781449373320(String), null, 2017(Integer), 1500(BigDecimal)
17:39:13.459 [main] DEBUG c.e.j.m.BookRequestItemMapper.insert - <==    Updates: 1
17:39:13.459 [main] INFO  c.e.j.service.BookRequestServiceImpl - 送出申請：requestId=7, requesterId=1, 書籍數=2
17:39:13.459 [main] DEBUG c.e.j.m.BookRequestMapper.approve - ==>  Preparing: UPDATE book_requests SET status = 'APPROVED', approver_id = ?, approved_at = ? WHERE id = ? AND status = 'PENDING' AND requester_id != ?
17:39:13.459 [main] DEBUG c.e.j.m.BookRequestMapper.approve - ==> Parameters: 2(Long), 2026-09-09T17:39:13.459412900(LocalDateTime), 7(Long), 2(Long)
17:39:13.460 [main] DEBUG c.e.j.m.BookRequestMapper.approve - <==    Updates: 1
17:39:13.460 [main] DEBUG c.e.j.m.BookRequestMapper.findById - ==>  Preparing: SELECT * FROM book_requests WHERE id = ?
17:39:13.460 [main] DEBUG c.e.j.m.BookRequestMapper.findById - ==> Parameters: 7(Long)
17:39:13.461 [main] DEBUG c.e.j.m.BookRequestMapper.findById - <==      Total: 1
17:39:13.461 [main] DEBUG c.e.j.m.B.findByBookRequestId - ==>  Preparing: SELECT * FROM book_request_items WHERE book_request_id = ?
17:39:13.461 [main] DEBUG c.e.j.m.B.findByBookRequestId - ==> Parameters: 7(Long)
17:39:13.461 [main] DEBUG c.e.j.m.B.findByBookRequestId - <==      Total: 2
17:39:13.462 [main] DEBUG c.e.j.m.ProcurementItemMapper.insert - ==>  Preparing: INSERT INTO procurement_items (book_request_item_id, status) VALUES (?, ?)
17:39:13.462 [main] DEBUG c.e.j.m.ProcurementItemMapper.insert - ==> Parameters: 8(Long), PENDING(String)
17:39:13.462 [main] DEBUG c.e.j.m.ProcurementItemMapper.insert - <==    Updates: 1
17:39:13.462 [main] DEBUG c.e.j.m.ProcurementItemMapper.insert - ==>  Preparing: INSERT INTO procurement_items (book_request_item_id, status) VALUES (?, ?)
17:39:13.462 [main] DEBUG c.e.j.m.ProcurementItemMapper.insert - ==> Parameters: 9(Long), PENDING(String)
17:39:13.463 [main] DEBUG c.e.j.m.ProcurementItemMapper.insert - <==    Updates: 1
17:39:13.463 [main] INFO  c.e.j.service.BookRequestServiceImpl - 申請已核准：requestId=7, approverId=2
17:39:13.463 [main] DEBUG c.e.j.m.BookRequestMapper.insert - ==>  Preparing: INSERT INTO book_requests (requester_id, status, requested_at) VALUES (?, ?, ?)
17:39:13.463 [main] DEBUG c.e.j.m.BookRequestMapper.insert - ==> Parameters: 1(Long), PENDING(String), 2026-09-09T17:39:13.463411400(LocalDateTime)
17:39:13.464 [main] DEBUG c.e.j.m.BookRequestMapper.insert - <==    Updates: 1
17:39:13.464 [main] DEBUG c.e.j.m.BookRequestItemMapper.insert - ==>  Preparing: INSERT INTO book_request_items (book_request_id, title, isbn, author_id, published_year, estimated_price) VALUES (?, ?, ?, ?, ?, ?)
17:39:13.464 [main] DEBUG c.e.j.m.BookRequestItemMapper.insert - ==> Parameters: 8(Long), The Clean Coder(String), null, null, null, null
17:39:13.464 [main] DEBUG c.e.j.m.BookRequestItemMapper.insert - <==    Updates: 1
17:39:13.464 [main] INFO  c.e.j.service.BookRequestServiceImpl - 送出申請：requestId=8, requesterId=1, 書籍數=1
17:39:13.465 [main] DEBUG c.e.j.m.BookRequestMapper.approve - ==>  Preparing: UPDATE book_requests SET status = 'APPROVED', approver_id = ?, approved_at = ? WHERE id = ? AND status = 'PENDING' AND requester_id != ?
17:39:13.465 [main] DEBUG c.e.j.m.BookRequestMapper.approve - ==> Parameters: 2(Long), 2026-09-09T17:39:13.465412700(LocalDateTime), 8(Long), 2(Long)
17:39:13.465 [main] DEBUG c.e.j.m.BookRequestMapper.approve - <==    Updates: 1
17:39:13.465 [main] DEBUG c.e.j.m.BookRequestMapper.findById - ==>  Preparing: SELECT * FROM book_requests WHERE id = ?
17:39:13.466 [main] DEBUG c.e.j.m.BookRequestMapper.findById - ==> Parameters: 8(Long)
17:39:13.466 [main] DEBUG c.e.j.m.BookRequestMapper.findById - <==      Total: 1
17:39:13.466 [main] DEBUG c.e.j.m.B.findByBookRequestId - ==>  Preparing: SELECT * FROM book_request_items WHERE book_request_id = ?
17:39:13.467 [main] DEBUG c.e.j.m.B.findByBookRequestId - ==> Parameters: 8(Long)
17:39:13.467 [main] DEBUG c.e.j.m.B.findByBookRequestId - <==      Total: 1
17:39:13.467 [main] DEBUG c.e.j.m.ProcurementItemMapper.insert - ==>  Preparing: INSERT INTO procurement_items (book_request_item_id, status) VALUES (?, ?)
17:39:13.468 [main] DEBUG c.e.j.m.ProcurementItemMapper.insert - ==> Parameters: 10(Long), PENDING(String)
17:39:13.468 [main] DEBUG c.e.j.m.ProcurementItemMapper.insert - <==    Updates: 1
17:39:13.468 [main] INFO  c.e.j.service.BookRequestServiceImpl - 申請已核准：requestId=8, approverId=2
17:39:13.469 [main] DEBUG c.e.j.m.BookRequestMapper.insert - ==>  Preparing: INSERT INTO book_requests (requester_id, status, requested_at) VALUES (?, ?, ?)
17:39:13.469 [main] DEBUG c.e.j.m.BookRequestMapper.insert - ==> Parameters: 1(Long), PENDING(String), 2026-09-09T17:39:13.469414400(LocalDateTime)
17:39:13.470 [main] DEBUG c.e.j.m.BookRequestMapper.insert - <==    Updates: 1
17:39:13.470 [main] DEBUG c.e.j.m.BookRequestItemMapper.insert - ==>  Preparing: INSERT INTO book_request_items (book_request_id, title, isbn, author_id, published_year, estimated_price) VALUES (?, ?, ?, ?, ?, ?)
17:39:13.470 [main] DEBUG c.e.j.m.BookRequestItemMapper.insert - ==> Parameters: 9(Long), Release It!(String), null, null, null, null
17:39:13.470 [main] DEBUG c.e.j.m.BookRequestItemMapper.insert - <==    Updates: 1
17:39:13.470 [main] INFO  c.e.j.service.BookRequestServiceImpl - 送出申請：requestId=9, requesterId=1, 書籍數=1
17:39:13.471 [main] DEBUG c.e.j.m.BookRequestMapper.approve - ==>  Preparing: UPDATE book_requests SET status = 'APPROVED', approver_id = ?, approved_at = ? WHERE id = ? AND status = 'PENDING' AND requester_id != ?
17:39:13.472 [main] DEBUG c.e.j.m.BookRequestMapper.approve - ==> Parameters: 2(Long), 2026-09-09T17:39:13.471921500(LocalDateTime), 9(Long), 2(Long)
17:39:13.472 [main] DEBUG c.e.j.m.BookRequestMapper.approve - <==    Updates: 1
17:39:13.472 [main] DEBUG c.e.j.m.BookRequestMapper.findById - ==>  Preparing: SELECT * FROM book_requests WHERE id = ?
17:39:13.472 [main] DEBUG c.e.j.m.BookRequestMapper.findById - ==> Parameters: 9(Long)
17:39:13.473 [main] DEBUG c.e.j.m.BookRequestMapper.findById - <==      Total: 1
17:39:13.473 [main] DEBUG c.e.j.m.B.findByBookRequestId - ==>  Preparing: SELECT * FROM book_request_items WHERE book_request_id = ?
17:39:13.473 [main] DEBUG c.e.j.m.B.findByBookRequestId - ==> Parameters: 9(Long)
17:39:13.474 [main] DEBUG c.e.j.m.B.findByBookRequestId - <==      Total: 1
17:39:13.474 [main] DEBUG c.e.j.m.ProcurementItemMapper.insert - ==>  Preparing: INSERT INTO procurement_items (book_request_item_id, status) VALUES (?, ?)
17:39:13.474 [main] DEBUG c.e.j.m.ProcurementItemMapper.insert - ==> Parameters: 11(Long), PENDING(String)
17:39:13.474 [main] DEBUG c.e.j.m.ProcurementItemMapper.insert - <==    Updates: 1
17:39:13.474 [main] INFO  c.e.j.service.BookRequestServiceImpl - 申請已核准：requestId=9, approverId=2
17:39:13.475 [main] DEBUG c.e.j.m.BookRequestMapper.insert - ==>  Preparing: INSERT INTO book_requests (requester_id, status, requested_at) VALUES (?, ?, ?)
17:39:13.475 [main] DEBUG c.e.j.m.BookRequestMapper.insert - ==> Parameters: 1(Long), PENDING(String), 2026-09-09T17:39:13.475928100(LocalDateTime)
17:39:13.475 [main] DEBUG c.e.j.m.BookRequestMapper.insert - <==    Updates: 1
17:39:13.475 [main] DEBUG c.e.j.m.BookRequestItemMapper.insert - ==>  Preparing: INSERT INTO book_request_items (book_request_id, title, isbn, author_id, published_year, estimated_price) VALUES (?, ?, ?, ?, ?, ?)
17:39:13.476 [main] DEBUG c.e.j.m.BookRequestItemMapper.insert - ==> Parameters: 10(Long), Overpriced Book(String), null, null, null, 99999(BigDecimal)
17:39:13.476 [main] DEBUG c.e.j.m.BookRequestItemMapper.insert - <==    Updates: 1
17:39:13.476 [main] INFO  c.e.j.service.BookRequestServiceImpl - 送出申請：requestId=10, requesterId=1, 書籍數=1
17:39:13.477 [main] DEBUG c.e.j.m.BookRequestMapper.reject - ==>  Preparing: UPDATE book_requests SET status = 'REJECTED', approver_id = ?, approved_at = ? WHERE id = ? AND status = 'PENDING' AND requester_id != ?
17:39:13.477 [main] DEBUG c.e.j.m.BookRequestMapper.reject - ==> Parameters: 2(Long), 2026-09-09T17:39:13.477935600(LocalDateTime), 10(Long), 2(Long)
17:39:13.478 [main] DEBUG c.e.j.m.BookRequestMapper.reject - <==    Updates: 1
17:39:13.478 [main] DEBUG c.e.j.m.BookRequestMapper.findById - ==>  Preparing: SELECT * FROM book_requests WHERE id = ?
17:39:13.478 [main] DEBUG c.e.j.m.BookRequestMapper.findById - ==> Parameters: 10(Long)
17:39:13.479 [main] DEBUG c.e.j.m.BookRequestMapper.findById - <==      Total: 1
17:39:13.479 [main] INFO  c.e.j.service.BookRequestServiceImpl - 申請已拒絕：requestId=10, approverId=2
17:39:13.480 [main] DEBUG c.e.j.m.BookRequestMapper.insert - ==>  Preparing: INSERT INTO book_requests (requester_id, status, requested_at) VALUES (?, ?, ?)
17:39:13.480 [main] DEBUG c.e.j.m.BookRequestMapper.insert - ==> Parameters: 1(Long), PENDING(String), 2026-09-09T17:39:13.479929600(LocalDateTime)
17:39:13.480 [main] DEBUG c.e.j.m.BookRequestMapper.insert - <==    Updates: 1
17:39:13.480 [main] DEBUG c.e.j.m.BookRequestItemMapper.insert - ==>  Preparing: INSERT INTO book_request_items (book_request_id, title, isbn, author_id, published_year, estimated_price) VALUES (?, ?, ?, ?, ?, ?)
17:39:13.480 [main] DEBUG c.e.j.m.BookRequestItemMapper.insert - ==> Parameters: 11(Long), Duplicate Request Example(String), null, null, null, null
17:39:13.480 [main] DEBUG c.e.j.m.BookRequestItemMapper.insert - <==    Updates: 1
17:39:13.481 [main] INFO  c.e.j.service.BookRequestServiceImpl - 送出申請：requestId=11, requesterId=1, 書籍數=1
17:39:13.481 [main] DEBUG c.e.j.m.BookRequestMapper.reject - ==>  Preparing: UPDATE book_requests SET status = 'REJECTED', approver_id = ?, approved_at = ? WHERE id = ? AND status = 'PENDING' AND requester_id != ?
17:39:13.482 [main] DEBUG c.e.j.m.BookRequestMapper.reject - ==> Parameters: 2(Long), 2026-09-09T17:39:13.481928100(LocalDateTime), 11(Long), 2(Long)
17:39:13.483 [main] DEBUG c.e.j.m.BookRequestMapper.reject - <==    Updates: 1
17:39:13.483 [main] DEBUG c.e.j.m.BookRequestMapper.findById - ==>  Preparing: SELECT * FROM book_requests WHERE id = ?
17:39:13.483 [main] DEBUG c.e.j.m.BookRequestMapper.findById - ==> Parameters: 11(Long)
17:39:13.484 [main] DEBUG c.e.j.m.BookRequestMapper.findById - <==      Total: 1
17:39:13.484 [main] INFO  c.e.j.service.BookRequestServiceImpl - 申請已拒絕：requestId=11, approverId=2
17:39:13.485 [main] DEBUG c.e.j.m.BookRequestMapper.insert - ==>  Preparing: INSERT INTO book_requests (requester_id, status, requested_at) VALUES (?, ?, ?)
17:39:13.485 [main] DEBUG c.e.j.m.BookRequestMapper.insert - ==> Parameters: 1(Long), PENDING(String), 2026-09-09T17:39:13.485929700(LocalDateTime)
17:39:13.486 [main] DEBUG c.e.j.m.BookRequestMapper.insert - <==    Updates: 1
17:39:13.486 [main] DEBUG c.e.j.m.BookRequestItemMapper.insert - ==>  Preparing: INSERT INTO book_request_items (book_request_id, title, isbn, author_id, published_year, estimated_price) VALUES (?, ?, ?, ?, ?, ?)
17:39:13.486 [main] DEBUG c.e.j.m.BookRequestItemMapper.insert - ==> Parameters: 12(Long), Out of Scope Book(String), null, null, null, null
17:39:13.487 [main] DEBUG c.e.j.m.BookRequestItemMapper.insert - <==    Updates: 1
17:39:13.487 [main] INFO  c.e.j.service.BookRequestServiceImpl - 送出申請：requestId=12, requesterId=1, 書籍數=1
17:39:13.487 [main] DEBUG c.e.j.m.BookRequestMapper.reject - ==>  Preparing: UPDATE book_requests SET status = 'REJECTED', approver_id = ?, approved_at = ? WHERE id = ? AND status = 'PENDING' AND requester_id != ?
17:39:13.488 [main] DEBUG c.e.j.m.BookRequestMapper.reject - ==> Parameters: 2(Long), 2026-09-09T17:39:13.487931100(LocalDateTime), 12(Long), 2(Long)
17:39:13.488 [main] DEBUG c.e.j.m.BookRequestMapper.reject - <==    Updates: 1
17:39:13.489 [main] DEBUG c.e.j.m.BookRequestMapper.findById - ==>  Preparing: SELECT * FROM book_requests WHERE id = ?
17:39:13.489 [main] DEBUG c.e.j.m.BookRequestMapper.findById - ==> Parameters: 12(Long)
17:39:13.490 [main] DEBUG c.e.j.m.BookRequestMapper.findById - <==      Total: 1
17:39:13.490 [main] INFO  c.e.j.service.BookRequestServiceImpl - 申請已拒絕：requestId=12, approverId=2
17:39:13.491 [main] DEBUG c.e.j.m.B.findByStatus - ==>  Preparing: SELECT * FROM book_requests WHERE status = ? ORDER BY requested_at
17:39:13.491 [main] DEBUG c.e.j.m.B.findByStatus - ==> Parameters: PENDING(String)
17:39:13.492 [main] DEBUG c.e.j.m.B.findByStatus - <==      Total: 5
17:39:13.493 [main] DEBUG c.e.j.m.B.findByStatus - ==>  Preparing: SELECT * FROM book_requests WHERE status = ? ORDER BY requested_at
17:39:13.493 [main] DEBUG c.e.j.m.B.findByStatus - ==> Parameters: APPROVED(String)
17:39:13.493 [main] DEBUG c.e.j.m.B.findByStatus - <==      Total: 4
17:39:13.494 [main] DEBUG c.e.j.m.B.findByStatus - ==>  Preparing: SELECT * FROM book_requests WHERE status = ? ORDER BY requested_at
17:39:13.494 [main] DEBUG c.e.j.m.B.findByStatus - ==> Parameters: REJECTED(String)
17:39:13.494 [main] DEBUG c.e.j.m.B.findByStatus - <==      Total: 3
17:39:13.495 [main] DEBUG c.e.j.m.BookRequestMapper.findAll - ==>  Preparing: SELECT * FROM book_requests
17:39:13.495 [main] DEBUG c.e.j.m.BookRequestMapper.findAll - ==> Parameters: 
17:39:13.496 [main] DEBUG c.e.j.m.BookRequestMapper.findAll - <==      Total: 12
17:39:15.246 [main] WARN  c.e.j.i.RoleAccessInterceptor - 權限不足被擋下：userId=1, role=ADMIN, POST /procurement/1/complete
17:39:15.247 [main] WARN  c.e.j.i.RoleAccessInterceptor - 權限不足被擋下：userId=1, role=USER, POST /procurement/1/complete
17:39:15.251 [main] WARN  c.e.j.i.RoleAccessInterceptor - 權限不足被擋下：userId=1, role=PROCUREMENT, POST /requests/1/approve
17:39:15.252 [main] WARN  c.e.j.i.RoleAccessInterceptor - 權限不足被擋下：userId=1, role=USER, POST /requests/1/reject
17:39:15.255 [main] WARN  c.e.j.i.RoleAccessInterceptor - 權限不足被擋下：userId=1, role=USER, GET /books/new
17:39:15.263 [main] DEBUG c.e.j.mapper.BookMapper.insert - ==>  Preparing: INSERT INTO books (title, isbn, author_id, published_year) VALUES (?, ?, ?, ?)
17:39:15.263 [main] DEBUG c.e.j.mapper.BookMapper.insert - ==> Parameters: Effective Java(String), 978-0134685991(String), 4(Long), 2018(Integer)
17:39:15.263 [main] DEBUG c.e.j.mapper.BookMapper.insert - <==    Updates: 1
17:39:15.264 [main] DEBUG c.e.j.mapper.BookMapper.insert - ==>  Preparing: INSERT INTO books (title, isbn, author_id, published_year) VALUES (?, ?, ?, ?)
17:39:15.264 [main] DEBUG c.e.j.mapper.BookMapper.insert - ==> Parameters: Unrelated Book(String), 9999999999999(String), 4(Long), 2000(Integer)
17:39:15.264 [main] DEBUG c.e.j.mapper.BookMapper.insert - <==    Updates: 1
17:39:15.267 [main] DEBUG c.e.j.mapper.BookMapper.search - ==>  Preparing: SELECT b.id, b.title, b.isbn, b.published_year, a.name AS author_name, c.id AS category_id, c.name AS category_name FROM books b LEFT JOIN authors a ON b.author_id = a.id LEFT JOIN books_categories bc ON bc.book_id = b.id LEFT JOIN categories c ON bc.category_id = c.id WHERE (b.title ILIKE CONCAT('%', ?, '%') OR a.name ILIKE CONCAT('%', ?, '%') OR c.name ILIKE CONCAT('%', ?, '%')) ORDER BY b.id
17:39:15.269 [main] DEBUG c.e.j.mapper.BookMapper.search - ==> Parameters: Effective(String), Effective(String), Effective(String)
17:39:15.271 [main] DEBUG c.e.j.mapper.BookMapper.search - <==      Total: 1
17:39:15.277 [main] DEBUG c.e.j.mapper.BookMapper.insert - ==>  Preparing: INSERT INTO books (title, isbn, author_id, published_year) VALUES (?, ?, ?, ?)
17:39:15.278 [main] DEBUG c.e.j.mapper.BookMapper.insert - ==> Parameters: Effective Java(String), 978-0134685991(String), 5(Long), 2018(Integer)
17:39:15.278 [main] DEBUG c.e.j.mapper.BookMapper.insert - <==    Updates: 1
17:39:15.278 [main] DEBUG c.e.j.m.B.insertBookCategories - ==>  Preparing: INSERT INTO books_categories (book_id, category_id) VALUES (?, ?)
17:39:15.278 [main] DEBUG c.e.j.m.B.insertBookCategories - ==> Parameters: 27(Long), 4(Long)
17:39:15.279 [main] DEBUG c.e.j.m.B.insertBookCategories - <==    Updates: 1
17:39:15.279 [main] DEBUG c.e.j.m.B.findCategoriesById - ==>  Preparing: SELECT c.* FROM categories c JOIN books_categories bc ON bc.category_id = c.id WHERE bc.book_id = ?
17:39:15.280 [main] DEBUG c.e.j.m.B.findCategoriesById - ==> Parameters: 27(Long)
17:39:15.280 [main] DEBUG c.e.j.m.B.findCategoriesById - <==      Total: 1
17:39:15.285 [main] DEBUG c.e.j.mapper.BookMapper.insert - ==>  Preparing: INSERT INTO books (title, isbn, author_id, published_year) VALUES (?, ?, ?, ?)
17:39:15.285 [main] DEBUG c.e.j.mapper.BookMapper.insert - ==> Parameters: Effective Java(String), 978-0134685991(String), 6(Long), 2018(Integer)
17:39:15.285 [main] DEBUG c.e.j.mapper.BookMapper.insert - <==    Updates: 1
17:39:15.286 [main] DEBUG c.e.j.mapper.BookMapper.update - ==>  Preparing: UPDATE books SET title = ?, isbn = ?, author_id = ?, published_year = ? WHERE id = ?
17:39:15.286 [main] DEBUG c.e.j.mapper.BookMapper.update - ==> Parameters: My New Title(String), 978-0134685991(String), 6(Long), 2018(Integer), 28(Long)
17:39:15.287 [main] DEBUG c.e.j.mapper.BookMapper.update - <==    Updates: 1
17:39:15.287 [main] DEBUG c.e.j.mapper.BookMapper.findById - ==>  Preparing: SELECT id, title, isbn, author_id, published_year FROM books WHERE id = ?
17:39:15.287 [main] DEBUG c.e.j.mapper.BookMapper.findById - ==> Parameters: 28(Long)
17:39:15.288 [main] DEBUG c.e.j.mapper.BookMapper.findById - <==      Total: 1
17:39:15.288 [main] DEBUG c.e.j.mapper.BookMapper.findAll - ==>  Preparing: SELECT b.id, b.title, b.isbn, b.published_year, a.name AS author_name, c.id AS category_id, c.name AS category_name FROM books b LEFT JOIN authors a ON b.author_id = a.id LEFT JOIN books_categories bc ON bc.book_id = b.id LEFT JOIN categories c ON bc.category_id = c.id ORDER BY b.id
17:39:15.288 [main] DEBUG c.e.j.mapper.BookMapper.findAll - ==> Parameters: 
17:39:15.289 [main] DEBUG c.e.j.mapper.BookMapper.findAll - <==      Total: 1
17:39:15.294 [main] DEBUG c.e.j.mapper.BookMapper.insert - ==>  Preparing: INSERT INTO books (title, isbn, author_id, published_year) VALUES (?, ?, ?, ?)
17:39:15.294 [main] DEBUG c.e.j.mapper.BookMapper.insert - ==> Parameters: Effective Java(String), 978-0134685991(String), 7(Long), 2018(Integer)
17:39:15.294 [main] DEBUG c.e.j.mapper.BookMapper.insert - <==    Updates: 1
17:39:15.295 [main] DEBUG c.e.j.m.B.insertBookCategories - ==>  Preparing: INSERT INTO books_categories (book_id, category_id) VALUES (?, ?) , (?, ?)
17:39:15.295 [main] DEBUG c.e.j.m.B.insertBookCategories - ==> Parameters: 29(Long), 5(Long), 29(Long), 6(Long)
17:39:15.295 [main] DEBUG c.e.j.m.B.insertBookCategories - <==    Updates: 2
17:39:15.295 [main] DEBUG c.e.j.mapper.BookMapper.insert - ==>  Preparing: INSERT INTO books (title, isbn, author_id, published_year) VALUES (?, ?, ?, ?)
17:39:15.295 [main] DEBUG c.e.j.mapper.BookMapper.insert - ==> Parameters: Effective Java(String), 978-0134685991(String), 7(Long), 2018(Integer)
17:39:15.295 [main] DEBUG c.e.j.mapper.BookMapper.insert - <==    Updates: 1
17:39:15.296 [main] DEBUG c.e.j.mapper.BookMapper.findAll - ==>  Preparing: SELECT b.id, b.title, b.isbn, b.published_year, a.name AS author_name, c.id AS category_id, c.name AS category_name FROM books b LEFT JOIN authors a ON b.author_id = a.id LEFT JOIN books_categories bc ON bc.book_id = b.id LEFT JOIN categories c ON bc.category_id = c.id ORDER BY b.id
17:39:15.296 [main] DEBUG c.e.j.mapper.BookMapper.findAll - ==> Parameters: 
17:39:15.297 [main] DEBUG c.e.j.mapper.BookMapper.findAll - <==      Total: 3
17:39:15.303 [main] DEBUG c.e.j.mapper.BookMapper.insert - ==>  Preparing: INSERT INTO books (title, isbn, author_id, published_year) VALUES (?, ?, ?, ?)
17:39:15.303 [main] DEBUG c.e.j.mapper.BookMapper.insert - ==> Parameters: Effective Java(String), 978-0134685991(String), 8(Long), 2018(Integer)
17:39:15.303 [main] DEBUG c.e.j.mapper.BookMapper.insert - <==    Updates: 1
17:39:15.304 [main] DEBUG c.e.j.m.B.insertBookCategories - ==>  Preparing: INSERT INTO books_categories (book_id, category_id) VALUES (?, ?)
17:39:15.305 [main] DEBUG c.e.j.m.B.insertBookCategories - ==> Parameters: 31(Long), 7(Long)
17:39:15.305 [main] DEBUG c.e.j.m.B.insertBookCategories - <==    Updates: 1
17:39:15.305 [main] DEBUG c.e.j.m.B.deleteCategoriesByBookId - ==>  Preparing: DELETE FROM books_categories bc WHERE bc.book_id = ?
17:39:15.305 [main] DEBUG c.e.j.m.B.deleteCategoriesByBookId - ==> Parameters: 31(Long)
17:39:15.306 [main] DEBUG c.e.j.m.B.deleteCategoriesByBookId - <==    Updates: 1
17:39:15.306 [main] DEBUG c.e.j.m.B.findCategoriesById - ==>  Preparing: SELECT c.* FROM categories c JOIN books_categories bc ON bc.category_id = c.id WHERE bc.book_id = ?
17:39:15.306 [main] DEBUG c.e.j.m.B.findCategoriesById - ==> Parameters: 31(Long)
17:39:15.306 [main] DEBUG c.e.j.m.B.findCategoriesById - <==      Total: 0
17:39:15.312 [main] DEBUG c.e.j.mapper.BookMapper.insert - ==>  Preparing: INSERT INTO books (title, isbn, author_id, published_year) VALUES (?, ?, ?, ?)
17:39:15.312 [main] DEBUG c.e.j.mapper.BookMapper.insert - ==> Parameters: Book With Many Categories(String), null, 9(Long), 2020(Integer)
17:39:15.312 [main] DEBUG c.e.j.mapper.BookMapper.insert - <==    Updates: 1
17:39:15.313 [main] DEBUG c.e.j.m.B.insertBookCategories - ==>  Preparing: INSERT INTO books_categories (book_id, category_id) VALUES (?, ?) , (?, ?) , (?, ?)
17:39:15.313 [main] DEBUG c.e.j.m.B.insertBookCategories - ==> Parameters: 32(Long), 8(Long), 32(Long), 9(Long), 32(Long), 10(Long)
17:39:15.314 [main] DEBUG c.e.j.m.B.insertBookCategories - <==    Updates: 3
17:39:15.314 [main] DEBUG c.e.j.mapper.BookMapper.insert - ==>  Preparing: INSERT INTO books (title, isbn, author_id, published_year) VALUES (?, ?, ?, ?)
17:39:15.314 [main] DEBUG c.e.j.mapper.BookMapper.insert - ==> Parameters: Book Without Categories(String), null, 9(Long), 2021(Integer)
17:39:15.314 [main] DEBUG c.e.j.mapper.BookMapper.insert - <==    Updates: 1
17:39:15.315 [main] DEBUG c.e.j.m.BookMapper.countBySearch - ==>  Preparing: SELECT COUNT(DISTINCT b.id) FROM books b LEFT JOIN authors a ON b.author_id = a.id LEFT JOIN books_categories bc ON bc.book_id = b.id LEFT JOIN categories c ON bc.category_id = c.id
17:39:15.315 [main] DEBUG c.e.j.m.BookMapper.countBySearch - ==> Parameters: 
17:39:15.322 [main] DEBUG c.e.j.m.BookMapper.countBySearch - <==      Total: 1
17:39:15.324 [main] DEBUG c.e.j.m.BookMapper.findIdsBySearch - ==>  Preparing: SELECT DISTINCT b.id FROM books b LEFT JOIN authors a ON b.author_id = a.id LEFT JOIN books_categories bc ON bc.book_id = b.id LEFT JOIN categories c ON bc.category_id = c.id ORDER BY b.id LIMIT ? OFFSET ?
17:39:15.325 [main] DEBUG c.e.j.m.BookMapper.findIdsBySearch - ==> Parameters: 1(Integer), 0(Long)
17:39:15.325 [main] DEBUG c.e.j.m.BookMapper.findIdsBySearch - <==      Total: 1
17:39:15.326 [main] DEBUG c.e.j.mapper.BookMapper.findByIds - ==>  Preparing: SELECT b.id, b.title, b.isbn, b.published_year, a.name AS author_name, c.id AS category_id, c.name AS category_name FROM books b LEFT JOIN authors a ON b.author_id = a.id LEFT JOIN books_categories bc ON bc.book_id = b.id LEFT JOIN categories c ON bc.category_id = c.id WHERE b.id IN ( ? ) ORDER BY b.id
17:39:15.326 [main] DEBUG c.e.j.mapper.BookMapper.findByIds - ==> Parameters: 32(Long)
17:39:15.326 [main] DEBUG c.e.j.mapper.BookMapper.findByIds - <==      Total: 3
17:39:15.327 [main] DEBUG c.e.j.m.BookMapper.findIdsBySearch - ==>  Preparing: SELECT DISTINCT b.id FROM books b LEFT JOIN authors a ON b.author_id = a.id LEFT JOIN books_categories bc ON bc.book_id = b.id LEFT JOIN categories c ON bc.category_id = c.id ORDER BY b.id LIMIT ? OFFSET ?
17:39:15.327 [main] DEBUG c.e.j.m.BookMapper.findIdsBySearch - ==> Parameters: 1(Integer), 1(Long)
17:39:15.328 [main] DEBUG c.e.j.m.BookMapper.findIdsBySearch - <==      Total: 1
17:39:15.332 [main] DEBUG c.e.j.mapper.BookMapper.insert - ==>  Preparing: INSERT INTO books (title, isbn, author_id, published_year) VALUES (?, ?, ?, ?)
17:39:15.332 [main] DEBUG c.e.j.mapper.BookMapper.insert - ==> Parameters: Effective Java(String), 978-0134685991(String), 10(Long), 2018(Integer)
17:39:15.332 [main] DEBUG c.e.j.mapper.BookMapper.insert - <==    Updates: 1
17:39:15.332 [main] DEBUG c.e.j.mapper.BookMapper.insert - ==>  Preparing: INSERT INTO books (title, isbn, author_id, published_year) VALUES (?, ?, ?, ?)
17:39:15.332 [main] DEBUG c.e.j.mapper.BookMapper.insert - ==> Parameters: Clean Code(String), 9780132350884(String), 11(Long), 2008(Integer)
17:39:15.333 [main] DEBUG c.e.j.mapper.BookMapper.insert - <==    Updates: 1
17:39:15.333 [main] DEBUG c.e.j.mapper.BookMapper.search - ==>  Preparing: SELECT b.id, b.title, b.isbn, b.published_year, a.name AS author_name, c.id AS category_id, c.name AS category_name FROM books b LEFT JOIN authors a ON b.author_id = a.id LEFT JOIN books_categories bc ON bc.book_id = b.id LEFT JOIN categories c ON bc.category_id = c.id WHERE (b.title ILIKE CONCAT('%', ?, '%') OR a.name ILIKE CONCAT('%', ?, '%') OR c.name ILIKE CONCAT('%', ?, '%')) ORDER BY b.id
17:39:15.334 [main] DEBUG c.e.j.mapper.BookMapper.search - ==> Parameters: Bloch(String), Bloch(String), Bloch(String)
17:39:15.335 [main] DEBUG c.e.j.mapper.BookMapper.search - <==      Total: 1
17:39:15.340 [main] DEBUG c.e.j.mapper.BookMapper.insert - ==>  Preparing: INSERT INTO books (title, isbn, author_id, published_year) VALUES (?, ?, ?, ?)
17:39:15.340 [main] DEBUG c.e.j.mapper.BookMapper.insert - ==> Parameters: Effective Java(String), 978-0134685991(String), 12(Long), 2018(Integer)
17:39:15.340 [main] DEBUG c.e.j.mapper.BookMapper.insert - <==    Updates: 1
17:39:15.340 [main] DEBUG c.e.j.mapper.BookMapper.insert - ==>  Preparing: INSERT INTO books (title, isbn, author_id, published_year) VALUES (?, ?, ?, ?)
17:39:15.341 [main] DEBUG c.e.j.mapper.BookMapper.insert - ==> Parameters: Unrelated Book(String), 9999999999999(String), 12(Long), 2000(Integer)
17:39:15.341 [main] DEBUG c.e.j.mapper.BookMapper.insert - <==    Updates: 1
17:39:15.342 [main] DEBUG c.e.j.mapper.BookMapper.search - ==>  Preparing: SELECT b.id, b.title, b.isbn, b.published_year, a.name AS author_name, c.id AS category_id, c.name AS category_name FROM books b LEFT JOIN authors a ON b.author_id = a.id LEFT JOIN books_categories bc ON bc.book_id = b.id LEFT JOIN categories c ON bc.category_id = c.id ORDER BY b.id
17:39:15.342 [main] DEBUG c.e.j.mapper.BookMapper.search - ==> Parameters: 
17:39:15.342 [main] DEBUG c.e.j.mapper.BookMapper.search - <==      Total: 2
17:39:15.346 [main] DEBUG c.e.j.mapper.BookMapper.insert - ==>  Preparing: INSERT INTO books (title, isbn, author_id, published_year) VALUES (?, ?, ?, ?)
17:39:15.347 [main] DEBUG c.e.j.mapper.BookMapper.insert - ==> Parameters: Effective Java(String), 978-0134685991(String), 13(Long), 2018(Integer)
17:39:15.347 [main] DEBUG c.e.j.mapper.BookMapper.insert - <==    Updates: 1
17:39:15.347 [main] DEBUG c.e.j.m.B.insertBookCategories - ==>  Preparing: INSERT INTO books_categories (book_id, category_id) VALUES (?, ?)
17:39:15.348 [main] DEBUG c.e.j.m.B.insertBookCategories - ==> Parameters: 38(Long), 11(Long)
17:39:15.348 [main] DEBUG c.e.j.m.B.insertBookCategories - <==    Updates: 1
17:39:15.348 [main] DEBUG c.e.j.m.B.findCategoriesById - ==>  Preparing: SELECT c.* FROM categories c JOIN books_categories bc ON bc.category_id = c.id WHERE bc.book_id = ?
17:39:15.349 [main] DEBUG c.e.j.m.B.findCategoriesById - ==> Parameters: 38(Long)
17:39:15.349 [main] DEBUG c.e.j.m.B.findCategoriesById - <==      Total: 1
17:39:15.357 [main] DEBUG c.e.j.mapper.BookMapper.insert - ==>  Preparing: INSERT INTO books (title, isbn, author_id, published_year) VALUES (?, ?, ?, ?)
17:39:15.357 [main] DEBUG c.e.j.mapper.BookMapper.insert - ==> Parameters: Effective Java(String), 978-0134685991(String), 14(Long), 2018(Integer)
17:39:15.357 [main] DEBUG c.e.j.mapper.BookMapper.insert - <==    Updates: 1
17:39:15.358 [main] DEBUG c.e.j.mapper.BookMapper.insert - ==>  Preparing: INSERT INTO books (title, isbn, author_id, published_year) VALUES (?, ?, ?, ?)
17:39:15.358 [main] DEBUG c.e.j.mapper.BookMapper.insert - ==> Parameters: Effective Java(String), 978-0134685991(String), 14(Long), 2018(Integer)
17:39:15.358 [main] DEBUG c.e.j.mapper.BookMapper.insert - <==    Updates: 1
17:39:15.358 [main] DEBUG c.e.j.m.BookMapper.findByAuthorId - ==>  Preparing: SELECT * FROM books b WHERE b.author_id = ?
17:39:15.359 [main] DEBUG c.e.j.m.BookMapper.findByAuthorId - ==> Parameters: 14(Long)
17:39:15.359 [main] DEBUG c.e.j.m.BookMapper.findByAuthorId - <==      Total: 2
17:39:15.367 [main] DEBUG c.e.j.m.BookRequestMapper.insert - ==>  Preparing: INSERT INTO book_requests (requester_id, status, requested_at) VALUES (?, ?, ?)
17:39:15.367 [main] DEBUG c.e.j.m.BookRequestMapper.insert - ==> Parameters: 4(Long), PENDING(String), 2026-09-09T17:39:15.367487(LocalDateTime)
17:39:15.368 [main] DEBUG c.e.j.m.BookRequestMapper.insert - <==    Updates: 1
17:39:15.368 [main] DEBUG c.e.j.m.BookRequestItemMapper.insert - ==>  Preparing: INSERT INTO book_request_items (book_request_id, title, isbn, author_id, published_year, estimated_price) VALUES (?, ?, ?, ?, ?, ?)
17:39:15.368 [main] DEBUG c.e.j.m.BookRequestItemMapper.insert - ==> Parameters: 13(Long), Effective Java(String), 9780134685991(String), null, 2018(Integer), 1200.00(BigDecimal)
17:39:15.369 [main] DEBUG c.e.j.m.BookRequestItemMapper.insert - <==    Updates: 1
17:39:15.370 [main] DEBUG c.e.j.m.B.findByBookRequestId - ==>  Preparing: SELECT * FROM book_request_items WHERE book_request_id = ?
17:39:15.370 [main] DEBUG c.e.j.m.B.findByBookRequestId - ==> Parameters: 13(Long)
17:39:15.371 [main] DEBUG c.e.j.m.B.findByBookRequestId - <==      Total: 1
17:39:15.384 [main] DEBUG c.e.j.m.BookRequestMapper.insert - ==>  Preparing: INSERT INTO book_requests (requester_id, status, requested_at) VALUES (?, ?, ?)
17:39:15.385 [main] DEBUG c.e.j.m.BookRequestMapper.insert - ==> Parameters: 5(Long), APPROVED(String), 2026-09-09T17:39:15.383997300(LocalDateTime)
17:39:15.385 [main] DEBUG c.e.j.m.BookRequestMapper.insert - <==    Updates: 1
17:39:15.386 [main] DEBUG c.e.j.m.BookRequestItemMapper.insert - ==>  Preparing: INSERT INTO book_request_items (book_request_id, title, isbn, author_id, published_year, estimated_price) VALUES (?, ?, ?, ?, ?, ?)
17:39:15.387 [main] DEBUG c.e.j.m.BookRequestItemMapper.insert - ==> Parameters: 14(Long), Clean Code(String), null, null, null, null
17:39:15.388 [main] DEBUG c.e.j.m.BookRequestItemMapper.insert - <==    Updates: 1
17:39:15.389 [main] DEBUG c.e.j.m.ProcurementItemMapper.insert - ==>  Preparing: INSERT INTO procurement_items (book_request_item_id, status) VALUES (?, ?)
17:39:15.389 [main] DEBUG c.e.j.m.ProcurementItemMapper.insert - ==> Parameters: 16(Long), PENDING(String)
17:39:15.390 [main] DEBUG c.e.j.m.ProcurementItemMapper.insert - <==    Updates: 1
17:39:15.391 [main] DEBUG c.e.j.m.P.findByStatus - ==>  Preparing: SELECT * FROM procurement_items WHERE status = ?
17:39:15.391 [main] DEBUG c.e.j.m.P.findByStatus - ==> Parameters: PENDING(String)
17:39:15.393 [main] DEBUG c.e.j.m.P.findByStatus - <==      Total: 1
17:39:15.396 [main] DEBUG c.e.j.m.ProcurementItemMapper.update - ==>  Preparing: UPDATE procurement_items SET status = ?, procured_by = ?, procured_at = ?, book_id = ? WHERE id = ?
17:39:15.397 [main] DEBUG c.e.j.m.ProcurementItemMapper.update - ==> Parameters: COMPLETED(String), 6(Long), 2026-09-09T17:39:15.395012300(LocalDateTime), null, 6(Long)
17:39:15.397 [main] DEBUG c.e.j.m.ProcurementItemMapper.update - <==    Updates: 1
17:39:15.399 [main] DEBUG c.e.j.m.P.findById - ==>  Preparing: SELECT * FROM procurement_items WHERE id = ?
17:39:15.399 [main] DEBUG c.e.j.m.P.findById - ==> Parameters: 6(Long)
17:39:15.400 [main] DEBUG c.e.j.m.P.findById - <==      Total: 1
17:39:15.407 [main] DEBUG c.e.j.m.BookRequestMapper.insert - ==>  Preparing: INSERT INTO book_requests (requester_id, status, requested_at) VALUES (?, ?, ?)
17:39:15.408 [main] DEBUG c.e.j.m.BookRequestMapper.insert - ==> Parameters: 7(Long), PENDING(String), 2026-09-09T17:39:15.407513600(LocalDateTime)
17:39:15.408 [main] DEBUG c.e.j.m.BookRequestMapper.insert - <==    Updates: 1
17:39:15.409 [main] DEBUG c.e.j.m.BookRequestMapper.findById - ==>  Preparing: SELECT * FROM book_requests WHERE id = ?
17:39:15.410 [main] DEBUG c.e.j.m.BookRequestMapper.findById - ==> Parameters: 15(Long)
17:39:15.411 [main] DEBUG c.e.j.m.BookRequestMapper.findById - <==      Total: 1
17:39:15.411 [main] DEBUG c.e.j.m.B.findByStatus - ==>  Preparing: SELECT * FROM book_requests WHERE status = ? ORDER BY requested_at
17:39:15.412 [main] DEBUG c.e.j.m.B.findByStatus - ==> Parameters: PENDING(String)
17:39:15.412 [main] DEBUG c.e.j.m.B.findByStatus - <==      Total: 1
17:39:15.419 [main] DEBUG c.e.j.m.BookRequestMapper.insert - ==>  Preparing: INSERT INTO book_requests (requester_id, status, requested_at) VALUES (?, ?, ?)
17:39:15.419 [main] DEBUG c.e.j.m.BookRequestMapper.insert - ==> Parameters: 8(Long), APPROVED(String), 2026-09-09T17:39:15.418263400(LocalDateTime)
17:39:15.420 [main] DEBUG c.e.j.m.BookRequestMapper.insert - <==    Updates: 1
17:39:15.420 [main] DEBUG c.e.j.m.BookRequestItemMapper.insert - ==>  Preparing: INSERT INTO book_request_items (book_request_id, title, isbn, author_id, published_year, estimated_price) VALUES (?, ?, ?, ?, ?, ?)
17:39:15.420 [main] DEBUG c.e.j.m.BookRequestItemMapper.insert - ==> Parameters: 16(Long), Effective Java(String), 9780134685991(String), null, 2018(Integer), 1200.00(BigDecimal)
17:39:15.421 [main] DEBUG c.e.j.m.BookRequestItemMapper.insert - <==    Updates: 1
17:39:15.422 [main] DEBUG c.e.j.m.ProcurementItemMapper.insert - ==>  Preparing: INSERT INTO procurement_items (book_request_item_id, status) VALUES (?, ?)
17:39:15.422 [main] DEBUG c.e.j.m.ProcurementItemMapper.insert - ==> Parameters: 17(Long), PENDING(String)
17:39:15.422 [main] DEBUG c.e.j.m.ProcurementItemMapper.insert - <==    Updates: 1
17:39:15.423 [main] DEBUG c.e.j.m.BookRequestItemMapper.insert - ==>  Preparing: INSERT INTO book_request_items (book_request_id, title, isbn, author_id, published_year, estimated_price) VALUES (?, ?, ?, ?, ?, ?)
17:39:15.423 [main] DEBUG c.e.j.m.BookRequestItemMapper.insert - ==> Parameters: 16(Long), Clean Code(String), null, null, null, null
17:39:15.424 [main] DEBUG c.e.j.m.BookRequestItemMapper.insert - <==    Updates: 1
17:39:15.424 [main] DEBUG c.e.j.m.ProcurementItemMapper.insert - ==>  Preparing: INSERT INTO procurement_items (book_request_item_id, status) VALUES (?, ?)
17:39:15.425 [main] DEBUG c.e.j.m.ProcurementItemMapper.insert - ==> Parameters: 18(Long), COMPLETED(String)
17:39:15.425 [main] DEBUG c.e.j.m.ProcurementItemMapper.insert - <==    Updates: 1
17:39:15.427 [main] DEBUG c.e.j.m.P.findSummary - ==>  Preparing: SELECT p.*, b.title,b.isbn,b.author_id,b.published_year,b.estimated_price FROM procurement_items p JOIN book_request_items b ON p.book_request_item_id = b.id WHERE p.status = ?
17:39:15.427 [main] DEBUG c.e.j.m.P.findSummary - ==> Parameters: PENDING(String)
17:39:15.428 [main] DEBUG c.e.j.m.P.findSummary - <==      Total: 1
17:39:15.433 [main] DEBUG c.e.j.m.BookRequestMapper.insert - ==>  Preparing: INSERT INTO book_requests (requester_id, status, requested_at) VALUES (?, ?, ?)
17:39:15.434 [main] DEBUG c.e.j.m.BookRequestMapper.insert - ==> Parameters: 9(Long), PENDING(String), 2026-09-09T17:39:15.433795600(LocalDateTime)
17:39:15.434 [main] DEBUG c.e.j.m.BookRequestMapper.insert - <==    Updates: 1
17:39:15.434 [main] DEBUG c.e.j.m.BookRequestMapper.insert - ==>  Preparing: INSERT INTO book_requests (requester_id, status, requested_at) VALUES (?, ?, ?)
17:39:15.434 [main] DEBUG c.e.j.m.BookRequestMapper.insert - ==> Parameters: 9(Long), APPROVED(String), 2026-09-09T17:39:15.434795900(LocalDateTime)
17:39:15.435 [main] DEBUG c.e.j.m.BookRequestMapper.insert - <==    Updates: 1
17:39:15.435 [main] DEBUG c.e.j.m.B.findSummary - ==>  Preparing: SELECT br.id, br.requester_id, br.approver_id, br.status, br.requested_at, br.approved_at, bri.id AS item_id, bri.book_request_id, bri.title AS item_title, bri.isbn AS item_isbn, bri.author_id AS item_author_id, bri.published_year AS item_published_year, bri.estimated_price AS item_estimated_price FROM book_requests br LEFT JOIN book_request_items bri ON bri.book_request_id = br.id WHERE br.status = ? ORDER BY br.requested_at
17:39:15.436 [main] DEBUG c.e.j.m.B.findSummary - ==> Parameters: PENDING(String)
17:39:15.437 [main] DEBUG c.e.j.m.B.findSummary - <==      Total: 1
17:39:15.444 [main] DEBUG c.e.j.m.BookRequestMapper.insert - ==>  Preparing: INSERT INTO book_requests (requester_id, status, requested_at) VALUES (?, ?, ?)
17:39:15.445 [main] DEBUG c.e.j.m.BookRequestMapper.insert - ==> Parameters: 10(Long), PENDING(String), 2026-09-09T17:39:15.444797(LocalDateTime)
17:39:15.445 [main] DEBUG c.e.j.m.BookRequestMapper.insert - <==    Updates: 1
17:39:15.446 [main] DEBUG c.e.j.m.BookRequestMapper.approve - ==>  Preparing: UPDATE book_requests SET status = 'APPROVED', approver_id = ?, approved_at = ? WHERE id = ? AND status = 'PENDING' AND requester_id != ?
17:39:15.446 [main] DEBUG c.e.j.m.BookRequestMapper.approve - ==> Parameters: 11(Long), 2026-09-09T17:39:15.445796900(LocalDateTime), 19(Long), 11(Long)
17:39:15.447 [main] DEBUG c.e.j.m.BookRequestMapper.approve - <==    Updates: 1
17:39:15.455 [main] DEBUG c.e.j.m.BookRequestMapper.insert - ==>  Preparing: INSERT INTO book_requests (requester_id, status, requested_at) VALUES (?, ?, ?)
17:39:15.455 [main] DEBUG c.e.j.m.BookRequestMapper.insert - ==> Parameters: 12(Long), PENDING(String), 2026-09-09T17:39:15.454797900(LocalDateTime)
17:39:15.456 [main] DEBUG c.e.j.m.BookRequestMapper.insert - <==    Updates: 1
17:39:15.456 [main] DEBUG c.e.j.m.BookRequestItemMapper.insert - ==>  Preparing: INSERT INTO book_request_items (book_request_id, title, isbn, author_id, published_year, estimated_price) VALUES (?, ?, ?, ?, ?, ?)
17:39:15.457 [main] DEBUG c.e.j.m.BookRequestItemMapper.insert - ==> Parameters: 20(Long), Effective Java(String), null, null, null, null
17:39:15.457 [main] DEBUG c.e.j.m.BookRequestItemMapper.insert - <==    Updates: 1
17:39:15.457 [main] DEBUG c.e.j.m.BookRequestItemMapper.insert - ==>  Preparing: INSERT INTO book_request_items (book_request_id, title, isbn, author_id, published_year, estimated_price) VALUES (?, ?, ?, ?, ?, ?)
17:39:15.458 [main] DEBUG c.e.j.m.BookRequestItemMapper.insert - ==> Parameters: 20(Long), Clean Code(String), null, null, null, null
17:39:15.458 [main] DEBUG c.e.j.m.BookRequestItemMapper.insert - <==    Updates: 1
17:39:15.458 [main] DEBUG c.e.j.m.B.findSummary - ==>  Preparing: SELECT br.id, br.requester_id, br.approver_id, br.status, br.requested_at, br.approved_at, bri.id AS item_id, bri.book_request_id, bri.title AS item_title, bri.isbn AS item_isbn, bri.author_id AS item_author_id, bri.published_year AS item_published_year, bri.estimated_price AS item_estimated_price FROM book_requests br LEFT JOIN book_request_items bri ON bri.book_request_id = br.id ORDER BY br.requested_at
17:39:15.459 [main] DEBUG c.e.j.m.B.findSummary - ==> Parameters: 
17:39:15.460 [main] DEBUG c.e.j.m.B.findSummary - <==      Total: 2
17:39:15.473 [main] DEBUG c.e.j.mapper.CategoryMapper.update - ==>  Preparing: UPDATE categories SET name = ? WHERE id = ?
17:39:15.473 [main] DEBUG c.e.j.mapper.CategoryMapper.update - ==> Parameters: Updated Name(String), 12(Long)
17:39:15.474 [main] DEBUG c.e.j.mapper.CategoryMapper.update - <==    Updates: 1
17:39:15.474 [main] DEBUG c.e.j.mapper.CategoryMapper.findById - ==>  Preparing: SELECT * FROM categories c WHERE c.id = ?
17:39:15.475 [main] DEBUG c.e.j.mapper.CategoryMapper.findById - ==> Parameters: 12(Long)
17:39:15.475 [main] DEBUG c.e.j.mapper.CategoryMapper.findById - <==      Total: 1
17:39:15.480 [main] DEBUG c.e.j.mapper.CategoryMapper.insert - ==>  Preparing: INSERT INTO categories (name) VALUES (?)
17:39:15.481 [main] DEBUG c.e.j.mapper.CategoryMapper.insert - ==> Parameters: Fiction(String)
17:39:15.481 [main] DEBUG c.e.j.mapper.CategoryMapper.insert - <==    Updates: 1
17:39:15.482 [main] DEBUG c.e.j.mapper.CategoryMapper.findById - ==>  Preparing: SELECT * FROM categories c WHERE c.id = ?
17:39:15.482 [main] DEBUG c.e.j.mapper.CategoryMapper.findById - ==> Parameters: 13(Long)
17:39:15.483 [main] DEBUG c.e.j.mapper.CategoryMapper.findById - <==      Total: 1
17:39:15.491 [main] DEBUG c.e.j.mapper.CategoryMapper.findAll - ==>  Preparing: SELECT * FROM categories c ORDER BY c.id
17:39:15.492 [main] DEBUG c.e.j.mapper.CategoryMapper.findAll - ==> Parameters: 
17:39:15.492 [main] DEBUG c.e.j.mapper.CategoryMapper.findAll - <==      Total: 2
17:39:15.498 [main] DEBUG c.e.j.m.CategoryMapper.deleteById - ==>  Preparing: DELETE FROM categories WHERE id = ?
17:39:15.498 [main] DEBUG c.e.j.m.CategoryMapper.deleteById - ==> Parameters: 16(Long)
17:39:15.499 [main] DEBUG c.e.j.m.CategoryMapper.deleteById - <==    Updates: 1
17:39:15.499 [main] DEBUG c.e.j.mapper.CategoryMapper.findAll - ==>  Preparing: SELECT * FROM categories c ORDER BY c.id
17:39:15.500 [main] DEBUG c.e.j.mapper.CategoryMapper.findAll - ==> Parameters: 
17:39:15.500 [main] DEBUG c.e.j.mapper.CategoryMapper.findAll - <==      Total: 0
17:39:15.512 [main] DEBUG c.e.j.m.C.findBooksByCategoryId - ==>  Preparing: SELECT b.* FROM books b JOIN books_categories bc ON b.id = bc.book_id WHERE bc.category_id = ?
17:39:15.513 [main] DEBUG c.e.j.m.C.findBooksByCategoryId - ==> Parameters: 17(Long)
17:39:15.514 [main] DEBUG c.e.j.m.C.findBooksByCategoryId - <==      Total: 1
17:39:15.521 [main] DEBUG c.e.j.mapper.CategoryMapper.findById - ==>  Preparing: SELECT * FROM categories c WHERE c.id = ?
17:39:15.522 [main] DEBUG c.e.j.mapper.CategoryMapper.findById - ==> Parameters: 19(Long)
17:39:15.522 [main] DEBUG c.e.j.mapper.CategoryMapper.findById - <==      Total: 1
17:39:15.535 [main] DEBUG c.e.j.mapper.UserMapper.update - ==>  Preparing: UPDATE users SET name = ?, password_hash = ?, role = ? WHERE id = ?
17:39:15.536 [main] DEBUG c.e.j.mapper.UserMapper.update - ==> Parameters: New Name(String), new-hash(String), ADMIN(String), 13(Long)
17:39:15.537 [main] DEBUG c.e.j.mapper.UserMapper.update - <==    Updates: 1
17:39:15.538 [main] DEBUG c.e.j.mapper.UserMapper.findByEmail - ==>  Preparing: SELECT * FROM users u WHERE u.email = ?
17:39:15.538 [main] DEBUG c.e.j.mapper.UserMapper.findByEmail - ==> Parameters: update@example.com(String)
17:39:15.540 [main] DEBUG c.e.j.mapper.UserMapper.findByEmail - <==      Total: 1
17:39:15.547 [main] DEBUG c.e.j.mapper.UserMapper.insert - ==>  Preparing: INSERT INTO users (email, name, password_hash, role) VALUES (?, ?, ?, ?)
17:39:15.548 [main] DEBUG c.e.j.mapper.UserMapper.insert - ==> Parameters: new@example.com(String), New User(String), hashed-password(String), ADMIN(String)
17:39:15.548 [main] DEBUG c.e.j.mapper.UserMapper.insert - <==    Updates: 1
17:39:15.549 [main] DEBUG c.e.j.mapper.UserMapper.findByEmail - ==>  Preparing: SELECT * FROM users u WHERE u.email = ?
17:39:15.550 [main] DEBUG c.e.j.mapper.UserMapper.findByEmail - ==> Parameters: new@example.com(String)
17:39:15.550 [main] DEBUG c.e.j.mapper.UserMapper.findByEmail - <==      Total: 1
17:39:15.556 [main] DEBUG c.e.j.mapper.UserMapper.findByEmail - ==>  Preparing: SELECT * FROM users u WHERE u.email = ?
17:39:15.557 [main] DEBUG c.e.j.mapper.UserMapper.findByEmail - ==> Parameters: nobody@example.com(String)
17:39:15.558 [main] DEBUG c.e.j.mapper.UserMapper.findByEmail - <==      Total: 0
17:39:15.565 [main] DEBUG c.e.j.mapper.UserMapper.findByEmail - ==>  Preparing: SELECT * FROM users u WHERE u.email = ?
17:39:15.565 [main] DEBUG c.e.j.mapper.UserMapper.findByEmail - ==> Parameters: alex@example.com(String)
17:39:15.566 [main] DEBUG c.e.j.mapper.UserMapper.findByEmail - <==      Total: 1
17:39:15.763 [main] INFO  c.e.j.service.AuthServiceImpl - 登入成功：userId=1, email=alex@example.com
17:39:15.767 [main] WARN  c.e.j.service.AuthServiceImpl - 登入失敗，帳號不存在：email=nobody@example.com
17:39:15.770 [main] WARN  c.e.j.service.AuthServiceImpl - 登入失敗，密碼錯誤：email=alex@example.com
17:39:15.773 [main] INFO  c.e.j.service.AuthServiceImpl - 新使用者註冊：userId=null, email=new@example.com
17:39:15.862 [main] DEBUG c.e.j.m.BookRequestMapper.insert - ==>  Preparing: INSERT INTO book_requests (requester_id, status, requested_at) VALUES (?, ?, ?)
17:39:15.862 [main] DEBUG c.e.j.m.BookRequestMapper.insert - ==> Parameters: 16(Long), APPROVED(String), 2026-09-09T17:39:15.861265100(LocalDateTime)
17:39:15.862 [main] DEBUG c.e.j.m.BookRequestMapper.insert - <==    Updates: 1
17:39:15.863 [main] DEBUG c.e.j.m.BookRequestItemMapper.insert - ==>  Preparing: INSERT INTO book_request_items (book_request_id, title, isbn, author_id, published_year, estimated_price) VALUES (?, ?, ?, ?, ?, ?)
17:39:15.863 [main] DEBUG c.e.j.m.BookRequestItemMapper.insert - ==> Parameters: 21(Long), Effective Java(String), null, null, null, null
17:39:15.863 [main] DEBUG c.e.j.m.BookRequestItemMapper.insert - <==    Updates: 1
17:39:15.864 [main] DEBUG c.e.j.m.ProcurementItemMapper.insert - ==>  Preparing: INSERT INTO procurement_items (book_request_item_id, status) VALUES (?, ?)
17:39:15.864 [main] DEBUG c.e.j.m.ProcurementItemMapper.insert - ==> Parameters: 21(Long), PENDING(String)
17:39:15.864 [main] DEBUG c.e.j.m.ProcurementItemMapper.insert - <==    Updates: 1
17:39:15.870 [pool-2-thread-1] DEBUG c.e.j.m.P.findByIdForUpdate - ==>  Preparing: SELECT * FROM procurement_items WHERE id = ? FOR UPDATE
17:39:15.870 [pool-2-thread-2] DEBUG c.e.j.m.P.findByIdForUpdate - ==>  Preparing: SELECT * FROM procurement_items WHERE id = ? FOR UPDATE
17:39:15.872 [pool-2-thread-1] DEBUG c.e.j.m.P.findByIdForUpdate - ==> Parameters: 9(Long)
17:39:15.872 [pool-2-thread-2] DEBUG c.e.j.m.P.findByIdForUpdate - ==> Parameters: 9(Long)
17:39:15.873 [pool-2-thread-1] DEBUG c.e.j.m.P.findByIdForUpdate - <==      Total: 1
17:39:15.873 [pool-2-thread-1] DEBUG c.e.j.m.B.findById - ==>  Preparing: SELECT * FROM book_request_items WHERE id = ?
17:39:15.874 [pool-2-thread-1] DEBUG c.e.j.m.B.findById - ==> Parameters: 21(Long)
17:39:15.874 [pool-2-thread-1] DEBUG c.e.j.m.B.findById - <==      Total: 1
17:39:15.874 [pool-2-thread-1] DEBUG c.e.j.mapper.BookMapper.insert - ==>  Preparing: INSERT INTO books (title, isbn, author_id, published_year) VALUES (?, ?, ?, ?)
17:39:15.875 [pool-2-thread-1] DEBUG c.e.j.mapper.BookMapper.insert - ==> Parameters: Effective Java(String), null, null, null
17:39:15.875 [pool-2-thread-1] DEBUG c.e.j.mapper.BookMapper.insert - <==    Updates: 1
17:39:15.875 [pool-2-thread-1] DEBUG c.e.j.m.ProcurementItemMapper.update - ==>  Preparing: UPDATE procurement_items SET status = ?, procured_by = ?, procured_at = ?, book_id = ? WHERE id = ?
17:39:15.875 [pool-2-thread-1] DEBUG c.e.j.m.ProcurementItemMapper.update - ==> Parameters: COMPLETED(String), 17(Long), 2026-09-09T17:39:15.875050700(LocalDateTime), 43(Long), 9(Long)
17:39:15.876 [pool-2-thread-1] DEBUG c.e.j.m.ProcurementItemMapper.update - <==    Updates: 1
17:39:15.876 [pool-2-thread-1] INFO  c.e.j.service.ProcurementServiceImpl - 採購完成，書籍已入庫：procurementItemId=9, bookId=43, procuredBy=17
17:39:15.878 [pool-2-thread-2] DEBUG c.e.j.m.P.findByIdForUpdate - <==      Total: 1
17:39:15.881 [main] DEBUG c.e.j.m.P.findByStatus - ==>  Preparing: SELECT * FROM procurement_items WHERE status = ?
17:39:15.882 [main] DEBUG c.e.j.m.P.findByStatus - ==> Parameters: COMPLETED(String)
17:39:15.883 [main] DEBUG c.e.j.m.P.findByStatus - <==      Total: 1
17:40:46.850 [main] DEBUG c.e.j.mapper.CategoryMapper.insert - ==>  Preparing: INSERT INTO categories (name) VALUES (?)
17:40:46.864 [main] DEBUG c.e.j.mapper.CategoryMapper.insert - ==> Parameters: Programming(String)
17:40:46.865 [main] DEBUG c.e.j.mapper.CategoryMapper.insert - <==    Updates: 1
17:40:46.868 [main] DEBUG c.e.j.mapper.CategoryMapper.insert - ==>  Preparing: INSERT INTO categories (name) VALUES (?)
17:40:46.868 [main] DEBUG c.e.j.mapper.CategoryMapper.insert - ==> Parameters: Architecture(String)
17:40:46.869 [main] DEBUG c.e.j.mapper.CategoryMapper.insert - <==    Updates: 1
17:40:46.869 [main] DEBUG c.e.j.mapper.CategoryMapper.insert - ==>  Preparing: INSERT INTO categories (name) VALUES (?)
17:40:46.870 [main] DEBUG c.e.j.mapper.CategoryMapper.insert - ==> Parameters: Best Practice(String)
17:40:46.870 [main] DEBUG c.e.j.mapper.CategoryMapper.insert - <==    Updates: 1
17:40:46.872 [main] DEBUG c.e.j.mapper.BookMapper.insert - ==>  Preparing: INSERT INTO books (title, isbn, author_id, published_year) VALUES (?, ?, ?, ?)
17:40:46.877 [main] DEBUG c.e.j.mapper.BookMapper.insert - ==> Parameters: Effective Java(String), 9780134685991(String), 1(Long), 2018(Integer)
17:40:46.878 [main] DEBUG c.e.j.mapper.BookMapper.insert - <==    Updates: 1
17:40:46.889 [main] DEBUG c.e.j.m.B.deleteCategoriesByBookId - ==>  Preparing: DELETE FROM books_categories bc WHERE bc.book_id = ?
17:40:46.889 [main] DEBUG c.e.j.m.B.deleteCategoriesByBookId - ==> Parameters: 1(Long)
17:40:46.890 [main] DEBUG c.e.j.m.B.deleteCategoriesByBookId - <==    Updates: 0
17:40:46.901 [main] DEBUG c.e.j.m.B.insertBookCategories - ==>  Preparing: INSERT INTO books_categories (book_id, category_id) VALUES (?, ?) , (?, ?)
17:40:46.901 [main] DEBUG c.e.j.m.B.insertBookCategories - ==> Parameters: 1(Long), 1(Long), 1(Long), 3(Long)
17:40:46.902 [main] DEBUG c.e.j.m.B.insertBookCategories - <==    Updates: 2
17:40:46.903 [main] DEBUG c.e.j.mapper.BookMapper.insert - ==>  Preparing: INSERT INTO books (title, isbn, author_id, published_year) VALUES (?, ?, ?, ?)
17:40:46.904 [main] DEBUG c.e.j.mapper.BookMapper.insert - ==> Parameters: Clean Code(String), 9780132350884(String), 2(Long), 2008(Integer)
17:40:46.904 [main] DEBUG c.e.j.mapper.BookMapper.insert - <==    Updates: 1
17:40:46.905 [main] DEBUG c.e.j.m.B.deleteCategoriesByBookId - ==>  Preparing: DELETE FROM books_categories bc WHERE bc.book_id = ?
17:40:46.905 [main] DEBUG c.e.j.m.B.deleteCategoriesByBookId - ==> Parameters: 2(Long)
17:40:46.905 [main] DEBUG c.e.j.m.B.deleteCategoriesByBookId - <==    Updates: 0
17:40:46.906 [main] DEBUG c.e.j.m.B.insertBookCategories - ==>  Preparing: INSERT INTO books_categories (book_id, category_id) VALUES (?, ?)
17:40:46.906 [main] DEBUG c.e.j.m.B.insertBookCategories - ==> Parameters: 2(Long), 3(Long)
17:40:46.906 [main] DEBUG c.e.j.m.B.insertBookCategories - <==    Updates: 1
17:40:46.907 [main] DEBUG c.e.j.mapper.BookMapper.insert - ==>  Preparing: INSERT INTO books (title, isbn, author_id, published_year) VALUES (?, ?, ?, ?)
17:40:46.907 [main] DEBUG c.e.j.mapper.BookMapper.insert - ==> Parameters: Domain-Driven Design(String), 9780321125217(String), 3(Long), 2003(Integer)
17:40:46.907 [main] DEBUG c.e.j.mapper.BookMapper.insert - <==    Updates: 1
17:40:46.908 [main] DEBUG c.e.j.m.B.deleteCategoriesByBookId - ==>  Preparing: DELETE FROM books_categories bc WHERE bc.book_id = ?
17:40:46.908 [main] DEBUG c.e.j.m.B.deleteCategoriesByBookId - ==> Parameters: 3(Long)
17:40:46.908 [main] DEBUG c.e.j.m.B.deleteCategoriesByBookId - <==    Updates: 0
17:40:46.908 [main] DEBUG c.e.j.m.B.insertBookCategories - ==>  Preparing: INSERT INTO books_categories (book_id, category_id) VALUES (?, ?)
17:40:46.908 [main] DEBUG c.e.j.m.B.insertBookCategories - ==> Parameters: 3(Long), 2(Long)
17:40:46.909 [main] DEBUG c.e.j.m.B.insertBookCategories - <==    Updates: 1
17:40:46.909 [main] DEBUG c.e.j.mapper.BookMapper.insert - ==>  Preparing: INSERT INTO books (title, isbn, author_id, published_year) VALUES (?, ?, ?, ?)
17:40:46.910 [main] DEBUG c.e.j.mapper.BookMapper.insert - ==> Parameters: Clean Architecture(String), 9780134494166(String), 2(Long), 2017(Integer)
17:40:46.910 [main] DEBUG c.e.j.mapper.BookMapper.insert - <==    Updates: 1
17:40:46.910 [main] DEBUG c.e.j.m.B.deleteCategoriesByBookId - ==>  Preparing: DELETE FROM books_categories bc WHERE bc.book_id = ?
17:40:46.911 [main] DEBUG c.e.j.m.B.deleteCategoriesByBookId - ==> Parameters: 4(Long)
17:40:46.911 [main] DEBUG c.e.j.m.B.deleteCategoriesByBookId - <==    Updates: 0
17:40:46.911 [main] DEBUG c.e.j.m.B.insertBookCategories - ==>  Preparing: INSERT INTO books_categories (book_id, category_id) VALUES (?, ?) , (?, ?)
17:40:46.911 [main] DEBUG c.e.j.m.B.insertBookCategories - ==> Parameters: 4(Long), 2(Long), 4(Long), 3(Long)
17:40:46.912 [main] DEBUG c.e.j.m.B.insertBookCategories - <==    Updates: 2
17:40:46.913 [main] DEBUG c.e.j.mapper.BookMapper.insert - ==>  Preparing: INSERT INTO books (title, isbn, author_id, published_year) VALUES (?, ?, ?, ?)
17:40:46.913 [main] DEBUG c.e.j.mapper.BookMapper.insert - ==> Parameters: Java Concurrency in Practice(String), 9780321349606(String), 1(Long), 2006(Integer)
17:40:46.913 [main] DEBUG c.e.j.mapper.BookMapper.insert - <==    Updates: 1
17:40:46.914 [main] DEBUG c.e.j.m.B.deleteCategoriesByBookId - ==>  Preparing: DELETE FROM books_categories bc WHERE bc.book_id = ?
17:40:46.914 [main] DEBUG c.e.j.m.B.deleteCategoriesByBookId - ==> Parameters: 5(Long)
17:40:46.914 [main] DEBUG c.e.j.m.B.deleteCategoriesByBookId - <==    Updates: 0
17:40:46.915 [main] DEBUG c.e.j.m.B.insertBookCategories - ==>  Preparing: INSERT INTO books_categories (book_id, category_id) VALUES (?, ?)
17:40:46.915 [main] DEBUG c.e.j.m.B.insertBookCategories - ==> Parameters: 5(Long), 1(Long)
17:40:46.915 [main] DEBUG c.e.j.m.B.insertBookCategories - <==    Updates: 1
17:40:46.916 [main] DEBUG c.e.j.mapper.BookMapper.insert - ==>  Preparing: INSERT INTO books (title, isbn, author_id, published_year) VALUES (?, ?, ?, ?)
17:40:46.916 [main] DEBUG c.e.j.mapper.BookMapper.insert - ==> Parameters: Java Concurrency in Practice(String), 9780321349606(String), 1(Long), 2006(Integer)
17:40:46.917 [main] DEBUG c.e.j.mapper.BookMapper.insert - <==    Updates: 1
17:40:46.917 [main] DEBUG c.e.j.m.B.deleteCategoriesByBookId - ==>  Preparing: DELETE FROM books_categories bc WHERE bc.book_id = ?
17:40:46.918 [main] DEBUG c.e.j.m.B.deleteCategoriesByBookId - ==> Parameters: 6(Long)
17:40:46.918 [main] DEBUG c.e.j.m.B.deleteCategoriesByBookId - <==    Updates: 0
17:40:46.918 [main] DEBUG c.e.j.m.B.insertBookCategories - ==>  Preparing: INSERT INTO books_categories (book_id, category_id) VALUES (?, ?)
17:40:46.918 [main] DEBUG c.e.j.m.B.insertBookCategories - ==> Parameters: 6(Long), 1(Long)
17:40:46.918 [main] DEBUG c.e.j.m.B.insertBookCategories - <==    Updates: 1
17:40:46.919 [main] DEBUG c.e.j.mapper.BookMapper.insert - ==>  Preparing: INSERT INTO books (title, isbn, author_id, published_year) VALUES (?, ?, ?, ?)
17:40:46.919 [main] DEBUG c.e.j.mapper.BookMapper.insert - ==> Parameters: Java Concurrency in Practice(String), 9780321349606(String), 1(Long), 2006(Integer)
17:40:46.920 [main] DEBUG c.e.j.mapper.BookMapper.insert - <==    Updates: 1
17:40:46.920 [main] DEBUG c.e.j.m.B.deleteCategoriesByBookId - ==>  Preparing: DELETE FROM books_categories bc WHERE bc.book_id = ?
17:40:46.920 [main] DEBUG c.e.j.m.B.deleteCategoriesByBookId - ==> Parameters: 7(Long)
17:40:46.920 [main] DEBUG c.e.j.m.B.deleteCategoriesByBookId - <==    Updates: 0
17:40:46.921 [main] DEBUG c.e.j.m.B.insertBookCategories - ==>  Preparing: INSERT INTO books_categories (book_id, category_id) VALUES (?, ?)
17:40:46.921 [main] DEBUG c.e.j.m.B.insertBookCategories - ==> Parameters: 7(Long), 1(Long)
17:40:46.921 [main] DEBUG c.e.j.m.B.insertBookCategories - <==    Updates: 1
17:40:46.922 [main] DEBUG c.e.j.mapper.BookMapper.insert - ==>  Preparing: INSERT INTO books (title, isbn, author_id, published_year) VALUES (?, ?, ?, ?)
17:40:46.922 [main] DEBUG c.e.j.mapper.BookMapper.insert - ==> Parameters: Java Concurrency in Practice(String), 9780321349606(String), 1(Long), 2006(Integer)
17:40:46.923 [main] DEBUG c.e.j.mapper.BookMapper.insert - <==    Updates: 1
17:40:46.923 [main] DEBUG c.e.j.m.B.deleteCategoriesByBookId - ==>  Preparing: DELETE FROM books_categories bc WHERE bc.book_id = ?
17:40:46.925 [main] DEBUG c.e.j.m.B.deleteCategoriesByBookId - ==> Parameters: 8(Long)
17:40:46.925 [main] DEBUG c.e.j.m.B.deleteCategoriesByBookId - <==    Updates: 0
17:40:46.926 [main] DEBUG c.e.j.m.B.insertBookCategories - ==>  Preparing: INSERT INTO books_categories (book_id, category_id) VALUES (?, ?)
17:40:46.926 [main] DEBUG c.e.j.m.B.insertBookCategories - ==> Parameters: 8(Long), 1(Long)
17:40:46.927 [main] DEBUG c.e.j.m.B.insertBookCategories - <==    Updates: 1
17:40:46.929 [main] DEBUG c.e.j.mapper.BookMapper.insert - ==>  Preparing: INSERT INTO books (title, isbn, author_id, published_year) VALUES (?, ?, ?, ?)
17:40:46.930 [main] DEBUG c.e.j.mapper.BookMapper.insert - ==> Parameters: Java Concurrency in Practice(String), 9780321349606(String), 1(Long), 2006(Integer)
17:40:46.931 [main] DEBUG c.e.j.mapper.BookMapper.insert - <==    Updates: 1
17:40:46.932 [main] DEBUG c.e.j.m.B.deleteCategoriesByBookId - ==>  Preparing: DELETE FROM books_categories bc WHERE bc.book_id = ?
17:40:46.933 [main] DEBUG c.e.j.m.B.deleteCategoriesByBookId - ==> Parameters: 9(Long)
17:40:46.934 [main] DEBUG c.e.j.m.B.deleteCategoriesByBookId - <==    Updates: 0
17:40:46.934 [main] DEBUG c.e.j.m.B.insertBookCategories - ==>  Preparing: INSERT INTO books_categories (book_id, category_id) VALUES (?, ?)
17:40:46.935 [main] DEBUG c.e.j.m.B.insertBookCategories - ==> Parameters: 9(Long), 1(Long)
17:40:46.935 [main] DEBUG c.e.j.m.B.insertBookCategories - <==    Updates: 1
17:40:46.936 [main] DEBUG c.e.j.mapper.BookMapper.insert - ==>  Preparing: INSERT INTO books (title, isbn, author_id, published_year) VALUES (?, ?, ?, ?)
17:40:46.936 [main] DEBUG c.e.j.mapper.BookMapper.insert - ==> Parameters: Java Concurrency in Practice(String), 9780321349606(String), 1(Long), 2006(Integer)
17:40:46.936 [main] DEBUG c.e.j.mapper.BookMapper.insert - <==    Updates: 1
17:40:46.938 [main] DEBUG c.e.j.m.B.deleteCategoriesByBookId - ==>  Preparing: DELETE FROM books_categories bc WHERE bc.book_id = ?
17:40:46.938 [main] DEBUG c.e.j.m.B.deleteCategoriesByBookId - ==> Parameters: 10(Long)
17:40:46.938 [main] DEBUG c.e.j.m.B.deleteCategoriesByBookId - <==    Updates: 0
17:40:46.939 [main] DEBUG c.e.j.m.B.insertBookCategories - ==>  Preparing: INSERT INTO books_categories (book_id, category_id) VALUES (?, ?)
17:40:46.939 [main] DEBUG c.e.j.m.B.insertBookCategories - ==> Parameters: 10(Long), 1(Long)
17:40:46.939 [main] DEBUG c.e.j.m.B.insertBookCategories - <==    Updates: 1
17:40:46.940 [main] DEBUG c.e.j.mapper.BookMapper.insert - ==>  Preparing: INSERT INTO books (title, isbn, author_id, published_year) VALUES (?, ?, ?, ?)
17:40:46.941 [main] DEBUG c.e.j.mapper.BookMapper.insert - ==> Parameters: Java Concurrency in Practice(String), 9780321349606(String), 1(Long), 2006(Integer)
17:40:46.941 [main] DEBUG c.e.j.mapper.BookMapper.insert - <==    Updates: 1
17:40:46.942 [main] DEBUG c.e.j.m.B.deleteCategoriesByBookId - ==>  Preparing: DELETE FROM books_categories bc WHERE bc.book_id = ?
17:40:46.942 [main] DEBUG c.e.j.m.B.deleteCategoriesByBookId - ==> Parameters: 11(Long)
17:40:46.942 [main] DEBUG c.e.j.m.B.deleteCategoriesByBookId - <==    Updates: 0
17:40:46.943 [main] DEBUG c.e.j.m.B.insertBookCategories - ==>  Preparing: INSERT INTO books_categories (book_id, category_id) VALUES (?, ?)
17:40:46.943 [main] DEBUG c.e.j.m.B.insertBookCategories - ==> Parameters: 11(Long), 1(Long)
17:40:46.943 [main] DEBUG c.e.j.m.B.insertBookCategories - <==    Updates: 1
17:40:46.944 [main] DEBUG c.e.j.mapper.BookMapper.insert - ==>  Preparing: INSERT INTO books (title, isbn, author_id, published_year) VALUES (?, ?, ?, ?)
17:40:46.944 [main] DEBUG c.e.j.mapper.BookMapper.insert - ==> Parameters: Java Concurrency in Practice(String), 9780321349606(String), 1(Long), 2006(Integer)
17:40:46.945 [main] DEBUG c.e.j.mapper.BookMapper.insert - <==    Updates: 1
17:40:46.945 [main] DEBUG c.e.j.m.B.deleteCategoriesByBookId - ==>  Preparing: DELETE FROM books_categories bc WHERE bc.book_id = ?
17:40:46.945 [main] DEBUG c.e.j.m.B.deleteCategoriesByBookId - ==> Parameters: 12(Long)
17:40:46.946 [main] DEBUG c.e.j.m.B.deleteCategoriesByBookId - <==    Updates: 0
17:40:46.946 [main] DEBUG c.e.j.m.B.insertBookCategories - ==>  Preparing: INSERT INTO books_categories (book_id, category_id) VALUES (?, ?)
17:40:46.946 [main] DEBUG c.e.j.m.B.insertBookCategories - ==> Parameters: 12(Long), 1(Long)
17:40:46.946 [main] DEBUG c.e.j.m.B.insertBookCategories - <==    Updates: 1
17:40:46.947 [main] DEBUG c.e.j.mapper.BookMapper.insert - ==>  Preparing: INSERT INTO books (title, isbn, author_id, published_year) VALUES (?, ?, ?, ?)
17:40:46.947 [main] DEBUG c.e.j.mapper.BookMapper.insert - ==> Parameters: Java Concurrency in Practice(String), 9780321349606(String), 1(Long), 2006(Integer)
17:40:46.947 [main] DEBUG c.e.j.mapper.BookMapper.insert - <==    Updates: 1
17:40:46.948 [main] DEBUG c.e.j.m.B.deleteCategoriesByBookId - ==>  Preparing: DELETE FROM books_categories bc WHERE bc.book_id = ?
17:40:46.948 [main] DEBUG c.e.j.m.B.deleteCategoriesByBookId - ==> Parameters: 13(Long)
17:40:46.948 [main] DEBUG c.e.j.m.B.deleteCategoriesByBookId - <==    Updates: 0
17:40:46.949 [main] DEBUG c.e.j.m.B.insertBookCategories - ==>  Preparing: INSERT INTO books_categories (book_id, category_id) VALUES (?, ?)
17:40:46.949 [main] DEBUG c.e.j.m.B.insertBookCategories - ==> Parameters: 13(Long), 1(Long)
17:40:46.949 [main] DEBUG c.e.j.m.B.insertBookCategories - <==    Updates: 1
17:40:46.950 [main] DEBUG c.e.j.mapper.BookMapper.insert - ==>  Preparing: INSERT INTO books (title, isbn, author_id, published_year) VALUES (?, ?, ?, ?)
17:40:46.951 [main] DEBUG c.e.j.mapper.BookMapper.insert - ==> Parameters: Java Concurrency in Practice(String), 9780321349606(String), 1(Long), 2006(Integer)
17:40:46.951 [main] DEBUG c.e.j.mapper.BookMapper.insert - <==    Updates: 1
17:40:46.952 [main] DEBUG c.e.j.m.B.deleteCategoriesByBookId - ==>  Preparing: DELETE FROM books_categories bc WHERE bc.book_id = ?
17:40:46.952 [main] DEBUG c.e.j.m.B.deleteCategoriesByBookId - ==> Parameters: 14(Long)
17:40:46.952 [main] DEBUG c.e.j.m.B.deleteCategoriesByBookId - <==    Updates: 0
17:40:46.953 [main] DEBUG c.e.j.m.B.insertBookCategories - ==>  Preparing: INSERT INTO books_categories (book_id, category_id) VALUES (?, ?)
17:40:46.953 [main] DEBUG c.e.j.m.B.insertBookCategories - ==> Parameters: 14(Long), 1(Long)
17:40:46.953 [main] DEBUG c.e.j.m.B.insertBookCategories - <==    Updates: 1
17:40:46.954 [main] DEBUG c.e.j.mapper.BookMapper.insert - ==>  Preparing: INSERT INTO books (title, isbn, author_id, published_year) VALUES (?, ?, ?, ?)
17:40:46.954 [main] DEBUG c.e.j.mapper.BookMapper.insert - ==> Parameters: Java Concurrency in Practice(String), 9780321349606(String), 1(Long), 2006(Integer)
17:40:46.954 [main] DEBUG c.e.j.mapper.BookMapper.insert - <==    Updates: 1
17:40:46.955 [main] DEBUG c.e.j.m.B.deleteCategoriesByBookId - ==>  Preparing: DELETE FROM books_categories bc WHERE bc.book_id = ?
17:40:46.955 [main] DEBUG c.e.j.m.B.deleteCategoriesByBookId - ==> Parameters: 15(Long)
17:40:46.955 [main] DEBUG c.e.j.m.B.deleteCategoriesByBookId - <==    Updates: 0
17:40:46.956 [main] DEBUG c.e.j.m.B.insertBookCategories - ==>  Preparing: INSERT INTO books_categories (book_id, category_id) VALUES (?, ?)
17:40:46.956 [main] DEBUG c.e.j.m.B.insertBookCategories - ==> Parameters: 15(Long), 1(Long)
17:40:46.956 [main] DEBUG c.e.j.m.B.insertBookCategories - <==    Updates: 1
17:40:46.957 [main] DEBUG c.e.j.mapper.BookMapper.insert - ==>  Preparing: INSERT INTO books (title, isbn, author_id, published_year) VALUES (?, ?, ?, ?)
17:40:46.957 [main] DEBUG c.e.j.mapper.BookMapper.insert - ==> Parameters: Java Concurrency in Practice(String), 9780321349606(String), 1(Long), 2006(Integer)
17:40:46.957 [main] DEBUG c.e.j.mapper.BookMapper.insert - <==    Updates: 1
17:40:46.958 [main] DEBUG c.e.j.m.B.deleteCategoriesByBookId - ==>  Preparing: DELETE FROM books_categories bc WHERE bc.book_id = ?
17:40:46.958 [main] DEBUG c.e.j.m.B.deleteCategoriesByBookId - ==> Parameters: 16(Long)
17:40:46.958 [main] DEBUG c.e.j.m.B.deleteCategoriesByBookId - <==    Updates: 0
17:40:46.959 [main] DEBUG c.e.j.m.B.insertBookCategories - ==>  Preparing: INSERT INTO books_categories (book_id, category_id) VALUES (?, ?)
17:40:46.959 [main] DEBUG c.e.j.m.B.insertBookCategories - ==> Parameters: 16(Long), 1(Long)
17:40:46.959 [main] DEBUG c.e.j.m.B.insertBookCategories - <==    Updates: 1
17:40:46.960 [main] DEBUG c.e.j.mapper.BookMapper.insert - ==>  Preparing: INSERT INTO books (title, isbn, author_id, published_year) VALUES (?, ?, ?, ?)
17:40:46.960 [main] DEBUG c.e.j.mapper.BookMapper.insert - ==> Parameters: Java Concurrency in Practice(String), 9780321349606(String), 1(Long), 2006(Integer)
17:40:46.960 [main] DEBUG c.e.j.mapper.BookMapper.insert - <==    Updates: 1
17:40:46.961 [main] DEBUG c.e.j.m.B.deleteCategoriesByBookId - ==>  Preparing: DELETE FROM books_categories bc WHERE bc.book_id = ?
17:40:46.961 [main] DEBUG c.e.j.m.B.deleteCategoriesByBookId - ==> Parameters: 17(Long)
17:40:46.961 [main] DEBUG c.e.j.m.B.deleteCategoriesByBookId - <==    Updates: 0
17:40:46.961 [main] DEBUG c.e.j.m.B.insertBookCategories - ==>  Preparing: INSERT INTO books_categories (book_id, category_id) VALUES (?, ?)
17:40:46.962 [main] DEBUG c.e.j.m.B.insertBookCategories - ==> Parameters: 17(Long), 1(Long)
17:40:46.962 [main] DEBUG c.e.j.m.B.insertBookCategories - <==    Updates: 1
17:40:46.962 [main] DEBUG c.e.j.mapper.BookMapper.insert - ==>  Preparing: INSERT INTO books (title, isbn, author_id, published_year) VALUES (?, ?, ?, ?)
17:40:46.963 [main] DEBUG c.e.j.mapper.BookMapper.insert - ==> Parameters: Java Concurrency in Practice(String), 9780321349606(String), 1(Long), 2006(Integer)
17:40:46.963 [main] DEBUG c.e.j.mapper.BookMapper.insert - <==    Updates: 1
17:40:46.963 [main] DEBUG c.e.j.m.B.deleteCategoriesByBookId - ==>  Preparing: DELETE FROM books_categories bc WHERE bc.book_id = ?
17:40:46.964 [main] DEBUG c.e.j.m.B.deleteCategoriesByBookId - ==> Parameters: 18(Long)
17:40:46.964 [main] DEBUG c.e.j.m.B.deleteCategoriesByBookId - <==    Updates: 0
17:40:46.964 [main] DEBUG c.e.j.m.B.insertBookCategories - ==>  Preparing: INSERT INTO books_categories (book_id, category_id) VALUES (?, ?)
17:40:46.964 [main] DEBUG c.e.j.m.B.insertBookCategories - ==> Parameters: 18(Long), 1(Long)
17:40:46.964 [main] DEBUG c.e.j.m.B.insertBookCategories - <==    Updates: 1
17:40:46.965 [main] DEBUG c.e.j.mapper.BookMapper.insert - ==>  Preparing: INSERT INTO books (title, isbn, author_id, published_year) VALUES (?, ?, ?, ?)
17:40:46.965 [main] DEBUG c.e.j.mapper.BookMapper.insert - ==> Parameters: Java Concurrency in Practice(String), 9780321349606(String), 1(Long), 2006(Integer)
17:40:46.965 [main] DEBUG c.e.j.mapper.BookMapper.insert - <==    Updates: 1
17:40:46.965 [main] DEBUG c.e.j.m.B.deleteCategoriesByBookId - ==>  Preparing: DELETE FROM books_categories bc WHERE bc.book_id = ?
17:40:46.966 [main] DEBUG c.e.j.m.B.deleteCategoriesByBookId - ==> Parameters: 19(Long)
17:40:46.966 [main] DEBUG c.e.j.m.B.deleteCategoriesByBookId - <==    Updates: 0
17:40:46.966 [main] DEBUG c.e.j.m.B.insertBookCategories - ==>  Preparing: INSERT INTO books_categories (book_id, category_id) VALUES (?, ?)
17:40:46.966 [main] DEBUG c.e.j.m.B.insertBookCategories - ==> Parameters: 19(Long), 1(Long)
17:40:46.966 [main] DEBUG c.e.j.m.B.insertBookCategories - <==    Updates: 1
17:40:46.967 [main] DEBUG c.e.j.mapper.BookMapper.insert - ==>  Preparing: INSERT INTO books (title, isbn, author_id, published_year) VALUES (?, ?, ?, ?)
17:40:46.967 [main] DEBUG c.e.j.mapper.BookMapper.insert - ==> Parameters: Java Concurrency in Practice(String), 9780321349606(String), 1(Long), 2006(Integer)
17:40:46.967 [main] DEBUG c.e.j.mapper.BookMapper.insert - <==    Updates: 1
17:40:46.968 [main] DEBUG c.e.j.m.B.deleteCategoriesByBookId - ==>  Preparing: DELETE FROM books_categories bc WHERE bc.book_id = ?
17:40:46.968 [main] DEBUG c.e.j.m.B.deleteCategoriesByBookId - ==> Parameters: 20(Long)
17:40:46.968 [main] DEBUG c.e.j.m.B.deleteCategoriesByBookId - <==    Updates: 0
17:40:46.968 [main] DEBUG c.e.j.m.B.insertBookCategories - ==>  Preparing: INSERT INTO books_categories (book_id, category_id) VALUES (?, ?)
17:40:46.968 [main] DEBUG c.e.j.m.B.insertBookCategories - ==> Parameters: 20(Long), 1(Long)
17:40:46.968 [main] DEBUG c.e.j.m.B.insertBookCategories - <==    Updates: 1
17:40:46.969 [main] DEBUG c.e.j.mapper.BookMapper.insert - ==>  Preparing: INSERT INTO books (title, isbn, author_id, published_year) VALUES (?, ?, ?, ?)
17:40:46.969 [main] DEBUG c.e.j.mapper.BookMapper.insert - ==> Parameters: Java Concurrency in Practice(String), 9780321349606(String), 1(Long), 2006(Integer)
17:40:46.969 [main] DEBUG c.e.j.mapper.BookMapper.insert - <==    Updates: 1
17:40:46.970 [main] DEBUG c.e.j.m.B.deleteCategoriesByBookId - ==>  Preparing: DELETE FROM books_categories bc WHERE bc.book_id = ?
17:40:46.971 [main] DEBUG c.e.j.m.B.deleteCategoriesByBookId - ==> Parameters: 21(Long)
17:40:46.971 [main] DEBUG c.e.j.m.B.deleteCategoriesByBookId - <==    Updates: 0
17:40:46.971 [main] DEBUG c.e.j.m.B.insertBookCategories - ==>  Preparing: INSERT INTO books_categories (book_id, category_id) VALUES (?, ?)
17:40:46.971 [main] DEBUG c.e.j.m.B.insertBookCategories - ==> Parameters: 21(Long), 1(Long)
17:40:46.971 [main] DEBUG c.e.j.m.B.insertBookCategories - <==    Updates: 1
17:40:46.972 [main] DEBUG c.e.j.mapper.BookMapper.insert - ==>  Preparing: INSERT INTO books (title, isbn, author_id, published_year) VALUES (?, ?, ?, ?)
17:40:46.972 [main] DEBUG c.e.j.mapper.BookMapper.insert - ==> Parameters: Java Concurrency in Practice(String), 9780321349606(String), 1(Long), 2006(Integer)
17:40:46.972 [main] DEBUG c.e.j.mapper.BookMapper.insert - <==    Updates: 1
17:40:46.973 [main] DEBUG c.e.j.m.B.deleteCategoriesByBookId - ==>  Preparing: DELETE FROM books_categories bc WHERE bc.book_id = ?
17:40:46.973 [main] DEBUG c.e.j.m.B.deleteCategoriesByBookId - ==> Parameters: 22(Long)
17:40:46.973 [main] DEBUG c.e.j.m.B.deleteCategoriesByBookId - <==    Updates: 0
17:40:46.974 [main] DEBUG c.e.j.m.B.insertBookCategories - ==>  Preparing: INSERT INTO books_categories (book_id, category_id) VALUES (?, ?)
17:40:46.974 [main] DEBUG c.e.j.m.B.insertBookCategories - ==> Parameters: 22(Long), 1(Long)
17:40:46.974 [main] DEBUG c.e.j.m.B.insertBookCategories - <==    Updates: 1
17:40:46.975 [main] DEBUG c.e.j.mapper.BookMapper.insert - ==>  Preparing: INSERT INTO books (title, isbn, author_id, published_year) VALUES (?, ?, ?, ?)
17:40:46.975 [main] DEBUG c.e.j.mapper.BookMapper.insert - ==> Parameters: Java Concurrency in Practice(String), 9780321349606(String), 1(Long), 2006(Integer)
17:40:46.975 [main] DEBUG c.e.j.mapper.BookMapper.insert - <==    Updates: 1
17:40:46.975 [main] DEBUG c.e.j.m.B.deleteCategoriesByBookId - ==>  Preparing: DELETE FROM books_categories bc WHERE bc.book_id = ?
17:40:46.976 [main] DEBUG c.e.j.m.B.deleteCategoriesByBookId - ==> Parameters: 23(Long)
17:40:46.976 [main] DEBUG c.e.j.m.B.deleteCategoriesByBookId - <==    Updates: 0
17:40:46.976 [main] DEBUG c.e.j.m.B.insertBookCategories - ==>  Preparing: INSERT INTO books_categories (book_id, category_id) VALUES (?, ?)
17:40:46.976 [main] DEBUG c.e.j.m.B.insertBookCategories - ==> Parameters: 23(Long), 1(Long)
17:40:46.976 [main] DEBUG c.e.j.m.B.insertBookCategories - <==    Updates: 1
17:40:46.977 [main] DEBUG c.e.j.mapper.BookMapper.insert - ==>  Preparing: INSERT INTO books (title, isbn, author_id, published_year) VALUES (?, ?, ?, ?)
17:40:46.977 [main] DEBUG c.e.j.mapper.BookMapper.insert - ==> Parameters: Java Concurrency in Practice(String), 9780321349606(String), 1(Long), 2006(Integer)
17:40:46.977 [main] DEBUG c.e.j.mapper.BookMapper.insert - <==    Updates: 1
17:40:46.977 [main] DEBUG c.e.j.m.B.deleteCategoriesByBookId - ==>  Preparing: DELETE FROM books_categories bc WHERE bc.book_id = ?
17:40:46.977 [main] DEBUG c.e.j.m.B.deleteCategoriesByBookId - ==> Parameters: 24(Long)
17:40:46.977 [main] DEBUG c.e.j.m.B.deleteCategoriesByBookId - <==    Updates: 0
17:40:46.978 [main] DEBUG c.e.j.m.B.insertBookCategories - ==>  Preparing: INSERT INTO books_categories (book_id, category_id) VALUES (?, ?)
17:40:46.978 [main] DEBUG c.e.j.m.B.insertBookCategories - ==> Parameters: 24(Long), 1(Long)
17:40:46.978 [main] DEBUG c.e.j.m.B.insertBookCategories - <==    Updates: 1
17:40:46.980 [main] DEBUG c.e.j.mapper.UserMapper.findByEmail - ==>  Preparing: SELECT * FROM users u WHERE u.email = ?
17:40:46.981 [main] DEBUG c.e.j.mapper.UserMapper.findByEmail - ==> Parameters: user@example.com(String)
17:40:46.990 [main] DEBUG c.e.j.mapper.UserMapper.findByEmail - <==      Total: 0
17:40:47.054 [main] DEBUG c.e.j.mapper.UserMapper.insert - ==>  Preparing: INSERT INTO users (email, name, password_hash, role) VALUES (?, ?, ?, ?)
17:40:47.055 [main] DEBUG c.e.j.mapper.UserMapper.insert - ==> Parameters: user@example.com(String), 測試使用者(String), $2a$10$C/RSDrzRVBpc0ltRA.DrsOwh8sOWRV361872DddBrt2XGhruWwd4u(String), USER(String)
17:40:47.056 [main] DEBUG c.e.j.mapper.UserMapper.insert - <==    Updates: 1
17:40:47.056 [main] INFO  c.e.j.service.AuthServiceImpl - 新使用者註冊：userId=1, email=user@example.com
17:40:47.113 [main] DEBUG c.e.j.mapper.UserMapper.insert - ==>  Preparing: INSERT INTO users (email, name, password_hash, role) VALUES (?, ?, ?, ?)
17:40:47.114 [main] DEBUG c.e.j.mapper.UserMapper.insert - ==> Parameters: admin@example.com(String), 管理員(String), $2a$10$qbP1Odboj6uxTG1lDQlNC.sonAbuaYkW/lZeEXIAzdRsT2nPMUqDe(String), ADMIN(String)
17:40:47.115 [main] DEBUG c.e.j.mapper.UserMapper.insert - <==    Updates: 1
17:40:47.169 [main] DEBUG c.e.j.mapper.UserMapper.insert - ==>  Preparing: INSERT INTO users (email, name, password_hash, role) VALUES (?, ?, ?, ?)
17:40:47.169 [main] DEBUG c.e.j.mapper.UserMapper.insert - ==> Parameters: procurement@example.com(String), 採購人員(String), $2a$10$TIxA9x0a3OJ0n19XfVR1v.WVNaIfjcSdq3SQH8b2LSYwKi2Ot3EFy(String), PROCUREMENT(String)
17:40:47.170 [main] DEBUG c.e.j.mapper.UserMapper.insert - <==    Updates: 1
17:40:47.172 [main] DEBUG c.e.j.m.BookRequestMapper.insert - ==>  Preparing: INSERT INTO book_requests (requester_id, status, requested_at) VALUES (?, ?, ?)
17:40:47.174 [main] DEBUG c.e.j.m.BookRequestMapper.insert - ==> Parameters: 1(Long), PENDING(String), 2026-09-09T17:40:47.172366100(LocalDateTime)
17:40:47.174 [main] DEBUG c.e.j.m.BookRequestMapper.insert - <==    Updates: 1
17:40:47.175 [main] DEBUG c.e.j.m.BookRequestItemMapper.insert - ==>  Preparing: INSERT INTO book_request_items (book_request_id, title, isbn, author_id, published_year, estimated_price) VALUES (?, ?, ?, ?, ?, ?)
17:40:47.175 [main] DEBUG c.e.j.m.BookRequestItemMapper.insert - ==> Parameters: 1(Long), Refactoring(String), null, null, null, null
17:40:47.175 [main] DEBUG c.e.j.m.BookRequestItemMapper.insert - <==    Updates: 1
17:40:47.176 [main] INFO  c.e.j.service.BookRequestServiceImpl - 送出申請：requestId=1, requesterId=1, 書籍數=1
17:40:47.177 [main] DEBUG c.e.j.m.BookRequestMapper.insert - ==>  Preparing: INSERT INTO book_requests (requester_id, status, requested_at) VALUES (?, ?, ?)
17:40:47.177 [main] DEBUG c.e.j.m.BookRequestMapper.insert - ==> Parameters: 1(Long), PENDING(String), 2026-09-09T17:40:47.176364500(LocalDateTime)
17:40:47.177 [main] DEBUG c.e.j.m.BookRequestMapper.insert - <==    Updates: 1
17:40:47.177 [main] DEBUG c.e.j.m.BookRequestItemMapper.insert - ==>  Preparing: INSERT INTO book_request_items (book_request_id, title, isbn, author_id, published_year, estimated_price) VALUES (?, ?, ?, ?, ?, ?)
17:40:47.178 [main] DEBUG c.e.j.m.BookRequestItemMapper.insert - ==> Parameters: 2(Long), The Pragmatic Programmer(String), 9780135957059(String), null, 2019(Integer), 850(BigDecimal)
17:40:47.179 [main] DEBUG c.e.j.m.BookRequestItemMapper.insert - <==    Updates: 1
17:40:47.179 [main] DEBUG c.e.j.m.BookRequestItemMapper.insert - ==>  Preparing: INSERT INTO book_request_items (book_request_id, title, isbn, author_id, published_year, estimated_price) VALUES (?, ?, ?, ?, ?, ?)
17:40:47.179 [main] DEBUG c.e.j.m.BookRequestItemMapper.insert - ==> Parameters: 2(Long), Head First Design Patterns(String), null, null, null, null
17:40:47.179 [main] DEBUG c.e.j.m.BookRequestItemMapper.insert - <==    Updates: 1
17:40:47.180 [main] INFO  c.e.j.service.BookRequestServiceImpl - 送出申請：requestId=2, requesterId=1, 書籍數=2
17:40:47.180 [main] DEBUG c.e.j.m.BookRequestMapper.insert - ==>  Preparing: INSERT INTO book_requests (requester_id, status, requested_at) VALUES (?, ?, ?)
17:40:47.180 [main] DEBUG c.e.j.m.BookRequestMapper.insert - ==> Parameters: 1(Long), PENDING(String), 2026-09-09T17:40:47.180364500(LocalDateTime)
17:40:47.180 [main] DEBUG c.e.j.m.BookRequestMapper.insert - <==    Updates: 1
17:40:47.180 [main] DEBUG c.e.j.m.BookRequestItemMapper.insert - ==>  Preparing: INSERT INTO book_request_items (book_request_id, title, isbn, author_id, published_year, estimated_price) VALUES (?, ?, ?, ?, ?, ?)
17:40:47.180 [main] DEBUG c.e.j.m.BookRequestItemMapper.insert - ==> Parameters: 3(Long), Test-Driven Development(String), 9780321146533(String), null, 2002(Integer), null
17:40:47.180 [main] DEBUG c.e.j.m.BookRequestItemMapper.insert - <==    Updates: 1
17:40:47.180 [main] INFO  c.e.j.service.BookRequestServiceImpl - 送出申請：requestId=3, requesterId=1, 書籍數=1
17:40:47.182 [main] DEBUG c.e.j.m.BookRequestMapper.insert - ==>  Preparing: INSERT INTO book_requests (requester_id, status, requested_at) VALUES (?, ?, ?)
17:40:47.182 [main] DEBUG c.e.j.m.BookRequestMapper.insert - ==> Parameters: 1(Long), PENDING(String), 2026-09-09T17:40:47.181871600(LocalDateTime)
17:40:47.182 [main] DEBUG c.e.j.m.BookRequestMapper.insert - <==    Updates: 1
17:40:47.182 [main] DEBUG c.e.j.m.BookRequestItemMapper.insert - ==>  Preparing: INSERT INTO book_request_items (book_request_id, title, isbn, author_id, published_year, estimated_price) VALUES (?, ?, ?, ?, ?, ?)
17:40:47.182 [main] DEBUG c.e.j.m.BookRequestItemMapper.insert - ==> Parameters: 4(Long), Working Effectively with Legacy Code(String), null, null, null, null
17:40:47.182 [main] DEBUG c.e.j.m.BookRequestItemMapper.insert - <==    Updates: 1
17:40:47.182 [main] INFO  c.e.j.service.BookRequestServiceImpl - 送出申請：requestId=4, requesterId=1, 書籍數=1
17:40:47.183 [main] DEBUG c.e.j.m.BookRequestMapper.insert - ==>  Preparing: INSERT INTO book_requests (requester_id, status, requested_at) VALUES (?, ?, ?)
17:40:47.183 [main] DEBUG c.e.j.m.BookRequestMapper.insert - ==> Parameters: 1(Long), PENDING(String), 2026-09-09T17:40:47.183879600(LocalDateTime)
17:40:47.184 [main] DEBUG c.e.j.m.BookRequestMapper.insert - <==    Updates: 1
17:40:47.184 [main] DEBUG c.e.j.m.BookRequestItemMapper.insert - ==>  Preparing: INSERT INTO book_request_items (book_request_id, title, isbn, author_id, published_year, estimated_price) VALUES (?, ?, ?, ?, ?, ?)
17:40:47.184 [main] DEBUG c.e.j.m.BookRequestItemMapper.insert - ==> Parameters: 5(Long), Continuous Delivery(String), null, null, null, null
17:40:47.184 [main] DEBUG c.e.j.m.BookRequestItemMapper.insert - <==    Updates: 1
17:40:47.184 [main] INFO  c.e.j.service.BookRequestServiceImpl - 送出申請：requestId=5, requesterId=1, 書籍數=1
17:40:47.185 [main] DEBUG c.e.j.m.BookRequestMapper.insert - ==>  Preparing: INSERT INTO book_requests (requester_id, status, requested_at) VALUES (?, ?, ?)
17:40:47.185 [main] DEBUG c.e.j.m.BookRequestMapper.insert - ==> Parameters: 1(Long), PENDING(String), 2026-09-09T17:40:47.185882300(LocalDateTime)
17:40:47.185 [main] DEBUG c.e.j.m.BookRequestMapper.insert - <==    Updates: 1
17:40:47.185 [main] DEBUG c.e.j.m.BookRequestItemMapper.insert - ==>  Preparing: INSERT INTO book_request_items (book_request_id, title, isbn, author_id, published_year, estimated_price) VALUES (?, ?, ?, ?, ?, ?)
17:40:47.185 [main] DEBUG c.e.j.m.BookRequestItemMapper.insert - ==> Parameters: 6(Long), Site Reliability Engineering(String), null, null, 2016(Integer), 1200(BigDecimal)
17:40:47.186 [main] DEBUG c.e.j.m.BookRequestItemMapper.insert - <==    Updates: 1
17:40:47.186 [main] INFO  c.e.j.service.BookRequestServiceImpl - 送出申請：requestId=6, requesterId=1, 書籍數=1
17:40:47.187 [main] DEBUG c.e.j.m.BookRequestMapper.approve - ==>  Preparing: UPDATE book_requests SET status = 'APPROVED', approver_id = ?, approved_at = ? WHERE id = ? AND status = 'PENDING' AND requester_id != ?
17:40:47.188 [main] DEBUG c.e.j.m.BookRequestMapper.approve - ==> Parameters: 2(Long), 2026-09-09T17:40:47.186879900(LocalDateTime), 6(Long), 2(Long)
17:40:47.189 [main] DEBUG c.e.j.m.BookRequestMapper.approve - <==    Updates: 1
17:40:47.189 [main] DEBUG c.e.j.m.BookRequestMapper.findById - ==>  Preparing: SELECT * FROM book_requests WHERE id = ?
17:40:47.189 [main] DEBUG c.e.j.m.BookRequestMapper.findById - ==> Parameters: 6(Long)
17:40:47.193 [main] DEBUG c.e.j.m.BookRequestMapper.findById - <==      Total: 1
17:40:47.193 [main] DEBUG c.e.j.m.B.findByBookRequestId - ==>  Preparing: SELECT * FROM book_request_items WHERE book_request_id = ?
17:40:47.194 [main] DEBUG c.e.j.m.B.findByBookRequestId - ==> Parameters: 6(Long)
17:40:47.195 [main] DEBUG c.e.j.m.B.findByBookRequestId - <==      Total: 1
17:40:47.195 [main] DEBUG c.e.j.m.ProcurementItemMapper.insert - ==>  Preparing: INSERT INTO procurement_items (book_request_item_id, status) VALUES (?, ?)
17:40:47.196 [main] DEBUG c.e.j.m.ProcurementItemMapper.insert - ==> Parameters: 7(Long), PENDING(String)
17:40:47.196 [main] DEBUG c.e.j.m.ProcurementItemMapper.insert - <==    Updates: 1
17:40:47.196 [main] INFO  c.e.j.service.BookRequestServiceImpl - 申請已核准：requestId=6, approverId=2
17:40:47.197 [main] DEBUG c.e.j.m.BookRequestMapper.insert - ==>  Preparing: INSERT INTO book_requests (requester_id, status, requested_at) VALUES (?, ?, ?)
17:40:47.197 [main] DEBUG c.e.j.m.BookRequestMapper.insert - ==> Parameters: 1(Long), PENDING(String), 2026-09-09T17:40:47.197888(LocalDateTime)
17:40:47.197 [main] DEBUG c.e.j.m.BookRequestMapper.insert - <==    Updates: 1
17:40:47.198 [main] DEBUG c.e.j.m.BookRequestItemMapper.insert - ==>  Preparing: INSERT INTO book_request_items (book_request_id, title, isbn, author_id, published_year, estimated_price) VALUES (?, ?, ?, ?, ?, ?)
17:40:47.198 [main] DEBUG c.e.j.m.BookRequestItemMapper.insert - ==> Parameters: 7(Long), Database Internals(String), null, null, null, null
17:40:47.198 [main] DEBUG c.e.j.m.BookRequestItemMapper.insert - <==    Updates: 1
17:40:47.198 [main] DEBUG c.e.j.m.BookRequestItemMapper.insert - ==>  Preparing: INSERT INTO book_request_items (book_request_id, title, isbn, author_id, published_year, estimated_price) VALUES (?, ?, ?, ?, ?, ?)
17:40:47.198 [main] DEBUG c.e.j.m.BookRequestItemMapper.insert - ==> Parameters: 7(Long), Designing Data-Intensive Applications(String), 9781449373320(String), null, 2017(Integer), 1500(BigDecimal)
17:40:47.198 [main] DEBUG c.e.j.m.BookRequestItemMapper.insert - <==    Updates: 1
17:40:47.198 [main] INFO  c.e.j.service.BookRequestServiceImpl - 送出申請：requestId=7, requesterId=1, 書籍數=2
17:40:47.199 [main] DEBUG c.e.j.m.BookRequestMapper.approve - ==>  Preparing: UPDATE book_requests SET status = 'APPROVED', approver_id = ?, approved_at = ? WHERE id = ? AND status = 'PENDING' AND requester_id != ?
17:40:47.199 [main] DEBUG c.e.j.m.BookRequestMapper.approve - ==> Parameters: 2(Long), 2026-09-09T17:40:47.199886700(LocalDateTime), 7(Long), 2(Long)
17:40:47.199 [main] DEBUG c.e.j.m.BookRequestMapper.approve - <==    Updates: 1
17:40:47.200 [main] DEBUG c.e.j.m.BookRequestMapper.findById - ==>  Preparing: SELECT * FROM book_requests WHERE id = ?
17:40:47.200 [main] DEBUG c.e.j.m.BookRequestMapper.findById - ==> Parameters: 7(Long)
17:40:47.201 [main] DEBUG c.e.j.m.BookRequestMapper.findById - <==      Total: 1
17:40:47.201 [main] DEBUG c.e.j.m.B.findByBookRequestId - ==>  Preparing: SELECT * FROM book_request_items WHERE book_request_id = ?
17:40:47.201 [main] DEBUG c.e.j.m.B.findByBookRequestId - ==> Parameters: 7(Long)
17:40:47.202 [main] DEBUG c.e.j.m.B.findByBookRequestId - <==      Total: 2
17:40:47.202 [main] DEBUG c.e.j.m.ProcurementItemMapper.insert - ==>  Preparing: INSERT INTO procurement_items (book_request_item_id, status) VALUES (?, ?)
17:40:47.202 [main] DEBUG c.e.j.m.ProcurementItemMapper.insert - ==> Parameters: 8(Long), PENDING(String)
17:40:47.202 [main] DEBUG c.e.j.m.ProcurementItemMapper.insert - <==    Updates: 1
17:40:47.202 [main] DEBUG c.e.j.m.ProcurementItemMapper.insert - ==>  Preparing: INSERT INTO procurement_items (book_request_item_id, status) VALUES (?, ?)
17:40:47.203 [main] DEBUG c.e.j.m.ProcurementItemMapper.insert - ==> Parameters: 9(Long), PENDING(String)
17:40:47.203 [main] DEBUG c.e.j.m.ProcurementItemMapper.insert - <==    Updates: 1
17:40:47.203 [main] INFO  c.e.j.service.BookRequestServiceImpl - 申請已核准：requestId=7, approverId=2
17:40:47.203 [main] DEBUG c.e.j.m.BookRequestMapper.insert - ==>  Preparing: INSERT INTO book_requests (requester_id, status, requested_at) VALUES (?, ?, ?)
17:40:47.204 [main] DEBUG c.e.j.m.BookRequestMapper.insert - ==> Parameters: 1(Long), PENDING(String), 2026-09-09T17:40:47.203883600(LocalDateTime)
17:40:47.204 [main] DEBUG c.e.j.m.BookRequestMapper.insert - <==    Updates: 1
17:40:47.204 [main] DEBUG c.e.j.m.BookRequestItemMapper.insert - ==>  Preparing: INSERT INTO book_request_items (book_request_id, title, isbn, author_id, published_year, estimated_price) VALUES (?, ?, ?, ?, ?, ?)
17:40:47.204 [main] DEBUG c.e.j.m.BookRequestItemMapper.insert - ==> Parameters: 8(Long), The Clean Coder(String), null, null, null, null
17:40:47.205 [main] DEBUG c.e.j.m.BookRequestItemMapper.insert - <==    Updates: 1
17:40:47.205 [main] INFO  c.e.j.service.BookRequestServiceImpl - 送出申請：requestId=8, requesterId=1, 書籍數=1
17:40:47.206 [main] DEBUG c.e.j.m.BookRequestMapper.approve - ==>  Preparing: UPDATE book_requests SET status = 'APPROVED', approver_id = ?, approved_at = ? WHERE id = ? AND status = 'PENDING' AND requester_id != ?
17:40:47.206 [main] DEBUG c.e.j.m.BookRequestMapper.approve - ==> Parameters: 2(Long), 2026-09-09T17:40:47.205885800(LocalDateTime), 8(Long), 2(Long)
17:40:47.206 [main] DEBUG c.e.j.m.BookRequestMapper.approve - <==    Updates: 1
17:40:47.206 [main] DEBUG c.e.j.m.BookRequestMapper.findById - ==>  Preparing: SELECT * FROM book_requests WHERE id = ?
17:40:47.206 [main] DEBUG c.e.j.m.BookRequestMapper.findById - ==> Parameters: 8(Long)
17:40:47.207 [main] DEBUG c.e.j.m.BookRequestMapper.findById - <==      Total: 1
17:40:47.207 [main] DEBUG c.e.j.m.B.findByBookRequestId - ==>  Preparing: SELECT * FROM book_request_items WHERE book_request_id = ?
17:40:47.208 [main] DEBUG c.e.j.m.B.findByBookRequestId - ==> Parameters: 8(Long)
17:40:47.208 [main] DEBUG c.e.j.m.B.findByBookRequestId - <==      Total: 1
17:40:47.208 [main] DEBUG c.e.j.m.ProcurementItemMapper.insert - ==>  Preparing: INSERT INTO procurement_items (book_request_item_id, status) VALUES (?, ?)
17:40:47.208 [main] DEBUG c.e.j.m.ProcurementItemMapper.insert - ==> Parameters: 10(Long), PENDING(String)
17:40:47.210 [main] DEBUG c.e.j.m.ProcurementItemMapper.insert - <==    Updates: 1
17:40:47.210 [main] INFO  c.e.j.service.BookRequestServiceImpl - 申請已核准：requestId=8, approverId=2
17:40:47.210 [main] DEBUG c.e.j.m.BookRequestMapper.insert - ==>  Preparing: INSERT INTO book_requests (requester_id, status, requested_at) VALUES (?, ?, ?)
17:40:47.211 [main] DEBUG c.e.j.m.BookRequestMapper.insert - ==> Parameters: 1(Long), PENDING(String), 2026-09-09T17:40:47.210399100(LocalDateTime)
17:40:47.211 [main] DEBUG c.e.j.m.BookRequestMapper.insert - <==    Updates: 1
17:40:47.211 [main] DEBUG c.e.j.m.BookRequestItemMapper.insert - ==>  Preparing: INSERT INTO book_request_items (book_request_id, title, isbn, author_id, published_year, estimated_price) VALUES (?, ?, ?, ?, ?, ?)
17:40:47.211 [main] DEBUG c.e.j.m.BookRequestItemMapper.insert - ==> Parameters: 9(Long), Release It!(String), null, null, null, null
17:40:47.211 [main] DEBUG c.e.j.m.BookRequestItemMapper.insert - <==    Updates: 1
17:40:47.212 [main] INFO  c.e.j.service.BookRequestServiceImpl - 送出申請：requestId=9, requesterId=1, 書籍數=1
17:40:47.212 [main] DEBUG c.e.j.m.BookRequestMapper.approve - ==>  Preparing: UPDATE book_requests SET status = 'APPROVED', approver_id = ?, approved_at = ? WHERE id = ? AND status = 'PENDING' AND requester_id != ?
17:40:47.213 [main] DEBUG c.e.j.m.BookRequestMapper.approve - ==> Parameters: 2(Long), 2026-09-09T17:40:47.212998300(LocalDateTime), 9(Long), 2(Long)
17:40:47.213 [main] DEBUG c.e.j.m.BookRequestMapper.approve - <==    Updates: 1
17:40:47.213 [main] DEBUG c.e.j.m.BookRequestMapper.findById - ==>  Preparing: SELECT * FROM book_requests WHERE id = ?
17:40:47.213 [main] DEBUG c.e.j.m.BookRequestMapper.findById - ==> Parameters: 9(Long)
17:40:47.215 [main] DEBUG c.e.j.m.BookRequestMapper.findById - <==      Total: 1
17:40:47.215 [main] DEBUG c.e.j.m.B.findByBookRequestId - ==>  Preparing: SELECT * FROM book_request_items WHERE book_request_id = ?
17:40:47.216 [main] DEBUG c.e.j.m.B.findByBookRequestId - ==> Parameters: 9(Long)
17:40:47.216 [main] DEBUG c.e.j.m.B.findByBookRequestId - <==      Total: 1
17:40:47.216 [main] DEBUG c.e.j.m.ProcurementItemMapper.insert - ==>  Preparing: INSERT INTO procurement_items (book_request_item_id, status) VALUES (?, ?)
17:40:47.216 [main] DEBUG c.e.j.m.ProcurementItemMapper.insert - ==> Parameters: 11(Long), PENDING(String)
17:40:47.218 [main] DEBUG c.e.j.m.ProcurementItemMapper.insert - <==    Updates: 1
17:40:47.219 [main] INFO  c.e.j.service.BookRequestServiceImpl - 申請已核准：requestId=9, approverId=2
17:40:47.221 [main] DEBUG c.e.j.m.BookRequestMapper.insert - ==>  Preparing: INSERT INTO book_requests (requester_id, status, requested_at) VALUES (?, ?, ?)
17:40:47.221 [main] DEBUG c.e.j.m.BookRequestMapper.insert - ==> Parameters: 1(Long), PENDING(String), 2026-09-09T17:40:47.221003100(LocalDateTime)
17:40:47.222 [main] DEBUG c.e.j.m.BookRequestMapper.insert - <==    Updates: 1
17:40:47.222 [main] DEBUG c.e.j.m.BookRequestItemMapper.insert - ==>  Preparing: INSERT INTO book_request_items (book_request_id, title, isbn, author_id, published_year, estimated_price) VALUES (?, ?, ?, ?, ?, ?)
17:40:47.222 [main] DEBUG c.e.j.m.BookRequestItemMapper.insert - ==> Parameters: 10(Long), Overpriced Book(String), null, null, null, 99999(BigDecimal)
17:40:47.222 [main] DEBUG c.e.j.m.BookRequestItemMapper.insert - <==    Updates: 1
17:40:47.222 [main] INFO  c.e.j.service.BookRequestServiceImpl - 送出申請：requestId=10, requesterId=1, 書籍數=1
17:40:47.225 [main] DEBUG c.e.j.m.BookRequestMapper.reject - ==>  Preparing: UPDATE book_requests SET status = 'REJECTED', approver_id = ?, approved_at = ? WHERE id = ? AND status = 'PENDING' AND requester_id != ?
17:40:47.225 [main] DEBUG c.e.j.m.BookRequestMapper.reject - ==> Parameters: 2(Long), 2026-09-09T17:40:47.223563700(LocalDateTime), 10(Long), 2(Long)
17:40:47.226 [main] DEBUG c.e.j.m.BookRequestMapper.reject - <==    Updates: 1
17:40:47.226 [main] DEBUG c.e.j.m.BookRequestMapper.findById - ==>  Preparing: SELECT * FROM book_requests WHERE id = ?
17:40:47.228 [main] DEBUG c.e.j.m.BookRequestMapper.findById - ==> Parameters: 10(Long)
17:40:47.228 [main] DEBUG c.e.j.m.BookRequestMapper.findById - <==      Total: 1
17:40:47.228 [main] INFO  c.e.j.service.BookRequestServiceImpl - 申請已拒絕：requestId=10, approverId=2
17:40:47.229 [main] DEBUG c.e.j.m.BookRequestMapper.insert - ==>  Preparing: INSERT INTO book_requests (requester_id, status, requested_at) VALUES (?, ?, ?)
17:40:47.229 [main] DEBUG c.e.j.m.BookRequestMapper.insert - ==> Parameters: 1(Long), PENDING(String), 2026-09-09T17:40:47.229830800(LocalDateTime)
17:40:47.230 [main] DEBUG c.e.j.m.BookRequestMapper.insert - <==    Updates: 1
17:40:47.230 [main] DEBUG c.e.j.m.BookRequestItemMapper.insert - ==>  Preparing: INSERT INTO book_request_items (book_request_id, title, isbn, author_id, published_year, estimated_price) VALUES (?, ?, ?, ?, ?, ?)
17:40:47.230 [main] DEBUG c.e.j.m.BookRequestItemMapper.insert - ==> Parameters: 11(Long), Duplicate Request Example(String), null, null, null, null
17:40:47.230 [main] DEBUG c.e.j.m.BookRequestItemMapper.insert - <==    Updates: 1
17:40:47.231 [main] INFO  c.e.j.service.BookRequestServiceImpl - 送出申請：requestId=11, requesterId=1, 書籍數=1
17:40:47.232 [main] DEBUG c.e.j.m.BookRequestMapper.reject - ==>  Preparing: UPDATE book_requests SET status = 'REJECTED', approver_id = ?, approved_at = ? WHERE id = ? AND status = 'PENDING' AND requester_id != ?
17:40:47.234 [main] DEBUG c.e.j.m.BookRequestMapper.reject - ==> Parameters: 2(Long), 2026-09-09T17:40:47.232848600(LocalDateTime), 11(Long), 2(Long)
17:40:47.235 [main] DEBUG c.e.j.m.BookRequestMapper.reject - <==    Updates: 1
17:40:47.236 [main] DEBUG c.e.j.m.BookRequestMapper.findById - ==>  Preparing: SELECT * FROM book_requests WHERE id = ?
17:40:47.236 [main] DEBUG c.e.j.m.BookRequestMapper.findById - ==> Parameters: 11(Long)
17:40:47.237 [main] DEBUG c.e.j.m.BookRequestMapper.findById - <==      Total: 1
17:40:47.237 [main] INFO  c.e.j.service.BookRequestServiceImpl - 申請已拒絕：requestId=11, approverId=2
17:40:47.238 [main] DEBUG c.e.j.m.BookRequestMapper.insert - ==>  Preparing: INSERT INTO book_requests (requester_id, status, requested_at) VALUES (?, ?, ?)
17:40:47.238 [main] DEBUG c.e.j.m.BookRequestMapper.insert - ==> Parameters: 1(Long), PENDING(String), 2026-09-09T17:40:47.238798(LocalDateTime)
17:40:47.239 [main] DEBUG c.e.j.m.BookRequestMapper.insert - <==    Updates: 1
17:40:47.239 [main] DEBUG c.e.j.m.BookRequestItemMapper.insert - ==>  Preparing: INSERT INTO book_request_items (book_request_id, title, isbn, author_id, published_year, estimated_price) VALUES (?, ?, ?, ?, ?, ?)
17:40:47.239 [main] DEBUG c.e.j.m.BookRequestItemMapper.insert - ==> Parameters: 12(Long), Out of Scope Book(String), null, null, null, null
17:40:47.239 [main] DEBUG c.e.j.m.BookRequestItemMapper.insert - <==    Updates: 1
17:40:47.239 [main] INFO  c.e.j.service.BookRequestServiceImpl - 送出申請：requestId=12, requesterId=1, 書籍數=1
17:40:47.241 [main] DEBUG c.e.j.m.BookRequestMapper.reject - ==>  Preparing: UPDATE book_requests SET status = 'REJECTED', approver_id = ?, approved_at = ? WHERE id = ? AND status = 'PENDING' AND requester_id != ?
17:40:47.242 [main] DEBUG c.e.j.m.BookRequestMapper.reject - ==> Parameters: 2(Long), 2026-09-09T17:40:47.241807400(LocalDateTime), 12(Long), 2(Long)
17:40:47.243 [main] DEBUG c.e.j.m.BookRequestMapper.reject - <==    Updates: 1
17:40:47.244 [main] DEBUG c.e.j.m.BookRequestMapper.findById - ==>  Preparing: SELECT * FROM book_requests WHERE id = ?
17:40:47.245 [main] DEBUG c.e.j.m.BookRequestMapper.findById - ==> Parameters: 12(Long)
17:40:47.246 [main] DEBUG c.e.j.m.BookRequestMapper.findById - <==      Total: 1
17:40:47.246 [main] INFO  c.e.j.service.BookRequestServiceImpl - 申請已拒絕：requestId=12, approverId=2
17:40:47.247 [main] DEBUG c.e.j.m.B.findByStatus - ==>  Preparing: SELECT * FROM book_requests WHERE status = ? ORDER BY requested_at
17:40:47.249 [main] DEBUG c.e.j.m.B.findByStatus - ==> Parameters: PENDING(String)
17:40:47.250 [main] DEBUG c.e.j.m.B.findByStatus - <==      Total: 5
17:40:47.250 [main] DEBUG c.e.j.m.B.findByStatus - ==>  Preparing: SELECT * FROM book_requests WHERE status = ? ORDER BY requested_at
17:40:47.251 [main] DEBUG c.e.j.m.B.findByStatus - ==> Parameters: APPROVED(String)
17:40:47.251 [main] DEBUG c.e.j.m.B.findByStatus - <==      Total: 4
17:40:47.252 [main] DEBUG c.e.j.m.B.findByStatus - ==>  Preparing: SELECT * FROM book_requests WHERE status = ? ORDER BY requested_at
17:40:47.252 [main] DEBUG c.e.j.m.B.findByStatus - ==> Parameters: REJECTED(String)
17:40:47.253 [main] DEBUG c.e.j.m.B.findByStatus - <==      Total: 3
17:40:47.254 [main] DEBUG c.e.j.m.BookRequestMapper.findAll - ==>  Preparing: SELECT * FROM book_requests
17:40:47.254 [main] DEBUG c.e.j.m.BookRequestMapper.findAll - ==> Parameters: 
17:40:47.256 [main] DEBUG c.e.j.m.BookRequestMapper.findAll - <==      Total: 12
17:40:49.949 [main] WARN  c.e.j.i.RoleAccessInterceptor - 權限不足被擋下：userId=1, role=ADMIN, POST /procurement/1/complete
17:40:49.950 [main] WARN  c.e.j.i.RoleAccessInterceptor - 權限不足被擋下：userId=1, role=USER, POST /procurement/1/complete
17:40:49.961 [main] WARN  c.e.j.i.RoleAccessInterceptor - 權限不足被擋下：userId=1, role=PROCUREMENT, POST /requests/1/approve
17:40:49.962 [main] WARN  c.e.j.i.RoleAccessInterceptor - 權限不足被擋下：userId=1, role=USER, POST /requests/1/reject
17:40:49.966 [main] WARN  c.e.j.i.RoleAccessInterceptor - 權限不足被擋下：userId=1, role=USER, GET /books/new
17:40:49.979 [main] DEBUG c.e.j.mapper.BookMapper.insert - ==>  Preparing: INSERT INTO books (title, isbn, author_id, published_year) VALUES (?, ?, ?, ?)
17:40:49.979 [main] DEBUG c.e.j.mapper.BookMapper.insert - ==> Parameters: Effective Java(String), 978-0134685991(String), 4(Long), 2018(Integer)
17:40:49.980 [main] DEBUG c.e.j.mapper.BookMapper.insert - <==    Updates: 1
17:40:49.980 [main] DEBUG c.e.j.mapper.BookMapper.insert - ==>  Preparing: INSERT INTO books (title, isbn, author_id, published_year) VALUES (?, ?, ?, ?)
17:40:49.980 [main] DEBUG c.e.j.mapper.BookMapper.insert - ==> Parameters: Unrelated Book(String), 9999999999999(String), 4(Long), 2000(Integer)
17:40:49.980 [main] DEBUG c.e.j.mapper.BookMapper.insert - <==    Updates: 1
17:40:49.985 [main] DEBUG c.e.j.mapper.BookMapper.search - ==>  Preparing: SELECT b.id, b.title, b.isbn, b.published_year, a.name AS author_name, c.id AS category_id, c.name AS category_name FROM books b LEFT JOIN authors a ON b.author_id = a.id LEFT JOIN books_categories bc ON bc.book_id = b.id LEFT JOIN categories c ON bc.category_id = c.id WHERE (b.title ILIKE CONCAT('%', ?, '%') OR a.name ILIKE CONCAT('%', ?, '%') OR c.name ILIKE CONCAT('%', ?, '%')) ORDER BY b.id
17:40:49.987 [main] DEBUG c.e.j.mapper.BookMapper.search - ==> Parameters: Effective(String), Effective(String), Effective(String)
17:40:49.989 [main] DEBUG c.e.j.mapper.BookMapper.search - <==      Total: 1
17:40:50.001 [main] DEBUG c.e.j.mapper.BookMapper.insert - ==>  Preparing: INSERT INTO books (title, isbn, author_id, published_year) VALUES (?, ?, ?, ?)
17:40:50.001 [main] DEBUG c.e.j.mapper.BookMapper.insert - ==> Parameters: Effective Java(String), 978-0134685991(String), 5(Long), 2018(Integer)
17:40:50.001 [main] DEBUG c.e.j.mapper.BookMapper.insert - <==    Updates: 1
17:40:50.003 [main] DEBUG c.e.j.m.B.insertBookCategories - ==>  Preparing: INSERT INTO books_categories (book_id, category_id) VALUES (?, ?)
17:40:50.003 [main] DEBUG c.e.j.m.B.insertBookCategories - ==> Parameters: 27(Long), 4(Long)
17:40:50.004 [main] DEBUG c.e.j.m.B.insertBookCategories - <==    Updates: 1
17:40:50.005 [main] DEBUG c.e.j.m.B.findCategoriesById - ==>  Preparing: SELECT c.* FROM categories c JOIN books_categories bc ON bc.category_id = c.id WHERE bc.book_id = ?
17:40:50.006 [main] DEBUG c.e.j.m.B.findCategoriesById - ==> Parameters: 27(Long)
17:40:50.007 [main] DEBUG c.e.j.m.B.findCategoriesById - <==      Total: 1
17:40:50.019 [main] DEBUG c.e.j.mapper.BookMapper.insert - ==>  Preparing: INSERT INTO books (title, isbn, author_id, published_year) VALUES (?, ?, ?, ?)
17:40:50.020 [main] DEBUG c.e.j.mapper.BookMapper.insert - ==> Parameters: Effective Java(String), 978-0134685991(String), 6(Long), 2018(Integer)
17:40:50.020 [main] DEBUG c.e.j.mapper.BookMapper.insert - <==    Updates: 1
17:40:50.021 [main] DEBUG c.e.j.mapper.BookMapper.update - ==>  Preparing: UPDATE books SET title = ?, isbn = ?, author_id = ?, published_year = ? WHERE id = ?
17:40:50.021 [main] DEBUG c.e.j.mapper.BookMapper.update - ==> Parameters: My New Title(String), 978-0134685991(String), 6(Long), 2018(Integer), 28(Long)
17:40:50.021 [main] DEBUG c.e.j.mapper.BookMapper.update - <==    Updates: 1
17:40:50.023 [main] DEBUG c.e.j.mapper.BookMapper.findById - ==>  Preparing: SELECT id, title, isbn, author_id, published_year FROM books WHERE id = ?
17:40:50.023 [main] DEBUG c.e.j.mapper.BookMapper.findById - ==> Parameters: 28(Long)
17:40:50.024 [main] DEBUG c.e.j.mapper.BookMapper.findById - <==      Total: 1
17:40:50.025 [main] DEBUG c.e.j.mapper.BookMapper.findAll - ==>  Preparing: SELECT b.id, b.title, b.isbn, b.published_year, a.name AS author_name, c.id AS category_id, c.name AS category_name FROM books b LEFT JOIN authors a ON b.author_id = a.id LEFT JOIN books_categories bc ON bc.book_id = b.id LEFT JOIN categories c ON bc.category_id = c.id ORDER BY b.id
17:40:50.025 [main] DEBUG c.e.j.mapper.BookMapper.findAll - ==> Parameters: 
17:40:50.026 [main] DEBUG c.e.j.mapper.BookMapper.findAll - <==      Total: 1
17:40:50.038 [main] DEBUG c.e.j.mapper.BookMapper.insert - ==>  Preparing: INSERT INTO books (title, isbn, author_id, published_year) VALUES (?, ?, ?, ?)
17:40:50.038 [main] DEBUG c.e.j.mapper.BookMapper.insert - ==> Parameters: Effective Java(String), 978-0134685991(String), 7(Long), 2018(Integer)
17:40:50.039 [main] DEBUG c.e.j.mapper.BookMapper.insert - <==    Updates: 1
17:40:50.040 [main] DEBUG c.e.j.m.B.insertBookCategories - ==>  Preparing: INSERT INTO books_categories (book_id, category_id) VALUES (?, ?) , (?, ?)
17:40:50.040 [main] DEBUG c.e.j.m.B.insertBookCategories - ==> Parameters: 29(Long), 5(Long), 29(Long), 6(Long)
17:40:50.040 [main] DEBUG c.e.j.m.B.insertBookCategories - <==    Updates: 2
17:40:50.041 [main] DEBUG c.e.j.mapper.BookMapper.insert - ==>  Preparing: INSERT INTO books (title, isbn, author_id, published_year) VALUES (?, ?, ?, ?)
17:40:50.041 [main] DEBUG c.e.j.mapper.BookMapper.insert - ==> Parameters: Effective Java(String), 978-0134685991(String), 7(Long), 2018(Integer)
17:40:50.041 [main] DEBUG c.e.j.mapper.BookMapper.insert - <==    Updates: 1
17:40:50.042 [main] DEBUG c.e.j.mapper.BookMapper.findAll - ==>  Preparing: SELECT b.id, b.title, b.isbn, b.published_year, a.name AS author_name, c.id AS category_id, c.name AS category_name FROM books b LEFT JOIN authors a ON b.author_id = a.id LEFT JOIN books_categories bc ON bc.book_id = b.id LEFT JOIN categories c ON bc.category_id = c.id ORDER BY b.id
17:40:50.043 [main] DEBUG c.e.j.mapper.BookMapper.findAll - ==> Parameters: 
17:40:50.045 [main] DEBUG c.e.j.mapper.BookMapper.findAll - <==      Total: 3
17:40:50.057 [main] DEBUG c.e.j.mapper.BookMapper.insert - ==>  Preparing: INSERT INTO books (title, isbn, author_id, published_year) VALUES (?, ?, ?, ?)
17:40:50.057 [main] DEBUG c.e.j.mapper.BookMapper.insert - ==> Parameters: Effective Java(String), 978-0134685991(String), 8(Long), 2018(Integer)
17:40:50.058 [main] DEBUG c.e.j.mapper.BookMapper.insert - <==    Updates: 1
17:40:50.059 [main] DEBUG c.e.j.m.B.insertBookCategories - ==>  Preparing: INSERT INTO books_categories (book_id, category_id) VALUES (?, ?)
17:40:50.059 [main] DEBUG c.e.j.m.B.insertBookCategories - ==> Parameters: 31(Long), 7(Long)
17:40:50.059 [main] DEBUG c.e.j.m.B.insertBookCategories - <==    Updates: 1
17:40:50.059 [main] DEBUG c.e.j.m.B.deleteCategoriesByBookId - ==>  Preparing: DELETE FROM books_categories bc WHERE bc.book_id = ?
17:40:50.061 [main] DEBUG c.e.j.m.B.deleteCategoriesByBookId - ==> Parameters: 31(Long)
17:40:50.061 [main] DEBUG c.e.j.m.B.deleteCategoriesByBookId - <==    Updates: 1
17:40:50.062 [main] DEBUG c.e.j.m.B.findCategoriesById - ==>  Preparing: SELECT c.* FROM categories c JOIN books_categories bc ON bc.category_id = c.id WHERE bc.book_id = ?
17:40:50.062 [main] DEBUG c.e.j.m.B.findCategoriesById - ==> Parameters: 31(Long)
17:40:50.063 [main] DEBUG c.e.j.m.B.findCategoriesById - <==      Total: 0
17:40:50.076 [main] DEBUG c.e.j.mapper.BookMapper.insert - ==>  Preparing: INSERT INTO books (title, isbn, author_id, published_year) VALUES (?, ?, ?, ?)
17:40:50.076 [main] DEBUG c.e.j.mapper.BookMapper.insert - ==> Parameters: Book With Many Categories(String), null, 9(Long), 2020(Integer)
17:40:50.077 [main] DEBUG c.e.j.mapper.BookMapper.insert - <==    Updates: 1
17:40:50.078 [main] DEBUG c.e.j.m.B.insertBookCategories - ==>  Preparing: INSERT INTO books_categories (book_id, category_id) VALUES (?, ?) , (?, ?) , (?, ?)
17:40:50.078 [main] DEBUG c.e.j.m.B.insertBookCategories - ==> Parameters: 32(Long), 8(Long), 32(Long), 9(Long), 32(Long), 10(Long)
17:40:50.079 [main] DEBUG c.e.j.m.B.insertBookCategories - <==    Updates: 3
17:40:50.080 [main] DEBUG c.e.j.mapper.BookMapper.insert - ==>  Preparing: INSERT INTO books (title, isbn, author_id, published_year) VALUES (?, ?, ?, ?)
17:40:50.080 [main] DEBUG c.e.j.mapper.BookMapper.insert - ==> Parameters: Book Without Categories(String), null, 9(Long), 2021(Integer)
17:40:50.081 [main] DEBUG c.e.j.mapper.BookMapper.insert - <==    Updates: 1
17:40:50.082 [main] DEBUG c.e.j.m.BookMapper.countBySearch - ==>  Preparing: SELECT COUNT(DISTINCT b.id) FROM books b LEFT JOIN authors a ON b.author_id = a.id LEFT JOIN books_categories bc ON bc.book_id = b.id LEFT JOIN categories c ON bc.category_id = c.id
17:40:50.084 [main] DEBUG c.e.j.m.BookMapper.countBySearch - ==> Parameters: 
17:40:50.092 [main] DEBUG c.e.j.m.BookMapper.countBySearch - <==      Total: 1
17:40:50.095 [main] DEBUG c.e.j.m.BookMapper.findIdsBySearch - ==>  Preparing: SELECT DISTINCT b.id FROM books b LEFT JOIN authors a ON b.author_id = a.id LEFT JOIN books_categories bc ON bc.book_id = b.id LEFT JOIN categories c ON bc.category_id = c.id ORDER BY b.id LIMIT ? OFFSET ?
17:40:50.096 [main] DEBUG c.e.j.m.BookMapper.findIdsBySearch - ==> Parameters: 1(Integer), 0(Long)
17:40:50.097 [main] DEBUG c.e.j.m.BookMapper.findIdsBySearch - <==      Total: 1
17:40:50.098 [main] DEBUG c.e.j.mapper.BookMapper.findByIds - ==>  Preparing: SELECT b.id, b.title, b.isbn, b.published_year, a.name AS author_name, c.id AS category_id, c.name AS category_name FROM books b LEFT JOIN authors a ON b.author_id = a.id LEFT JOIN books_categories bc ON bc.book_id = b.id LEFT JOIN categories c ON bc.category_id = c.id WHERE b.id IN ( ? ) ORDER BY b.id
17:40:50.099 [main] DEBUG c.e.j.mapper.BookMapper.findByIds - ==> Parameters: 32(Long)
17:40:50.100 [main] DEBUG c.e.j.mapper.BookMapper.findByIds - <==      Total: 3
17:40:50.101 [main] DEBUG c.e.j.m.BookMapper.findIdsBySearch - ==>  Preparing: SELECT DISTINCT b.id FROM books b LEFT JOIN authors a ON b.author_id = a.id LEFT JOIN books_categories bc ON bc.book_id = b.id LEFT JOIN categories c ON bc.category_id = c.id ORDER BY b.id LIMIT ? OFFSET ?
17:40:50.101 [main] DEBUG c.e.j.m.BookMapper.findIdsBySearch - ==> Parameters: 1(Integer), 1(Long)
17:40:50.102 [main] DEBUG c.e.j.m.BookMapper.findIdsBySearch - <==      Total: 1
17:40:50.109 [main] DEBUG c.e.j.mapper.BookMapper.insert - ==>  Preparing: INSERT INTO books (title, isbn, author_id, published_year) VALUES (?, ?, ?, ?)
17:40:50.109 [main] DEBUG c.e.j.mapper.BookMapper.insert - ==> Parameters: Effective Java(String), 978-0134685991(String), 10(Long), 2018(Integer)
17:40:50.110 [main] DEBUG c.e.j.mapper.BookMapper.insert - <==    Updates: 1
17:40:50.110 [main] DEBUG c.e.j.mapper.BookMapper.insert - ==>  Preparing: INSERT INTO books (title, isbn, author_id, published_year) VALUES (?, ?, ?, ?)
17:40:50.110 [main] DEBUG c.e.j.mapper.BookMapper.insert - ==> Parameters: Clean Code(String), 9780132350884(String), 11(Long), 2008(Integer)
17:40:50.110 [main] DEBUG c.e.j.mapper.BookMapper.insert - <==    Updates: 1
17:40:50.111 [main] DEBUG c.e.j.mapper.BookMapper.search - ==>  Preparing: SELECT b.id, b.title, b.isbn, b.published_year, a.name AS author_name, c.id AS category_id, c.name AS category_name FROM books b LEFT JOIN authors a ON b.author_id = a.id LEFT JOIN books_categories bc ON bc.book_id = b.id LEFT JOIN categories c ON bc.category_id = c.id WHERE (b.title ILIKE CONCAT('%', ?, '%') OR a.name ILIKE CONCAT('%', ?, '%') OR c.name ILIKE CONCAT('%', ?, '%')) ORDER BY b.id
17:40:50.113 [main] DEBUG c.e.j.mapper.BookMapper.search - ==> Parameters: Bloch(String), Bloch(String), Bloch(String)
17:40:50.114 [main] DEBUG c.e.j.mapper.BookMapper.search - <==      Total: 1
17:40:50.122 [main] DEBUG c.e.j.mapper.BookMapper.insert - ==>  Preparing: INSERT INTO books (title, isbn, author_id, published_year) VALUES (?, ?, ?, ?)
17:40:50.123 [main] DEBUG c.e.j.mapper.BookMapper.insert - ==> Parameters: Effective Java(String), 978-0134685991(String), 12(Long), 2018(Integer)
17:40:50.123 [main] DEBUG c.e.j.mapper.BookMapper.insert - <==    Updates: 1
17:40:50.124 [main] DEBUG c.e.j.mapper.BookMapper.insert - ==>  Preparing: INSERT INTO books (title, isbn, author_id, published_year) VALUES (?, ?, ?, ?)
17:40:50.125 [main] DEBUG c.e.j.mapper.BookMapper.insert - ==> Parameters: Unrelated Book(String), 9999999999999(String), 12(Long), 2000(Integer)
17:40:50.125 [main] DEBUG c.e.j.mapper.BookMapper.insert - <==    Updates: 1
17:40:50.126 [main] DEBUG c.e.j.mapper.BookMapper.search - ==>  Preparing: SELECT b.id, b.title, b.isbn, b.published_year, a.name AS author_name, c.id AS category_id, c.name AS category_name FROM books b LEFT JOIN authors a ON b.author_id = a.id LEFT JOIN books_categories bc ON bc.book_id = b.id LEFT JOIN categories c ON bc.category_id = c.id ORDER BY b.id
17:40:50.127 [main] DEBUG c.e.j.mapper.BookMapper.search - ==> Parameters: 
17:40:50.128 [main] DEBUG c.e.j.mapper.BookMapper.search - <==      Total: 2
17:40:50.135 [main] DEBUG c.e.j.mapper.BookMapper.insert - ==>  Preparing: INSERT INTO books (title, isbn, author_id, published_year) VALUES (?, ?, ?, ?)
17:40:50.135 [main] DEBUG c.e.j.mapper.BookMapper.insert - ==> Parameters: Effective Java(String), 978-0134685991(String), 13(Long), 2018(Integer)
17:40:50.135 [main] DEBUG c.e.j.mapper.BookMapper.insert - <==    Updates: 1
17:40:50.136 [main] DEBUG c.e.j.m.B.insertBookCategories - ==>  Preparing: INSERT INTO books_categories (book_id, category_id) VALUES (?, ?)
17:40:50.136 [main] DEBUG c.e.j.m.B.insertBookCategories - ==> Parameters: 38(Long), 11(Long)
17:40:50.136 [main] DEBUG c.e.j.m.B.insertBookCategories - <==    Updates: 1
17:40:50.136 [main] DEBUG c.e.j.m.B.findCategoriesById - ==>  Preparing: SELECT c.* FROM categories c JOIN books_categories bc ON bc.category_id = c.id WHERE bc.book_id = ?
17:40:50.137 [main] DEBUG c.e.j.m.B.findCategoriesById - ==> Parameters: 38(Long)
17:40:50.137 [main] DEBUG c.e.j.m.B.findCategoriesById - <==      Total: 1
17:40:50.145 [main] DEBUG c.e.j.mapper.BookMapper.insert - ==>  Preparing: INSERT INTO books (title, isbn, author_id, published_year) VALUES (?, ?, ?, ?)
17:40:50.145 [main] DEBUG c.e.j.mapper.BookMapper.insert - ==> Parameters: Effective Java(String), 978-0134685991(String), 14(Long), 2018(Integer)
17:40:50.146 [main] DEBUG c.e.j.mapper.BookMapper.insert - <==    Updates: 1
17:40:50.146 [main] DEBUG c.e.j.mapper.BookMapper.insert - ==>  Preparing: INSERT INTO books (title, isbn, author_id, published_year) VALUES (?, ?, ?, ?)
17:40:50.146 [main] DEBUG c.e.j.mapper.BookMapper.insert - ==> Parameters: Effective Java(String), 978-0134685991(String), 14(Long), 2018(Integer)
17:40:50.147 [main] DEBUG c.e.j.mapper.BookMapper.insert - <==    Updates: 1
17:40:50.147 [main] DEBUG c.e.j.m.BookMapper.findByAuthorId - ==>  Preparing: SELECT * FROM books b WHERE b.author_id = ?
17:40:50.148 [main] DEBUG c.e.j.m.BookMapper.findByAuthorId - ==> Parameters: 14(Long)
17:40:50.148 [main] DEBUG c.e.j.m.BookMapper.findByAuthorId - <==      Total: 2
17:40:50.162 [main] DEBUG c.e.j.m.BookRequestMapper.insert - ==>  Preparing: INSERT INTO book_requests (requester_id, status, requested_at) VALUES (?, ?, ?)
17:40:50.162 [main] DEBUG c.e.j.m.BookRequestMapper.insert - ==> Parameters: 4(Long), PENDING(String), 2026-09-09T17:40:50.162272500(LocalDateTime)
17:40:50.163 [main] DEBUG c.e.j.m.BookRequestMapper.insert - <==    Updates: 1
17:40:50.164 [main] DEBUG c.e.j.m.BookRequestItemMapper.insert - ==>  Preparing: INSERT INTO book_request_items (book_request_id, title, isbn, author_id, published_year, estimated_price) VALUES (?, ?, ?, ?, ?, ?)
17:40:50.164 [main] DEBUG c.e.j.m.BookRequestItemMapper.insert - ==> Parameters: 13(Long), Effective Java(String), 9780134685991(String), null, 2018(Integer), 1200.00(BigDecimal)
17:40:50.164 [main] DEBUG c.e.j.m.BookRequestItemMapper.insert - <==    Updates: 1
17:40:50.165 [main] DEBUG c.e.j.m.B.findByBookRequestId - ==>  Preparing: SELECT * FROM book_request_items WHERE book_request_id = ?
17:40:50.165 [main] DEBUG c.e.j.m.B.findByBookRequestId - ==> Parameters: 13(Long)
17:40:50.166 [main] DEBUG c.e.j.m.B.findByBookRequestId - <==      Total: 1
17:40:50.173 [main] DEBUG c.e.j.m.BookRequestMapper.insert - ==>  Preparing: INSERT INTO book_requests (requester_id, status, requested_at) VALUES (?, ?, ?)
17:40:50.174 [main] DEBUG c.e.j.m.BookRequestMapper.insert - ==> Parameters: 5(Long), APPROVED(String), 2026-09-09T17:40:50.173337600(LocalDateTime)
17:40:50.174 [main] DEBUG c.e.j.m.BookRequestMapper.insert - <==    Updates: 1
17:40:50.174 [main] DEBUG c.e.j.m.BookRequestItemMapper.insert - ==>  Preparing: INSERT INTO book_request_items (book_request_id, title, isbn, author_id, published_year, estimated_price) VALUES (?, ?, ?, ?, ?, ?)
17:40:50.174 [main] DEBUG c.e.j.m.BookRequestItemMapper.insert - ==> Parameters: 14(Long), Clean Code(String), null, null, null, null
17:40:50.174 [main] DEBUG c.e.j.m.BookRequestItemMapper.insert - <==    Updates: 1
17:40:50.175 [main] DEBUG c.e.j.m.ProcurementItemMapper.insert - ==>  Preparing: INSERT INTO procurement_items (book_request_item_id, status) VALUES (?, ?)
17:40:50.175 [main] DEBUG c.e.j.m.ProcurementItemMapper.insert - ==> Parameters: 16(Long), PENDING(String)
17:40:50.175 [main] DEBUG c.e.j.m.ProcurementItemMapper.insert - <==    Updates: 1
17:40:50.175 [main] DEBUG c.e.j.m.P.findByStatus - ==>  Preparing: SELECT * FROM procurement_items WHERE status = ?
17:40:50.176 [main] DEBUG c.e.j.m.P.findByStatus - ==> Parameters: PENDING(String)
17:40:50.177 [main] DEBUG c.e.j.m.P.findByStatus - <==      Total: 1
17:40:50.179 [main] DEBUG c.e.j.m.ProcurementItemMapper.update - ==>  Preparing: UPDATE procurement_items SET status = ?, procured_by = ?, procured_at = ?, book_id = ? WHERE id = ?
17:40:50.180 [main] DEBUG c.e.j.m.ProcurementItemMapper.update - ==> Parameters: COMPLETED(String), 6(Long), 2026-09-09T17:40:50.178335300(LocalDateTime), null, 6(Long)
17:40:50.180 [main] DEBUG c.e.j.m.ProcurementItemMapper.update - <==    Updates: 1
17:40:50.181 [main] DEBUG c.e.j.m.P.findById - ==>  Preparing: SELECT * FROM procurement_items WHERE id = ?
17:40:50.182 [main] DEBUG c.e.j.m.P.findById - ==> Parameters: 6(Long)
17:40:50.183 [main] DEBUG c.e.j.m.P.findById - <==      Total: 1
17:40:50.191 [main] DEBUG c.e.j.m.BookRequestMapper.insert - ==>  Preparing: INSERT INTO book_requests (requester_id, status, requested_at) VALUES (?, ?, ?)
17:40:50.192 [main] DEBUG c.e.j.m.BookRequestMapper.insert - ==> Parameters: 7(Long), PENDING(String), 2026-09-09T17:40:50.189920100(LocalDateTime)
17:40:50.192 [main] DEBUG c.e.j.m.BookRequestMapper.insert - <==    Updates: 1
17:40:50.193 [main] DEBUG c.e.j.m.BookRequestMapper.findById - ==>  Preparing: SELECT * FROM book_requests WHERE id = ?
17:40:50.194 [main] DEBUG c.e.j.m.BookRequestMapper.findById - ==> Parameters: 15(Long)
17:40:50.195 [main] DEBUG c.e.j.m.BookRequestMapper.findById - <==      Total: 1
17:40:50.195 [main] DEBUG c.e.j.m.B.findByStatus - ==>  Preparing: SELECT * FROM book_requests WHERE status = ? ORDER BY requested_at
17:40:50.196 [main] DEBUG c.e.j.m.B.findByStatus - ==> Parameters: PENDING(String)
17:40:50.196 [main] DEBUG c.e.j.m.B.findByStatus - <==      Total: 1
17:40:50.203 [main] DEBUG c.e.j.m.BookRequestMapper.insert - ==>  Preparing: INSERT INTO book_requests (requester_id, status, requested_at) VALUES (?, ?, ?)
17:40:50.203 [main] DEBUG c.e.j.m.BookRequestMapper.insert - ==> Parameters: 8(Long), APPROVED(String), 2026-09-09T17:40:50.203574900(LocalDateTime)
17:40:50.205 [main] DEBUG c.e.j.m.BookRequestMapper.insert - <==    Updates: 1
17:40:50.206 [main] DEBUG c.e.j.m.BookRequestItemMapper.insert - ==>  Preparing: INSERT INTO book_request_items (book_request_id, title, isbn, author_id, published_year, estimated_price) VALUES (?, ?, ?, ?, ?, ?)
17:40:50.206 [main] DEBUG c.e.j.m.BookRequestItemMapper.insert - ==> Parameters: 16(Long), Effective Java(String), 9780134685991(String), null, 2018(Integer), 1200.00(BigDecimal)
17:40:50.206 [main] DEBUG c.e.j.m.BookRequestItemMapper.insert - <==    Updates: 1
17:40:50.207 [main] DEBUG c.e.j.m.ProcurementItemMapper.insert - ==>  Preparing: INSERT INTO procurement_items (book_request_item_id, status) VALUES (?, ?)
17:40:50.207 [main] DEBUG c.e.j.m.ProcurementItemMapper.insert - ==> Parameters: 17(Long), PENDING(String)
17:40:50.208 [main] DEBUG c.e.j.m.ProcurementItemMapper.insert - <==    Updates: 1
17:40:50.208 [main] DEBUG c.e.j.m.BookRequestItemMapper.insert - ==>  Preparing: INSERT INTO book_request_items (book_request_id, title, isbn, author_id, published_year, estimated_price) VALUES (?, ?, ?, ?, ?, ?)
17:40:50.208 [main] DEBUG c.e.j.m.BookRequestItemMapper.insert - ==> Parameters: 16(Long), Clean Code(String), null, null, null, null
17:40:50.209 [main] DEBUG c.e.j.m.BookRequestItemMapper.insert - <==    Updates: 1
17:40:50.209 [main] DEBUG c.e.j.m.ProcurementItemMapper.insert - ==>  Preparing: INSERT INTO procurement_items (book_request_item_id, status) VALUES (?, ?)
17:40:50.209 [main] DEBUG c.e.j.m.ProcurementItemMapper.insert - ==> Parameters: 18(Long), COMPLETED(String)
17:40:50.210 [main] DEBUG c.e.j.m.ProcurementItemMapper.insert - <==    Updates: 1
17:40:50.210 [main] DEBUG c.e.j.m.P.findSummary - ==>  Preparing: SELECT p.*, b.title,b.isbn,b.author_id,b.published_year,b.estimated_price FROM procurement_items p JOIN book_request_items b ON p.book_request_item_id = b.id WHERE p.status = ?
17:40:50.211 [main] DEBUG c.e.j.m.P.findSummary - ==> Parameters: PENDING(String)
17:40:50.212 [main] DEBUG c.e.j.m.P.findSummary - <==      Total: 1
17:40:50.217 [main] DEBUG c.e.j.m.BookRequestMapper.insert - ==>  Preparing: INSERT INTO book_requests (requester_id, status, requested_at) VALUES (?, ?, ?)
17:40:50.218 [main] DEBUG c.e.j.m.BookRequestMapper.insert - ==> Parameters: 9(Long), PENDING(String), 2026-09-09T17:40:50.217557(LocalDateTime)
17:40:50.218 [main] DEBUG c.e.j.m.BookRequestMapper.insert - <==    Updates: 1
17:40:50.218 [main] DEBUG c.e.j.m.BookRequestMapper.insert - ==>  Preparing: INSERT INTO book_requests (requester_id, status, requested_at) VALUES (?, ?, ?)
17:40:50.219 [main] DEBUG c.e.j.m.BookRequestMapper.insert - ==> Parameters: 9(Long), APPROVED(String), 2026-09-09T17:40:50.218720400(LocalDateTime)
17:40:50.219 [main] DEBUG c.e.j.m.BookRequestMapper.insert - <==    Updates: 1
17:40:50.220 [main] DEBUG c.e.j.m.B.findSummary - ==>  Preparing: SELECT br.id, br.requester_id, br.approver_id, br.status, br.requested_at, br.approved_at, bri.id AS item_id, bri.book_request_id, bri.title AS item_title, bri.isbn AS item_isbn, bri.author_id AS item_author_id, bri.published_year AS item_published_year, bri.estimated_price AS item_estimated_price FROM book_requests br LEFT JOIN book_request_items bri ON bri.book_request_id = br.id WHERE br.status = ? ORDER BY br.requested_at
17:40:50.221 [main] DEBUG c.e.j.m.B.findSummary - ==> Parameters: PENDING(String)
17:40:50.223 [main] DEBUG c.e.j.m.B.findSummary - <==      Total: 1
17:40:50.230 [main] DEBUG c.e.j.m.BookRequestMapper.insert - ==>  Preparing: INSERT INTO book_requests (requester_id, status, requested_at) VALUES (?, ?, ?)
17:40:50.231 [main] DEBUG c.e.j.m.BookRequestMapper.insert - ==> Parameters: 10(Long), PENDING(String), 2026-09-09T17:40:50.230828200(LocalDateTime)
17:40:50.231 [main] DEBUG c.e.j.m.BookRequestMapper.insert - <==    Updates: 1
17:40:50.232 [main] DEBUG c.e.j.m.BookRequestMapper.approve - ==>  Preparing: UPDATE book_requests SET status = 'APPROVED', approver_id = ?, approved_at = ? WHERE id = ? AND status = 'PENDING' AND requester_id != ?
17:40:50.233 [main] DEBUG c.e.j.m.BookRequestMapper.approve - ==> Parameters: 11(Long), 2026-09-09T17:40:50.232823500(LocalDateTime), 19(Long), 11(Long)
17:40:50.233 [main] DEBUG c.e.j.m.BookRequestMapper.approve - <==    Updates: 1
17:40:50.240 [main] DEBUG c.e.j.m.BookRequestMapper.insert - ==>  Preparing: INSERT INTO book_requests (requester_id, status, requested_at) VALUES (?, ?, ?)
17:40:50.241 [main] DEBUG c.e.j.m.BookRequestMapper.insert - ==> Parameters: 12(Long), PENDING(String), 2026-09-09T17:40:50.239822600(LocalDateTime)
17:40:50.241 [main] DEBUG c.e.j.m.BookRequestMapper.insert - <==    Updates: 1
17:40:50.242 [main] DEBUG c.e.j.m.BookRequestItemMapper.insert - ==>  Preparing: INSERT INTO book_request_items (book_request_id, title, isbn, author_id, published_year, estimated_price) VALUES (?, ?, ?, ?, ?, ?)
17:40:50.242 [main] DEBUG c.e.j.m.BookRequestItemMapper.insert - ==> Parameters: 20(Long), Effective Java(String), null, null, null, null
17:40:50.242 [main] DEBUG c.e.j.m.BookRequestItemMapper.insert - <==    Updates: 1
17:40:50.243 [main] DEBUG c.e.j.m.BookRequestItemMapper.insert - ==>  Preparing: INSERT INTO book_request_items (book_request_id, title, isbn, author_id, published_year, estimated_price) VALUES (?, ?, ?, ?, ?, ?)
17:40:50.243 [main] DEBUG c.e.j.m.BookRequestItemMapper.insert - ==> Parameters: 20(Long), Clean Code(String), null, null, null, null
17:40:50.243 [main] DEBUG c.e.j.m.BookRequestItemMapper.insert - <==    Updates: 1
17:40:50.244 [main] DEBUG c.e.j.m.B.findSummary - ==>  Preparing: SELECT br.id, br.requester_id, br.approver_id, br.status, br.requested_at, br.approved_at, bri.id AS item_id, bri.book_request_id, bri.title AS item_title, bri.isbn AS item_isbn, bri.author_id AS item_author_id, bri.published_year AS item_published_year, bri.estimated_price AS item_estimated_price FROM book_requests br LEFT JOIN book_request_items bri ON bri.book_request_id = br.id ORDER BY br.requested_at
17:40:50.244 [main] DEBUG c.e.j.m.B.findSummary - ==> Parameters: 
17:40:50.245 [main] DEBUG c.e.j.m.B.findSummary - <==      Total: 2
17:40:50.256 [main] DEBUG c.e.j.mapper.CategoryMapper.update - ==>  Preparing: UPDATE categories SET name = ? WHERE id = ?
17:40:50.256 [main] DEBUG c.e.j.mapper.CategoryMapper.update - ==> Parameters: Updated Name(String), 12(Long)
17:40:50.257 [main] DEBUG c.e.j.mapper.CategoryMapper.update - <==    Updates: 1
17:40:50.257 [main] DEBUG c.e.j.mapper.CategoryMapper.findById - ==>  Preparing: SELECT * FROM categories c WHERE c.id = ?
17:40:50.258 [main] DEBUG c.e.j.mapper.CategoryMapper.findById - ==> Parameters: 12(Long)
17:40:50.258 [main] DEBUG c.e.j.mapper.CategoryMapper.findById - <==      Total: 1
17:40:50.263 [main] DEBUG c.e.j.mapper.CategoryMapper.insert - ==>  Preparing: INSERT INTO categories (name) VALUES (?)
17:40:50.264 [main] DEBUG c.e.j.mapper.CategoryMapper.insert - ==> Parameters: Fiction(String)
17:40:50.264 [main] DEBUG c.e.j.mapper.CategoryMapper.insert - <==    Updates: 1
17:40:50.264 [main] DEBUG c.e.j.mapper.CategoryMapper.findById - ==>  Preparing: SELECT * FROM categories c WHERE c.id = ?
17:40:50.264 [main] DEBUG c.e.j.mapper.CategoryMapper.findById - ==> Parameters: 13(Long)
17:40:50.265 [main] DEBUG c.e.j.mapper.CategoryMapper.findById - <==      Total: 1
17:40:50.270 [main] DEBUG c.e.j.mapper.CategoryMapper.count - ==>  Preparing: SELECT COUNT(*) FROM categories
17:40:50.272 [main] DEBUG c.e.j.mapper.CategoryMapper.count - ==> Parameters: 
17:40:50.272 [main] DEBUG c.e.j.mapper.CategoryMapper.count - <==      Total: 1
17:40:50.273 [main] DEBUG c.e.j.m.CategoryMapper.findAllPaged - ==>  Preparing: SELECT * FROM categories c ORDER BY c.id LIMIT ? OFFSET ?
17:40:50.273 [main] DEBUG c.e.j.m.CategoryMapper.findAllPaged - ==> Parameters: 2(Integer), 0(Long)
17:40:50.274 [main] DEBUG c.e.j.m.CategoryMapper.findAllPaged - <==      Total: 2
17:40:50.274 [main] DEBUG c.e.j.m.CategoryMapper.findAllPaged - ==>  Preparing: SELECT * FROM categories c ORDER BY c.id LIMIT ? OFFSET ?
17:40:50.274 [main] DEBUG c.e.j.m.CategoryMapper.findAllPaged - ==> Parameters: 2(Integer), 2(Long)
17:40:50.275 [main] DEBUG c.e.j.m.CategoryMapper.findAllPaged - <==      Total: 1
17:40:50.282 [main] DEBUG c.e.j.mapper.CategoryMapper.findAll - ==>  Preparing: SELECT * FROM categories c ORDER BY c.id
17:40:50.284 [main] DEBUG c.e.j.mapper.CategoryMapper.findAll - ==> Parameters: 
17:40:50.285 [main] DEBUG c.e.j.mapper.CategoryMapper.findAll - <==      Total: 2
17:40:50.290 [main] DEBUG c.e.j.m.CategoryMapper.deleteById - ==>  Preparing: DELETE FROM categories WHERE id = ?
17:40:50.290 [main] DEBUG c.e.j.m.CategoryMapper.deleteById - ==> Parameters: 19(Long)
17:40:50.291 [main] DEBUG c.e.j.m.CategoryMapper.deleteById - <==    Updates: 1
17:40:50.291 [main] DEBUG c.e.j.mapper.CategoryMapper.findAll - ==>  Preparing: SELECT * FROM categories c ORDER BY c.id
17:40:50.292 [main] DEBUG c.e.j.mapper.CategoryMapper.findAll - ==> Parameters: 
17:40:50.292 [main] DEBUG c.e.j.mapper.CategoryMapper.findAll - <==      Total: 0
17:40:50.304 [main] DEBUG c.e.j.m.C.findBooksByCategoryId - ==>  Preparing: SELECT b.* FROM books b JOIN books_categories bc ON b.id = bc.book_id WHERE bc.category_id = ?
17:40:50.304 [main] DEBUG c.e.j.m.C.findBooksByCategoryId - ==> Parameters: 20(Long)
17:40:50.304 [main] DEBUG c.e.j.m.C.findBooksByCategoryId - <==      Total: 1
17:40:50.309 [main] DEBUG c.e.j.mapper.CategoryMapper.findById - ==>  Preparing: SELECT * FROM categories c WHERE c.id = ?
17:40:50.310 [main] DEBUG c.e.j.mapper.CategoryMapper.findById - ==> Parameters: 22(Long)
17:40:50.311 [main] DEBUG c.e.j.mapper.CategoryMapper.findById - <==      Total: 1
17:40:50.324 [main] DEBUG c.e.j.mapper.UserMapper.update - ==>  Preparing: UPDATE users SET name = ?, password_hash = ?, role = ? WHERE id = ?
17:40:50.325 [main] DEBUG c.e.j.mapper.UserMapper.update - ==> Parameters: New Name(String), new-hash(String), ADMIN(String), 13(Long)
17:40:50.325 [main] DEBUG c.e.j.mapper.UserMapper.update - <==    Updates: 1
17:40:50.326 [main] DEBUG c.e.j.mapper.UserMapper.findByEmail - ==>  Preparing: SELECT * FROM users u WHERE u.email = ?
17:40:50.326 [main] DEBUG c.e.j.mapper.UserMapper.findByEmail - ==> Parameters: update@example.com(String)
17:40:50.328 [main] DEBUG c.e.j.mapper.UserMapper.findByEmail - <==      Total: 1
17:40:50.331 [main] DEBUG c.e.j.mapper.UserMapper.insert - ==>  Preparing: INSERT INTO users (email, name, password_hash, role) VALUES (?, ?, ?, ?)
17:40:50.332 [main] DEBUG c.e.j.mapper.UserMapper.insert - ==> Parameters: new@example.com(String), New User(String), hashed-password(String), ADMIN(String)
17:40:50.332 [main] DEBUG c.e.j.mapper.UserMapper.insert - <==    Updates: 1
17:40:50.333 [main] DEBUG c.e.j.mapper.UserMapper.findByEmail - ==>  Preparing: SELECT * FROM users u WHERE u.email = ?
17:40:50.333 [main] DEBUG c.e.j.mapper.UserMapper.findByEmail - ==> Parameters: new@example.com(String)
17:40:50.334 [main] DEBUG c.e.j.mapper.UserMapper.findByEmail - <==      Total: 1
17:40:50.338 [main] DEBUG c.e.j.mapper.UserMapper.findByEmail - ==>  Preparing: SELECT * FROM users u WHERE u.email = ?
17:40:50.338 [main] DEBUG c.e.j.mapper.UserMapper.findByEmail - ==> Parameters: nobody@example.com(String)
17:40:50.339 [main] DEBUG c.e.j.mapper.UserMapper.findByEmail - <==      Total: 0
17:40:50.343 [main] DEBUG c.e.j.mapper.UserMapper.findByEmail - ==>  Preparing: SELECT * FROM users u WHERE u.email = ?
17:40:50.343 [main] DEBUG c.e.j.mapper.UserMapper.findByEmail - ==> Parameters: alex@example.com(String)
17:40:50.345 [main] DEBUG c.e.j.mapper.UserMapper.findByEmail - <==      Total: 1
17:40:50.542 [main] INFO  c.e.j.service.AuthServiceImpl - 登入成功：userId=1, email=alex@example.com
17:40:50.547 [main] WARN  c.e.j.service.AuthServiceImpl - 登入失敗，帳號不存在：email=nobody@example.com
17:40:50.549 [main] WARN  c.e.j.service.AuthServiceImpl - 登入失敗，密碼錯誤：email=alex@example.com
17:40:50.553 [main] INFO  c.e.j.service.AuthServiceImpl - 新使用者註冊：userId=null, email=new@example.com
17:40:50.630 [main] DEBUG c.e.j.m.BookRequestMapper.insert - ==>  Preparing: INSERT INTO book_requests (requester_id, status, requested_at) VALUES (?, ?, ?)
17:40:50.630 [main] DEBUG c.e.j.m.BookRequestMapper.insert - ==> Parameters: 16(Long), APPROVED(String), 2026-09-09T17:40:50.630373100(LocalDateTime)
17:40:50.631 [main] DEBUG c.e.j.m.BookRequestMapper.insert - <==    Updates: 1
17:40:50.632 [main] DEBUG c.e.j.m.BookRequestItemMapper.insert - ==>  Preparing: INSERT INTO book_request_items (book_request_id, title, isbn, author_id, published_year, estimated_price) VALUES (?, ?, ?, ?, ?, ?)
17:40:50.632 [main] DEBUG c.e.j.m.BookRequestItemMapper.insert - ==> Parameters: 21(Long), Effective Java(String), null, null, null, null
17:40:50.632 [main] DEBUG c.e.j.m.BookRequestItemMapper.insert - <==    Updates: 1
17:40:50.633 [main] DEBUG c.e.j.m.ProcurementItemMapper.insert - ==>  Preparing: INSERT INTO procurement_items (book_request_item_id, status) VALUES (?, ?)
17:40:50.633 [main] DEBUG c.e.j.m.ProcurementItemMapper.insert - ==> Parameters: 21(Long), PENDING(String)
17:40:50.634 [main] DEBUG c.e.j.m.ProcurementItemMapper.insert - <==    Updates: 1
17:40:50.638 [pool-2-thread-1] DEBUG c.e.j.m.P.findByIdForUpdate - ==>  Preparing: SELECT * FROM procurement_items WHERE id = ? FOR UPDATE
17:40:50.638 [pool-2-thread-2] DEBUG c.e.j.m.P.findByIdForUpdate - ==>  Preparing: SELECT * FROM procurement_items WHERE id = ? FOR UPDATE
17:40:50.640 [pool-2-thread-2] DEBUG c.e.j.m.P.findByIdForUpdate - ==> Parameters: 9(Long)
17:40:50.640 [pool-2-thread-1] DEBUG c.e.j.m.P.findByIdForUpdate - ==> Parameters: 9(Long)
17:40:50.640 [pool-2-thread-1] DEBUG c.e.j.m.P.findByIdForUpdate - <==      Total: 1
17:40:50.641 [pool-2-thread-1] DEBUG c.e.j.m.B.findById - ==>  Preparing: SELECT * FROM book_request_items WHERE id = ?
17:40:50.642 [pool-2-thread-1] DEBUG c.e.j.m.B.findById - ==> Parameters: 21(Long)
17:40:50.642 [pool-2-thread-1] DEBUG c.e.j.m.B.findById - <==      Total: 1
17:40:50.642 [pool-2-thread-1] DEBUG c.e.j.mapper.BookMapper.insert - ==>  Preparing: INSERT INTO books (title, isbn, author_id, published_year) VALUES (?, ?, ?, ?)
17:40:50.642 [pool-2-thread-1] DEBUG c.e.j.mapper.BookMapper.insert - ==> Parameters: Effective Java(String), null, null, null
17:40:50.642 [pool-2-thread-1] DEBUG c.e.j.mapper.BookMapper.insert - <==    Updates: 1
17:40:50.642 [pool-2-thread-1] DEBUG c.e.j.m.ProcurementItemMapper.update - ==>  Preparing: UPDATE procurement_items SET status = ?, procured_by = ?, procured_at = ?, book_id = ? WHERE id = ?
17:40:50.644 [pool-2-thread-1] DEBUG c.e.j.m.ProcurementItemMapper.update - ==> Parameters: COMPLETED(String), 17(Long), 2026-09-09T17:40:50.642638(LocalDateTime), 43(Long), 9(Long)
17:40:50.644 [pool-2-thread-1] DEBUG c.e.j.m.ProcurementItemMapper.update - <==    Updates: 1
17:40:50.644 [pool-2-thread-1] INFO  c.e.j.service.ProcurementServiceImpl - 採購完成，書籍已入庫：procurementItemId=9, bookId=43, procuredBy=17
17:40:50.644 [pool-2-thread-2] DEBUG c.e.j.m.P.findByIdForUpdate - <==      Total: 1
17:40:50.647 [main] DEBUG c.e.j.m.P.findByStatus - ==>  Preparing: SELECT * FROM procurement_items WHERE status = ?
17:40:50.647 [main] DEBUG c.e.j.m.P.findByStatus - ==> Parameters: COMPLETED(String)
17:40:50.648 [main] DEBUG c.e.j.m.P.findByStatus - <==      Total: 1
